sample_index,Class_0,Class_1,predicted_label
1794,-18,15,1
6186,1,-10,0
3050,5,3,0
3895,-9,4,1
9598,-20,20,1
9742,10,1,0
6034,-1,-7,0
6201,-7,2,1
4040,-20,19,1
6040,-1,5,1
7211,-9,8,1
5638,4,-3,0
2419,-8,7,1
816,2,7,1
8597,0,-2,0
6983,2,4,1
577,-3,8,1
2709,-1,7,1
1526,14,-20,0
1249,-20,15,1
3934,2,12,1
2203,-6,5,1
7823,-20,20,1
524,-2,7,1
9243,-7,1,1
3301,2,-5,0
940,-5,8,1
8958,-11,-1,1
491,-10,15,1
4149,-10,12,1
142,-3,16,1
5187,-20,20,1
5127,-11,2,1
1771,-15,14,1
7188,2,-2,0
5497,7,-3,0
3874,-14,18,1
1423,-6,-1,1
6630,2,-5,0
372,2,10,1
4116,4,3,0
7409,-20,8,1
2445,-11,17,1
4214,-15,9,1
9345,17,-20,0
6311,7,-9,0
9912,-20,20,1
3659,-6,11,1
3179,-20,20,1
1016,-1,10,1
7477,2,5,1
418,5,7,1
172,0,14,1
7755,-18,18,1
1734,14,0,0
9397,20,-20,0
9383,-15,12,1
6124,13,-8,0
3991,-20,20,1
6770,-17,15,1
5679,-13,17,1
3536,-6,16,1
8515,0,-8,0
5731,2,1,0
4320,-11,16,1
6664,-20,15,1
129,-2,3,1
1616,-20,16,1
417,-20,20,1
7762,3,-3,0
147,-4,6,1
6062,-16,3,1
5508,-1,3,1
1846,-18,12,1
7731,9,-15,0
7754,-20,20,1
1070,-2,11,1
4912,-17,14,1
8484,-17,18,1
4902,11,-10,0
133,-1,0,1
4938,16,-9,0
5729,-6,8,1
5514,-9,5,1
4597,-18,12,1
8923,7,1,0
3106,-14,11,1
5895,13,-17,0
7183,7,1,0
1946,8,1,0
9078,11,-5,0
1163,-14,4,1
8883,-12,1,1
4673,6,5,0
6897,-16,18,1
7280,-20,20,1
4550,-14,6,1
1565,-5,-5,0
3761,-5,13,1
8377,-12,8,1
1061,-20,20,1
5953,-20,20,1
9888,-17,6,1
9779,-19,15,1
4031,-3,-1,1
4162,11,-13,0
1929,-18,9,1
7869,-13,11,1
3891,-14,14,1
8702,-19,19,1
7849,-15,-3,1
5517,-17,2,1
7050,-20,15,1
4869,-20,14,1
6954,-9,-2,1
4106,-1,4,1
6518,-20,20,1
4698,-12,10,1
4393,-20,20,1
6327,-3,12,1
8474,-2,-5,0
6653,-4,-11,0
7147,-9,10,1
2424,-7,17,1
4075,4,0,0
5754,-7,0,1
9370,-13,3,1
9480,-13,11,1
800,7,-13,0
7787,-20,14,1
7622,-20,20,1
1997,0,3,1
7517,3,-6,0
6250,5,6,1
9871,0,-4,0
9086,-9,20,1
9013,-7,7,1
1799,-15,18,1
8943,-20,20,1
8214,10,-6,0
2782,-20,20,1
9119,-15,10,1
8997,3,5,1
4119,4,-3,0
6432,7,-10,0
9835,-12,5,1
311,-20,17,1
823,3,5,1
6027,-12,12,1
5990,-11,6,1
9249,4,10,1
6669,0,4,1
5252,-1,-2,0
4638,-8,-3,1
9890,0,5,1
1520,-10,14,1
6880,-14,20,1
9555,-4,-4,0
4594,-12,19,1
7792,1,-1,0
7381,-19,12,1
2347,11,-10,0
8593,-4,-1,1
2887,-16,20,1
3561,8,-14,0
489,-12,2,1
5515,-7,20,1
6172,-10,9,1
3959,-6,14,1
868,2,1,0
595,-5,8,1
2254,7,-7,0
7086,-10,12,1
2166,11,-1,0
310,7,-7,0
2185,-14,-11,1
154,0,-2,0
5713,-20,14,1
1671,-20,20,1
9095,1,2,1
5855,0,2,1
51,-11,6,1
1152,-20,20,1
3232,-20,20,1
8075,-10,8,1
2522,-3,9,1
4539,-18,20,1
8741,-4,13,1
2194,-13,15,1
9666,4,7,1
4800,-14,18,1
223,-4,10,1
3805,-2,-7,0
4833,2,-3,0
9534,-20,18,1
9063,-13,7,1
5402,-5,2,1
1957,-20,17,1
7736,-14,14,1
6861,-6,6,1
3298,-10,10,1
1811,20,-16,0
3842,15,-20,0
2410,-2,15,1
2717,-5,1,1
9290,-11,7,1
5393,5,-5,0
6872,-6,0,1
5450,-20,17,1
7975,-3,3,1
3034,-18,20,1
2545,10,-17,0
2866,-16,5,1
7621,-2,-3,0
144,-11,11,1
9633,-15,3,1
1768,7,-9,0
6533,-2,-14,0
2648,-9,0,1
7198,-20,19,1
1606,-3,14,1
7994,-20,20,1
293,2,1,0
2554,-10,15,1
7123,-15,18,1
4919,2,6,1
6015,-14,8,1
9093,-17,14,1
2871,-20,11,1
8929,-10,20,1
1183,-11,-2,1
977,-5,-3,1
6646,-11,5,1
8413,-18,4,1
806,1,-6,0
6206,13,-8,0
1685,-15,17,1
6624,13,-12,0
2882,-7,3,1
514,-20,19,1
3484,8,-9,0
1884,2,-5,0
4170,5,0,0
5237,8,-10,0
6667,-13,9,1
2788,-3,-7,0
2328,3,12,1
7176,13,-10,0
5197,-20,20,1
9233,-2,2,1
3246,-7,0,1
8655,-5,2,1
3,-13,14,1
1532,-8,11,1
7318,1,-2,0
5078,0,-1,0
6922,-15,20,1
2991,4,-3,0
3791,10,-8,0
16,-7,2,1
9654,-10,7,1
5513,-4,-12,0
6353,-20,10,1
241,-13,6,1
523,3,-2,0
3757,17,-9,0
5626,-20,16,1
8838,-15,12,1
9913,-20,13,1
2923,-14,13,1
7958,-18,17,1
2359,-7,13,1
5036,-17,11,1
6211,-17,15,1
3563,4,-12,0
9455,3,4,1
2836,-7,-1,1
4567,-10,15,1
6552,-14,20,1
9837,-14,16,1
6148,4,3,0
2558,-2,-3,0
6066,-10,12,1
6438,20,-10,0
2042,14,-13,0
874,8,7,0
9456,-10,13,1
7895,-1,-11,0
8670,-8,6,1
9896,14,-15,0
7799,6,11,1
6691,-20,18,1
8647,-6,3,1
3166,0,9,1
3084,-14,17,1
1764,-15,19,1
4300,-18,16,1
5250,13,-8,0
1241,-20,19,1
2926,-5,7,1
258,-4,6,1
7169,-5,10,1
5726,-20,14,1
4999,-6,9,1
6429,-10,14,1
4621,-3,-6,0
9224,-17,14,1
3863,-10,10,1
601,13,3,0
3541,-20,12,1
9836,11,4,0
5591,-20,18,1
5963,16,-20,0
3792,0,-4,0
1828,-11,20,1
3243,-8,12,1
6994,-19,20,1
6187,-20,20,1
5361,-20,17,1
4199,-9,9,1
6372,-20,13,1
4469,-20,20,1
4436,-2,15,1
7049,-12,18,1
810,-11,2,1
4970,-5,6,1
8764,-4,9,1
3451,-15,18,1
8164,-10,8,1
4181,-8,17,1
3641,2,-1,0
5960,-3,6,1
2329,-6,8,1
4732,-17,8,1
4192,-10,7,1
2441,-6,11,1
5017,-18,13,1
3974,17,-8,0
6997,-4,6,1
9389,-2,4,1
4108,-20,20,1
736,-13,17,1
6210,-5,11,1
4458,-20,20,1
5269,2,-2,0
112,-20,20,1
5489,-10,8,1
3498,-8,0,1
4377,14,-6,0
9825,0,-1,0
2773,-1,-7,0
1956,-3,5,1
6266,20,-20,0
5321,-12,19,1
5988,-20,19,1
5644,-17,6,1
4217,-20,20,1
5874,-18,20,1
2768,6,-8,0
4023,11,-12,0
2766,-6,9,1
649,-9,14,1
6401,4,-17,0
3020,-10,7,1
680,6,-5,0
3283,0,-6,0
2070,3,1,0
1331,-3,6,1
7918,-5,10,1
27,-7,6,1
597,-5,1,1
3154,6,1,0
8965,3,3,0
2468,-8,4,1
158,-10,9,1
454,5,0,0
4363,9,-7,0
8448,2,-5,0
6914,-11,16,1
3191,-9,6,1
4784,-2,2,1
859,-9,7,1
6871,10,-12,0
5894,7,1,0
5301,-19,17,1
9006,9,0,0
462,2,4,1
3074,1,-2,0
4791,-20,18,1
3379,-20,20,1
6151,1,2,1
1964,-8,12,1
3898,-9,8,1
4331,1,4,1
7844,-11,4,1
1036,-20,15,1
8878,-18,20,1
1638,-11,20,1
1955,-6,4,1
5369,-20,15,1
3627,-4,3,1
7988,-5,-2,1
4820,-6,11,1
2566,6,-8,0
9347,16,-10,0
3615,-20,20,1
6805,9,3,0
130,-5,5,1
5660,-19,18,1
8985,-20,12,1
9150,-5,2,1
4824,1,3,1
8028,-13,2,1
539,-13,9,1
6391,8,2,0
1543,3,-3,0
3362,3,-2,0
2305,-3,-5,0
1742,-9,20,1
5165,3,4,1
8236,-8,8,1
9210,-20,20,1
3345,13,-14,0
8341,-11,19,1
5430,-20,10,1
9540,0,2,1
6982,-20,7,1
1086,-20,17,1
3118,2,-1,0
2113,-6,17,1
4601,-2,8,1
5758,-12,11,1
1213,-20,17,1
6788,4,1,0
6378,-14,7,1
1211,-15,20,1
1090,-20,20,1
742,-20,20,1
6890,-19,18,1
7616,-15,6,1
5491,1,-1,0
6218,-15,13,1
7570,6,-14,0
3994,2,5,1
6905,-14,5,1
5142,-1,8,1
6870,-6,6,1
9407,0,-1,0
3509,-20,18,1
8543,-20,20,1
2916,-12,13,1
3706,3,-7,0
2430,-4,20,1
6462,-20,20,1
423,18,-19,0
1844,-16,9,1
3732,-20,13,1
5008,5,18,1
3016,-20,20,1
5487,3,-1,0
7216,-3,-4,0
7816,-9,17,1
996,-10,13,1
7234,-20,20,1
6643,-13,12,1
7058,6,-1,0
8534,-15,8,1
7157,-20,20,1
8193,-17,6,1
4773,-3,-4,0
7832,-20,20,1
7856,-1,5,1
2363,2,-12,0
4037,-14,18,1
3385,4,-6,0
4920,-12,13,1
6637,-20,19,1
804,8,-10,0
5075,-15,12,1
9917,-8,11,1
325,2,-8,0
8908,-20,20,1
4587,10,-10,0
4286,-15,17,1
9450,-8,10,1
6782,4,-6,0
6050,-2,1,1
7719,-1,9,1
6538,-20,20,1
6483,-12,4,1
3086,4,-7,0
5991,-5,5,1
999,4,-8,0
3357,2,1,0
6717,10,-5,0
5210,14,-12,0
8952,-5,0,1
776,-20,18,1
3748,-20,20,1
2408,4,-8,0
1973,-20,9,1
4010,-20,17,1
392,-17,6,1
323,-20,20,1
7630,-6,5,1
930,-14,5,1
8808,1,8,1
2568,-6,-3,1
3756,-20,20,1
6162,-20,17,1
9201,4,8,1
4081,-17,12,1
9190,-11,11,1
5265,-4,-6,0
8613,-9,5,1
7964,-6,0,1
8787,2,-9,0
2114,-8,3,1
3162,-9,10,1
333,16,-17,0
1994,-17,11,1
7308,3,-3,0
9789,0,1,1
6869,-5,3,1
9145,20,-20,0
171,-20,20,1
986,-20,18,1
8479,-1,-5,0
2224,-18,9,1
9556,-10,-2,1
894,12,-7,0
1677,-12,6,1
4604,-9,-7,1
5076,-4,5,1
1917,-19,17,1
6314,-20,20,1
1065,-4,11,1
9272,-12,16,1
5742,11,-17,0
9278,-11,3,1
7863,3,-2,0
6700,-1,-5,0
9171,-9,1,1
3668,-20,20,1
6792,-20,20,1
7263,-4,11,1
2467,16,-13,0
5705,-1,-3,0
8104,-2,-2,0
686,1,11,1
231,-5,4,1
3053,-18,20,1
1496,-7,2,1
1302,-8,13,1
9287,4,4,0
2414,-8,9,1
3949,-20,20,1
1472,-20,17,1
480,-17,20,1
3151,-20,20,1
1403,3,4,1
7303,-18,20,1
9398,-13,8,1
5192,0,5,1
9066,4,-4,0
1825,-4,-2,1
3521,13,-14,0
262,-20,20,1
7387,4,-1,0
1492,11,-3,0
6750,-8,17,1
6493,-10,6,1
3679,-9,8,1
8261,-8,10,1
5941,-16,19,1
1353,-20,20,1
5125,12,-4,0
5786,7,11,1
764,-20,20,1
4980,-13,14,1
8441,-6,6,1
6898,-20,20,1
9502,5,5,0
1001,-7,1,1
3010,-5,6,1
1866,-11,2,1
6649,-12,14,1
140,-15,13,1
9877,-2,2,1
7726,2,-4,0
2164,-9,11,1
69,15,-6,0
8621,-20,15,1
8213,-20,20,1
5141,0,2,1
3962,-1,2,1
8084,-20,20,1
2517,0,7,1
5751,-15,20,1
8449,-20,19,1
1138,-15,9,1
8635,-16,4,1
6703,8,-7,0
3291,-14,20,1
772,-6,4,1
1462,-17,15,1
4197,-2,1,1
1357,-20,20,1
7338,-16,6,1
9358,2,0,0
770,-20,20,1
8328,6,-9,0
8962,7,-14,0
9671,9,-4,0
6846,-18,18,1
4379,-20,20,1
7594,-3,7,1
8550,-13,16,1
1801,-3,-1,1
2535,-1,4,1
2137,-16,20,1
1935,-12,14,1
8267,4,-10,0
1936,-15,8,1
710,-20,20,1
2023,2,-7,0
4401,5,1,0
8950,-14,12,1
585,-16,20,1
8447,-8,3,1
2580,0,-3,0
842,-13,19,1
8851,6,-1,0
7753,-6,9,1
8979,-18,18,1
2791,-20,7,1
1210,6,-13,0
1654,-10,6,1
5100,20,-19,0
2494,6,15,1
4067,-10,11,1
4514,-9,12,1
3022,-18,8,1
6338,-20,11,1
8039,-8,3,1
9498,-2,-10,0
4915,-20,20,1
3214,-20,12,1
7530,-4,-5,0
8946,-10,20,1
7460,-10,13,1
6681,-10,1,1
5384,-19,20,1
5054,-17,20,1
6764,-4,-1,1
6990,2,-2,0
3940,2,2,0
1575,0,6,1
2806,-18,4,1
5980,-20,17,1
4496,-6,12,1
4455,-20,20,1
9333,-5,20,1
9002,-20,20,1
2006,-9,10,1
5739,-9,2,1
2864,-8,9,1
5050,11,-18,0
7843,2,-4,0
5799,-14,18,1
4183,-20,16,1
9915,-20,17,1
8275,-14,16,1
9260,-13,5,1
4985,-20,20,1
5140,-11,8,1
3917,-20,20,1
5870,-8,3,1
3067,-20,9,1
5830,-14,12,1
4783,-15,10,1
4463,-20,20,1
5622,-14,10,1
1237,-1,3,1
695,-5,-2,1
8144,-20,20,1
9399,4,-7,0
1391,-15,14,1
1931,-20,20,1
809,-12,3,1
7065,-20,15,1
5715,-11,6,1
451,-14,16,1
9844,-20,8,1
811,-1,-6,0
9069,-20,12,1
9956,9,-10,0
4009,-20,12,1
1008,-20,20,1
8954,-20,20,1
2627,-13,20,1
235,-2,6,1
1430,-4,1,1
5309,1,5,1
8761,-14,20,1
1094,-17,17,1
3941,6,-7,0
6212,-20,19,1
2471,10,-8,0
1728,10,-9,0
6758,-6,10,1
90,11,-16,0
2531,8,-10,0
5967,-13,15,1
2714,-3,4,1
9486,-14,5,1
3837,-20,20,1
5783,4,3,0
7466,-5,8,1
7424,9,-2,0
3325,-20,19,1
888,-2,4,1
4471,2,-6,0
1850,5,-10,0
6179,9,-9,0
4093,-14,18,1
5442,-4,9,1
1657,-5,8,1
8345,-11,19,1
3238,-11,16,1
2354,-20,17,1
8817,-6,6,1
7987,-5,7,1
8458,-12,4,1
5110,-2,12,1
3049,0,-6,0
6532,10,-12,0
9717,-7,7,1
6091,4,-2,0
8762,-2,15,1
1737,-14,14,1
1073,-12,20,1
4356,-20,20,1
8437,-8,7,1
9068,2,-6,0
9298,-13,9,1
4493,-6,12,1
6625,-5,13,1
9024,-20,19,1
1167,-8,-2,1
9419,4,-10,0
1235,-13,13,1
7539,-1,1,1
9077,8,-4,0
5672,-20,7,1
2209,-8,15,1
4154,-15,9,1
2251,-18,5,1
7784,-1,1,1
6581,14,6,0
4068,-6,6,1
7599,-20,20,1
6489,-12,16,1
9522,1,-12,0
1494,-12,4,1
8896,-14,4,1
194,-4,0,1
5507,-2,5,1
2873,-20,19,1
5608,-3,3,1
3117,20,-4,0
8158,-2,-6,0
5546,-10,7,1
5428,-20,20,1
7560,-20,17,1
1220,-20,17,1
5741,-13,1,1
634,-20,20,1
2401,15,-17,0
9196,-8,8,1
1151,2,-2,0
5213,-6,6,1
3468,-16,17,1
7820,-18,14,1
4615,-20,12,1
5733,-1,4,1
5333,-11,15,1
6326,20,-20,0
2961,3,-2,0
7222,8,-14,0
3426,2,-3,0
2460,-8,2,1
2189,9,-5,0
7635,2,-7,0
1976,-20,20,1
8347,-20,20,1
1388,-14,9,1
6001,-4,11,1
3147,-7,11,1
6526,-14,20,1
3987,-5,7,1
3040,11,-4,0
3639,-20,17,1
2663,-14,17,1
5281,-2,1,1
5482,-18,13,1
5900,10,-11,0
5848,-20,14,1
1475,-3,5,1
4122,-17,20,1
8189,-10,2,1
3658,-8,1,1
4577,-20,20,1
9674,-11,20,1
421,2,2,0
610,13,-13,0
5061,-13,18,1
9608,-20,20,1
5201,-4,1,1
8698,-10,-2,1
320,-4,3,1
5712,-11,2,1
878,6,-9,0
6484,-4,-1,1
6424,-20,20,1
1118,-9,6,1
2668,-3,2,1
3103,-11,1,1
1533,-20,20,1
3028,5,-2,0
348,9,-6,0
1507,-20,20,1
987,-19,20,1
8072,-8,-5,1
3946,-7,19,1
8415,-9,1,1
1202,4,-2,0
8088,-20,20,1
86,3,-6,0
41,-16,20,1
4937,2,-4,0
7624,3,-4,0
6815,-19,20,1
9449,-19,18,1
3661,-12,15,1
670,-13,10,1
8708,-8,14,1
2394,-3,-5,0
9732,-14,16,1
6261,-16,9,1
7675,-10,13,1
9151,1,7,1
7457,4,-16,0
8061,0,-4,0
497,-19,15,1
4263,-9,13,1
6481,-10,6,1
2100,9,-6,0
4805,-20,20,1
4646,-19,18,1
7643,-20,20,1
75,-20,16,1
1044,-13,12,1
9764,-6,4,1
6268,15,-9,0
9152,1,-3,0
8462,-1,-3,0
1337,-2,-3,0
1558,-11,1,1
2819,-20,20,1
53,-20,20,1
7405,3,-4,0
9374,-18,11,1
1572,1,6,1
5346,3,4,1
6095,-17,4,1
4503,-12,10,1
9693,-17,20,1
1548,-14,7,1
9217,-19,20,1
4835,11,-10,0
6602,-4,0,1
3395,-5,13,1
4559,-20,20,1
7365,2,0,0
6173,-20,6,1
992,-1,-1,0
4467,-11,4,1
3412,-12,20,1
3551,-17,12,1
8881,-10,8,1
7315,-20,20,1
5459,-20,18,1
9226,-13,10,1
2953,5,0,0
3626,0,-7,0
7780,-2,10,1
9544,-20,8,1
1885,-9,10,1
5144,-3,13,1
8136,-8,16,1
2779,-20,20,1
3843,-12,13,1
7231,3,9,1
6479,-2,3,1
7767,-13,11,1
4582,2,-8,0
9615,-16,9,1
6540,-12,7,1
2173,-12,6,1
5535,-20,20,1
2293,2,-7,0
6055,-1,9,1
1904,-20,9,1
3820,-2,14,1
1224,8,-9,0
9240,-20,20,1
929,-20,17,1
5649,-10,11,1
3644,-12,3,1
9352,-15,20,1
7564,5,-5,0
3810,-18,13,1
4091,-8,4,1
994,-15,16,1
9853,-20,20,1
7976,-8,-3,1
1278,-8,15,1
7126,10,-12,0
1712,13,-15,0
8665,-20,18,1
4130,-11,20,1
9160,-11,9,1
7676,-19,5,1
5701,-3,12,1
5675,-20,20,1
3671,-20,13,1
7971,-16,20,1
6105,-7,-3,1
4326,9,-1,0
6632,-9,18,1
8010,-20,9,1
910,-7,17,1
3585,-20,20,1
3075,0,-10,0
385,-13,-6,1
3773,10,-10,0
677,1,5,1
3507,-15,16,1
1933,1,-2,0
9901,-11,9,1
3978,20,-18,0
6321,-6,19,1
715,-14,19,1
7705,-17,20,1
8606,-20,20,1
4547,-7,3,1
98,-13,12,1
8700,-9,5,1
8446,2,-14,0
4102,-8,10,1
7894,-9,12,1
1297,0,7,1
9925,-19,20,1
5328,-20,20,1
708,19,-7,0
9262,-5,5,1
8407,2,1,0
1502,-4,19,1
5422,0,5,1
7229,-12,2,1
5912,-20,20,1
6221,-7,-2,1
628,-20,20,1
3289,0,-5,0
3936,12,-3,0
5376,0,0,0
9659,1,10,1
10,0,-2,0
1619,-1,-4,0
2290,-8,17,1
3134,-1,1,1
2049,-20,20,1
4280,-12,8,1
5444,-10,9,1
8178,5,-14,0
7776,-11,10,1
1432,0,-5,0
4634,-20,20,1
6841,-3,2,1
4870,-6,7,1
4846,-19,16,1
8900,-4,-5,0
9786,8,5,0
4978,-14,20,1
2014,-13,19,1
8425,0,2,1
5178,-5,3,1
3583,-18,14,1
1378,7,-12,0
9741,-8,11,1
7962,17,-20,0
7459,3,-4,0
3037,-20,20,1
5065,-1,3,1
5103,0,-3,0
2556,-12,4,1
7660,-1,-1,0
4762,-10,14,1
4517,-6,3,1
9186,0,-1,0
8285,20,-19,0
3203,-13,9,1
6621,10,-12,0
2101,-15,13,1
5090,-3,-13,0
1266,-7,8,1
8616,-18,7,1
7333,4,-4,0
7373,-17,13,1
9858,-13,7,1
4592,1,1,0
1385,4,-11,0
5885,-12,7,1
9995,-14,20,1
1847,-4,14,1
1463,-20,-2,1
1387,20,-20,0
5057,-20,20,1
7210,-14,14,1
5404,-20,20,1
7451,-20,0,1
1714,-4,5,1
9412,-20,20,1
5129,-19,20,1
2523,-14,5,1
5566,-12,5,1
8919,-5,4,1
8676,-8,7,1
9134,-19,20,1
1531,-20,20,1
4446,-20,16,1
4139,-19,20,1
1893,-5,-3,1
5955,-2,-9,0
801,-10,20,1
1194,-19,17,1
6863,7,-9,0
5162,1,-8,0
3997,-11,8,1
8451,-6,-6,0
8592,1,5,1
6054,13,-18,0
2829,-4,16,1
8369,-2,-1,1
6995,-18,15,1
5293,-8,14,1
6317,-1,-4,0
1415,-18,9,1
5068,-3,9,1
1453,-2,0,1
2146,-1,6,1
309,-3,10,1
921,-20,20,1
4290,-1,8,1
8290,3,-11,0
3730,-2,0,1
4499,-8,10,1
7054,12,-15,0
1634,-5,4,1
5334,-19,14,1
9714,-4,11,1
2045,-5,9,1
9503,-14,2,1
7035,-20,11,1
9280,0,5,1
2286,9,-7,0
4342,-8,2,1
1058,9,-12,0
4960,-8,10,1
1223,-13,10,1
9050,-20,20,1
9966,5,-5,0
2015,-5,2,1
8631,-20,20,1
784,-11,1,1
2724,-20,20,1
668,-5,-2,1
1465,-13,9,1
5964,-6,1,1
5665,-11,-3,1
2813,5,-5,0
6586,-20,20,1
8678,-20,12,1
5927,-6,19,1
7407,-20,12,1
111,-17,3,1
1291,3,5,1
7238,-20,18,1
5198,-11,11,1
6510,-20,11,1
7969,-4,5,1
1858,8,-5,0
5196,0,1,1
4213,-11,13,1
3381,-20,18,1
2122,-9,-2,1
8163,-20,18,1
4617,-18,6,1
9510,-16,10,1
9053,-11,15,1
3282,-4,15,1
5049,-1,-3,0
5820,3,-5,0
704,-4,2,1
2449,14,-4,0
2582,-5,10,1
1977,-12,13,1
2980,-20,20,1
8265,-9,8,1
6904,-20,17,1
381,-20,20,1
3142,7,-9,0
9841,-20,20,1
2657,-20,20,1
5275,-18,17,1
3862,-20,5,1
1250,14,-18,0
7812,-20,20,1
7538,-8,-9,0
3272,-9,6,1
5769,5,-11,0
966,-5,6,1
8473,-20,19,1
3996,0,1,1
7837,-14,10,1
5682,8,3,0
7883,0,7,1
3306,-12,9,1
7559,-20,16,1
7037,-4,19,1
7317,-9,7,1
4413,2,-6,0
5761,-8,20,1
5516,18,-15,0
1176,-20,20,1
9189,-20,15,1
2145,-12,10,1
8224,-20,20,1
3173,-13,8,1
4486,-7,16,1
1911,-11,11,1
173,-5,10,1
1287,14,-6,0
2931,-20,14,1
7017,-1,-3,0
2748,-13,3,1
9466,8,-6,0
6192,6,-3,0
820,-14,8,1
720,-8,10,1
3596,0,-6,0
1617,-20,16,1
515,0,7,1
9526,-20,13,1
4853,-2,15,1
1261,-20,14,1
3989,-1,-1,0
4602,2,-1,0
7595,-18,7,1
6450,-20,15,1
5607,-4,3,1
3358,-12,11,1
2825,3,-2,0
2163,8,-9,0
3610,-5,0,1
7871,-18,7,1
6603,5,-3,0
7524,-14,16,1
5102,-11,8,1
2653,1,-3,0
8225,-14,20,1
8338,17,-20,0
6660,-12,8,1
5805,-20,20,1
679,11,-8,0
1068,-18,10,1
1345,-3,-2,1
4151,-1,-9,0
8428,-20,20,1
5221,1,-5,0
1352,14,-4,0
8934,-9,9,1
3035,-20,20,1
1281,7,-16,0
8586,-13,12,1
7908,-20,20,1
8788,5,-10,0
1424,-11,-2,1
559,10,-10,0
1017,10,17,1
5466,-13,17,1
5560,-15,15,1
3867,0,-1,0
1145,-17,15,1
6838,-3,9,1
3606,4,7,1
5787,-6,6,1
861,-3,4,1
206,-19,20,1
1886,7,5,0
4115,-19,20,1
9712,-2,0,1
386,0,-1,0
177,-2,-6,0
5295,-19,20,1
431,8,2,0
3816,-5,5,1
8776,20,-16,0
4034,-12,14,1
3043,-2,0,1
665,0,-1,0
624,-6,4,1
5005,6,3,0
2444,-20,20,1
1784,-9,13,1
9811,-8,10,1
531,3,-2,0
7914,-17,12,1
7706,3,8,1
6675,3,1,0
2712,7,-5,0
6217,-5,5,1
5004,-20,20,1
6194,-2,1,1
702,-20,20,1
2081,-20,9,1
153,-20,20,1
9829,6,-2,0
9164,-8,-8,0
8727,-8,4,1
6935,-4,2,1
8056,-2,2,1
5029,-20,11,1
5861,-9,15,1
525,-9,10,1
7924,2,4,1
63,-17,11,1
7582,-20,12,1
7712,-20,6,1
7750,-8,8,1
9500,-12,19,1
3428,-13,8,1
8059,-1,-4,0
9042,3,1,0
5946,-20,16,1
5970,0,3,1
7102,-20,20,1
5410,-1,-1,0
9738,20,-11,0
8170,2,-7,0
9256,-4,9,1
8760,1,-12,0
4975,-1,6,1
8185,-2,-2,0
1755,5,-8,0
3276,6,-3,0
1117,-18,18,1
1343,-18,11,1
552,-1,-1,0
4074,-13,11,1
7671,3,-12,0
2985,-10,11,1
1684,-10,0,1
2071,-20,20,1
7589,-16,13,1
5175,-1,1,1
5324,-8,7,1
8774,-20,20,1
187,-2,1,1
4118,-1,-1,0
3068,9,-5,0
9777,-6,-4,1
4951,-12,10,1
2700,3,2,0
8714,-8,16,1
6340,3,3,0
7144,2,-10,0
2052,-8,0,1
9159,5,-3,0
8522,-19,9,1
7504,2,6,1
7896,-15,15,1
561,5,3,0
5155,-5,0,1
186,9,-13,0
5028,-4,3,1
7872,-16,15,1
4952,-7,2,1
5179,4,9,1
6345,-6,5,1
2578,15,-7,0
5776,-11,16,1
1688,-20,20,1
7525,1,5,1
3967,-4,1,1
7386,-12,17,1
2443,-20,11,1
7111,-17,20,1
411,-13,12,1
2244,13,-11,0
7523,14,-10,0
7117,-20,3,1
1276,8,-2,0
9518,-17,11,1
1748,-6,1,1
2301,-18,19,1
7052,1,6,1
6298,-9,2,1
7608,-6,0,1
2144,-3,2,1
3055,-20,20,1
7802,1,1,0
387,5,-10,0
2260,-10,4,1
6761,-20,19,1
6729,-20,20,1
9773,2,2,0
8739,-16,6,1
3617,-13,20,1
9127,-12,13,1
4848,-5,7,1
3562,12,-4,0
2577,-13,12,1
532,-20,20,1
3687,-7,1,1
6547,-10,20,1
8380,-20,20,1
7361,-9,-3,1
9894,-15,19,1
1730,-6,4,1
3901,-7,6,1
8073,-10,20,1
6251,2,-10,0
3740,-11,7,1
2641,0,2,1
4053,-20,16,1
3802,-4,-5,0
5593,-12,6,1
8272,7,-5,0
5484,-7,4,1
349,-15,0,1
7241,2,2,0
6014,-14,16,1
519,-7,17,1
9719,-20,20,1
6794,-20,9,1
6434,-3,-3,0
4391,0,4,1
934,-3,4,1
6023,-4,20,1
3466,-10,7,1
8990,-20,20,1
1951,0,6,1
824,-20,14,1
410,13,-18,0
9553,15,-14,0
9644,-19,18,1
4624,2,-7,0
1438,11,-13,0
7055,0,9,1
8563,-8,5,1
4851,6,-3,0
8809,-7,3,1
4797,-2,0,1
4127,-20,-5,1
7305,-3,3,1
3950,-14,13,1
3261,1,-13,0
7006,-10,2,1
3111,-15,19,1
6332,-18,16,1
4814,-3,14,1
6521,-19,15,1
9432,-8,-5,1
6103,-4,5,1
6480,-10,16,1
8133,2,-1,0
2998,-20,20,1
7077,-20,20,1
9192,-12,2,1
5006,4,0,0
5664,-20,20,1
9650,-2,8,1
9952,-8,12,1
9257,-20,17,1
5781,3,-8,0
1228,10,-8,0
4451,1,1,0
600,0,-9,0
2824,-20,20,1
9330,-11,5,1
591,-12,7,1
4689,-16,-2,1
743,3,3,0
778,4,2,0
9105,-14,4,1
438,-2,-7,0
5026,9,-3,0
4879,4,-13,0
6699,3,-10,0
8867,-13,7,1
9922,-5,6,1
1999,4,-2,0
1643,6,5,0
5012,-20,20,1
9195,-4,7,1
705,4,0,0
6350,-15,6,1
6064,9,-15,0
6534,-4,9,1
5368,-12,16,1
2111,14,-16,0
2901,-13,12,1
4749,10,-3,0
4992,0,-4,0
185,-20,20,1
9250,6,1,0
902,-10,2,1
9616,-11,9,1
3189,-15,6,1
808,-20,20,1
7072,4,-4,0
8615,-1,15,1
4123,-20,20,1
6067,-1,1,1
4430,-8,16,1
3755,0,4,1
8825,0,7,1
6242,3,7,1
8819,-19,14,1
5363,-20,20,1
7331,-10,5,1
6638,-5,4,1
4502,-7,-1,1
4224,-20,19,1
9248,2,-9,0
7626,-3,7,1
9000,-7,13,1
6100,-11,9,1
198,-20,20,1
3665,1,7,1
6104,-3,13,1
7023,-20,12,1
8025,3,-5,0
6214,-8,2,1
6238,-12,9,1
1254,-2,-4,0
4622,15,-18,0
2169,-5,2,1
8469,-10,14,1
3113,13,-5,0
5711,-20,19,1
9827,-3,-1,1
377,5,0,0
9254,-7,6,1
3558,-6,-1,1
9879,-2,7,1
7700,-5,1,1
6964,-12,15,1
304,-19,13,1
9393,4,-7,0
9679,1,9,1
3160,-17,13,1
5888,-8,-2,1
3180,-4,-6,0
3674,-10,10,1
9570,-11,13,1
9031,6,-2,0
8768,1,8,1
9251,-7,-4,1
2264,-16,18,1
9081,1,-3,0
4959,-8,5,1
7078,-20,2,1
8330,2,-2,0
2509,-14,9,1
7438,3,-3,0
4373,0,-2,0
8611,-5,5,1
9625,6,2,0
944,-3,-8,0
533,-20,12,1
6216,3,-3,0
7619,0,8,1
8052,-12,6,1
2865,-19,12,1
409,4,-1,0
3079,-19,16,1
2662,-17,13,1
9092,4,2,0
4050,-20,20,1
1793,-17,10,1
6475,-5,4,1
5311,4,3,0
134,-11,14,1
7262,-20,20,1
612,-7,10,1
1000,20,-4,0
970,4,-5,0
3890,-18,13,1
2295,10,-13,0
8617,4,-8,0
9848,-16,11,1
64,0,-6,0
4335,-20,16,1
4765,-5,6,1
5655,12,-9,0
3785,-1,2,1
2174,-20,19,1
6035,-17,8,1
779,-20,20,1
7159,-20,20,1
2638,-20,20,1
8090,-17,20,1
7806,-5,2,1
9009,-16,14,1
2743,-20,17,1
9602,-20,20,1
3537,-20,14,1
9102,-16,19,1
2104,-20,18,1
4665,5,-5,0
4680,3,-5,0
5168,-4,2,1
5070,-1,11,1
5748,-2,0,1
2482,-14,16,1
7108,-9,-1,1
6924,-1,4,1
5314,0,-6,0
669,7,-4,0
6283,-13,11,1
1919,-20,20,1
8465,-19,20,1
7627,-1,-3,0
2321,-20,18,1
9678,11,1,0
9349,2,-4,0
2828,-11,7,1
7363,-7,1,1
6012,-15,20,1
338,-20,20,1
3629,-18,11,1
644,-5,13,1
5611,-20,17,1
6810,-19,17,1
4645,2,0,0
3724,-19,9,1
1338,-11,5,1
7490,-5,8,1
8271,-10,10,1
1052,-5,17,1
7510,13,-10,0
3171,3,-9,0
7773,-16,20,1
1837,-12,10,1
391,-15,3,1
1948,-17,9,1
5943,-4,5,1
1888,-20,19,1
6937,-20,20,1
5628,1,-4,0
131,6,-8,0
8581,3,-9,0
7481,-11,18,1
9221,-20,20,1
3459,-14,15,1
8019,-19,6,1
6149,-11,17,1
8899,-4,9,1
6269,-1,7,1
1905,4,-6,0
6414,0,-5,0
8516,-2,4,1
688,-3,5,1
6292,-20,20,1
1524,-20,20,1
1056,-11,7,1
4852,-20,14,1
5985,-20,9,1
6129,-16,4,1
6910,-20,8,1
571,-17,13,1
815,-7,4,1
6219,-15,20,1
303,-7,5,1
3909,-7,0,1
1304,-20,17,1
9023,-18,15,1
5862,-6,3,1
170,-1,-5,0
1741,-4,1,1
2979,6,1,0
9795,5,-7,0
5796,-20,18,1
7033,-15,9,1
1064,-11,12,1
7469,-9,10,1
8393,-20,13,1
8274,-20,20,1
7781,-20,20,1
3952,-14,10,1
8887,-8,-4,1
2076,3,-7,0
2504,-20,11,1
3697,-13,8,1
9367,1,-12,0
8183,-6,19,1
4685,-20,20,1
8539,-15,3,1
7134,6,-6,0
379,-20,13,1
4222,-20,19,1
633,-6,10,1
224,-19,14,1
9197,-9,10,1
3350,-20,10,1
8363,-5,-9,0
8947,0,-4,0
6862,3,-9,0
7887,-2,0,1
9124,-20,20,1
4866,3,1,0
3881,-19,20,1
4442,4,-3,0
3470,-20,16,1
5775,-17,20,1
6031,-17,16,1
1242,-2,0,1
3677,-15,20,1
7631,-6,6,1
5578,0,-4,0
7808,2,-5,0
9529,-15,11,1
9492,-20,20,1
9797,12,-7,0
295,-20,20,1
2294,-15,4,1
2760,-15,12,1
60,-13,5,1
5114,-9,12,1
8346,-13,12,1
1960,-5,2,1
789,-5,-3,1
2400,6,-6,0
7959,-20,20,1
9281,-14,19,1
4248,-20,17,1
3141,0,-10,0
6088,-13,4,1
4064,-15,11,1
5204,-7,9,1
2797,-15,10,1
1021,4,-13,0
9489,-20,9,1
8731,-13,12,1
637,-10,3,1
2291,6,0,0
9962,-14,17,1
1759,-20,19,1
5257,0,0,0
5084,2,-2,0
3781,3,2,0
5085,-4,-2,1
7854,-8,9,1
4523,-2,-4,0
948,-7,6,1
2683,-10,10,1
6501,-10,8,1
2364,-20,20,1
4521,-20,20,1
8646,-20,13,1
570,18,-10,0
5791,9,4,0
6843,-15,7,1
3143,-5,-4,1
2529,-4,5,1
2249,-8,1,1
5259,-10,15,1
3656,-13,16,1
4182,10,-19,0
5545,-3,6,1
4225,0,-1,0
204,7,-8,0
2537,4,-1,0
1500,-3,5,1
4474,-4,5,1
4026,-6,7,1
8587,-3,17,1
3355,-20,20,1
6766,-15,14,1
9591,-1,3,1
2008,-11,11,1
7329,-3,2,1
7717,-6,0,1
1735,4,-2,0
8381,-13,4,1
4821,-13,-1,1
9604,-8,5,1
8391,-19,18,1
1805,-11,-2,1
6411,-6,1,1
7881,-4,3,1
9327,-20,19,1
4687,-18,6,1
9246,2,1,0
9315,-13,12,1
9413,-5,11,1
2588,13,-10,0
7804,-8,8,1
266,2,-13,0
4769,-14,12,1
6902,6,-7,0
5704,-20,20,1
5365,20,-20,0
7436,8,-13,0
7542,-12,14,1
2730,-17,9,1
6957,3,-10,0
7085,-1,0,1
1028,-11,16,1
891,-20,5,1
2615,-19,20,1
8399,-11,-6,1
3295,-20,16,1
1121,-13,-2,1
2734,-10,16,1
8657,-11,11,1
1473,3,3,0
9874,6,-7,0
331,-20,20,1
178,-4,-3,1
3841,10,-6,0
396,5,-20,0
455,-8,20,1
9202,-20,8,1
2024,3,3,0
6374,8,-7,0
230,-9,11,1
6403,2,4,1
3254,-5,6,1
459,-12,7,1
37,-5,4,1
3960,16,-1,0
6056,9,-1,0
7021,-14,8,1
689,-13,-1,1
8541,-20,20,1
1824,-16,19,1
3287,13,-17,0
7747,6,-3,0
7370,-2,6,1
7445,-20,2,1
8854,-20,20,1
7304,-20,20,1
113,-13,7,1
2341,-20,19,1
1318,1,8,1
4259,-9,-3,1
5073,-5,7,1
4189,-14,20,1
9907,-10,13,1
2458,-12,1,1
5557,-12,9,1
5883,-7,0,1
7547,9,-3,0
6524,-20,18,1
2974,14,-15,0
9803,-1,4,1
4956,-3,1,1
1599,-10,4,1
5828,-3,5,1
9422,8,-15,0
1381,1,8,1
6140,-16,-3,1
6092,8,1,0
3023,7,-10,0
6944,-9,2,1
7720,-7,1,1
1309,-20,7,1
5407,-20,20,1
7016,1,-13,0
2518,-8,14,1
5242,-12,16,1
4905,-11,17,1
7228,-20,-3,1
2649,-4,-4,0
5181,-20,20,1
953,-19,8,1
504,-17,16,1
8535,-12,14,1
8155,-1,3,1
2335,-11,12,1
2729,6,-6,0
5354,-20,20,1
8649,8,-5,0
8553,-8,12,1
3512,1,0,0
3873,-3,-1,1
6247,4,-6,0
4011,-10,8,1
1694,-20,12,1
6471,-5,5,1
6682,7,-1,0
7289,-6,1,1
3611,3,12,1
7907,-20,19,1
6419,-17,4,1
4544,-5,-2,1
3450,-8,1,1
1038,1,11,1
5016,-11,-2,1
8634,-10,5,1
5998,11,-8,0
6881,-10,12,1
7319,13,-10,0
9037,-12,4,1
6604,2,-10,0
3821,-1,-2,0
6316,-20,20,1
4063,10,-10,0
38,-4,2,1
9439,16,-7,0
3131,0,6,1
1372,11,-9,0
2296,-20,20,1
8704,1,1,0
4674,1,-11,0
4193,-6,0,1
9252,-20,8,1
4121,1,-3,0
2248,-8,1,1
6415,9,-13,0
3303,-2,4,1
7629,4,6,1
5750,-14,16,1
6834,-13,9,1
3743,-20,20,1
9930,-17,10,1
1063,0,-7,0
4928,4,12,1
7046,-13,7,1
3052,4,-2,0
5668,-20,16,1
4656,-20,20,1
6892,12,-1,0
5500,-20,20,1
1274,-13,6,1
9375,-19,17,1
9935,7,3,0
9113,0,3,1
4223,-14,17,1
4757,17,-7,0
3258,-15,4,1
4874,-19,20,1
6913,9,-10,0
9207,-9,7,1
1683,-11,11,1
3774,12,-8,0
7748,1,11,1
8604,7,-5,0
7826,-20,12,1
8489,-14,14,1
8087,-13,1,1
735,-3,-4,0
5263,-9,2,1
3925,-11,13,1
2281,-16,16,1
5018,13,6,0
4042,-19,13,1
3017,2,-10,0
8811,-1,-7,0
7713,-20,20,1
6772,-19,15,1
691,-6,2,1
2930,-5,9,1
7945,-20,20,1
7576,3,3,0
1880,7,-7,0
6849,9,15,1
4786,8,-10,0
4505,7,-2,0
1961,8,-12,0
156,-20,16,1
1455,9,-11,0
3605,8,-17,0
8357,10,-9,0
7359,-20,20,1
5716,-9,-1,1
6956,8,-14,0
841,-4,12,1
4728,-20,16,1
4772,15,-13,0
7103,2,-6,0
982,-5,4,1
1122,1,6,1
960,-8,-6,1
1392,-2,-6,0
499,-4,8,1
6387,-20,20,1
5588,-20,20,1
6178,-16,6,1
3749,15,-10,0
9148,-6,9,1
6940,0,-15,0
6548,-16,8,1
8806,-14,14,1
6893,-20,20,1
2758,-12,14,1
6546,-11,20,1
6936,-4,1,1
7406,2,16,1
5262,-1,3,1
159,-12,9,1
8450,-3,2,1
7979,-2,7,1
9634,20,-14,0
9308,-17,2,1
6865,-20,20,1
7041,8,0,0
4540,-10,15,1
7426,-2,2,1
7326,-14,6,1
4472,3,1,0
8260,-18,20,1
2585,-12,2,1
3495,-10,0,1
7507,6,-15,0
3497,-9,7,1
7965,-9,11,1
5523,-7,10,1
2944,-20,20,1
3704,-9,9,1
8434,-16,3,1
3146,-6,4,1
5243,7,4,0
4180,2,12,1
3625,-18,13,1
8068,-20,20,1
432,-7,20,1
9313,-20,20,1
7283,-9,14,1
3480,-19,10,1
7952,-8,4,1
4995,-11,5,1
1240,-14,-5,1
6588,-5,1,1
3804,-13,13,1
2689,-20,20,1
6891,-12,6,1
3304,-6,-1,1
3330,-20,20,1
8047,-2,-9,0
9026,-4,9,1
9139,-2,-6,0
1166,-7,14,1
3485,-15,16,1
3550,19,-11,0
7954,1,2,1
648,-14,4,1
8241,-20,4,1
5574,-20,20,1
6692,-20,20,1
592,-17,15,1
6816,1,-7,0
2276,-20,12,1
6720,-14,16,1
8869,-20,20,1
2196,-15,20,1
8917,-11,12,1
5692,-9,7,1
2158,-20,20,1
6845,-20,20,1
6561,-12,16,1
8109,-20,20,1
1629,4,4,0
395,11,-17,0
7824,-2,5,1
681,-20,13,1
5386,-20,18,1
5829,3,5,1
9337,-20,20,1
2184,-8,2,1
6464,-7,-3,1
2500,-10,16,1
5587,-10,9,1
8443,20,-20,0
9586,-20,20,1
1635,-12,11,1
7960,-10,8,1
6787,-20,20,1
2694,-13,-1,1
9114,-20,18,1
4643,-4,7,1
2525,-14,10,1
8981,-2,0,1
6008,6,2,0
724,7,1,0
7590,14,-14,0
8765,-16,19,1
3926,-20,20,1
3148,-4,9,1
6568,-3,3,1
2807,-3,1,1
254,3,4,1
1095,-20,13,1
2398,-2,15,1
3469,-20,20,1
8706,2,0,0
8924,0,-6,0
2502,1,7,1
6204,-10,4,1
2855,-14,-4,1
5007,-5,2,1
8694,-18,20,1
5702,-14,14,1
9673,-15,19,1
1542,-13,2,1
1622,-6,7,1
1640,-5,6,1
8314,7,2,0
6347,-17,14,1
216,-15,18,1
2250,-20,7,1
4254,-13,12,1
6549,-3,0,1
9170,-13,15,1
3762,-9,16,1
3392,-5,7,1
7768,16,-16,0
2646,16,-16,0
7453,-8,8,1
7566,2,-17,0
6593,-20,20,1
3939,-7,-2,1
2450,4,20,1
8805,-1,7,1
9891,0,-2,0
3030,-18,20,1
6076,11,-14,0
3270,-20,15,1
1299,6,-13,0
1552,-20,20,1
4045,-13,9,1
4933,-12,13,1
6060,-20,15,1
3080,-11,9,1
3432,-20,10,1
7926,-20,16,1
271,-9,6,1
5973,-20,20,1
3538,-12,9,1
3127,1,-15,0
8370,20,-16,0
9826,-20,11,1
1255,-20,15,1
1519,-8,13,1
6426,-20,20,1
4968,-12,13,1
4536,-20,17,1
1256,-3,0,1
3779,-20,20,1
4003,-20,20,1
8891,-20,20,1
157,-20,20,1
4038,-17,19,1
441,2,-2,0
5770,-20,20,1
8175,-20,20,1
6078,2,2,0
993,-11,17,1
7677,-4,8,1
9137,-10,9,1
3248,-20,14,1
6159,-6,17,1
5618,7,-5,0
8464,-18,12,1
1721,-7,13,1
9277,-13,11,1
6086,-20,20,1
3112,-18,11,1
3880,-7,-5,1
2077,-19,20,1
4323,-11,9,1
9759,-18,16,1
6969,-20,17,1
5956,-17,19,1
6199,-2,-4,0
7323,-1,6,1
696,-20,9,1
2395,11,11,0
6130,4,-3,0
6392,10,-3,0
7649,-14,8,1
7798,3,10,1
783,2,10,1
8726,-13,19,1
6254,-9,18,1
1437,6,-16,0
3914,-18,20,1
3380,-8,7,1
7864,0,-2,0
1393,1,-8,0
6529,-19,20,1
5710,-20,15,1
9628,-2,-1,1
3138,-3,-4,0
1325,-12,10,1
7355,-5,11,1
541,-18,14,1
6639,0,-8,0
2553,3,-7,0
3623,-20,20,1
3713,-17,17,1
1791,-7,0,1
9571,4,-10,0
7886,-14,12,1
4990,-4,2,1
8035,-10,-3,1
7569,-13,-4,1
2123,-11,14,1
8169,-10,10,1
2456,-11,15,1
9369,-6,-2,1
4913,17,-20,0
2905,-6,6,1
5568,-20,20,1
9683,-7,7,1
4886,6,-11,0
9482,-1,3,1
3219,-1,4,1
2074,-14,14,1
7313,3,-5,0
5290,-20,20,1
6757,-4,10,1
238,-7,13,1
786,-5,-2,1
6069,-1,16,1
4299,-14,7,1
248,8,-14,0
2433,-2,3,1
4114,1,4,1
8219,1,-2,0
1529,-6,5,1
5810,10,-12,0
6556,7,-4,0
8205,-8,8,1
4500,-5,-2,1
8005,-2,16,1
9523,-3,1,1
9744,-13,9,1
7034,0,-5,0
1665,-12,10,1
513,4,-8,0
1590,-13,20,1
746,-12,-6,1
3434,-3,6,1
7307,-19,20,1
3927,-8,6,1
9889,-20,20,1
1258,-5,0,1
7039,-6,10,1
8935,-20,20,1
1849,8,0,0
9485,-20,17,1
9506,6,-1,0
7233,-2,-7,0
6013,-4,0,1
8847,20,-19,0
805,-11,6,1
6425,-6,1,1
7141,-13,5,1
8633,-20,16,1
2574,-13,6,1
464,10,-13,0
8470,-11,5,1
4568,-11,-2,1
937,2,-6,0
6769,-20,16,1
6775,10,-6,0
2216,-9,18,1
9800,-13,13,1
2473,4,-4,0
3528,-4,-3,1
9597,-20,20,1
8358,1,-5,0
6874,-11,14,1
1374,-4,-5,0
5641,-17,20,1
557,-8,-1,1
9697,-20,18,1
4543,3,3,0
663,-12,4,1
4856,-11,8,1
8554,-2,-3,0
1136,1,-1,0
2387,8,-4,0
4872,-20,17,1
8772,-12,7,1
3958,9,-6,0
4947,7,-5,0
4526,-7,19,1
9089,-14,1,1
9236,-20,20,1
6634,7,-12,0
5182,-15,15,1
586,2,2,0
8664,-20,20,1
1180,-20,9,1
8750,0,-7,0
6090,-17,20,1
5563,-17,10,1
1862,16,-20,0
1916,-4,-8,0
9512,-20,20,1
1898,-20,11,1
6020,6,-10,0
6978,5,3,0
5415,-20,19,1
4945,-14,7,1
7385,-16,17,1
7135,-1,5,1
671,-20,17,1
3018,0,8,1
8349,-20,20,1
1763,-20,20,1
7554,-20,20,1
3314,-5,4,1
7178,-20,20,1
475,-1,0,1
6866,-5,9,1
4588,-13,18,1
356,-20,20,1
3220,6,-1,0
8915,-3,15,1
723,-17,7,1
5174,-13,12,1
3452,-14,8,1
6381,-2,-6,0
2534,-13,10,1
8481,-15,19,1
6106,-5,-3,1
2154,-12,4,1
9039,6,-5,0
1170,-5,9,1
6707,-20,20,1
8342,-2,6,1
5816,-11,11,1
2521,5,-11,0
1761,-14,18,1
493,-9,12,1
9979,-6,1,1
6645,-10,7,1
7464,-15,13,1
7011,20,-20,0
77,8,0,0
6953,-15,6,1
3631,-18,16,1
306,-13,13,1
6831,-20,20,1
7470,-13,9,1
1026,-18,11,1
6367,-18,17,1
9824,3,-2,0
4105,-15,20,1
1422,9,-9,0
405,-11,12,1
8239,-3,3,1
8130,1,-17,0
1907,-13,8,1
7163,7,-9,0
5925,10,-11,0
4410,-20,20,1
7877,5,-2,0
7461,-8,3,1
8232,-20,3,1
100,-17,20,1
6921,-20,20,1
7220,-4,3,1
5345,-3,2,1
1927,-10,12,1
7778,-12,10,1
7425,-6,7,1
2498,-1,-7,0
9787,15,-18,0
584,-4,0,1
5412,-20,20,1
9780,-12,11,1
3560,3,1,0
9818,-20,20,1
5163,-20,20,1
8187,2,2,0
2026,-20,20,1
3199,-7,7,1
4981,-1,-4,0
667,-20,20,1
9569,-5,13,1
6688,-2,6,1
2680,3,0,0
6004,-4,-1,1
3322,-20,20,1
6383,-12,12,1
4338,-14,10,1
4881,-9,6,1
5099,-5,-1,1
5740,-11,5,1
2105,-11,11,1
6848,-18,7,1
5418,-12,20,1
2543,-20,20,1
4247,7,2,0
7245,-5,0,1
7259,5,-3,0
3675,-20,10,1
7648,-9,11,1
1583,-8,8,1
5645,-20,19,1
9575,-20,20,1
3383,-16,19,1
4546,-15,8,1
2237,-1,-4,0
4563,-12,14,1
9326,-13,20,1
8149,-15,15,1
983,-17,20,1
7745,-2,-4,0
647,-9,3,1
3217,-15,11,1
3302,-20,20,1
4991,-10,-10,0
5322,-16,13,1
8766,-7,0,1
8791,-4,12,1
5330,-7,8,1
2862,-6,6,1
8049,-20,18,1
7045,8,-9,0
2669,-1,4,1
105,-12,18,1
1674,-4,1,1
8113,1,-2,0
8842,-19,13,1
1373,-20,20,1
6215,-9,11,1
8199,-20,16,1
5248,-8,4,1
5148,4,0,0
7783,-12,10,1
2046,-20,13,1
2505,4,-6,0
467,-14,12,1
8720,-20,20,1
8256,-18,10,1
2656,-20,20,1
1150,-7,18,1
2546,-8,-4,1
5584,-3,12,1
9716,9,-7,0
7991,-1,-3,0
2422,-6,-1,1
6460,-5,6,1
4345,-10,11,1
2910,10,-14,0
1384,-1,10,1
2643,-15,10,1
1411,13,-12,0
9416,-11,16,1
6821,6,-9,0
1541,0,5,1
6276,20,-20,0
4972,-14,20,1
7389,-4,-1,1
9435,-20,20,1
2085,-11,12,1
8996,-3,-2,1
5014,-18,6,1
626,0,-3,0
3463,17,-20,0
8642,-20,20,1
2178,-1,-2,0
46,-6,10,1
9158,-9,15,1
9799,-13,13,1
9451,-8,14,1
9297,11,-8,0
9997,-18,19,1
1724,-9,3,1
9876,14,-10,0
8871,15,-11,0
5305,14,-10,0
922,-20,16,1
1189,0,0,0
711,-1,2,1
6702,-9,17,1
8628,-20,20,1
2207,-19,13,1
2510,16,-16,0
1440,-13,9,1
9698,-20,20,1
3275,-20,20,1
7596,-11,9,1
9667,-1,0,1
9906,-5,-5,0
4889,-15,20,1
6113,-20,13,1
6482,-18,4,1
6418,-2,1,1
8316,-1,4,1
5722,-20,16,1
3571,-2,3,1
9180,-6,1,1
1471,-13,14,1
2033,-19,15,1
3883,-7,1,1
3460,-3,4,1
9353,-16,16,1
9087,-20,12,1
420,-20,20,1
4445,-2,-2,0
5853,-5,3,1
9477,-4,-4,0
4858,12,-4,0
9953,-20,14,1
5992,1,3,1
1889,-5,12,1
4695,-7,7,1
7900,-20,20,1
712,10,-6,0
7920,-16,17,1
8242,-11,13,1
5877,-9,9,1
2742,-20,20,1
4015,-20,13,1
7585,-1,15,1
3013,-19,11,1
8101,-8,8,1
9417,-12,4,1
9079,-16,20,1
2027,-4,16,1
261,-2,9,1
1860,0,-5,0
5331,-5,2,1
2754,-20,20,1
1568,-2,1,1
3876,-20,19,1
4839,-3,-8,0
8827,-11,11,1
9976,6,-7,0
6885,-20,17,1
4054,-4,6,1
1418,-20,20,1
6715,3,0,0
737,10,-18,0
9753,-5,4,1
3337,11,-5,0
318,0,2,1
3280,-18,4,1
1947,-12,7,1
3210,-3,2,1
1049,-10,13,1
2350,-8,5,1
1861,-18,16,1
1621,10,-13,0
9075,-20,20,1
6334,-20,20,1
9029,19,-18,0
1581,-12,4,1
7475,-7,15,1
3982,-4,2,1
2775,-14,4,1
7644,-11,20,1
6527,-8,6,1
7537,-7,3,1
8549,1,-2,0
4683,-8,12,1
6906,-14,11,1
7814,4,3,0
8312,-20,20,1
2210,-20,8,1
7202,-8,12,1
2068,-2,3,1
3042,-6,7,1
7182,8,-4,0
5683,-1,-4,0
6467,6,3,0
9048,2,-7,0
8038,-14,11,1
2799,-18,14,1
2331,-18,15,1
1107,-19,17,1
1690,-9,8,1
8171,-9,-4,1
1197,13,-3,0
208,-6,7,1
3090,-4,8,1
4461,-3,4,1
5222,3,0,0
3116,-19,20,1
2383,-20,14,1
7865,-20,20,1
9205,-4,4,1
1981,-20,20,1
1226,-20,20,1
9842,-13,10,1
3543,-8,5,1
8190,-13,1,1
6021,-5,3,1
5986,-8,2,1
8081,-16,12,1
9199,-3,3,1
5596,-2,5,1
1069,5,4,0
3613,5,-4,0
4984,-20,20,1
8128,-4,7,1
2611,-20,20,1
7858,2,4,1
5069,-3,0,1
5656,2,-2,0
4129,-20,20,1
1988,-20,14,1
1105,-5,10,1
7821,-20,20,1
9792,9,-7,0
5382,-13,5,1
2110,-20,15,1
8588,-12,20,1
1604,-8,6,1
6180,5,-8,0
1536,-13,13,1
6435,-5,12,1
1268,-6,4,1
2892,-8,15,1
5571,-18,19,1
2386,-13,-1,1
694,11,-6,0
8012,-14,15,1
7499,-16,10,1
3346,-20,20,1
3750,-17,6,1
4453,-6,10,1
2112,-20,12,1
8131,9,-16,0
1365,-10,10,1
7195,-14,9,1
1201,-20,17,1
1992,2,2,0
6609,-17,9,1
8154,-17,20,1
4165,-20,20,1
4545,-9,18,1
2997,-15,20,1
4573,-15,9,1
8334,-8,-2,1
9434,0,6,1
4414,-14,11,1
8511,-20,15,1
5031,-16,7,1
3825,-3,-4,0
2311,-6,10,1
5688,-8,9,1
505,-17,9,1
5089,-4,17,1
7853,-2,-6,0
8058,-20,20,1
6704,-11,12,1
9230,-12,10,1
7449,-3,11,1
473,-8,3,1
4465,7,7,0
526,-4,-2,1
725,-19,10,1
374,-10,8,1
7494,-8,7,1
854,-16,13,1
5764,-5,5,1
6085,-17,10,1
9690,-6,-2,1
9560,-20,20,1
215,-9,9,1
2759,-2,0,1
2036,-17,15,1
4710,-1,-10,0
7187,6,-11,0
9376,6,-6,0
9332,-7,-1,1
341,-8,3,1
5806,-20,14,1
7369,1,9,1
5235,0,-8,0
9840,-6,6,1
4815,-20,20,1
2274,-3,5,1
9322,1,-6,0
29,-14,4,1
8411,-10,11,1
4381,2,1,0
6915,-20,20,1
7237,-20,17,1
2106,-20,20,1
6128,-20,20,1
5236,-11,5,1
8063,-20,13,1
8044,7,-10,0
353,-20,20,1
2633,-7,12,1
7997,-5,-3,1
3738,-20,20,1
3327,-18,20,1
1233,3,-4,0
2222,0,16,1
2051,-3,7,1
7253,-3,-8,0
1774,-16,6,1
1938,-20,20,1
8660,-11,20,1
4781,-12,8,1
5124,-3,0,1
2093,-20,20,1
2434,-20,19,1
285,-20,20,1
2365,-19,9,1
2757,0,1,1
7930,-13,9,1
5433,-14,8,1
1239,0,2,1
4760,-16,0,1
1726,-20,20,1
5572,-6,8,1
2647,-6,19,1
5958,-20,17,1
4416,-18,18,1
2463,-5,12,1
1177,4,-8,0
5219,-5,-1,1
3422,-20,20,1
1545,-5,3,1
2037,-20,17,1
1817,-20,16,1
3632,-13,11,1
7495,4,-12,0
1314,-18,20,1
3175,-19,4,1
7076,-20,19,1
3266,-17,8,1
4374,-3,2,1
3170,-7,2,1
6642,-20,13,1
2201,-14,5,1
8015,-1,1,1
1985,-14,20,1
7243,-10,0,1
6958,-20,10,1
1062,-20,20,1
1514,-3,-2,1
4779,-4,12,1
1369,-11,-8,1
1333,-3,1,1
6390,-20,20,1
3532,2,-9,0
2960,-9,5,1
7390,-17,14,1
5462,-20,20,1
1559,-18,13,1
9585,-14,14,1
8560,-19,11,1
7764,-4,-2,1
1376,-6,14,1
3649,-17,13,1
5987,-10,11,1
3744,-14,2,1
4319,7,-2,0
4731,-20,16,1
2470,6,0,0
8865,-15,15,1
8204,-16,12,1
5616,0,-4,0
3384,-20,19,1
2432,-1,-1,0
2089,-9,5,1
169,-20,20,1
4618,18,-12,0
9426,-11,4,1
5666,-2,1,1
4843,-10,14,1
4690,-9,-3,1
406,-10,14,1
7125,-10,19,1
5745,-4,3,1
6886,-20,12,1
1669,-12,-3,1
429,-18,-2,1
3518,6,-3,0
5396,12,-11,0
3803,14,-7,0
3823,-20,20,1
5437,-18,16,1
1551,-13,13,1
690,2,-3,0
3742,-16,12,1
7810,-20,13,1
3263,3,-2,0
4349,-6,3,1
5865,1,1,0
2550,15,-19,0
9805,-9,16,1
1944,-14,2,1
9578,-14,10,1
3471,-20,20,1
7140,-9,16,1
9528,4,0,0
6306,-16,11,1
1470,-2,5,1
3850,5,-7,0
881,-2,2,1
1354,-14,13,1
9143,0,-3,0
2437,-13,15,1
5544,-1,13,1
8500,-13,17,1
1051,-14,11,1
2519,-18,13,1
2952,-5,1,1
5231,-15,18,1
6595,-20,20,1
2238,-7,2,1
1252,6,-3,0
2103,-17,16,1
5247,-20,20,1
382,9,-14,0
5762,-7,5,1
6644,-12,14,1
8968,-14,7,1
7827,-18,7,1
6619,8,-9,0
6472,-13,14,1
3638,-10,2,1
7948,-8,6,1
4175,-1,-1,0
4135,-17,9,1
5774,-20,20,1
7605,-7,3,1
1321,2,0,0
747,2,2,0
9344,-13,19,1
8703,-9,13,1
1203,4,-5,0
6780,5,-7,0
5233,-20,20,1
2950,-20,20,1
5022,3,-1,0
4941,-20,20,1
8523,-20,20,1
3893,0,-2,0
5671,-5,1,1
7828,-5,-3,1
9852,-13,6,1
645,-20,15,1
3938,-6,2,1
5093,-18,19,1
1615,-6,1,1
1715,-11,3,1
7598,-12,2,1
973,-20,20,1
8598,-20,20,1
3006,-4,7,1
5270,-7,4,1
7689,-15,18,1
5234,-4,12,1
8207,-15,2,1
6224,-8,7,1
8069,-20,10,1
1143,-20,20,1
4971,9,-4,0
1743,-8,11,1
8757,-20,20,1
6523,-4,10,1
4688,-10,13,1
9121,-14,6,1
6448,4,-15,0
943,3,3,0
5086,15,-17,0
8037,-9,3,1
5240,6,-3,0
4013,-18,14,1
1382,-20,20,1
2570,-14,15,1
5495,1,-7,0
1037,12,-7,0
6795,-20,20,1
703,-4,7,1
1958,-20,20,1
4014,-14,20,1
1686,-3,4,1
1968,-20,3,1
9895,0,-4,0
2078,-14,2,1
3577,-20,17,1
613,-10,11,1
1469,15,-5,0
5268,-5,9,1
1632,14,-14,0
4253,17,-14,0
5785,-4,-4,0
3338,4,-2,0
753,-13,14,1
488,0,11,1
1234,-18,15,1
3582,-3,2,1
7377,-20,19,1
6135,-15,6,1
2890,-13,20,1
2464,-20,15,1
7191,-6,1,1
8348,-5,13,1
2067,-20,20,1
3174,-15,13,1
5145,-4,8,1
4257,-5,6,1
8300,-12,12,1
3323,-6,1,1
1895,-7,5,1
9176,0,4,1
7260,-20,20,1
2257,-4,-5,0
3806,-15,20,1
8065,-17,13,1
5135,9,-12,0
5779,-20,10,1
1209,-18,8,1
6111,-20,20,1
1296,-20,18,1
6565,-20,9,1
933,-13,3,1
2181,-3,13,1
3719,-9,14,1
6271,-14,6,1
2691,-2,-1,1
9208,-12,13,1
7728,-14,2,1
2126,-4,2,1
4314,-20,20,1
5052,15,-20,0
9566,-10,4,1
3525,-9,18,1
8964,-7,9,1
4060,20,-20,0
6463,-20,20,1
4313,-7,12,1
6573,-16,1,1
914,-11,16,1
6265,-20,20,1
8102,-3,5,1
9778,-8,14,1
7819,-14,5,1
4366,7,-1,0
6515,-17,15,1
8853,0,-6,0
3394,6,-8,0
8724,4,3,0
4766,-13,18,1
6047,-16,0,1
6039,-6,-5,1
9282,5,-7,0
8074,1,5,1
6962,4,-6,0
3786,-1,15,1
6746,-20,20,1
8754,-6,11,1
6851,-20,20,1
9830,-17,13,1
4682,-20,20,1
8713,-20,20,1
2278,-20,20,1
5506,-5,16,1
8356,-4,5,1
8482,-3,-2,1
3369,-20,19,1
1766,-17,13,1
593,-18,20,1
6500,-5,4,1
4988,5,2,0
5395,8,-4,0
9694,-12,11,1
4420,-20,19,1
1406,7,-4,0
4194,-19,20,1
1987,-3,-5,0
1097,-20,18,1
312,-10,7,1
4667,-16,10,1
8249,5,-7,0
6959,-19,16,1
506,-16,15,1
6116,-12,13,1
5405,-1,3,1
1703,6,-10,0
5784,-10,5,1
1181,-3,-3,0
9605,6,-4,0
1707,4,-4,0
2581,-20,20,1
4506,-2,-13,0
572,0,10,1
1137,-20,20,1
2161,-20,5,1
3262,-18,20,1
344,-20,20,1
2179,-3,-13,0
8008,-20,14,1
4828,14,-4,0
2313,-14,2,1
9862,-8,10,1
7992,-12,13,1
3256,-11,13,1
3153,2,-2,0
4775,12,-15,0
4069,0,17,1
4632,2,5,1
66,-5,0,1
6166,-8,6,1
2055,2,-6,0
3331,-20,20,1
1244,4,4,0
1800,0,4,1
8295,-9,11,1
4216,-12,7,1
6120,-17,13,1
2220,-15,14,1
7851,-18,13,1
3305,-6,-3,1
8161,-5,-9,0
911,-9,-3,1
8409,-6,7,1
4697,-20,18,1
6765,-9,-2,1
7,6,-4,0
556,-1,1,1
3378,-17,11,1
3747,-11,-1,1
8115,6,-8,0
3177,6,-8,0
2753,12,-14,0
2252,0,4,1
2891,-16,19,1
7891,11,-15,0
6666,-16,13,1
9014,4,-15,0
1013,-2,-4,0
4864,-1,1,1
2142,-14,13,1
7168,-8,5,1
5529,0,-2,0
47,-20,20,1
8742,-14,20,1
5839,3,4,1
844,-17,17,1
4750,-13,13,1
7989,-17,9,1
6164,-20,20,1
3197,-4,4,1
5600,-9,-5,1
1012,12,-15,0
7132,-8,3,1
3213,-13,16,1
2883,13,-17,0
9969,3,13,1
3105,3,-12,0
9359,20,-18,0
9576,7,0,0
5965,-11,9,1
4746,-10,7,1
7740,-12,17,1
5838,2,-1,0
7133,-3,3,1
5021,-1,-9,0
7502,-8,14,1
4662,-16,12,1
6888,-3,-8,0
7463,-20,20,1
4608,-2,-2,0
3354,-2,3,1
9065,-3,-5,0
3341,-14,5,1
2514,-9,8,1
9484,3,9,1
7088,-20,20,1
8228,-8,13,1
12,-19,-3,1
5790,-20,13,1
3315,-6,-1,1
8875,-20,20,1
8668,-20,20,1
9954,-1,0,1
5098,-4,11,1
9814,-20,16,1
1509,-15,11,1
1939,10,-5,0
7388,-20,20,1
3196,-20,20,1
2420,2,3,1
3312,-1,-8,0
8718,-20,14,1
1983,13,-3,0
9630,-8,4,1
2815,-20,20,1
3044,-7,11,1
511,-20,20,1
1838,-1,0,1
588,-5,5,1
9684,-3,-2,1
6437,-7,3,1
2671,-20,20,1
3265,-10,4,1
3069,-11,3,1
8372,-8,10,1
8975,9,4,0
4706,9,-6,0
2368,-8,3,1
3045,-7,2,1
2834,-10,16,1
9447,-11,20,1
8360,-12,4,1
6042,-20,20,1
4435,-16,18,1
3607,9,-6,0
132,7,-10,0
2230,-4,0,1
7071,-3,5,1
9458,-13,16,1
9955,-16,14,1
3008,-6,5,1
8998,-2,9,1
1078,-7,1,1
3799,-9,10,1
7068,6,-1,0
4660,-5,-2,1
3454,-20,20,1
8094,-14,15,1
3770,-14,8,1
456,-4,14,1
1920,-11,14,1
6439,-15,8,1
3670,-4,-5,0
2920,-5,3,1
5794,-1,2,1
3477,-15,20,1
95,-7,5,1
4903,-11,10,1
7603,-10,13,1
2731,-17,12,1
1836,-1,-8,0
3033,-16,10,1
829,-3,-1,1
7339,-5,2,1
4333,8,-14,0
3267,-20,20,1
2263,-9,6,1
2088,-20,20,1
6260,11,-7,0
9637,-13,15,1
26,3,-2,0
8504,-17,7,1
955,-6,6,1
2690,-20,8,1
5582,0,0,0
6835,4,-4,0
6740,4,-2,0
8518,14,-8,0
3650,-1,1,1
5239,2,5,1
5676,8,-6,0
949,-8,5,1
9085,-20,20,1
4829,0,-1,0
7771,-1,-2,0
7652,-1,-2,0
3496,-4,1,1
7738,8,-11,0
428,-9,18,1
7212,-20,20,1
8083,-20,20,1
8376,-2,10,1
4211,-7,5,1
8870,-20,20,1
9982,-15,10,1
6118,-6,10,1
2567,-20,20,1
8945,-7,-3,1
2487,-20,20,1
7882,-10,6,1
4449,-20,11,1
8735,-7,8,1
1390,-8,10,1
6733,3,-1,0
5899,2,-13,0
3156,-15,13,1
5060,-20,20,1
5771,-10,5,1
1099,-5,15,1
9817,19,-11,0
8366,-8,13,1
1758,-10,6,1
6101,3,-10,0
9655,-7,0,1
7963,-17,18,1
6191,3,-3,0
1417,-20,20,1
72,-20,17,1
6364,-16,17,1
6528,-5,-2,1
6730,-9,2,1
1289,-15,12,1
7207,-15,18,1
1045,-14,10,1
582,5,-2,0
1273,-20,20,1
6132,1,0,0
9709,-20,11,1
9499,-17,20,1
4692,-20,20,1
1952,0,-2,0
5530,8,2,0
1926,-14,19,1
6864,-7,8,1
7179,-7,3,1
2032,-7,-2,1
8874,11,-12,0
4818,-1,3,1
8229,1,6,1
6473,2,-8,0
5318,-6,0,1
5547,-10,-4,1
4524,-1,-1,0
3667,-6,6,1
2380,-19,13,1
9699,-18,12,1
8233,-13,12,1
643,2,-4,0
5092,-5,-4,1
8176,-7,-3,1
1658,5,0,0
9536,3,8,1
6955,7,-9,0
3564,-4,9,1
4922,-10,-10,0
9958,12,-12,0
9548,-2,-1,1
9822,-20,20,1
203,-17,10,1
3121,9,-9,0
8139,12,-5,0
1483,0,5,1
5458,-20,13,1
4077,-8,14,1
3110,-7,7,1
8743,-20,7,1
3360,-2,0,1
9470,-9,1,1
1676,-5,5,1
4911,3,-10,0
8355,15,-12,0
1089,-6,7,1
3985,-2,-4,0
598,-4,-5,0
1891,-10,12,1
2856,-3,7,1
563,-9,3,1
896,-11,13,1
7273,-12,8,1
3062,-1,-1,0
6709,-1,4,1
2762,-13,7,1
923,-19,16,1
2165,-14,-2,1
1967,10,-5,0
9984,-11,16,1
7592,-15,20,1
1626,-9,5,1
9491,2,2,0
5276,-10,5,1
4362,-11,17,1
1698,-8,-2,1
8884,-17,11,1
2527,-20,20,1
7766,0,4,1
4278,-20,16,1
8928,-20,20,1
2909,-5,4,1
5385,-13,6,1
4739,-11,8,1
8033,-13,18,1
1431,-1,5,1
233,-1,9,1
5287,-1,6,1
7443,-5,0,1
4153,-7,2,1
3655,-13,12,1
4510,-20,20,1
6611,-12,8,1
1429,-3,14,1
2334,-20,14,1
1902,3,-8,0
7961,4,3,0
4046,-5,-4,1
9490,-11,5,1
3192,-1,3,1
9323,-4,11,1
1484,-7,11,1
5961,7,2,0
4963,-20,20,1
9357,-10,8,1
9041,-13,13,1
6117,-20,20,1
7328,-4,4,1
8798,3,-2,0
2842,-18,19,1
7516,-6,9,1
6878,4,1,0
8939,-20,20,1
2665,-10,8,1
9580,-9,13,1
6033,-5,11,1
8159,-7,14,1
476,-1,0,1
7465,-8,19,1
4369,9,0,0
5304,8,-7,0
8544,3,13,1
7846,-6,14,1
119,-20,20,1
2459,-20,20,1
1819,-14,15,1
6184,-20,17,1
3089,-17,13,1
5372,-9,6,1
9235,-12,13,1
9051,-3,11,1
7579,-12,11,1
9411,-20,18,1
9115,-6,8,1
5034,-20,16,1
1280,-6,9,1
3059,-14,19,1
8423,-20,20,1
401,-4,8,1
607,2,-2,0
7265,2,-3,0
3931,-9,18,1
3990,-14,5,1
3620,8,-12,0
54,-4,8,1
7990,-20,17,1
6203,-16,5,1
2062,16,-17,0
249,-5,3,1
2389,3,12,1
5343,-2,0,1
1263,-17,18,1
9460,3,3,0
8902,-13,14,1
1436,-7,7,1
8217,1,-10,0
3969,4,-12,0
8106,-3,4,1
9880,-20,20,1
9737,-13,12,1
2259,-5,3,1
7362,15,-7,0
9214,-18,6,1
2362,-20,18,1
2949,6,4,0
4212,-10,12,1
5332,-1,1,1
1275,4,-12,0
8567,-2,9,1
9133,-7,0,1
8910,6,-17,0
1214,8,-3,0
3593,-15,16,1
4020,-19,11,1
3072,-11,17,1
6290,8,-12,0
2016,3,-18,0
8626,-7,2,1
1401,-20,10,1
8398,-11,20,1
6736,-20,20,1
6808,-20,20,1
5811,-5,5,1
7580,-2,3,1
2391,3,-9,0
7177,-12,17,1
3269,-19,20,1
2741,0,-5,0
1563,-3,5,1
1646,-2,0,1
9091,-11,11,1
2978,1,7,1
8486,-20,7,1
2764,5,-4,0
9494,-14,6,1
6690,-13,8,1
8222,-9,0,1
6197,0,-6,0
2575,-20,18,1
7829,-20,20,1
9001,-8,4,1
7548,-2,6,1
6651,-19,3,1
8873,-19,20,1
5338,-20,20,1
9060,-14,10,1
849,7,-1,0
5139,2,-1,0
2610,-4,-5,0
879,-20,19,1
6195,-15,4,1
126,-9,4,1
5353,2,-5,0
2670,13,-20,0
834,-11,4,1
4627,-20,20,1
7911,-20,12,1
799,0,-3,0
3211,4,-2,0
3200,-12,12,1
9986,-13,7,1
345,-6,8,1
232,-20,20,1
9476,3,-2,0
4880,4,-2,0
7711,-1,-2,0
9770,-7,4,1
4943,-10,17,1
2243,-9,12,1
1286,-3,-7,0
748,4,-13,0
5570,-12,13,1
2299,11,-11,0
7688,2,5,1
2954,-14,3,1
3094,-20,16,1
8992,-8,15,1
9621,-20,20,1
9882,-12,8,1
7269,-20,20,1
3727,6,-3,0
1367,4,-4,0
2435,-14,20,1
692,-13,2,1
3242,14,-3,0
3488,-17,7,1
3759,-15,16,1
4155,1,2,1
8821,-3,1,1
7655,-16,3,1
4419,10,-17,0
6991,-17,2,1
6413,2,-1,0
9562,-5,-3,1
4070,7,-3,0
1821,11,-10,0
1327,-5,7,1
1723,-20,10,1
965,-20,20,1
8576,-20,10,1
2474,-17,20,1
7473,-4,5,1
760,6,-16,0
6776,-9,15,1
7285,-13,9,1
3293,11,-10,0
5778,-2,17,1
5097,6,-4,0
8299,-6,15,1
1785,-16,19,1
7641,-14,10,1
6768,1,-6,0
3618,-3,3,1
4678,-7,-4,1
6679,6,1,0
413,-20,20,1
5542,-4,8,1
9166,5,2,0
952,-15,13,1
5104,-11,10,1
9351,-14,17,1
4488,6,-17,0
1476,6,-12,0
11,-9,11,1
287,-9,7,1
6431,1,-6,0
1142,-14,16,1
7541,-10,14,1
2830,-20,20,1
8797,-2,13,1
7167,-10,6,1
8513,4,-5,0
6895,-8,2,1
615,-5,0,1
5972,5,-9,0
2007,2,1,0
2282,3,2,0
9872,-12,14,1
6052,2,7,1
8540,-11,5,1
9927,3,-2,0
7142,-3,20,1
1172,-12,-3,1
4076,-13,-2,1
9861,-20,18,1
4884,14,-20,0
9319,-7,-4,1
7715,6,-18,0
5609,-12,5,1
5598,-13,10,1
6629,-5,9,1
160,-15,20,1
316,2,2,0
5249,-20,19,1
2506,-13,10,1
5898,-20,4,1
6380,-9,7,1
7543,-16,20,1
4789,13,0,0
4893,-20,20,1
6474,4,-4,0
2590,-5,7,1
1204,-8,7,1
7208,8,-11,0
9408,-20,17,1
2650,-20,20,1
3095,-11,11,1
9288,-3,-5,0
9244,6,6,0
8192,-20,20,1
3875,-20,20,1
2903,6,-3,0
2932,-5,-2,1
4085,-20,20,1
4744,-16,17,1
4935,-6,10,1
4111,0,0,0
9448,0,-5,0
2981,-5,7,1
9989,-4,1,1
9019,-7,8,1
4619,-13,20,1
5477,-3,8,1
7957,-8,9,1
7613,-4,-6,0
4625,-17,18,1
2576,-9,-2,1
1146,-12,19,1
9112,-1,5,1
8123,17,-16,0
1623,-12,18,1
8648,-6,8,1
4554,-6,-6,0
851,-2,5,1
3624,-16,2,1
3193,-14,20,1
414,5,1,0
3731,4,1,0
9285,-5,9,1
3642,-1,7,1
5793,-16,17,1
5435,-6,15,1
6094,-20,19,1
3511,-20,20,1
302,0,1,1
4125,-11,10,1
3057,-20,20,1
1892,-5,-2,1
608,-20,20,1
127,1,4,1
2548,12,-12,0
7927,-8,3,1
7038,-14,8,1
9791,-20,19,1
1305,0,-2,0
5788,-11,3,1
9016,-2,15,1
5537,-20,20,1
3944,-6,5,1
5994,-7,4,1
6453,-9,-2,1
6267,9,-10,0
3486,-4,5,1
3581,2,3,1
510,-20,20,1
6867,-20,20,1
1868,-13,19,1
7803,-20,20,1
4252,-20,20,1
3586,-20,20,1
8969,-10,18,1
5467,-20,15,1
3499,-20,8,1
6553,1,-3,0
148,-19,19,1
9971,-2,2,1
3783,-8,6,1
1493,7,-11,0
298,4,-5,0
6912,-17,2,1
6800,0,9,1
2852,-7,-1,1
7434,-3,-1,1
8970,-20,20,1
2190,-12,20,1
912,-2,5,1
9360,-20,20,1
984,-17,13,1
9479,-20,19,1
1650,-9,10,1
5773,-18,20,1
1589,-18,20,1
997,-11,9,1
632,-16,8,1
3076,2,-6,0
9594,-20,4,1
435,3,-2,0
8237,-8,19,1
700,-1,7,1
4475,11,-12,0
3398,2,-3,0
652,-6,12,1
7414,-15,18,1
9638,-7,1,1
3286,-13,-1,1
6288,5,7,1
3640,3,-4,0
5258,-17,10,1
6562,4,0,0
5857,-4,-1,1
2495,12,-19,0
179,6,-9,0
8157,-20,20,1
7586,-8,9,1
9289,-9,5,1
701,0,0,0
5872,10,-10,0
777,-3,16,1
70,-9,10,1
7217,-7,14,1
5978,-5,8,1
3865,-9,12,1
1773,1,-4,0
5859,-9,11,1
6839,9,-10,0
1206,-20,17,1
1195,-11,12,1
8110,8,-7,0
143,-20,20,1
9869,-14,13,1
2902,10,-10,0
1156,-11,-3,1
6926,-5,16,1
4955,-20,16,1
2847,-19,12,1
1157,-10,1,1
4459,6,3,0
4204,-2,5,1
7032,-11,16,1
7316,-19,8,1
7772,6,-5,0
3986,5,-7,0
2772,-4,-3,1
9074,-7,5,1
2822,-11,7,1
3292,12,-6,0
6806,8,-15,0
707,9,-4,0
1434,12,-11,0
639,-10,12,1
5869,-17,20,1
5152,-3,9,1
9704,3,0,0
5673,-9,8,1
6992,-5,18,1
6748,-20,18,1
1887,-2,13,1
4798,-10,11,1
5424,-12,7,1
1033,-10,6,1
9284,-20,16,1
7458,-9,10,1
1154,-18,18,1
8126,-4,14,1
427,-7,3,1
5846,-20,18,1
9990,-12,6,1
901,-20,20,1
5873,-17,10,1
8840,-12,19,1
9003,0,-10,0
6859,-9,2,1
1182,-1,8,1
1820,-9,-2,1
4055,11,-11,0
1940,-9,15,1
2086,-20,20,1
9564,-20,20,1
4429,-20,20,1
9371,-15,20,1
2823,-12,16,1
2511,-2,7,1
4090,-10,7,1
3333,-10,5,1
2922,-9,4,1
6670,-20,20,1
2884,-20,20,1
9530,4,-11,0
9561,4,-6,0
7027,-13,16,1
5613,-8,11,1
6175,0,-3,0
1697,17,-20,0
7181,-9,2,1
2678,18,-5,0
7822,-5,-2,1
9229,-7,14,1
685,-6,-3,1
1699,-20,13,1
947,-20,20,1
3693,-17,7,1
5968,-11,13,1
1718,-20,20,1
5556,-1,3,1
3324,8,-7,0
1319,2,-5,0
8252,-10,4,1
268,-11,-2,1
1639,-5,4,1
4566,6,0,0
7286,-18,10,1
9044,-14,20,1
4243,6,-8,0
162,9,-15,0
2054,-15,4,1
2219,-13,10,1
8298,-17,13,1
8277,-9,9,1
5381,-14,13,1
7109,-18,16,1
9614,-3,20,1
2520,-18,18,1
9758,2,-15,0
1637,-6,8,1
7935,-11,20,1
6080,13,-8,0
7774,-14,15,1
9689,-20,20,1
5797,-9,11,1
7069,-20,20,1
6356,-14,14,1
6423,-20,20,1
6355,6,-14,0
2621,-20,20,1
7427,-19,16,1
2499,-6,7,1
4120,-1,4,1
2835,-9,17,1
8773,-6,-7,0
1282,-11,7,1
471,-14,3,1
5378,7,4,0
8640,-11,20,1
7214,-5,4,1
5064,-20,20,1
4137,-17,12,1
9600,-6,5,1
4854,-19,9,1
3847,3,1,0
832,-2,2,1
152,-5,7,1
6541,-4,6,1
4432,-1,11,1
279,-5,-2,1
754,-18,20,1
6398,-20,18,1
918,-5,4,1
4386,-2,5,1
9324,-20,20,1
3920,-20,20,1
5950,-2,2,1
5709,-6,-2,1
9857,-15,18,1
4250,0,-1,0
9296,12,-9,0
1426,4,-8,0
8463,-16,20,1
5520,-1,3,1
1085,-20,20,1
5951,-15,19,1
6814,-10,5,1
9543,-11,3,1
4354,-9,20,1
8444,-20,20,1
2652,-13,16,1
659,-13,19,1
1144,-9,5,1
3861,3,4,1
7985,-4,2,1
7440,-15,16,1
5366,-8,2,1
3943,-20,17,1
6551,-15,20,1
5439,0,-15,0
9459,-19,8,1
375,-3,-1,1
2605,0,1,1
7996,-1,8,1
442,-10,3,1
3634,8,-5,0
277,-9,1,1
9116,10,-13,0
4036,6,0,0
4908,8,-3,0
8894,3,-12,0
1218,9,-13,0
3158,-17,20,1
9437,-15,16,1
9868,2,7,1
1288,-20,19,1
4745,1,-5,0
8814,-11,3,1
6144,6,-16,0
2180,-20,7,1
7300,5,3,0
6258,-16,15,1
1490,-20,15,1
2600,6,4,0
6535,-4,6,1
7615,3,-9,0
1662,0,-5,0
5154,2,0,0
2840,5,-5,0
9382,-6,3,1
2497,-4,0,1
8244,-10,17,1
6683,1,9,1
6436,7,2,0
5082,2,-1,0
5347,-9,10,1
4167,-7,2,1
9187,-20,19,1
9314,3,17,1
1454,-8,9,1
8876,17,-8,0
5837,2,3,1
8701,-1,-3,0
62,3,-4,0
6695,-3,1,1
6579,-9,0,1
502,1,-5,0
7526,-7,14,1
9098,4,-6,0
850,-12,9,1
2811,-1,2,1
4668,-9,9,1
2206,-5,5,1
4340,-19,15,1
4173,-4,5,1
2326,5,1,0
2002,-20,14,1
8583,-10,10,1
9103,-3,16,1
562,-5,9,1
9771,7,-8,0
6231,-8,13,1
8454,-10,11,1
352,-4,11,1
4325,-10,4,1
8574,-16,20,1
8645,-2,6,1
7350,-10,11,1
3892,-20,12,1
4878,-20,20,1
8675,3,-10,0
149,-18,20,1
6444,-3,-11,0
1872,-20,18,1
5737,-13,3,1
7710,-20,11,1
7873,-1,2,1
2346,-13,9,1
8530,-4,-2,1
8687,-7,10,1
9672,-9,0,1
1092,-4,-5,0
8006,-12,2,1
4793,-10,2,1
8993,-20,20,1
8893,-1,4,1
6072,-8,9,1
7454,-20,20,1
8603,-7,14,1
3725,-20,20,1
6452,-4,4,1
3206,6,2,0
7150,0,-8,0
4107,-18,14,1
3828,-20,12,1
8920,-16,11,1
347,13,-8,0
1979,-1,14,1
5896,-20,14,1
4837,5,6,1
6057,-8,5,1
2021,19,-20,0
9652,-20,20,1
7029,-5,4,1
2658,-1,-1,0
979,-13,20,1
3886,4,-5,0
967,-20,20,1
2955,-4,2,1
5621,-15,12,1
7680,-14,14,1
792,3,-9,0
4974,0,1,1
1362,-15,14,1
4658,0,10,1
1515,-4,5,1
141,-14,15,1
6590,-20,20,1
7859,-5,-1,1
3690,17,-5,0
97,16,-14,0
2135,-1,7,1
8327,-19,20,1
5533,-15,2,1
2732,0,8,1
9267,3,1,0
3929,-16,20,1
7932,-20,20,1
6876,-9,1,1
3424,-17,20,1
4277,-17,18,1
7042,-4,10,1
2275,11,-8,0
5349,-1,5,1
6605,5,4,0
6640,14,-17,0
682,5,-15,0
3937,-6,9,1
2213,-6,12,1
2454,-4,7,1
4997,-10,4,1
6410,-19,20,1
2298,-2,-1,1
8641,-13,4,1
8266,-20,6,1
4028,-11,12,1
2490,-16,18,1
7929,11,-6,0
1184,-20,20,1
4894,-1,7,1
7788,-20,20,1
1059,1,-9,0
6167,-17,15,1
7614,-5,-1,1
1779,-14,19,1
128,-18,15,1
8609,3,4,1
9914,-9,20,1
7015,-14,8,1
1311,3,10,1
8359,-1,-5,0
7562,-13,13,1
6511,-20,19,1
9318,-20,20,1
9022,11,-12,0
4630,-17,20,1
2735,-20,16,1
6773,-11,5,1
7690,-5,2,1
580,-2,-9,0
3789,-18,6,1
5971,-9,-2,1
8901,-10,12,1
6077,3,-4,0
5807,-7,8,1
4670,-8,2,1
6107,1,3,1
3900,-14,10,1
7486,13,-10,0
1647,-3,1,1
9554,-3,3,1
1356,15,-20,0
5463,1,5,1
7942,-20,9,1
2737,-9,6,1
3227,-11,9,1
4409,-16,20,1
9707,-16,15,1
9881,-17,16,1
5510,-2,-3,0
6923,-16,10,1
8332,1,2,1
5603,-20,17,1
5362,-20,20,1
2167,-12,6,1
767,-9,5,1
7653,-8,1,1
2907,-13,8,1
2945,-2,0,1
5000,8,-4,0
1982,7,3,0
5113,-18,14,1
7522,-12,15,1
8206,4,-5,0
8040,7,-12,0
2609,-11,6,1
936,-12,12,1
1416,-2,13,1
3830,4,-1,0
4807,-3,-6,0
5860,-8,3,1
4283,-3,1,1
6963,-20,14,1
8736,-20,20,1
2894,-6,-1,1
3277,3,-11,0
1932,9,-5,0
8830,6,-10,0
5348,-3,9,1
1870,-18,19,1
1335,-2,19,1
4755,-5,-2,1
1754,2,-10,0
7718,-20,3,1
8281,0,2,1
3207,-20,20,1
5904,-14,12,1
565,-20,20,1
4454,6,-13,0
865,-4,9,1
4184,-20,20,1
4235,-10,8,1
9863,-12,15,1
9504,5,2,0
9572,-20,20,1
1243,-2,15,1
5473,10,-9,0
412,-10,13,1
9583,-20,20,1
1219,9,-3,0
4406,5,-8,0
8502,2,-1,0
8832,6,-10,0
117,14,-10,0
8828,-20,17,1
2889,-5,4,1
7321,-2,-6,0
4953,-15,20,1
8936,-12,16,1
7448,16,-11,0
9796,-20,20,1
4185,-11,9,1
662,-1,4,1
6763,-20,11,1
1072,2,-7,0
7221,-17,14,1
2182,-13,14,1
7852,-3,2,1
8227,-2,-3,0
5524,7,-10,0
6293,0,7,1
3807,-3,5,1
9377,-15,12,1
3970,-19,18,1
6428,-13,6,1
5911,-4,3,1
1857,5,-12,0
8168,-17,16,1
1660,-20,20,1
6706,-7,6,1
2332,13,-16,0
8097,-20,20,1
2661,12,-5,0
9831,-19,-2,1
1830,-10,19,1
1188,-1,4,1
1613,-20,20,1
3311,10,-5,0
5693,-20,20,1
1433,-17,8,1
8485,-11,-3,1
3416,-10,2,1
3979,1,-2,0
4292,-4,7,1
8651,0,-2,0
3476,-9,0,1
920,2,1,0
8538,-20,20,1
9886,-3,3,1
2399,-19,11,1
3907,-6,-2,1
9173,-10,12,1
2475,19,-20,0
9767,-7,4,1
2477,-14,17,1
4700,-20,20,1
5878,-20,20,1
8319,-20,18,1
6223,-11,5,1
3694,1,9,1
6698,-15,16,1
1930,-20,20,1
1067,-7,17,1
2361,-17,0,1
9335,-6,3,1
684,-9,9,1
5663,0,12,1
1147,-20,20,1
4823,0,0,0
6735,-11,20,1
1279,-7,12,1
9429,-20,20,1
1328,-17,13,1
5564,-20,18,1
8579,12,-19,0
7735,5,3,0
3444,7,-16,0
6973,2,2,0
1396,4,0,0
6813,-20,20,1
1074,-1,3,1
4882,-16,0,1
1106,-17,9,1
9942,-11,10,1
239,-20,20,1
2336,-20,20,1
1011,-7,9,1
6226,-10,20,1
762,-20,20,1
4679,-20,20,1
9168,-13,16,1
7801,-15,10,1
6721,0,-9,0
2911,-20,20,1
4352,-12,10,1
5938,-8,5,1
9706,1,2,1
7428,-6,2,1
5880,-6,4,1
3643,0,9,1
596,-3,7,1
9100,1,-2,0
2860,-4,3,1
7491,-20,20,1
5599,-15,8,1
4965,16,-4,0
3698,-2,-4,0
3240,-16,14,1
3417,-9,4,1
866,-10,5,1
3348,-16,16,1
5531,-9,13,1
426,-14,11,1
9356,-20,17,1
3427,-20,20,1
794,1,-11,0
6449,-8,6,1
3176,-1,-3,0
6346,-4,5,1
9216,-19,20,1
4626,-10,-2,1
3912,10,-6,0
8361,-20,20,1
5505,-3,5,1
3039,3,-12,0
7348,5,4,0
797,-12,13,1
8510,-5,0,1
757,-20,20,1
9363,-1,-3,0
2827,-14,14,1
2982,-5,9,1
7098,-7,7,1
5677,14,-15,0
3251,8,-3,0
2302,-2,15,1
9418,-8,10,1
8024,-20,20,1
6189,-20,20,1
114,-20,20,1
2845,17,-20,0
1341,-3,4,1
5425,-16,9,1
8688,5,-5,0
1162,0,-1,0
2977,-20,13,1
1409,-7,5,1
6506,-17,10,1
6038,-20,11,1
6284,-12,7,1
6070,-20,19,1
926,-17,15,1
3888,-4,10,1
1389,-8,5,1
8262,-9,10,1
2287,-18,11,1
9610,-10,9,1
8967,-3,-1,1
8406,-18,13,1
1259,-19,8,1
6760,-14,8,1
8062,-7,6,1
3437,1,-12,0
8886,-9,0,1
8803,-16,10,1
174,-20,15,1
1765,20,-19,0
2200,-1,-1,0
7057,-8,5,1
1990,10,-5,0
7367,-4,14,1
1537,-18,12,1
4232,-6,13,1
3998,-10,6,1
2349,-14,15,1
7577,-11,10,1
2547,-20,20,1
2804,-6,5,1
3066,-15,19,1
1482,9,-4,0
4534,0,7,1
4657,-7,-7,0
9478,3,7,1
2896,20,-20,0
2727,-20,15,1
4946,-15,8,1
8108,-15,9,1
5759,-11,9,1
4865,-12,16,1
8023,-20,12,1
9237,-3,5,1
4790,-2,10,1
4094,-13,20,1
3351,-14,20,1
956,-9,9,1
1586,-11,7,1
6801,-16,13,1
6701,-6,12,1
9387,-18,2,1
864,-14,2,1
9292,0,-1,0
4304,-20,19,1
6554,-7,9,1
549,0,0,0
4768,3,2,0
1810,3,11,1
4172,15,-12,0
4210,-13,12,1
9193,-18,6,1
7081,4,-12,0
6279,-12,9,1
4048,-20,20,1
2403,0,2,1
676,-1,4,1
6352,3,12,1
8719,-5,1,1
6889,-6,12,1
4613,-20,19,1
1945,4,6,1
7154,-20,11,1
6161,-6,-3,1
6756,-20,17,1
8709,-10,9,1
1053,-20,20,1
3534,-10,14,1
305,-17,17,1
2038,-20,18,1
6285,-1,0,1
7876,-15,20,1
8386,8,-4,0
3975,-7,9,1
1716,16,-9,0
89,-20,11,1
3505,0,-7,0
4041,4,-10,0
3854,-9,7,1
3004,-3,7,1
3716,-3,-7,0
6259,-10,17,1
3073,0,-4,0
2351,-3,7,1
9919,-12,14,1
3601,-6,3,1
2990,-17,11,1
7010,9,-16,0
9241,8,-9,0
354,-20,20,1
2703,-20,16,1
4936,0,7,1
787,-11,18,1
5821,16,-12,0
4444,-1,4,1
3951,-11,6,1
9231,6,-1,0
8487,9,-9,0
7557,-5,4,1
3088,10,-11,0
4537,7,6,0
6348,-10,5,1
6858,-20,16,1
5844,-6,-2,1
4885,4,2,0
6354,5,-9,0
3897,-20,12,1
8305,-20,16,1
2405,-10,7,1
2208,-4,-6,0
2289,17,-20,0
4138,-20,20,1
2096,-6,4,1
1358,-20,20,1
3831,4,-13,0
2976,-20,20,1
9926,-3,8,1
4470,1,-4,0
1595,10,6,0
6522,2,0,0
2755,-15,20,1
8246,-8,7,1
2542,-14,11,1
5594,-7,-2,1
7555,-3,7,1
7587,-12,8,1
1550,6,1,0
1842,-4,13,1
1186,-20,16,1
8730,-17,18,1
8961,-3,3,1
7278,-11,-3,1
2141,-3,-7,0
1421,-3,-1,1
4261,-1,-3,0
5747,3,5,1
4607,-5,-10,0
9169,6,-7,0
1439,-11,3,1
1890,8,-16,0
1364,-16,20,1
4593,10,-8,0
4740,5,-9,0
5190,-1,6,1
6399,-19,12,1
7697,-20,20,1
4360,-9,8,1
5238,-11,18,1
9649,8,0,0
7061,-20,20,1
4969,2,0,0
2934,-10,10,1
2870,-18,20,1
8079,-12,15,1
3310,-20,18,1
4861,-1,2,1
2214,-20,20,1
8671,5,1,0
2967,-20,20,1
6509,16,-16,0
5623,-13,17,1
1740,9,-20,0
4803,-7,8,1
9496,-19,20,1
1560,-4,15,1
4346,8,-3,0
6686,-12,20,1
7956,-9,5,1
1996,-20,16,1
4810,5,-10,0
1171,1,0,0
7131,-9,9,1
8408,-3,5,1
5765,1,18,1
8710,-20,18,1
7779,-20,11,1
4532,1,5,1
6065,-17,8,1
2381,0,2,1
7620,5,0,0
5350,-20,20,1
67,9,4,0
7380,-2,9,1
1834,2,-1,0
6246,-5,-6,0
2461,-14,9,1
1135,20,-10,0
6600,-14,10,1
574,-19,20,1
3168,-2,0,1
2958,-19,15,1
315,-20,20,1
2413,-6,7,1
9384,-6,6,1
8729,-13,1,1
5551,7,-7,0
7254,0,4,1
1048,10,-7,0
3963,6,-12,0
1937,4,-5,0
5930,-8,20,1
301,20,-20,0
3334,-15,10,1
9487,-10,14,1
6244,-12,8,1
4308,1,-7,0
3565,-17,19,1
6351,-8,10,1
4239,12,-3,0
7692,10,-5,0
1708,-17,20,1
860,-8,6,1
9729,-7,5,1
6036,-20,19,1
5116,-12,-1,1
9527,-20,20,1
2778,-11,9,1
3600,8,-9,0
5897,14,1,0
3739,-2,5,1
4694,-6,10,1
9850,-12,8,1
2613,-3,4,1
7634,-20,20,1
2097,-9,6,1
4910,-20,9,1
3317,-14,-2,1
4396,-12,18,1
3132,6,-12,0
1781,-4,5,1
9996,-3,4,1
195,-19,5,1
8690,2,3,1
4528,-20,18,1
4169,-11,2,1
9745,-1,8,1
5528,-19,18,1
8172,18,-18,0
8466,-19,20,1
7919,-3,9,1
2933,-6,0,1
4998,3,7,1
1098,-19,10,1
728,-20,20,1
2374,-6,6,1
5937,-3,2,1
0,6,-9,0
1160,-14,13,1
567,-12,8,1
6739,9,-13,0
836,-17,20,1
6109,-20,11,1
3566,-2,-3,0
3913,-1,3,1
4164,0,2,1
7158,10,-14,0
1006,-8,10,1
1571,-20,20,1
8309,-20,20,1
839,2,13,1
4272,13,2,0
9776,-4,8,1
9596,-5,12,1
2751,-2,-3,0
968,-20,20,1
7515,-12,4,1
2821,-16,19,1
9057,-19,20,1
2447,-20,20,1
210,-20,19,1
8933,17,-5,0
6802,-13,4,1
5388,5,-5,0
6777,-16,12,1
5045,-19,10,1
4230,-3,-2,1
8478,-15,0,1
2780,2,-7,0
9055,4,-4,0
8618,-5,4,1
5650,-5,9,1
3766,-20,20,1
7284,5,1,0
8769,-4,9,1
2421,-2,2,1
9939,-13,15,1
7236,-20,18,1
1404,-6,9,1
5833,-14,13,1
8932,-2,-3,0
5227,4,4,0
4832,-1,6,1
646,-15,20,1
501,-19,17,1
9875,-20,17,1
6200,-20,20,1
1474,6,-7,0
8980,-20,20,1
4504,-11,12,1
4246,-2,0,1
9531,-16,13,1
9846,1,2,1
9191,-18,18,1
362,-15,16,1
9380,-8,0,1
8405,7,-16,0
2342,11,-5,0
8497,0,-4,0
9385,-16,15,1
3788,-20,20,1
3420,-3,4,1
790,12,-6,0
1317,5,0,0
9372,-10,10,1
6123,-15,8,1
4996,-20,19,1
5117,-6,-3,1
2148,-20,15,1
6098,-1,9,1
7003,-16,15,1
7610,0,0,0
7113,-14,16,1
8021,1,2,1
5902,-3,5,1
4019,-20,20,1
5661,-2,-11,0
2044,-6,8,1
3669,-6,3,1
2571,6,1,0
229,-16,15,1
7124,-4,-4,0
5534,-20,18,1
1014,-8,-3,1
4842,-19,19,1
2560,-13,10,1
6209,-12,10,1
8602,4,-2,0
5041,4,2,0
7981,-8,11,1
7694,0,5,1
5329,10,4,0
5538,8,-13,0
22,-6,-6,0
3758,-12,11,1
1874,-9,9,1
9648,-11,18,1
6697,-8,14,1
5809,0,-1,0
5035,-11,9,1
5218,8,-8,0
256,-7,18,1
2236,-1,-6,0
9232,1,5,1
8822,-20,20,1
4457,-20,20,1
6514,-10,-2,1
4862,-8,-4,1
6136,3,10,1
5959,-3,6,1
3645,14,-9,0
9300,-14,8,1
2846,-11,18,1
895,-8,-6,1
8564,-16,20,1
7571,-15,0,1
247,-20,16,1
1468,-10,20,1
6363,-14,2,1
1191,-13,-2,1
7352,-8,6,1
6665,-4,4,1
2270,1,-3,0
1853,-20,16,1
1630,-9,10,1
7681,-15,18,1
617,-20,12,1
8845,-6,13,1
8738,-1,1,1
2843,5,-9,0
3504,-1,-9,0
2943,-9,8,1
4426,-18,17,1
8831,1,0,0
2549,-5,13,1
2596,-7,14,1
4609,-6,-6,0
8050,-1,2,1
5215,16,-3,0
1408,8,2,0
1196,-18,19,1
9299,-6,-4,1
9734,11,-6,0
7020,-20,20,1
1272,16,-11,0
6817,-12,5,1
1164,7,-8,0
2832,11,-6,0
9878,3,-4,0
6407,20,-13,0
5486,-6,4,1
6830,2,-1,0
2358,-18,19,1
9052,-7,11,1
4806,-20,20,1
5476,-20,20,1
7944,-14,16,1
7030,-11,12,1
2677,-20,8,1
2288,-20,20,1
8786,-14,9,1
2261,-20,14,1
1644,-17,16,1
8685,-8,8,1
4516,-2,-4,0
3063,7,1,0
6282,-19,14,1
2337,-15,16,1
1553,-3,1,1
1380,-19,16,1
1704,-9,7,1
9291,-10,12,1
6281,-14,5,1
6312,-20,20,1
8186,-8,14,1
3336,-2,7,1
3928,-17,16,1
4332,-20,20,1
6942,-6,4,1
237,-14,-5,1
7850,-11,3,1
2258,-8,-7,1
3776,-9,2,1
9845,-12,2,1
6972,-11,3,1
518,-9,7,1
7757,-9,9,1
3462,-10,17,1
9788,-5,8,1
2606,12,-9,0
2153,-6,0,1
7153,-20,20,1
7004,-1,5,1
8390,-10,12,1
1689,-10,6,1
4932,-7,11,1
282,-6,7,1
3081,-19,11,1
6485,-2,-2,0
3221,-20,20,1
1071,4,0,0
7476,16,-19,0
627,-9,1,1
5256,-15,16,1
3464,-20,20,1
3247,-20,20,1
3664,-4,10,1
3187,-8,14,1
5691,-15,8,1
1066,-1,5,1
9612,-14,10,1
2476,-7,6,1
2409,-19,20,1
8877,-15,20,1
6412,-5,3,1
4672,-12,7,1
2323,-9,-6,1
1789,-16,17,1
5352,-7,20,1
1075,-20,20,1
2212,2,-7,0
5230,-13,20,1
7322,-20,20,1
8695,7,-1,0
9668,-16,14,1
9513,-13,-2,1
9782,7,-7,0
6451,-1,-4,0
7825,-11,5,1
2667,3,6,1
5670,-1,-12,0
225,1,2,1
8889,-2,-3,0
212,-10,14,1
7196,13,-7,0
9054,-17,9,1
530,0,6,1
9410,-13,6,1
5169,-19,18,1
6053,-20,20,1
255,-20,17,1
6696,10,-12,0
4327,-20,20,1
9537,-5,-1,1
2959,-20,13,1
3172,-12,13,1
7597,-8,8,1
6710,-11,10,1
2283,-7,13,1
9138,-3,1,1
6571,-5,5,1
4614,6,-1,0
7612,4,-3,0
9775,-6,5,1
1949,-11,11,1
7031,-20,17,1
3144,-20,20,1
8089,-11,8,1
1867,-20,20,1
9184,-13,20,1
6857,2,9,1
6486,-8,10,1
3031,-5,1,1
6783,-20,20,1
2503,-20,18,1
5392,0,2,1
9386,-20,20,1
9860,-16,2,1
2043,3,-1,0
286,-20,13,1
5298,-13,7,1
7890,2,2,0
2612,-17,19,1
4350,-1,6,1
2684,-20,19,1
6877,-15,20,1
5680,-9,15,1
4702,-18,14,1
6083,-15,18,1
2972,-4,3,1
4926,-15,20,1
3777,16,-17,0
3096,-20,20,1
8707,9,-8,0
5383,-5,8,1
9813,-20,20,1
1459,-8,10,1
4600,-16,14,1
6170,-4,-5,0
9911,-9,19,1
6155,-5,-3,1
998,-15,15,1
6939,-12,2,1
9636,-20,16,1
1816,-11,18,1
358,6,-5,0
3682,-17,20,1
6297,-20,20,1
7625,20,-20,0
9943,20,-20,0
9403,-6,3,1
6678,-12,8,1
8558,9,-2,0
642,-20,20,1
4385,-20,20,1
8545,-6,1,1
1229,3,-8,0
3182,-4,3,1
2880,-13,1,1
9940,-16,9,1
9898,-3,0,1
9904,-20,20,1
8119,3,10,1
1109,0,-3,0
7025,-2,4,1
2942,-4,-2,1
5191,-8,0,1
5488,-11,4,1
7226,12,-14,0
6903,-4,9,1
3808,-11,3,1
6705,6,-10,0
3764,-15,1,1
1178,-6,9,1
6304,-20,20,1
6476,-20,20,1
3653,-6,-4,1
7591,3,-12,0
4811,-4,-9,0
8103,-16,20,1
974,-7,10,1
1986,3,1,0
7584,-20,20,1
7171,6,-15,0
2117,-20,20,1
7953,-20,15,1
3001,-2,5,1
8861,-4,5,1
1854,-20,20,1
2119,-5,8,1
6455,-15,14,1
5901,0,-4,0
1208,0,1,1
9325,-5,2,1
6960,-20,14,1
6369,6,-7,0
8212,-20,18,1
4727,-6,3,1
7696,-3,-3,0
7730,-8,13,1
7162,-20,20,1
8331,-3,-6,0
7931,-14,-9,1
1538,-6,0,1
8562,-20,20,1
6884,10,-5,0
61,-20,20,1
9036,8,-3,0
5039,-5,6,1
8493,-1,4,1
5286,-10,0,1
2816,-12,2,1
5292,-20,20,1
3622,-20,20,1
5128,-20,15,1
4552,-12,9,1
2253,-20,13,1
4358,6,-10,0
5939,-7,9,1
4215,-7,10,1
4018,3,-8,0
403,-18,4,1
8414,-20,19,1
7393,-13,-8,1
7874,4,1,0
8537,-16,20,1
4403,-8,7,1
4251,-7,2,1
45,-13,14,1
7120,-13,3,1
2370,8,0,0
2739,-20,20,1
7902,-9,19,1
6947,-14,18,1
363,-13,11,1
5323,-9,13,1
6558,16,-17,0
985,-5,-1,1
1023,-20,20,1
8835,-20,20,1
2783,4,9,1
6232,8,-12,0
1578,-12,20,1
666,1,-6,0
972,-11,-1,1
5723,2,-17,0
495,-20,20,1
6082,1,1,0
5310,6,-2,0
4533,-2,5,1
4306,4,6,1
5137,3,0,0
8816,-9,8,1
7431,8,-7,0
366,-8,7,1
3472,-5,1,1
5377,-8,9,1
1584,-20,3,1
7130,16,-12,0
1303,2,3,1
6659,-11,19,1
1236,-10,16,1
3973,-20,14,1
3723,-12,13,1
6073,-20,20,1
4397,-20,20,1
1913,12,-8,0
4295,-10,16,1
5884,3,-2,0
3423,5,-5,0
551,-20,12,1
554,-3,4,1
7204,-15,4,1
8818,-1,1,1
6315,2,-2,0
7588,2,5,1
8456,-17,7,1
8905,-5,5,1
1970,-8,8,1
5836,-11,16,1
1823,0,-6,0
1535,10,-13,0
4957,-2,-7,0
3448,-8,0,1
2384,3,-9,0
3229,-8,11,1
6650,-18,9,1
7905,-20,19,1
7441,-7,3,1
9165,-2,-1,1
2121,-20,19,1
1731,0,-13,0
8282,-10,0,1
3321,6,-9,0
5509,12,-18,0
2129,8,-13,0
1696,-1,2,1
1451,-20,10,1
1787,-20,20,1
1833,6,1,0
3239,-13,12,1
8983,2,1,0
8973,-6,11,1
8427,-1,7,1
1709,10,-4,0
9665,-6,1,1
346,1,6,1
2809,-20,20,1
9507,-17,10,1
793,6,-7,0
3911,-20,20,1
9948,-4,12,1
4612,-20,20,1
7593,-3,0,1
4408,-20,20,1
8453,-15,18,1
217,-12,20,1
3790,-5,-4,1
3705,-9,5,1
6440,-12,11,1
751,4,-5,0
2083,-10,7,1
4901,-3,-8,0
470,7,-6,0
9441,-17,14,1
3389,-17,10,1
9348,-16,8,1
5241,-9,10,1
8815,-13,4,1
5696,-20,20,1
6694,1,-4,0
5118,6,-1,0
603,8,-6,0
795,7,-6,0
6207,9,-4,0
2584,-7,12,1
773,-19,5,1
1497,8,-3,0
4245,-15,14,1
2801,-20,20,1
3064,-16,18,1
9657,-20,20,1
9790,-20,20,1
7455,-14,9,1
2218,-20,18,1
4296,-2,0,1
82,-11,20,1
1757,-6,9,1
8527,0,10,1
5923,-2,3,1
3844,-20,7,1
4228,-2,13,1
4101,-15,7,1
7257,-2,-10,0
4188,-5,5,1
4560,-17,20,1
1130,-4,15,1
3651,-9,11,1
3508,-11,19,1
5746,-11,12,1
8488,-13,20,1
9021,-20,20,1
8141,-20,20,1
9520,6,-3,0
2805,-10,2,1
6058,-20,14,1
297,-3,3,1
7172,-20,8,1
1995,-20,20,1
3533,-20,20,1
4822,-20,20,1
4907,-12,15,1
1733,5,-2,0
116,-18,13,1
7835,-11,14,1
59,-8,10,1
3879,-17,-1,1
9188,5,-8,0
2333,-20,17,1
3573,-13,20,1
1461,-9,6,1
1332,-16,16,1
9304,-11,6,1
1729,-7,14,1
8258,-20,20,1
976,-20,16,1
7978,-9,11,1
7340,-20,16,1
8807,-14,7,1
7036,-11,12,1
7274,-20,12,1
3475,-5,0,1
8745,-11,2,1
4104,3,-6,0
846,6,-2,0
1577,9,-10,0
7817,-9,2,1
3260,-8,6,1
7053,-17,17,1
8862,-2,9,1
5543,-2,5,1
4707,-4,-8,0
8335,-7,4,1
4836,1,-3,0
7251,9,-11,0
6007,-6,13,1
5916,-20,13,1
2025,-4,-2,1
5977,-14,4,1
6655,3,-8,0
1262,4,-3,0
9497,8,2,0
1079,-1,-2,0
1450,-5,20,1
9331,-5,3,1
107,-15,17,1
9227,-20,13,1
2867,-5,3,1
5800,-12,6,1
3942,-7,1,1
4676,6,1,0
469,-3,0,1
9676,-20,20,1
5732,-3,8,1
1200,-3,-1,1
1503,-15,18,1
7258,10,-6,0
3811,-1,-1,0
5552,-7,7,1
2908,-13,8,1
9514,4,1,0
2469,-5,-3,1
2073,-5,9,1
7934,-20,20,1
1104,-2,-8,0
2132,18,-12,0
1093,-5,-7,0
364,-8,4,1
5757,-4,12,1
5025,-4,8,1
3445,-20,20,1
5819,4,-10,0
6152,-20,20,1
6677,8,-6,0
5875,-6,0,1
4066,-3,1,1
3729,-16,10,1
2406,-4,-1,1
9558,-8,10,1
5852,-7,-1,1
5636,1,-1,0
1413,7,-12,0
5447,-14,14,1
7549,-14,-1,1
1928,-20,20,1
6614,4,1,0
7107,-13,14,1
8107,-20,12,1
9823,-8,11,1
6196,-10,3,1
7101,-5,-5,0
3438,-1,2,1
5700,4,-5,0
6916,-8,3,1
2491,-12,6,1
2197,-9,0,1
6607,-7,1,1
6946,-17,-6,1
2674,-6,-9,0
2951,-20,20,1
7121,-16,20,1
6081,-6,10,1
5812,-9,5,1
5091,20,-11,0
946,8,-8,0
8209,-6,-4,1
2634,-12,20,1
5728,0,7,1
8490,-12,13,1
4355,-10,3,1
9843,-20,15,1
3456,5,-3,0
857,-20,20,1
7611,-2,10,1
5735,13,-15,0
2776,-13,20,1
9027,-18,9,1
2676,-20,20,1
6943,-10,-6,1
9629,-20,20,1
4558,-19,19,1
380,-6,5,1
207,-14,17,1
8000,13,0,0
6613,-20,20,1
4293,-20,15,1
4519,-12,13,1
9239,-17,17,1
1334,3,-4,0
5752,-2,5,1
9703,-9,8,1
4581,9,-2,0
8283,-3,6,1
721,2,0,0
6737,-20,20,1
6499,-14,12,1
6466,-4,6,1
4492,-18,18,1
640,-18,14,1
3250,1,13,1
5798,-5,2,1
8524,-20,10,1
9270,-1,-3,0
2962,1,-2,0
3332,-5,-3,1
4411,-10,16,1
589,12,-10,0
6278,-20,20,1
5465,4,-2,0
2579,-11,-5,1
8064,-20,12,1
400,-11,2,1
4000,-5,4,1
5440,-10,14,1
4983,-20,20,1
9720,13,-7,0
7118,-13,10,1
8829,-2,6,1
7197,-9,15,1
5818,-19,20,1
9763,-5,2,1
6121,-20,18,1
8004,-4,9,1
2706,6,4,0
1910,-20,20,1
6519,-16,14,1
5130,-3,2,1
1320,-3,-4,0
631,-15,7,1
1831,-17,7,1
3430,2,7,1
4049,-5,7,1
8165,-2,4,1
2011,8,-9,0
661,-9,1,1
833,-4,-4,0
460,-19,13,1
6295,-18,11,1
8669,-20,20,1
5351,5,0,0
3654,-3,9,1
5356,0,2,1
251,-13,11,1
9619,-2,-3,0
2914,-20,20,1
9631,-16,15,1
8042,-7,20,1
7129,-7,-2,1
8758,-11,7,1
2599,-20,20,1
1923,-1,0,1
5072,-5,-2,1
1591,1,-2,0
6289,-20,10,1
3007,-15,4,1
2041,-9,6,1
227,-7,14,1
6168,-12,10,1
7282,1,-7,0
6406,-9,12,1
9725,-9,9,1
7343,-14,9,1
3722,-4,6,1
8350,-10,7,1
5461,-7,-8,0
9271,-9,11,1
3771,0,4,1
1412,-16,11,1
4653,-20,12,1
9414,-20,20,1
486,-7,7,1
7805,-20,20,1
2367,-7,0,1
6741,-9,11,1
5460,-14,11,1
4244,-14,10,1
2796,3,-5,0
36,-12,0,1
6388,3,1,0
4817,1,3,1
209,-3,-6,0
5881,4,-6,0
4098,-20,20,1
4849,8,10,1
9212,-20,9,1
7734,-3,2,1
2094,-17,14,1
6727,-6,9,1
4001,-7,3,1
8397,-20,20,1
1264,-5,7,1
2917,-20,14,1
9475,-2,-6,0
2050,-20,20,1
242,-8,7,1
6198,-18,0,1
4032,12,-14,0
1687,-10,2,1
8460,-9,2,1
7001,1,6,1
6022,-18,17,1
9259,-9,9,1
1921,-4,2,1
3800,-20,16,1
2912,-1,-11,0
5558,-20,20,1
3569,-20,13,1
916,-9,14,1
122,1,2,1
1386,18,-20,0
2736,17,-12,0
6713,-15,20,1
3245,5,-10,0
6427,-7,6,1
5569,20,-20,0
3104,1,1,0
5375,-1,-6,0
9415,-10,-2,1
3188,-3,6,1
193,-15,12,1
2697,-17,20,1
319,-20,20,1
4726,-8,7,1
3576,-9,0,1
9108,-5,1,1
9339,-1,-4,0
9865,-17,15,1
1446,-20,13,1
9708,2,12,1
2355,-16,20,1
4071,-15,18,1
8802,-8,10,1
139,16,-14,0
3910,-20,11,1
31,-13,5,1
5400,-20,10,1
7708,-13,10,1
4484,-20,20,1
6564,-5,4,1
39,-15,20,1
2268,-20,20,1
5107,-20,20,1
6068,-7,3,1
4220,-9,-4,1
517,-4,16,1
1449,-4,-2,1
605,-17,18,1
2120,5,1,0
5359,0,9,1
9473,-20,13,1
2698,-1,0,1
2927,-1,-3,0
8166,1,-4,0
7148,6,-7,0
3070,-10,11,1
9311,-17,20,1
5296,-4,6,1
2010,-11,7,1
3760,-9,12,1
2138,-20,20,1
8716,-2,-1,1
8362,-3,4,1
6726,-20,11,1
4733,-20,17,1
3995,0,-9,0
8509,-19,16,1
2679,-20,18,1
5160,-8,10,1
1467,-14,14,1
2426,3,2,0
3157,-13,17,1
9177,-1,5,1
6324,-20,20,1
4530,16,-20,0
2501,12,-2,0
4110,-15,14,1
5727,-3,4,1
6615,5,-1,0
500,0,2,1
2242,6,6,0
8999,-13,10,1
5455,-20,1,1
713,-17,20,1
8813,-14,4,1
6442,-14,13,1
313,-12,10,1
1128,-5,8,1
1270,1,-1,0
6099,-20,9,1
6137,-4,-4,0
9713,-20,20,1
7119,-12,11,1
651,-6,1,1
404,-12,10,1
1675,-13,9,1
8888,5,-9,0
274,-5,0,1
4255,-5,0,1
2151,1,-2,0
7115,-8,3,1
5019,-16,17,1
2262,-15,18,1
9175,-6,14,1
3439,-20,20,1
4219,-20,20,1
2147,5,-5,0
7244,-3,8,1
4774,-20,20,1
1253,13,-13,0
5590,-20,16,1
6966,-7,20,1
4598,-16,11,1
7984,-14,8,1
7546,0,19,1
2150,1,-20,0
5074,10,-20,0
8542,-6,20,1
4315,-2,7,1
8781,-1,2,1
4030,-12,3,1
2338,-9,-6,1
1339,-4,2,1
6454,-19,18,1
8230,-16,20,1
5015,-16,15,1
3313,17,-10,0
8565,-6,-7,0
8220,8,-6,0
7790,9,-11,0
931,0,3,1
7796,-15,17,1
7067,-8,20,1
6145,5,-8,0
8906,-6,-6,0
5216,-9,-3,1
2699,20,-20,0
641,-20,20,1
5283,-20,20,1
6397,-20,14,1
9334,-20,20,1
5315,-11,10,1
4336,6,8,1
3544,9,2,0
7972,9,3,0
5595,-12,14,1
5367,-3,-6,0
1879,-20,20,1
3244,-3,1,1
222,-13,-3,1
1419,9,-13,0
9312,-9,-3,1
7298,-4,-1,1
3363,6,-3,0
3181,-6,7,1
6114,-19,20,1
2429,-15,20,1
58,-16,4,1
8009,3,-4,0
2325,-20,20,1
1055,-10,17,1
7903,-14,0,1
9802,-16,10,1
7296,0,3,1
5469,-7,5,1
2340,-10,6,1
5063,-5,15,1
3899,11,-6,0
9723,18,-18,0
3038,-12,-6,1
9592,-17,11,1
4778,-10,5,1
52,-17,20,1
92,-10,-5,1
1804,-12,20,1
4954,-20,10,1
2125,-18,18,1
1405,-8,5,1
2557,-14,13,1
2057,-20,19,1
8333,6,0,0
3481,-5,6,1
4039,3,-4,0
373,-16,15,1
1361,-12,11,1
838,-6,8,1
7618,-7,6,1
332,-11,11,1
7609,-3,-2,1
4007,-20,19,1
5299,-20,20,1
8989,-2,3,1
1580,-14,1,1
3735,-1,-1,0
6156,-6,13,1
5947,-20,20,1
1383,9,-3,0
5133,-15,-4,1
7906,-15,3,1
1344,-10,3,1
3836,5,-5,0
1614,-10,8,1
8734,1,-1,0
4595,-12,11,1
1557,-20,13,1
8705,5,3,0
3083,-2,8,1
9179,-20,20,1
6952,-5,5,1
3204,-15,3,1
7324,-13,19,1
5944,-9,5,1
6459,-3,5,1
1796,-12,12,1
4904,-20,10,1
6887,-10,8,1
8174,-15,13,1
7413,-20,20,1
4428,-20,11,1
5173,-20,10,1
1788,-4,9,1
7170,13,-3,0
5931,-12,15,1
6673,0,5,1
7833,-17,20,1
3587,-20,20,1
4565,3,9,1
4841,-18,-1,1
877,6,-7,0
3768,2,1,0
4564,5,0,0
9960,13,-18,0
2092,-20,20,1
9686,9,-11,0
8568,-5,12,1
7083,-6,0,1
1980,-16,18,1
9601,-7,0,1
9396,-5,10,1
8270,-13,13,1
1293,-1,1,1
5278,-17,10,1
5763,-20,10,1
9269,2,-3,0
7417,-3,12,1
419,6,-3,0
9329,-20,10,1
4741,-9,-2,1
5037,-18,6,1
4590,-6,2,1
2563,-9,14,1
1896,-20,13,1
4388,-14,6,1
5441,14,-3,0
8182,-8,10,1
1155,-14,3,1
8116,4,-12,0
9107,-4,-5,0
7574,-9,11,1
7995,3,1,0
8343,-8,16,1
7870,-3,9,1
6517,1,-2,0
7105,-16,8,1
1962,8,8,0
3128,16,-9,0
7456,-9,6,1
3580,6,-5,0
9721,15,-10,0
7401,1,-3,0
4752,5,0,0
265,1,-5,0
4684,-6,-6,0
569,11,-8,0
4527,-5,8,1
9004,-20,20,1
7423,-7,13,1
1680,-4,7,1
8148,-20,20,1
581,-15,20,1
25,-11,16,1
7657,-3,-5,0
5416,-1,-5,0
2084,-3,-15,0
8017,-20,20,1
3328,-17,12,1
1942,-8,5,1
1549,-18,5,1
94,-19,16,1
9032,4,3,0
3856,-13,8,1
263,-1,1,1
436,-16,12,1
6461,-11,10,1
6693,-3,9,1
3108,1,2,1
5734,-18,3,1
6239,-8,14,1
8491,-9,11,1
8055,-16,15,1
9988,-14,12,1
2900,-20,18,1
4238,-6,14,1
8903,-14,13,1
4792,14,-5,0
1322,-10,7,1
9793,-20,18,1
8002,-20,20,1
4302,-20,13,1
7127,-20,19,1
9970,8,-8,0
7646,-10,10,1
7043,1,-2,0
6635,4,-12,0
6742,-5,4,1
260,-3,8,1
1124,-20,14,1
9839,10,7,0
6504,-20,16,1
4384,-10,12,1
1783,-10,10,1
8257,5,-4,0
6544,8,-11,0
4027,-12,10,1
9428,-10,17,1
1034,5,-10,0
2102,-12,7,1
5583,7,-20,0
7028,-6,4,1
7650,8,-6,0
3924,16,-20,0
7670,-9,3,1
9011,-14,20,1
1185,2,0,0
1466,-19,20,1
6847,-8,4,1
4017,-11,10,1
7866,-5,8,1
110,-3,20,1
9897,-10,13,1
339,-10,8,1
2269,-4,8,1
9420,-14,15,1
6712,-3,9,1
292,-20,10,1
512,20,-17,0
4737,-20,8,1
5907,0,9,1
6360,-3,1,1
3218,-2,-2,0
5689,7,-4,0
7397,-20,20,1
3308,-20,20,1
3614,14,0,0
4867,-4,9,1
6636,-2,12,1
1399,-10,11,1
3859,5,-5,0
9130,1,1,0
1691,-9,15,1
6525,-17,19,1
6928,1,2,1
3903,-8,0,1
2012,-16,15,1
1776,14,-20,0
1114,-20,16,1
7138,-13,8,1
7200,2,0,0
6752,1,0,0
8627,-20,17,1
5615,-3,-4,0
6349,-13,6,1
8525,-15,11,1
884,0,3,1
2245,-20,8,1
2466,-19,20,1
8959,3,-15,0
2897,-20,20,1
3904,-14,17,1
8471,-4,6,1
9131,-12,17,1
9710,-10,3,1
9965,-1,8,1
6303,-20,17,1
6622,-17,11,1
542,-10,11,1
2888,-10,-6,1
5284,-9,12,1
3681,-13,11,1
7161,-4,7,1
5843,-6,-2,1
7659,-12,1,1
6929,-18,20,1
8717,-20,20,1
1060,8,-6,0
9481,-20,18,1
6102,-20,20,1
342,17,-20,0
1485,-7,4,1
9125,-3,-6,0
4906,-6,12,1
8215,-11,15,1
5917,0,-6,0
2999,-14,8,1
7175,9,0,0
1510,0,4,1
1710,-16,14,1
5707,-16,20,1
2356,-4,3,1
8529,-20,20,1
4351,-20,11,1
6331,-20,20,1
3921,-20,20,1
1663,-20,18,1
7398,-16,9,1
2708,3,2,0
1324,-6,-20,0
8644,-13,20,1
3827,-19,17,1
7797,-18,19,1
2625,2,4,1
3707,-3,3,1
6171,-20,20,1
6272,-20,15,1
8605,-1,0,1
5083,-8,6,1
660,-2,8,1
3041,-8,9,1
4367,-20,20,1
5394,2,0,0
8938,-20,19,1
5982,-20,20,1
5108,-20,20,1
2065,-20,20,1
1301,-18,15,1
7763,-5,17,1
9804,-12,7,1
915,1,-9,0
9172,-20,17,1
8684,-8,5,1
3410,-20,20,1
697,-14,10,1
3754,3,-12,0
980,-20,11,1
3553,5,3,0
6417,4,-6,0
7419,1,-3,0
5224,-13,14,1
5048,2,0,0
1348,-14,8,1
8046,-20,19,1
8656,-12,18,1
9406,-6,3,1
4187,-20,20,1
1131,-15,17,1
869,-20,20,1
840,6,-3,0
8373,7,-10,0
13,-12,14,1
900,-20,16,1
1080,15,-12,0
6970,-20,12,1
4661,-15,13,1
1139,-20,20,1
7483,-19,11,1
2417,-20,17,1
2255,-18,20,1
862,-3,-11,0
6325,-7,19,1
3530,-2,0,1
4086,-16,14,1
8247,4,-6,0
7936,-1,2,1
9454,-2,-2,0
4871,-9,7,1
9645,-20,15,1
9390,-19,20,1
3025,5,-8,0
9276,-14,5,1
3415,-5,9,1
2936,-18,20,1
7699,-11,-3,1
2536,-3,0,1
812,-15,20,1
7358,-14,13,1
508,-3,5,1
7356,-10,16,1
2134,7,3,0
8396,-9,0,1
6539,-20,15,1
8503,-9,2,1
7838,16,-20,0
7415,-2,1,1
6335,-5,6,1
6883,-9,11,1
5627,-4,-5,0
80,-14,12,1
3164,-2,3,1
3858,-20,19,1
1477,-19,17,1
8146,-7,3,1
4305,10,-5,0
5024,-7,4,1
8280,-5,7,1
6543,4,3,0
269,-2,3,1
4005,-9,7,1
5555,0,1,1
6446,-9,10,1
8595,-13,8,1
4948,-20,19,1
3945,-12,9,1
3981,-10,-4,1
4606,-7,3,1
3236,-8,6,1
5789,-15,10,1
5436,-10,5,1
4400,8,4,0
4982,-13,-4,1
564,9,-14,0
4422,-1,3,1
5640,1,6,1
7372,-12,-1,1
4834,-20,20,1
1878,-15,20,1
7667,-5,4,1
5882,-9,4,1
3149,-20,3,1
9117,7,4,0
151,-18,17,1
9902,-13,12,1
4704,-13,4,1
9381,-20,18,1
226,3,-12,0
3125,-20,20,1
5654,-8,6,1
4407,-2,1,1
5993,-20,14,1
2446,-3,-6,0
5918,-20,20,1
6731,4,9,1
699,-8,11,1
7758,1,-9,0
4649,-9,17,1
2863,-12,11,1
9617,-12,6,1
6744,-11,7,1
278,19,-18,0
9856,0,3,1
99,-20,20,1
4756,5,3,0
8963,0,-2,0
8105,-19,20,1
5808,-5,1,1
6687,3,6,1
9810,-14,16,1
8783,-2,1,1
4659,-20,16,1
5289,-10,6,1
2565,-10,0,1
858,-3,4,1
3403,-13,18,1
7672,-5,-1,1
2388,-20,20,1
9951,1,-1,0
4699,4,2,0
2940,-14,12,1
1908,-2,-2,0
6941,-16,7,1
5337,-19,17,1
837,-2,1,1
2439,-3,-3,0
4813,-18,15,1
479,-17,9,1
2851,-7,8,1
4512,7,-1,0
9532,-10,7,1
2794,-14,6,1
5156,-15,20,1
450,-9,9,1
6537,18,-18,0
9141,-20,20,1
485,-6,13,1
4863,-10,9,1
8505,-18,18,1
7063,-20,13,1
2798,-19,19,1
4705,-16,12,1
3646,2,11,1
7472,11,1,0
1624,-20,12,1
2645,-11,14,1
5255,-8,1,1
6044,13,-20,0
5767,-20,20,1
9718,8,-20,0
2472,-8,20,1
7087,-15,20,1
7467,-14,16,1
6901,-4,0,1
1554,-4,-6,0
3061,-13,12,1
4767,-1,-3,0
8763,-8,2,1
8435,0,8,1
5225,-8,2,1
907,-18,14,1
7026,-19,5,1
9538,-20,0,1
9670,-6,7,1
7097,-2,0,1
813,-20,15,1
4929,-9,13,1
9809,19,-13,0
2614,12,-14,0
5876,1,-2,0
9978,-10,20,1
492,-13,10,1
2925,-20,20,1
4753,-13,19,1
183,-13,7,1
9618,-7,0,1
91,-1,7,1
3835,3,-9,0
5406,-12,15,1
3215,-14,11,1
452,-20,20,1
7478,-20,20,1
2686,-20,19,1
7299,-7,5,1
8930,-20,20,1
4696,-7,1,1
9921,-9,0,1
6205,7,-13,0
2918,-20,20,1
9675,-5,-4,1
3139,7,-7,0
9047,-9,8,1
8226,2,-2,0
1379,2,5,1
8111,-7,6,1
136,-20,20,1
8833,-5,1,1
1207,1,0,0
2133,-11,5,1
7378,1,0,0
8432,-17,20,1
7112,-10,9,1
3578,-20,20,1
5929,-15,19,1
6818,18,-12,0
5612,-20,20,1
6037,-8,4,1
7272,-12,8,1
9213,-13,3,1
4916,-8,14,1
9461,3,4,1
8812,-20,16,1
1115,-14,11,1
8043,-6,7,1
299,11,-1,0
8402,-16,20,1
2003,-17,19,1
8495,2,0,0
650,-17,5,1
9136,-6,4,1
6663,6,-3,0
5475,4,1,0
2168,2,15,1
7270,-14,16,1
7091,-3,9,1
3490,-6,4,1
1959,-18,7,1
7847,-19,20,1
3453,-6,7,1
8492,-11,-1,1
5267,13,-7,0
4417,7,-8,0
2175,-7,-3,1
1342,12,-20,0
7656,-12,16,1
8880,-17,20,1
8303,-20,20,1
7412,-13,2,1
4714,-17,16,1
8721,-20,20,1
7940,-8,9,1
9392,-20,10,1
2885,-13,9,1
9590,-8,8,1
1019,-7,-4,1
2390,-17,7,1
6945,-1,0,1
6127,-11,10,1
3814,-4,6,1
7765,0,6,1
7721,-1,-11,0
7760,17,-11,0
7665,-20,19,1
6979,-19,11,1
7096,-9,-4,1
1797,-20,20,1
1653,-20,20,1
5658,-12,19,1
9433,5,-4,0
8986,-1,10,1
3501,-14,13,1
768,-18,17,1
1298,-13,2,1
7578,-6,3,1
9622,-19,13,1
4389,1,2,1
2631,-20,17,1
3183,-18,18,1
6648,-1,4,1
8792,-20,20,1
7836,-7,20,1
1425,-11,11,1
3567,0,7,1
1600,1,3,1
121,-1,-2,0
6408,-14,10,1
9579,-20,20,1
8410,-20,20,1
3376,-11,14,1
6249,-10,6,1
2948,-4,8,1
7602,-20,20,1
9812,-2,0,1
2314,-8,0,1
8662,11,-1,0
3047,-20,7,1
9028,0,8,1
5802,3,-9,0
7420,8,3,0
3930,-8,5,1
602,-12,17,1
7294,-7,9,1
7793,-13,20,1
472,-20,20,1
8418,-20,20,1
555,15,-9,0
9443,5,-2,0
6676,-20,20,1
9438,-10,1,1
9656,-17,18,1
2838,-1,-4,0
3458,-20,10,1
270,-4,-6,0
5040,-20,20,1
5123,7,-1,0
5327,-19,11,1
7617,-5,11,1
7267,-9,1,1
4895,-17,9,1
9405,-4,18,1
1457,-20,18,1
7875,-16,12,1
6508,-20,20,1
2306,-20,20,1
3896,6,-9,0
520,-14,2,1
5886,-17,11,1
3371,-18,15,1
8547,-20,20,1
1772,5,-1,0
6208,-2,-1,1
7662,-7,0,1
4944,-20,20,1
8433,-8,10,1
7479,-2,-2,0
5840,5,1,0
1513,-7,-5,1
818,-20,20,1
9924,-16,12,1
5782,20,-20,0
766,-20,20,1
7733,-17,10,1
2436,0,4,1
1174,-20,20,1
3473,-14,13,1
852,-1,1,1
7637,-14,13,1
6377,-10,11,1
2710,-20,11,1
5550,-14,4,1
927,1,6,1
9607,6,-10,0
7723,-1,6,1
3274,-4,3,1
1736,-20,13,1
253,10,-6,0
1835,-15,20,1
638,-2,-2,0
4483,-13,13,1
590,-20,20,1
7218,-7,5,1
6264,-16,13,1
7707,-16,13,1
7794,-20,20,1
8982,-5,8,1
4551,1,3,1
7636,-4,7,1
7281,-14,17,1
2379,-14,9,1
8843,-17,20,1
7868,-20,12,1
4084,3,-2,0
9916,-9,9,1
3965,-20,14,1
4072,-7,0,1
5648,9,-10,0
6948,-3,5,1
1444,-17,20,1
6032,-5,-1,1
3984,-14,10,1
6606,0,0,0
6576,-20,20,1
2452,18,-7,0
9140,-2,3,1
9084,-11,8,1
3672,7,-8,0
550,-4,4,1
3552,-2,1,1
8622,-6,11,1
8045,-7,12,1
2188,-11,18,1
4691,-13,8,1
4171,-12,15,1
4525,-12,11,1
5717,-6,5,1
5720,0,2,1
6505,-19,8,1
8394,-11,4,1
6927,-8,6,1
7508,-6,4,1
3972,-3,-2,1
3344,-4,1,1
7970,-20,13,1
5984,-3,-2,1
3155,2,1,0
2303,19,-19,0
536,-5,7,1
5905,0,-6,0
9794,-2,6,1
9471,16,-18,0
2246,-20,15,1
9681,-6,5,1
7351,-3,-4,0
1192,-9,-5,1
7320,-15,11,1
6734,-10,-8,1
4708,-6,9,1
3101,-1,1,1
8367,-14,20,1
6270,0,-4,0
7012,-17,15,1
9993,-6,15,1
5553,-20,20,1
7312,-7,7,1
2937,-20,16,1
4256,-2,-11,0
1745,7,1,0
9883,-5,8,1
5932,5,-10,0
6193,-5,1,1
1722,1,-4,0
1856,-7,0,1
2440,-15,4,1
9465,-18,13,1
9695,-18,17,1
9467,-20,20,1
2397,3,-9,0
5657,5,2,0
9963,4,-3,0
7527,-17,11,1
8699,13,-10,0
7246,-16,9,1
6894,10,6,0
5217,-16,7,1
4711,-18,16,1
819,-17,20,1
8650,-20,20,1
5614,-4,7,1
7250,-12,11,1
7160,-6,12,1
7955,-20,18,1
4008,-6,-6,0
2745,2,4,1
9064,-17,15,1
3992,-8,9,1
8995,-16,10,1
6079,-15,11,1
6797,-20,8,1
1499,-19,3,1
40,-3,5,1
537,-20,20,1
102,-11,16,1
7724,-12,3,1
250,-20,20,1
8632,-20,16,1
2659,0,2,1
3621,3,8,1
3285,1,-5,0
9182,3,-1,0
7432,-9,18,1
8782,-5,11,1
6296,-8,-2,1
2595,-9,4,1
2304,1,-5,0
5228,-20,17,1
6009,-9,11,1
3612,-1,2,1
6804,-5,3,1
219,-8,11,1
4161,-5,11,1
8732,-20,20,1
5119,-10,17,1
7553,8,-20,0
8468,-1,-1,0
8890,-7,11,1
3087,-18,8,1
5419,17,-15,0
9931,-20,20,1
5502,-10,9,1
3226,14,-20,0
653,-20,20,1
3570,-20,12,1
9094,16,-20,0
3572,-18,15,1
9515,-6,1,1
2107,6,3,0
3390,5,5,0
4218,-3,3,1
2373,13,-15,0
904,-12,9,1
3824,-17,12,1
7410,-20,20,1
2795,-3,6,1
3579,-20,19,1
5539,-9,0,1
5195,-18,20,1
4424,6,6,0
5714,0,-7,0
7607,-20,20,1
5081,-19,17,1
1782,-15,16,1
7862,-3,-2,1
5274,-3,-1,1
5080,-20,6,1
4859,-17,-1,1
448,-20,16,1
4883,-14,16,1
5695,-4,5,1
9163,7,-2,0
8208,-2,3,1
3019,-13,11,1
9005,-10,-1,1
2719,-12,6,1
7156,-7,-2,1
7276,-20,20,1
8426,-20,19,1
5847,-20,20,1
2728,-4,6,1
4339,13,-19,0
6458,-18,15,1
6357,-13,13,1
883,-7,8,1
7242,-8,-1,1
7983,-7,1,1
9985,-20,17,1
8623,-20,20,1
4693,-11,12,1
7444,-8,11,1
7342,-5,-6,0
6274,-12,9,1
7974,-20,18,1
234,-1,-5,0
7785,1,-7,0
1022,-20,20,1
2858,-20,8,1
8601,-18,15,1
5813,-20,16,1
7583,0,2,1
1618,-12,3,1
716,13,-14,0
7839,-9,5,1
5559,7,-10,0
1530,2,-2,0
6574,-11,20,1
4725,2,5,1
2066,-20,20,1
2082,-7,1,1
5952,-5,8,1
1377,-5,-2,1
9128,-20,20,1
3702,-20,11,1
8850,-10,8,1
7095,4,-1,0
5316,-9,6,1
9701,-7,6,1
2878,14,-20,0
8767,-12,15,1
4378,1,-5,0
4827,-15,18,1
5686,-5,3,1
3796,-1,2,1
7384,-20,20,1
3259,-10,11,1
9273,8,-4,0
3548,-16,12,1
1009,-3,-2,1
614,-1,3,1
4629,4,-12,0
7830,-16,3,1
8383,-3,6,1
9017,8,-3,0
7558,-20,20,1
4447,-20,11,1
1125,-13,9,1
6280,15,1,0
6596,-18,19,1
8747,-9,10,1
7450,11,-9,0
1713,-15,10,1
8848,-9,2,1
903,-20,13,1
835,-16,11,1
9854,1,-5,0
3721,2,-9,0
3002,-2,2,1
4620,-14,8,1
4804,-20,6,1
3954,-17,20,1
4887,-10,7,1
9806,-20,17,1
9303,-20,20,1
8255,-17,13,1
9346,-18,20,1
9301,0,1,1
2675,-9,5,1
8994,-20,20,1
2573,-7,-4,1
8725,6,-1,0
4394,-17,18,1
5010,-5,14,1
6819,-7,5,1
2312,9,-8,0
4583,-11,13,1
9286,4,-2,0
8476,-7,12,1
9373,-9,8,1
6300,0,-7,0
6043,7,-4,0
6933,0,1,1
962,0,2,1
3526,-7,20,1
8636,13,-15,0
989,-7,1,1
3666,-10,6,1
2530,14,-15,0
7777,1,-12,0
2598,-3,2,1
1818,-20,20,1
1720,-1,9,1
4297,-5,4,1
6153,-20,20,1
4190,-5,3,1
2726,-5,0,1
7845,-11,10,1
444,-12,3,1
1083,-19,1,1
7137,-20,20,1
611,-20,20,1
4940,-20,15,1
7341,-1,-5,0
3648,-19,18,1
7480,-3,5,1
6986,20,-11,0
8142,-11,13,1
3683,4,-8,0
5850,9,-8,0
2019,-20,13,1
3388,-13,5,1
6762,9,2,0
5426,1,0,0
5974,-6,6,1
4166,-1,6,1
2225,-5,-7,0
9999,-15,10,1
822,1,-4,0
8152,-17,12,1
579,-13,5,1
3391,-20,14,1
6738,-16,11,1
3208,-4,10,1
8677,-12,15,1
3592,-20,20,1
1681,-6,4,1
8689,-10,9,1
1602,-6,7,1
3524,-20,20,1
9864,-14,12,1
4241,-13,17,1
6181,11,-6,0
2192,-20,14,1
8031,-15,10,1
8066,-11,5,1
3122,-14,1,1
3680,-4,5,1
8925,16,-8,0
5483,-10,18,1
9099,-20,15,1
1029,-3,-3,0
8078,0,8,1
6344,-5,7,1
7089,-8,12,1
1030,5,-11,0
42,-20,10,1
3741,-10,16,1
291,-13,10,1
3955,-5,15,1
1672,-10,5,1
2040,-9,13,1
5044,2,5,1
5288,-14,20,1
8145,-3,10,1
2172,-20,20,1
5962,-20,19,1
1883,4,2,0
9542,-20,20,1
8022,-11,3,1
9431,-18,16,1
959,-20,19,1
3527,4,-2,0
365,-12,12,1
1984,-11,20,1
9539,-20,12,1
9509,-3,5,1
5562,-15,10,1
7928,-11,6,1
6422,-17,19,1
885,1,11,1
5421,-20,15,1
1972,-20,20,1
2063,-16,10,1
821,-17,20,1
1456,0,-3,0
5966,-5,-8,0
18,-4,0,1
3885,-20,20,1
3366,-20,8,1
9008,-1,-6,0
7487,-8,13,1
4334,18,-12,0
7744,-20,20,1
4158,-19,19,1
3728,-7,1,1
7310,-20,19,1
9508,1,1,0
3554,-16,13,1
6112,-7,16,1
123,-14,7,1
4497,3,-4,0
576,14,-15,0
7213,-9,1,1
675,-19,15,1
2372,20,-20,0
5935,3,-4,0
3882,3,-6,0
6016,2,8,1
4831,2,4,1
8291,-14,16,1
7898,0,0,0
3195,5,5,0
7514,2,3,1
2239,-1,-4,0
734,-12,15,1
9436,-20,20,1
3005,6,-10,0
4057,-13,14,1
5845,-20,20,1
1227,-20,20,1
2143,-2,-13,0
7544,-3,3,1
2053,-16,9,1
1495,-2,-8,0
5780,-10,16,1
399,13,-5,0
8034,-16,11,1
3778,-4,0,1
4599,1,3,1
1035,-14,9,1
468,7,-3,0
5303,8,4,0
1587,-20,20,1
6572,-20,14,1
928,-18,18,1
3404,-4,2,1
8051,-4,8,1
4561,-20,20,1
8637,-1,2,1
6601,7,0,0
7503,-8,13,1
507,-2,-1,1
722,-8,9,1
8800,-19,20,1
1812,-13,7,1
9302,-19,17,1
5136,-10,9,1
3860,16,-12,0
3616,-10,6,1
2418,-8,7,1
9101,-7,3,1
1652,-20,14,1
4438,-1,-3,0
9613,2,2,0
8085,-12,10,1
9198,-11,6,1
719,6,-9,0
4584,5,2,0
8483,-4,2,1
1479,-20,20,1
7695,-1,0,1
4826,-4,-7,0
5866,-8,10,1
5684,-20,6,1
4087,-1,1,1
6771,2,3,1
3884,5,2,0
5814,-20,20,1
6046,-20,2,1
6502,-7,14,1
4763,-20,16,1
5753,1,-1,0
407,-5,8,1
6563,2,-7,0
4511,-19,20,1
3467,-11,9,1
9174,8,-8,0
1749,-4,5,1
4186,-15,7,1
1020,1,13,1
3775,-5,16,1
4418,-6,9,1
74,14,-15,0
7505,1,3,1
1909,6,-4,0
3027,-18,20,1
9395,-6,14,1
4262,-1,9,1
7998,-11,9,1
7266,-9,5,1
6329,1,1,0
4709,13,1,0
4655,-20,20,1
6842,-20,20,1
8263,-5,3,1
5150,-20,11,1
5077,2,0,0
6833,-16,17,1
453,-7,18,1
1511,-5,3,1
9981,-11,6,1
281,-4,11,1
4890,-16,11,1
8003,-3,-2,1
3839,20,-20,0
5320,9,-9,0
3746,-14,9,1
8931,-1,-6,0
6786,-3,1,1
8318,8,-5,0
6747,8,-13,0
4206,-14,6,1
6899,-7,3,1
8972,-16,20,1
7892,-13,20,1
4004,-3,4,1
2310,-11,4,1
4141,-12,20,1
84,3,6,1
1612,3,3,0
1845,3,-9,0
2357,-12,17,1
8020,-9,3,1
5112,-18,14,1
2854,-12,8,1
9215,-2,0,1
8143,-13,20,1
7809,-8,13,1
2098,-12,9,1
2941,4,-6,0
221,1,9,1
5983,6,-1,0
2155,-20,20,1
3633,-20,20,1
8696,-5,0,1
6051,-4,12,1
9338,-3,-3,0
9218,-20,18,1
4701,-13,16,1
7404,6,10,1
4399,-1,-2,0
6468,9,-10,0
2921,4,3,0
490,-8,1,1
8748,4,-8,0
863,8,-4,0
6685,19,-20,0
3630,-1,10,1
6154,-8,10,1
2992,-16,18,1
1636,-6,3,1
3015,-20,19,1
8080,2,3,1
1903,-20,20,1
1410,4,-1,0
5637,1,4,1
3115,-20,20,1
5319,-17,5,1
2035,-19,15,1
9832,-6,5,1
8395,-18,8,1
6026,8,0,0
6229,-17,10,1
6395,3,2,0
3413,-19,20,1
7391,-16,20,1
4249,-20,20,1
5954,-6,4,1
9900,-20,20,1
7628,-13,12,1
3703,-1,0,1
1807,-20,20,1
8288,1,3,1
8134,-20,20,1
706,0,14,1
785,4,9,1
8859,-20,15,1
4376,-8,9,1
394,20,-20,0
954,-2,2,1
9266,-7,0,1
2064,-7,7,1
8203,5,-11,0
5273,-5,2,1
6202,13,-14,0
5157,-10,8,1
7841,7,-16,0
9007,-12,6,1
5326,-7,-5,1
8591,2,-2,0
4520,-6,3,1
5815,-8,14,1
4636,-9,-4,1
9910,-15,13,1
93,16,-17,0
8384,-9,3,1
1815,-8,3,1
5768,-12,16,1
622,-6,11,1
1481,9,-6,0
7421,6,0,0
446,-7,4,1
9687,-6,-7,0
788,0,-4,0
1682,-2,3,1
1673,-20,20,1
3224,-20,20,1
7535,-4,-3,1
3602,-15,9,1
8339,-3,6,1
4934,-10,14,1
9535,-7,-3,1
6087,-12,20,1
8856,-6,4,1
4437,-20,20,1
5280,-16,11,1
2869,-5,-2,1
1427,-20,18,1
8160,-9,7,1
3599,-5,7,1
658,-3,10,1
8577,0,-1,0
2226,-20,20,1
3235,-20,16,1
1257,-18,9,1
150,-14,14,1
6850,-20,20,1
2572,-20,16,1
6589,-18,7,1
176,-20,20,1
9934,-20,8,1
7639,-13,13,1
5253,5,-6,0
8218,-20,20,1
2315,13,-10,0
6362,-10,8,1
5565,-2,-8,0
4234,3,3,0
4914,0,4,1
4209,-10,3,1
1292,-12,20,1
8863,-20,20,1
7366,-16,10,1
4721,-10,-4,1
8904,-19,20,1
1792,-8,5,1
2725,-2,9,1
5047,-20,20,1
2744,-9,13,1
1975,-20,15,1
2319,3,-8,0
6950,4,-1,0
4140,8,-2,0
1458,-12,10,1
1435,-1,-6,0
1360,3,-9,0
5540,-14,3,1
7722,-20,20,1
2839,12,-16,0
7642,-10,16,1
8096,3,1,0
322,-20,13,1
6812,3,-8,0
6967,-2,8,1
7977,-15,7,1
9452,8,-4,0
7488,8,-7,0
2416,0,-2,0
5975,1,6,1
2812,-20,20,1
6911,-20,20,1
3252,-11,6,1
4734,1,-1,0
1046,-11,12,1
7732,-17,13,1
4541,-10,-7,1
8243,4,11,1
2987,-12,15,1
2593,-9,12,1
6617,-12,12,1
7966,-8,11,1
8948,-19,20,1
7759,-20,20,1
6147,-20,20,1
484,-15,20,1
2317,-20,17,1
2442,-6,-2,1
8895,13,0,0
8092,-14,17,1
9977,-2,-8,0
6803,-3,4,1
2039,-1,0,1
1555,-9,4,1
5391,4,-3,0
4289,-5,12,1
8897,-20,20,1
6108,-20,20,1
5471,-20,20,1
882,0,11,1
6580,-20,13,1
7084,-17,14,1
7416,-20,20,1
190,2,5,1
3953,-19,13,1
2681,2,-8,0
7287,5,-3,0
538,-7,14,1
5472,0,2,1
125,-1,2,1
1498,-20,20,1
578,1,-9,0
8937,-15,6,1
7184,7,-11,0
8254,-6,6,1
88,-18,20,1
5496,-16,11,1
1534,-1,-1,0
2601,-10,1,1
7064,-20,20,1
5111,-15,14,1
2784,11,-3,0
5409,-2,-3,0
4754,-3,3,1
2307,-5,-2,1
8864,-11,11,1
5597,-8,14,1
4150,3,-3,0
2702,-5,-6,0
8417,16,-18,0
5926,9,-7,0
7093,-17,14,1
2366,-5,12,1
6497,-6,6,1
7782,8,-6,0
5277,-14,7,1
8452,-13,5,1
466,-3,2,1
8419,5,-8,0
1175,-20,15,1
1570,-20,8,1
7474,-20,20,1
2793,-13,12,1
4802,-20,18,1
1132,-7,1,1
4298,-7,6,1
655,4,-5,0
8445,-20,1,1
2072,-1,5,1
7349,6,0,0
1588,2,-1,0
4128,-20,20,1
7330,-1,2,1
137,-1,14,1
3864,-6,8,1
6248,3,-3,0
5214,-16,18,1
1346,-15,20,1
6291,-9,-8,1
5132,9,-6,0
9950,13,-15,0
3339,-3,0,1
6337,-20,20,1
7786,-1,-2,0
3956,-15,19,1
5755,-20,20,1
1899,-15,18,1
5171,14,-11,0
5864,-18,20,1
9715,-19,16,1
4159,-6,-1,1
6134,12,-20,0
5371,-20,19,1
4301,0,3,1
1153,16,-16,0
6018,-20,20,1
2626,-4,6,1
7536,-20,13,1
8849,-20,19,1
443,-14,11,1
5697,-7,16,1
4321,2,-4,0
2404,-20,20,1
8315,-4,-2,1
599,-11,18,1
5176,-20,19,1
9873,-20,20,1
5479,1,-2,0
1711,-17,15,1
5586,-4,7,1
8799,-20,20,1
1808,-16,18,1
7128,-2,-5,0
1989,-20,20,1
3840,-17,13,1
1308,6,-13,0
4348,-18,9,1
4456,8,-10,0
2965,-20,20,1
9664,-18,13,1
288,-1,-3,0
4641,-20,20,1
1566,-5,10,1
9815,-14,12,1
8112,-12,15,1
9599,-4,1,1
9111,-3,13,1
9279,-20,12,1
796,-20,16,1
8124,-3,3,1
4390,-20,20,1
6711,-9,8,1
6402,-5,-5,0
5474,-14,20,1
7703,-19,20,1
2034,19,-8,0
6930,0,5,1
7601,-12,10,1
4639,-20,20,1
2272,-20,20,1
2069,-5,16,1
678,-13,5,1
3714,3,-12,0
8194,-13,15,1
9253,-20,20,1
9627,8,-12,0
5399,-4,3,1
5577,11,-7,0
1608,4,-3,0
7002,1,-1,0
2876,-12,7,1
546,-20,7,1
9483,-15,18,1
8030,-7,7,1
3819,-20,17,1
245,2,-7,0
853,0,-4,0
4616,-20,20,1
4522,-10,-3,1
3603,-1,-4,0
4877,-1,1,1
4440,4,-5,0
3966,-15,14,1
7485,-7,4,1
3375,-8,3,1
9083,8,-6,0
5795,18,1,0
7678,-20,20,1
1005,-7,11,1
8612,8,-15,0
7893,5,-2,0
4266,-20,15,1
4006,-9,2,1
6165,7,-14,0
5690,0,1,1
280,-16,10,1
1336,-11,10,1
890,0,2,1
5610,-18,15,1
8053,-8,4,1
2986,-19,8,1
6598,-2,3,1
9833,7,-16,0
1004,6,1,0
1978,-8,-2,1
7669,-9,1,1
6855,-6,4,1
9067,3,-2,0
5521,-4,10,1
4962,-11,11,1
1441,3,3,0
2692,-6,2,1
5792,-6,-2,1
6722,-1,20,1
482,-20,16,1
9073,-1,2,1
5772,0,14,1
9867,0,-1,0
4328,-7,6,1
8076,-20,20,1
673,-8,16,1
9146,-2,8,1
5095,-14,9,1
5211,5,-4,0
4473,-17,18,1
8070,-12,10,1
1193,3,-8,0
5892,0,1,1
2616,-15,11,1
3370,-20,20,1
3300,-14,9,1
7880,-13,10,1
9268,-14,18,1
7813,-9,11,1
7309,-18,20,1
9785,-1,3,1
3402,-3,5,1
8666,-20,20,1
2792,-8,-2,1
3923,-14,1,1
2431,1,-9,0
2968,-13,20,1
3604,-14,12,1
3396,-5,3,1
5285,-20,20,1
1088,9,-8,0
321,-13,15,1
7933,-10,4,1
6252,-3,5,1
6477,4,-1,0
2231,-20,20,1
2594,-20,20,1
2266,-15,-6,1
3559,-18,16,1
145,-16,12,1
1607,-1,4,1
9123,-11,-3,1
9702,5,-1,0
4476,-10,12,1
5194,-7,-1,1
6393,-17,13,1
8352,6,-3,0
4240,-5,-3,1
8276,-13,6,1
3216,-10,19,1
6583,-10,4,1
7654,-14,8,1
8892,-3,1,1
8007,-5,1,1
6222,-13,20,1
6176,-2,3,1
5835,-7,6,1
5002,-13,20,1
7861,-20,20,1
5282,-4,6,1
4143,-20,20,1
1627,-20,18,1
6373,-4,14,1
755,-4,2,1
7047,-6,11,1
8584,4,0,0
1719,3,4,1
8573,16,-16,0
935,-12,11,1
1489,-20,13,1
6143,4,0,0
8652,-10,13,1
3745,-20,19,1
6631,-20,20,1
7938,-4,9,1
7497,-9,2,1
7271,-10,3,1
568,3,0,0
8643,-20,15,1
4489,5,-7,0
765,-11,10,1
2774,1,-3,0
4468,3,3,0
4485,8,-16,0
4466,1,-4,0
6323,4,2,0
2396,-20,20,1
4808,1,-7,0
3455,3,-4,0
7752,-10,8,1
1040,-7,4,1
7512,-12,18,1
9293,-2,13,1
8340,-9,11,1
7399,-1,6,1
9760,-6,8,1
3085,-20,20,1
2540,8,-9,0
7291,-19,19,1
892,-1,4,1
6597,9,0,0
7070,-20,20,1
7739,-17,12,1
5158,-14,16,1
7666,-7,-1,1
4434,-9,-3,1
7346,-20,14,1
958,-3,9,1
2018,-7,13,1
7909,-20,14,1
6840,0,3,1
7275,-15,20,1
616,-19,20,1
9265,5,-15,0
7519,-5,5,1
6240,9,-13,0
3964,-19,13,1
6163,13,-16,0
6512,5,-10,0
1573,-4,13,1
8749,13,-11,0
798,-6,-2,1
9696,2,-3,0
5721,-2,6,1
3491,-20,20,1
9577,-4,8,1
5825,-17,16,1
4591,2,-11,0
4448,1,5,1
9076,-18,20,1
8439,-19,20,1
398,-2,2,1
1585,-7,4,1
6394,4,1,0
2056,-3,3,1
733,-9,1,1
6724,-12,11,1
8098,-10,4,1
3129,-20,20,1
6,-1,6,1
9391,-12,5,1
5913,-18,14,1
1738,-17,17,1
433,-7,15,1
2800,-20,20,1
4402,-20,20,1
761,-4,4,1
9941,-3,12,1
6308,-5,19,1
8289,0,1,1
8086,-20,20,1
4562,-2,2,1
5027,-11,5,1
214,-13,9,1
8457,-1,2,1
4337,-20,20,1
4631,-20,20,1
6931,-20,17,1
8294,-12,1,1
6341,1,-7,0
3161,-5,10,1
2619,-19,15,1
9156,-16,1,1
9144,-11,18,1
8374,-18,17,1
8,-4,-3,1
8368,3,0,0
7206,-10,-2,1
693,-3,12,1
8308,-7,8,1
1700,-5,-2,1
6591,-14,13,1
9307,-4,5,1
6714,3,-17,0
9342,-20,16,1
6620,-14,16,1
9816,-1,-3,0
2738,-2,0,1
8778,-12,12,1
7174,-20,16,1
7916,-20,8,1
8976,2,3,1
9726,-3,2,1
2191,0,2,1
5042,2,8,1
4838,10,-12,0
4316,4,-1,0
8321,-20,15,1
6790,-8,3,1
5724,13,-9,0
509,-4,9,1
3021,2,-3,0
7462,-16,11,1
5575,-2,9,1
2451,-4,0,1
7403,-18,14,1
3012,-5,0,1
1582,-16,14,1
9646,-15,12,1
1843,-5,-7,0
540,-7,14,1
1312,-4,10,1
2170,12,-11,0
9317,6,11,1
1084,5,-5,0
759,-10,0,1
1593,-20,20,1
5604,2,-1,0
4785,13,-14,0
1205,-20,7,1
1701,-6,3,1
3399,7,0,0
2617,-6,0,1
1199,-2,5,1
1876,12,-16,0
3372,-19,20,1
7248,-3,1,1
749,-20,12,1
7110,-6,-12,0
1752,12,-4,0
6832,0,8,1
5567,-9,7,1
7252,-20,11,1
9222,-20,7,1
7521,-14,18,1
1159,-13,17,1
367,-20,20,1
4927,16,-20,0
3737,-9,7,1
424,-20,8,1
4961,-20,20,1
5166,-7,13,1
2672,14,-6,0
7917,-6,11,1
7019,14,-14,0
8614,-12,16,1
2630,-12,18,1
1914,-3,-2,1
7018,-20,20,1
4495,-2,6,1
5766,-10,3,1
8122,-9,12,1
3809,0,2,1
9468,-1,-6,0
7295,0,-3,0
4270,-14,7,1
2861,15,-11,0
3442,-17,8,1
5842,-10,5,1
5629,-9,9,1
7268,-11,5,1
1881,20,-20,0
4061,-19,11,1
4478,-5,4,1
4405,0,0,0
6441,-20,20,1
5652,8,6,0
6965,-4,-2,1
3487,-8,3,1
1221,-20,8,1
2028,3,3,0
8430,-20,20,1
2777,-7,6,1
2701,-10,12,1
791,-4,-3,1
9430,-15,15,1
35,3,-8,0
7396,8,1,0
15,-18,20,1
4556,13,-7,0
7986,-16,20,1
9947,-5,4,1
6041,-19,17,1
5580,10,-9,0
7044,2,6,1
5948,-7,1,1
9328,-6,7,1
1869,1,-11,0
3163,6,-9,0
6028,-20,15,1
4203,-8,5,1
5698,-8,6,1
4585,0,6,1
9035,-4,2,1
621,-5,-5,0
4242,-15,14,1
8273,-6,-1,1
5456,-6,7,1
2636,14,-16,0
2919,20,-17,0
9404,8,-5,0
6582,-5,2,1
8240,-8,19,1
6139,-13,15,1
4603,-4,11,1
2211,-15,6,1
9135,20,-14,0
3078,-10,7,1
5718,-17,20,1
2140,-7,-2,1
5340,-19,16,1
6005,-14,11,1
1442,-20,17,1
8221,-5,0,1
5822,-11,9,1
4770,-11,11,1
1693,-14,18,1
5921,-7,0,1
6445,-10,15,1
4482,0,-1,0
9368,-20,18,1
6626,-5,2,1
9783,7,-4,0
7746,11,-16,0
945,-19,20,1
2345,-15,20,1
5454,-8,-5,1
4059,-18,17,1
8916,3,-8,0
6796,-20,20,1
9574,-20,20,1
5554,-14,20,1
5632,-7,6,1
7325,-20,11,1
422,10,-12,0
4677,-20,20,1
2382,-16,11,1
7152,-12,10,1
3584,-20,20,1
9887,-9,10,1
4675,-16,7,1
3568,-14,19,1
5294,-11,5,1
6061,-8,13,1
6852,14,-5,0
4281,-20,15,1
4513,3,-2,0
8810,-13,12,1
4395,-6,4,1
4490,-3,14,1
7056,-12,9,1
7509,-5,8,1
3870,-1,1,1
1769,-20,20,1
6142,8,-14,0
2139,-20,19,1
5934,-16,15,1
6998,-20,15,1
8987,20,-20,0
8011,9,5,0
3071,-1,4,1
991,-1,16,1
5149,-11,-2,1
3718,-3,5,1
9030,-9,9,1
8683,-14,9,1
6988,-14,2,1
1544,-8,3,1
9774,-8,7,1
2562,-15,20,1
5101,-2,2,1
21,1,0,0
9961,7,-8,0
6182,-17,4,1
3093,-17,9,1
3598,-14,6,1
7565,-15,14,1
1678,-13,12,1
6188,-8,5,1
8292,-16,11,1
5373,-14,18,1
8388,-7,19,1
3237,3,5,1
6570,-20,20,1
5801,-8,7,1
4099,12,-12,0
9643,-11,8,1
9129,0,-3,0
6320,6,-4,0
2193,1,-4,0
8013,0,-8,0
7471,-20,20,1
6157,7,-9,0
2893,-20,17,1
8494,5,-10,0
769,-1,1,1
6342,-14,19,1
6498,6,0,0
9442,-18,13,1
3700,17,-1,0
2969,-2,1,1
1284,-1,3,1
5223,12,-8,0
9892,-9,8,1
4939,-19,14,1
7661,3,7,1
752,-20,15,1
6433,-17,17,1
1778,0,-1,0
3140,-20,20,1
494,17,-18,0
369,-20,13,1
2628,-8,10,1
4163,-19,18,1
3457,-19,8,1
6566,-18,18,1
8389,11,-2,0
3797,-20,20,1
8918,-20,20,1
2673,-18,7,1
4095,-15,17,1
2688,-20,17,1
264,1,2,1
8404,-14,20,1
1290,0,7,1
4237,2,-7,0
5920,-20,20,1
1323,-11,7,1
8913,-15,1,1
4873,-20,14,1
1594,-20,11,1
5297,-7,5,1
8692,-1,6,1
2029,1,2,1
7005,-20,20,1
390,9,-4,0
7219,-13,12,1
3190,12,-11,0
1081,-7,8,1
2198,-7,2,1
3130,0,8,1
8180,-17,3,1
2666,13,-1,0
5494,-20,15,1
4844,10,-4,0
8659,1,3,1
9541,-14,11,1
8162,-8,15,1
5522,-15,14,1
3414,-11,5,1
4109,-20,19,1
8663,-20,15,1
103,-20,17,1
8365,-20,20,1
6680,2,-6,0
8313,-6,2,1
938,-20,20,1
7701,-9,9,1
9808,-14,16,1
3060,-18,11,1
8351,-10,5,1
7658,4,-2,0
738,-20,20,1
7848,-15,15,1
1230,-6,17,1
5177,-13,12,1
3628,5,-3,0
2265,-20,20,1
1501,-20,20,1
457,-16,19,1
8723,-2,2,1
8582,20,-13,0
2004,-1,-6,0
5431,-20,20,1
5096,4,2,0
4764,-20,20,1
3547,-13,14,1
8661,8,-5,0
3889,-18,10,1
6560,-18,15,1
5413,10,-10,0
3443,-16,20,1
803,-7,-4,1
6993,-9,11,1
817,-8,4,1
2030,-20,13,1
8590,-20,9,1
1355,-20,20,1
4227,-15,18,1
9933,-1,12,1
2544,-6,6,1
9866,-20,20,1
7668,-18,17,1
5908,10,-12,0
6628,-6,4,1
4572,9,-8,0
1015,-9,8,1
155,-11,12,1
9378,-5,2,1
8521,-20,20,1
4531,-20,20,1
6755,-15,16,1
1024,-20,18,1
1397,-6,3,1
9582,-20,16,1
9365,-20,20,1
8325,10,-15,0
2149,-11,-2,1
889,-19,5,1
4229,-11,20,1
3032,-20,20,1
9341,2,-4,0
8866,-20,20,1
1943,-1,-2,0
9462,6,-4,0
1215,-20,20,1
2267,-1,-4,0
3794,-20,20,1
3522,4,7,1
4274,-20,19,1
1232,9,-3,0
4462,-1,3,1
1875,-7,2,1
4735,-2,-1,1
3734,-20,20,1
7943,-20,12,1
6853,4,2,0
5581,-14,17,1
2292,-2,10,1
4065,-14,20,1
9340,0,-16,0
1900,-15,7,1
2223,-4,1,1
6110,-20,20,1
8181,-20,20,1
9819,-18,8,1
1993,-15,18,1
2826,-12,5,1
5823,-7,12,1
8589,-17,13,1
5071,-20,20,1
4195,-20,20,1
1445,20,-20,0
7901,3,-5,0
4021,-20,20,1
8548,1,10,1
1567,-9,20,1
2820,-13,-1,1
8250,1,3,1
283,7,-9,0
4515,-10,16,1
3201,-20,17,1
3556,-20,20,1
942,-2,-5,0
7139,-20,17,1
1447,6,4,0
5893,-14,13,1
5602,16,-10,0
9589,-20,20,1
2183,13,-9,0
8789,-5,9,1
3545,-12,12,1
6430,5,-4,0
522,-17,10,1
5906,5,0,0
1295,-20,20,1
4201,-8,2,1
5706,0,1,1
7374,-20,20,1
7430,-20,14,1
2177,8,0,0
257,-3,6,1
1003,-19,7,1
7775,-20,20,1
3815,-20,20,1
7090,-10,1,1
4309,-20,20,1
5653,-7,9,1
4795,3,2,0
4759,-20,20,1
4033,-7,15,1
3688,-3,8,1
8949,-20,10,1
717,-3,9,1
7375,-20,20,1
5909,-13,9,1
3817,-19,20,1
2489,-20,20,1
2532,9,9,0
8711,-7,13,1
8416,-20,16,1
3980,-2,6,1
4724,2,-2,0
1103,8,-12,0
7051,-7,-3,1
1351,-18,7,1
8585,5,-4,0
7311,-11,13,1
2761,-20,20,1
68,1,-2,0
1598,-8,20,1
3510,-2,12,1
7743,-20,20,1
6456,-4,-3,1
8016,2,1,0
5832,-15,12,1
4383,-17,13,1
2637,4,-5,0
8477,-8,9,1
8153,-20,14,1
5058,-20,20,1
8379,-11,14,1
9736,1,3,1
6578,-20,20,1
1877,-1,-3,0
326,-9,2,1
1918,6,-3,0
5147,-13,9,1
355,-15,12,1
4282,-12,13,1
2080,-13,6,1
4703,-5,4,1
9316,-19,10,1
2716,-20,20,1
3494,-1,9,1
2369,-20,20,1
1706,2,-10,0
8032,-14,-1,1
9893,10,-12,0
5312,-12,14,1
7921,-2,4,1
5271,11,-8,0
5879,-11,-3,1
8944,1,-4,0
8057,-10,7,1
5526,-20,12,1
9557,-17,9,1
4035,-14,20,1
9669,3,-5,0
8278,-17,17,1
79,-9,12,1
4200,-14,16,1
4876,1,3,1
8071,-17,20,1
4344,-20,20,1
1032,-6,6,1
6492,-3,5,1
1363,-20,19,1
3686,-3,9,1
3492,-20,18,1
196,6,0,0
5062,-7,-4,1
9474,-20,20,1
6977,0,0,0
6829,0,11,1
5760,-6,10,1
856,-9,14,1
8759,-17,14,1
6684,-7,7,1
594,-20,12,1
7394,-1,3,1
1620,-17,20,1
3159,-20,15,1
4716,-19,17,1
2425,-16,9,1
3347,-8,3,1
2808,-20,20,1
6074,-2,8,1
6662,-2,-3,0
5868,-11,11,1
1562,-6,1,1
6299,11,3,0
5420,-20,16,1
6767,-7,11,1
3114,8,-19,0
8804,-18,9,1
4898,-12,3,1
3542,-9,18,1
9274,-8,6,1
5302,-6,-5,1
4569,1,5,1
44,-20,19,1
9828,-2,4,1
3441,-20,20,1
4549,-11,4,1
6183,-10,4,1
7951,-12,20,1
6496,5,3,0
5151,-19,18,1
4850,-11,8,1
4650,-11,13,1
5055,-14,20,1
9305,-8,7,1
5561,-1,2,1
5631,-8,4,1
5184,-13,20,1
199,9,2,0
6309,-8,4,1
8858,-4,16,1
6488,3,-2,0
9238,-20,2,1
1091,-6,-8,0
1102,4,-3,0
9606,-15,17,1
8179,-20,20,1
7884,15,-11,0
7686,-6,12,1
1464,2,-7,0
6798,-2,-4,0
9587,-6,4,1
3767,13,-18,0
2704,-1,8,1
7581,-5,14,1
7106,1,2,1
4730,1,-3,0
8712,6,-10,0
163,-20,3,1
8575,-20,20,1
1605,-5,3,1
434,-12,10,1
5379,-18,10,1
6158,-18,13,1
8941,-16,11,1
6241,-4,7,1
1329,-10,3,1
5858,-19,6,1
7899,6,-2,0
2787,-20,12,1
101,-6,3,1
3947,7,-7,0
5335,-10,-3,1
3234,11,-15,0
6592,-1,2,1
1165,2,-4,0
3845,-6,7,1
566,-12,7,1
7293,-7,3,1
2538,4,4,0
1822,-20,18,1
7301,-20,11,1
5260,-20,20,1
4967,-20,20,1
5397,-14,20,1
6987,-2,4,1
8297,-5,4,1
7145,1,7,1
267,-5,12,1
4897,-2,-4,0
8697,1,-9,0
6822,8,-2,0
9677,-14,18,1
3479,-3,7,1
625,-13,9,1
6779,-16,20,1
7180,-9,13,1
4507,-17,10,1
3099,-3,-2,1
2058,-11,7,1
2031,10,-6,0
9992,12,-11,0
5261,-20,16,1
9223,1,2,1
5205,-2,-3,0
1642,-20,20,1
9096,-16,10,1
727,-14,20,1
6530,-20,9,1
6049,-2,3,1
1871,-11,2,1
1775,3,-13,0
8284,-13,4,1
9423,0,-6,0
9364,8,-3,0
826,-7,10,1
2448,0,7,1
7232,-7,20,1
8679,-16,9,1
9769,-20,20,1
4557,-4,-2,1
3273,17,-20,0
3382,-17,15,1
2316,2,3,1
5432,-5,-1,1
8519,-4,3,1
7376,-20,20,1
9807,-4,14,1
5519,-20,20,1
7606,-16,17,1
3676,-9,8,1
9178,3,-2,0
7146,-3,9,1
5325,-20,20,1
1126,-9,1,1
2186,-5,-1,1
7528,-20,20,1
1803,-8,10,1
449,-11,4,1
1767,-20,17,1
2159,-2,1,1
9820,-7,16,1
7062,-20,19,1
5999,-4,-3,1
8156,-18,20,1
2128,-1,-1,0
440,-16,17,1
2324,11,-10,0
7024,-14,19,1
870,-9,19,1
7749,-6,11,1
1330,15,-15,0
4372,2,-9,0
9110,-7,-4,1
5914,-4,2,1
975,-4,0,1
8680,-14,5,1
714,-19,17,1
6253,8,-10,0
9781,-20,12,1
9973,-3,-2,1
1108,3,-5,0
4576,-2,12,1
3036,3,8,1
4179,6,-15,0
9321,-1,-4,0
5804,1,-2,0
5023,10,-3,0
8722,-11,15,1
4357,1,-9,0
2964,-6,2,1
553,-4,7,1
7482,4,-9,0
4423,-19,10,1
827,-3,7,1
5995,-12,1,1
4285,-12,10,1
2770,-4,2,1
9937,-20,20,1
1168,-20,20,1
1487,-1,5,1
3529,-20,20,1
3407,8,-9,0
5172,-1,7,1
3918,0,2,1
201,1,-1,0
202,-20,14,1
5438,-9,6,1
636,-9,2,1
8387,-5,6,1
8569,-19,20,1
1488,2,-7,0
4147,-3,-9,0
1002,-20,17,1
828,-6,1,1
4713,-6,4,1
7685,-20,20,1
9798,-3,6,1
4347,-3,-3,0
8121,-2,17,1
8191,0,9,1
7910,-13,5,1
9062,-4,5,1
2091,-17,10,1
5220,-10,10,1
3431,-17,20,1
7915,-20,20,1
2592,-10,7,1
6900,1,-2,0
5341,4,-1,0
5915,2,-8,0
1251,3,-10,0
9219,-14,10,1
6386,-17,20,1
9870,-12,2,1
2785,3,-7,0
5357,-12,19,1
2623,-1,6,1
7344,8,-4,0
2187,9,-14,0
4433,-7,3,1
4586,-10,0,1
2221,3,-2,0
8202,10,-13,0
9752,-13,16,1
6225,2,2,0
9552,-20,19,1
7761,-3,6,1
7166,-20,16,1
2765,-7,6,1
3353,-13,5,1
8287,-4,-8,0
2859,-17,4,1
8310,-1,-2,0
4371,-15,14,1
9851,-20,20,1
1527,10,-7,0
2377,-3,13,1
3715,-6,16,1
5619,-20,20,1
3433,12,-6,0
8629,2,-8,0
3257,-20,15,1
2228,-6,1,1
9445,17,-12,0
3684,1,12,1
2507,-20,20,1
8459,-20,20,1
1859,3,5,1
4924,-7,2,1
4133,-8,6,1
3832,-6,11,1
7575,-11,14,1
7980,5,9,1
5209,-20,20,1
2415,-10,18,1
2376,-20,20,1
4364,-20,20,1
8561,-6,12,1
8508,-20,20,1
2227,-20,20,1
2555,-13,5,1
7698,-2,-4,0
1504,-4,4,1
6745,-20,17,1
8014,-6,3,1
5032,3,-4,0
7789,-14,5,1
9801,-14,2,1
7201,9,-12,0
2747,4,-2,0
6490,-15,17,1
73,-14,20,1
9660,6,-4,0
4174,-3,6,1
334,-20,20,1
7693,-20,20,1
5803,-7,14,1
188,-14,19,1
2047,-9,15,1
5398,3,-10,0
1047,-7,8,1
6809,9,-7,0
9749,19,-20,0
3056,-6,0,1
2371,-3,5,1
8653,10,-6,0
9275,-9,-1,1
4382,-19,18,1
6389,12,-12,0
8942,-4,12,1
2868,-4,6,1
925,1,-3,0
7104,-20,13,1
7314,-11,4,1
8320,-9,20,1
7632,-20,20,1
573,-20,19,1
6305,8,-2,0
7513,-20,18,1
2059,6,-5,0
623,-7,5,1
357,-17,18,1
6513,4,-9,0
3877,2,3,1
9120,-5,6,1
8001,8,-9,0
3772,-20,20,1
7923,-20,20,1
4191,-11,14,1
164,-9,16,1
3098,-8,13,1
4712,7,-9,0
2131,-17,5,1
1564,-17,-2,1
1664,-8,10,1
6827,17,-20,0
9972,-9,8,1
1795,-20,20,1
2195,-5,10,1
1848,-20,12,1
9859,-20,18,1
2715,-8,7,1
8879,-14,20,1
5033,-11,12,1
1521,6,-11,0
4231,-20,20,1
2789,8,-12,0
7534,-20,20,1
1655,-10,4,1
3026,3,3,0
4663,-6,3,1
9211,-14,8,1
8211,-5,9,1
8231,-8,-1,1
2127,-2,2,1
6753,20,-20,0
3320,8,-3,0
9724,-20,14,1
730,-5,-2,1
2831,4,-8,0
7561,-5,8,1
867,-7,-5,1
8911,-20,20,1
941,-8,2,1
9766,-20,16,1
2284,-14,4,1
3120,-8,2,1
7099,5,-7,0
4787,-20,20,1
6273,-6,-1,1
6048,-20,20,1
7857,-18,10,1
8960,4,-2,0
8630,-20,15,1
6585,5,1,0
2516,12,-15,0
917,-10,18,1
8223,7,-9,0
2528,-10,-1,1
2322,-4,10,1
9463,-20,18,1
439,-2,7,1
3866,-12,13,1
5038,-16,-2,1
2996,-15,14,1
3588,-12,12,1
9635,-20,18,1
558,9,2,0
814,-20,20,1
3029,8,-10,0
9142,-7,16,1
1592,-20,20,1
276,-1,9,1
9642,-5,0,1
2075,-11,15,1
7973,-12,1,1
9639,-5,1,1
7433,-6,-5,1
5777,-16,12,1
1924,-2,3,1
6379,-5,-6,0
7193,-14,17,1
9161,-8,-1,1
7506,12,-20,0
3652,-20,20,1
7400,-7,11,1
3957,-2,-4,0
9784,-10,9,1
3514,-20,20,1
9401,-12,15,1
3065,10,-9,0
3647,-19,20,1
3051,-5,-1,1
9040,15,-18,0
1087,-14,12,1
3826,-2,-13,0
1827,-16,10,1
906,-20,18,1
3401,13,-15,0
7382,-15,20,1
9750,-17,20,1
1625,-5,-7,0
8279,-4,11,1
872,-14,18,1
4329,-15,20,1
2001,1,0,0
4291,7,4,0
5122,-7,7,1
995,-3,3,1
2718,-7,2,1
361,-14,14,1
6567,2,0,0
6557,-7,14,1
9517,8,-9,0
899,3,2,0
9501,-7,10,1
8412,-20,12,1
6000,-4,2,1
3194,-3,11,1
3869,-6,0,1
1750,-1,-8,0
2344,-20,20,1
8138,9,0,0
9061,8,-8,0
4538,-11,11,1
1516,0,-6,0
1517,-4,1,1
4481,10,4,0
4441,3,0,0
6584,-9,9,1
20,3,1,0
4,-2,4,1
4124,-20,20,1
7074,-20,20,1
3699,-17,20,1
6093,-20,20,1
9149,-16,18,1
9991,12,-20,0
478,5,-11,0
115,-14,7,1
6494,-8,9,1
9968,-3,7,1
6174,-20,19,1
9624,7,-4,0
3447,-7,5,1
6837,-5,1,1
7704,5,0,0
4287,-8,-5,1
2205,-5,-1,1
7452,2,-3,0
3849,-19,20,1
4152,6,4,0
5851,-18,9,1
5427,-20,20,1
4738,0,-3,0
825,8,-13,0
6545,-7,7,1
28,-20,20,1
2428,-3,6,1
2348,9,-7,0
3908,8,-11,0
6975,-20,15,1
9185,0,9,1
4279,14,-12,0
7623,-9,8,1
3367,11,-10,0
3878,-14,6,1
7679,-15,-3,1
4427,-9,4,1
535,-19,19,1
6633,6,3,0
2583,-11,3,1
9735,-13,19,1
337,-18,13,1
1428,-6,13,1
5120,-16,12,1
5266,7,-5,0
8093,-20,20,1
1478,-13,8,1
9126,-20,17,1
76,6,-1,0
4719,-1,-3,0
7079,-10,14,1
6759,-17,16,1
5924,6,-3,0
9533,-5,2,1
1610,4,13,1
8036,13,-15,0
4404,14,-4,0
1025,-14,7,1
5126,-2,0,1
876,10,-10,0
875,-4,4,1
8201,-7,1,1
9082,-9,20,1
898,11,-4,0
5549,5,5,0
9748,-1,6,1
243,-19,18,1
3574,-2,-6,0
4157,4,-7,0
3988,-17,18,1
4771,-1,3,1
9998,3,-3,0
2280,-19,20,1
1829,-20,20,1
2009,-6,20,1
7194,5,9,1
6807,-11,17,1
2099,-3,-6,0
9746,4,-3,0
6019,-16,15,1
8077,-3,-5,0
5942,-11,8,1
2171,-14,0,1
213,-16,20,1
7567,13,5,0
4942,-16,2,1
9104,-2,10,1
7290,5,-2,0
2963,-13,4,1
5358,16,-16,0
1310,-10,1,1
9242,1,1,0
9258,3,-5,0
4671,-14,10,1
1814,-20,12,1
830,-14,13,1
4487,-20,20,1
2589,0,-8,0
2457,1,-10,0
6516,-20,20,1
244,-17,19,1
1283,8,0,0
8737,-20,15,1
527,-15,14,1
3660,2,3,1
9203,2,4,1
8371,-20,10,1
5434,-20,20,1
6469,-9,10,1
4311,4,-7,0
2308,-9,7,1
3506,0,-4,0
465,-14,17,1
718,-12,7,1
1528,-20,13,1
474,-7,5,1
6618,-20,6,1
9620,-14,10,1
6641,-10,3,1
4051,3,2,0
2767,9,3,0
4370,11,4,0
328,-13,12,1
6126,12,-7,0
6025,-4,11,1
3054,-12,9,1
4509,-20,18,1
2486,-7,9,1
3540,2,-2,0
2116,-9,5,1
3288,-2,5,1
3736,4,11,1
6836,5,-1,0
2130,-16,14,1
8026,0,2,1
2017,-15,19,1
1452,-3,9,1
4979,-2,-6,0
6719,-10,0,1
5254,5,-7,0
5079,-7,10,1
2687,3,-7,0
498,16,-20,0
165,-20,20,1
3009,-10,17,1
1934,-17,11,1
3635,-2,-6,0
6465,-20,20,1
2247,-5,4,1
9821,-4,2,1
2533,17,-20,0
5186,-20,20,1
5605,2,-12,0
8751,4,-5,0
1077,-4,7,1
897,16,-18,0
397,0,6,1
9751,-18,20,1
4310,-20,20,1
2485,-12,5,1
7009,3,3,0
6938,-20,19,1
1018,0,-3,0
4498,-2,-7,0
8846,-6,0,1
3419,-18,20,1
6996,-16,5,1
4359,-13,16,1
2005,16,-17,0
6322,-20,20,1
1248,3,-15,0
7604,-19,20,1
330,10,-6,0
4816,-10,12,1
7292,-6,-1,1
3515,-20,19,1
487,9,-11,0
6122,-3,4,1
3307,-20,14,1
2240,-7,17,1
5481,3,7,1
5573,0,-4,0
6793,-16,12,1
6396,-4,12,1
7897,6,8,1
1349,-13,12,1
4875,10,5,0
6918,-1,5,1
656,-10,5,1
7815,-5,-1,1
7949,-2,9,1
5996,-7,16,1
300,11,-17,0
7855,-20,14,1
4431,-2,0,1
8860,-5,9,1
5105,-17,5,1
430,-13,10,1
3983,18,-10,0
7256,0,4,1
5667,-15,20,1
9336,-14,6,1
758,-3,4,1
9071,-6,3,1
1546,-1,6,1
7230,-8,8,1
6084,-9,18,1
9611,2,0,0
5651,-14,20,1
340,3,0,0
4654,-9,6,1
8857,-8,2,1
7075,7,-6,0
5756,-10,15,1
6400,-20,20,1
8882,-15,20,1
951,-14,10,1
19,-20,20,1
3264,-2,9,1
7496,7,-10,0
9547,-3,3,1
4758,6,-8,0
6555,7,-13,0
2971,-7,4,1
481,-17,20,1
7224,-20,19,1
7332,6,3,0
5480,1,-2,0
2906,3,0,0
5115,-8,8,1
7395,17,-20,0
9402,-10,14,1
543,-20,20,1
8746,-16,20,1
3281,-18,20,1
3595,-20,20,1
3503,-18,11,1
6011,-6,17,1
9609,5,-4,0
376,-20,17,1
3319,14,-13,0
118,-11,9,1
2453,-13,12,1
4925,-13,10,1
8216,1,-13,0
33,-17,8,1
5606,-2,2,1
9154,-13,8,1
7489,1,-8,0
9109,-18,8,1
3359,-20,20,1
709,-20,7,1
1894,-2,1,1
6376,-7,-5,1
8147,-16,12,1
3271,-7,16,1
9967,-4,5,1
978,-4,6,1
1649,-20,20,1
2769,-5,8,1
9362,-15,0,1
8801,0,-4,0
211,-4,5,1
3852,2,2,0
2162,2,7,1
5854,-8,20,1
8302,-8,3,1
1187,-18,15,1
2353,-20,6,1
7532,-5,7,1
5940,-20,13,1
6097,-6,0,1
8686,12,-7,0
6917,7,-12,0
8431,-20,20,1
6275,-5,0,1
4276,9,-4,0
9884,-8,6,1
6608,0,-7,0
7336,-10,12,1
2330,4,6,1
6668,-11,11,1
6409,-13,13,1
2478,-4,-3,1
6177,-7,-1,1
731,-17,12,1
1809,3,8,1
4801,1,3,1
2655,2,-3,0
4633,-20,20,1
317,-5,-5,0
3326,-1,8,1
4343,-3,8,1
3137,1,-5,0
8823,1,-2,0
780,-11,11,1
108,-20,18,1
6610,-4,-1,1
7742,1,10,1
2234,3,-8,0
7702,-12,13,1
9559,-5,-7,0
9905,-15,12,1
5504,-3,-4,0
5449,-1,-7,0
7673,-20,20,1
7209,20,-20,0
7683,-14,14,1
9959,-4,3,1
847,-19,20,1
8795,-20,20,1
3474,-9,6,1
2256,-1,-4,0
71,8,-5,0
7941,2,3,1
4265,-8,16,1
6971,-14,13,1
6002,0,2,1
4855,10,-3,0
7867,-20,20,1
192,0,5,1
2515,-8,4,1
8424,-10,4,1
1277,-20,18,1
2973,-15,17,1
5910,-20,20,1
2412,-4,7,1
2848,-6,5,1
5945,-11,5,1
3894,-8,4,1
1111,-17,16,1
4642,0,16,1
2707,-1,6,1
1770,3,-4,0
5694,-20,20,1
4812,-20,16,1
8991,2,0,0
4145,2,2,0
402,-15,1,1
6307,-9,12,1
220,11,-15,0
4207,-7,11,1
2604,-12,7,1
5589,-12,2,1
7709,11,-13,0
65,-16,13,1
606,-13,17,1
6495,-7,5,1
5272,-7,-2,1
2108,-3,5,1
1512,13,-20,0
988,-4,11,1
2462,1,-1,0
6328,-9,0,1
48,-20,13,1
5180,-7,7,1
6343,-6,12,1
635,-20,19,1
1031,-20,20,1
17,-10,19,1
5446,-12,12,1
3784,-9,9,1
3812,4,1,0
8507,-11,15,1
8385,-20,20,1
3014,-1,0,1
3449,-10,2,1
184,-14,2,1
6689,-2,-4,0
4398,-4,3,1
7203,-1,-6,0
3829,4,-14,0
6339,18,-3,0
7552,5,-6,0
4144,-17,5,1
496,-8,11,1
2602,-7,10,1
205,-20,8,1
6262,13,-13,0
4611,-8,13,1
3853,7,-13,0
9204,-20,20,1
7947,-5,4,1
729,7,-8,0
7879,-8,-4,1
2722,6,-13,0
7999,-10,3,1
5013,-19,14,1
547,-6,17,1
7383,-4,1,1
1149,-5,5,1
83,-5,3,1
9692,-20,20,1
8715,6,2,0
9355,-6,0,1
6185,-20,18,1
2204,2,-1,0
674,-14,11,1
329,-15,20,1
324,-20,13,1
8559,-17,14,1
1212,-4,-3,1
3733,-1,10,1
3374,10,-4,0
3349,-3,-6,0
8654,-13,8,1
8921,1,-2,0
5498,-20,20,1
2,-10,1,1
3782,0,0,0
8337,-6,3,1
3436,10,-11,0
9263,-7,20,1
4751,-20,20,1
4986,-5,5,1
9183,-11,11,1
4635,-11,18,1
5360,7,-11,0
9080,-16,14,1
7831,-19,20,1
252,6,-12,0
5527,-11,6,1
6405,3,5,1
6550,-20,20,1
5300,-20,19,1
1161,-20,13,1
843,0,-3,0
9058,-20,20,1
5933,-20,20,1
8467,7,-7,0
7164,-5,1,1
8251,12,-8,0
1851,-2,9,1
6243,7,-2,0
7022,-2,14,1
8378,-9,7,1
5452,-8,10,1
6491,9,-16,0
2850,4,6,1
1806,7,-8,0
4993,2,0,0
6310,-7,13,1
8988,-7,6,1
8496,-6,4,1
4205,-20,20,1
7687,-8,2,1
2682,-18,18,1
2899,-20,17,1
6447,-10,4,1
8018,0,-7,0
2587,-5,2,1
9936,-20,20,1
8578,-1,3,1
5106,-3,7,1
7189,-8,10,1
7240,-20,20,1
2483,-17,16,1
5871,-19,18,1
7769,6,-7,0
2022,-6,-3,1
2844,-13,9,1
3294,9,-16,0
9046,-20,17,1
6358,-8,3,1
4464,-11,9,1
7357,2,11,1
6245,3,3,0
4623,7,-6,0
23,-15,10,1
5592,-1,4,1
620,-14,16,1
3968,-15,16,1
5313,-4,7,1
8188,-15,8,1
8173,0,3,1
4318,-9,16,1
8556,-13,9,1
5743,-20,20,1
49,6,2,0
6017,-7,15,1
2629,-7,-8,0
4043,-18,20,1
4443,7,-9,0
6612,-15,6,1
2465,11,-10,0
388,-8,15,1
3846,-16,12,1
336,5,-2,0
739,-20,13,1
3887,-17,18,1
4610,-17,11,1
4535,-5,1,1
5408,-20,20,1
2488,-20,16,1
7165,20,-18,0
2118,-1,-4,0
8517,2,6,1
24,0,4,1
7192,0,7,1
2309,-6,1,1
9944,-2,3,1
4273,2,-2,0
7729,0,-1,0
2660,-14,6,1
5719,-7,3,1
5468,4,-3,0
4016,3,-2,0
6661,-19,13,1
1679,-16,9,1
3932,-16,20,1
2642,-6,-2,1
1855,0,-2,0
8195,-11,6,1
6732,6,-8,0
1790,-15,12,1
6319,-2,10,1
7545,-12,5,1
2607,-15,20,1
5291,-10,14,1
2975,0,-2,0
8599,8,-5,0
8253,-1,-4,0
6791,-16,7,1
8472,-6,10,1
4720,-9,9,1
8533,-20,1,1
4450,-4,2,1
3517,-18,19,1
181,11,-11,0
384,-14,15,1
1633,-20,16,1
5387,3,-2,0
2438,-14,13,1
6882,-20,20,1
7800,5,-15,0
9464,-2,6,1
5051,0,1,1
5703,-4,6,1
2814,-15,20,1
9147,-1,11,1
124,0,-2,0
5207,-11,6,1
2087,20,-20,0
7912,-4,-3,1
7429,0,-9,0
2569,6,-5,0
1746,9,-13,0
2480,-20,17,1
1702,9,-12,0
9855,-14,12,1
2320,4,3,0
8269,-11,17,1
8095,-18,5,1
7937,-20,20,1
7100,-15,6,1
544,10,-20,0
5856,3,6,1
6227,-9,10,1
6236,-14,7,1
81,-1,3,1
458,-18,20,1
8909,-2,4,1
8953,-3,-4,0
8907,-12,16,1
8951,0,4,1
2841,-20,15,1
7439,4,-20,0
5630,-20,20,1
4022,-1,7,1
296,-18,16,1
609,20,-20,0
1648,-12,5,1
389,9,-12,0
1539,7,0,0
359,-6,10,1
8784,-20,20,1
7645,-18,15,1
6150,0,-5,0
583,-3,8,1
9584,-20,20,1
6096,-15,9,1
6999,2,-11,0
9505,-5,11,1
1717,-20,2,1
6361,2,5,1
4460,-7,9,1
7860,6,-6,0
3692,-17,18,1
2693,-13,17,1
9768,5,-8,0
3787,-5,-7,0
6089,-19,14,1
5699,-20,20,1
1269,-18,16,1
4989,-11,11,1
57,-16,12,1
7371,1,-9,0
6569,-15,3,1
1569,-3,4,1
3284,-5,3,1
8552,4,2,0
9524,-20,18,1
7048,-10,2,1
50,-20,15,1
3478,-19,10,1
4112,7,-6,0
6443,-19,20,1
9361,-20,20,1
5662,-14,0,1
9469,-17,-4,1
8293,4,-10,0
3342,8,1,0
9457,-13,9,1
9756,-20,20,1
3834,-9,-1,1
2857,4,2,0
8770,3,-6,0
5342,-20,20,1
1050,-12,-3,1
5131,-2,-1,1
6133,-3,0,1
4002,-7,4,1
4723,-20,19,1
8429,-19,20,1
272,4,4,0
1651,1,-8,0
3318,1,-9,0
167,-20,20,1
9945,-19,15,1
3316,-20,9,1
9588,-4,9,1
8307,-15,12,1
4312,-13,20,1
3977,-20,18,1
8129,1,-3,0
2586,0,-6,0
327,-5,5,1
180,18,-13,0
6029,13,-17,0
447,-7,4,1
78,19,-11,0
6828,-20,13,1
1727,-12,20,1
3241,3,4,1
240,0,-2,0
2877,-20,20,1
9739,-16,10,1
9834,-6,-1,1
483,-18,16,1
2402,-20,20,1
9983,3,-8,0
1101,6,-4,0
6654,-14,9,1
9247,-3,-1,1
335,3,-2,0
6968,-17,20,1
5503,0,-9,0
618,-2,1,1
9545,-13,13,1
3709,3,-10,0
2048,-18,18,1
6949,2,-4,0
1753,-1,2,1
4380,-2,4,1
8041,-10,8,1
5736,-7,15,1
6233,-14,13,1
3673,1,-2,0
9651,-3,1,1
3136,-20,12,1
4196,10,4,0
6774,-7,9,1
2644,-13,2,1
2229,-14,9,1
2685,-10,17,1
6536,-5,-2,1
2215,3,-2,0
8834,20,-20,0
3167,-16,15,1
3222,-18,12,1
3608,-1,1,1
6318,-16,20,1
7082,-11,7,1
5490,-14,14,1
5020,8,0,0
3202,-10,-1,1
7682,-2,7,1
1010,-5,2,1
461,-20,18,1
8375,-8,15,1
4131,-19,20,1
831,4,-4,0
7435,-10,3,1
1486,2,2,0
5633,-12,13,1
8132,-20,20,1
6919,2,-2,0
7186,-10,16,1
7408,-17,10,1
1540,-16,20,1
664,-12,11,1
1695,-20,17,1
3916,-14,14,1
6487,-1,1,1
5306,2,-5,0
4888,-8,5,1
7716,-1,-7,0
7811,-9,20,1
5457,-3,6,1
9400,-20,19,1
3848,-20,20,1
9908,-2,3,1
7691,-20,20,1
3795,-20,20,1
7484,-5,6,1
4479,-20,17,1
4375,14,-6,0
2508,-3,-1,1
7795,-10,5,1
2385,15,-1,0
6920,-14,7,1
3107,-18,9,1
6138,-5,-2,1
3145,-6,15,1
3228,-1,11,1
3710,-6,13,1
5669,-4,5,1
6754,5,-9,0
7402,-14,19,1
4930,-20,20,1
781,2,0,0
745,-8,16,1
2375,-2,4,1
445,-20,7,1
3356,2,-6,0
5001,-12,9,1
7149,-10,-7,1
2318,-6,18,1
314,-12,10,1
7551,-2,2,1
5687,1,-2,0
5355,-17,16,1
2157,5,6,1
732,-18,9,1
4830,-20,15,1
8728,-11,6,1
477,-7,4,1
5307,7,-14,0
9975,-7,-2,1
2817,-5,1,1
7185,9,-14,0
8512,-5,-1,1
2564,-5,-3,1
3662,-3,3,1
8572,-8,1,1
9118,0,4,1
3119,-8,9,1
368,4,0,0
8984,9,-8,0
4743,-20,14,1
2156,-8,9,1
3695,-18,8,1
8296,19,-8,0
9593,-5,2,1
8150,1,11,1
8826,-12,16,1
6974,-5,7,1
873,-1,-2,0
1057,-20,20,1
9647,2,5,1
7922,-16,12,1
5867,-20,20,1
7714,-20,20,1
2654,-20,20,1
9525,-14,10,1
8752,-20,4,1
4208,5,-7,0
5827,-20,20,1
2479,-1,-4,0
5094,-15,7,1
2176,-10,14,1
7468,-16,3,1
2000,-9,10,1
4571,-8,5,1
4715,-8,12,1
4160,-9,7,1
4921,-6,8,1
7498,13,-8,0
3077,-20,18,1
4647,-20,20,1
5470,-1,5,1
7807,-20,20,1
1609,-20,20,1
2995,1,0,0
8501,-5,6,1
2913,9,0,0
9261,-5,2,1
1863,-10,5,1
3405,18,-16,0
2939,-14,20,1
3500,7,8,1
1133,-20,20,1
8137,-12,0,1
5464,1,-5,0
2875,-15,20,1
5453,-10,10,1
4264,-20,12,1
1340,12,-10,0
5579,8,-9,0
3935,-7,6,1
4058,-7,-10,0
2988,-17,8,1
6333,-20,15,1
1043,-6,11,1
4494,-2,4,1
8060,-18,12,1
516,-2,-2,0
9595,-6,7,1
3309,-1,5,1
2946,-18,15,1
1756,-20,20,1
6256,8,-15,0
3024,-1,4,1
8514,-16,20,1
528,-20,13,1
8841,2,-5,0
964,-11,14,1
2994,-10,12,1
2232,3,9,1
8844,-17,20,1
4782,-4,5,1
6520,7,-4,0
7446,-13,12,1
756,-7,9,1
6860,8,-10,0
1347,-2,1,1
5043,-20,20,1
8027,-2,0,1
4452,-20,14,1
5009,-16,19,1
6421,1,-4,0
191,0,-2,0
5738,-20,20,1
8120,5,-9,0
9623,-13,-5,1
4508,9,-4,0
2271,-15,15,1
6981,-18,20,1
6980,-8,8,1
1190,15,-13,0
9245,-18,20,1
619,16,-6,0
8756,-7,1,1
3948,-20,20,1
9343,-5,1,1
4637,-10,19,1
4574,-4,-10,0
4976,12,-14,0
6125,-5,4,1
5059,-13,5,1
1777,-15,14,1
2013,-20,15,1
2853,-20,19,1
9255,-13,15,1
3855,-15,11,1
9070,-6,7,1
3000,-9,7,1
5617,6,4,0
9511,-18,12,1
7600,-9,3,1
9162,-15,14,1
7239,-20,20,1
7647,-18,20,1
6587,-6,-6,0
9722,-13,9,1
5202,7,-6,0
166,-4,2,1
2935,-14,8,1
6908,-19,20,1
9157,-7,-1,1
3793,-1,3,1
2484,-8,5,1
5949,2,-4,0
2904,-8,20,1
5317,-20,20,1
560,-3,15,1
2723,3,-3,0
8054,4,-7,0
4973,-15,7,1
9090,-10,19,1
2160,-14,10,1
4113,-13,16,1
1119,-3,1,1
3780,0,2,1
2957,-6,10,1
5928,-4,9,1
4052,1,2,1
6820,8,-11,0
2989,0,3,1
2928,0,-5,0
4044,-20,17,1
8824,-18,14,1
4589,-12,14,1
1841,-18,6,1
7279,1,-12,0
4202,2,-1,0
2639,-9,9,1
360,4,-1,0
4736,-14,17,1
7360,-19,14,1
1953,-20,20,1
9033,-15,11,1
683,-10,2,1
3813,10,-3,0
8480,-12,18,1
14,3,-16,0
1971,-1,-6,0
971,-3,0,1
587,4,5,1
7302,-2,1,1
5969,-14,18,1
8785,-18,20,1
2393,-18,15,1
4177,-10,19,1
5170,4,-2,0
2966,-20,5,1
9388,-20,20,1
8971,14,-1,0
548,-20,20,1
774,-2,-4,0
4717,-14,18,1
1965,-20,20,1
1645,9,-14,0
8301,-3,3,1
7264,-20,20,1
2746,-20,20,1
8324,-6,10,1
5493,-15,20,1
2561,-4,7,1
1963,-19,2,1
4062,6,-12,0
2733,-18,16,1
1398,-8,6,1
3446,-9,20,1
275,-8,7,1
5659,-7,5,1
6160,-20,14,1
8167,-18,16,1
4722,-12,14,1
9220,-20,20,1
1265,4,-12,0
4949,4,3,0
4847,7,-5,0
6286,-17,17,1
1998,-3,-2,1
9015,12,-18,0
8872,-17,16,1
7925,-20,20,1
43,-15,19,1
1659,6,-6,0
6785,3,-2,0
8777,-11,16,1
8091,-20,2,1
529,-11,20,1
8029,-15,9,1
1113,-3,-2,1
5411,2,5,1
4146,0,-11,0
350,10,-2,0
7225,-2,-6,0
4553,-7,-2,1
6366,-20,14,1
740,-5,3,1
8682,-4,11,1
5167,2,-12,0
5390,-17,15,1
8624,-20,20,1
5678,-7,11,1
698,-9,10,1
6003,-11,6,1
6336,-7,-1,1
1127,-8,-2,1
9181,-17,20,1
8753,-20,14,1
4012,20,-20,0
9727,13,-3,0
2285,-16,20,1
1491,-8,20,1
7939,-20,15,1
5863,-10,16,1
7215,-16,19,1
437,-20,14,1
7092,20,-11,0
9155,1,-6,0
9641,-11,0,1
2273,13,-8,0
7364,-10,8,1
3575,-20,20,1
2124,-14,15,1
9209,0,8,1
5997,-20,17,1
5389,-2,6,1
893,-20,14,1
5518,-2,2,1
3609,16,-12,0
5443,-7,0,1
2343,-12,5,1
7040,-15,0,1
7674,-20,20,1
8306,-20,18,1
8855,-16,11,1
5890,12,-14,0
5185,10,-12,0
6657,-20,19,1
8177,-19,13,1
726,-11,4,1
6575,-20,20,1
6778,-7,8,1
9974,-20,20,1
5922,6,-6,0
8364,-18,20,1
9310,5,-3,0
807,14,-10,0
5826,-20,18,1
8317,-20,20,1
5849,-17,12,1
1852,15,-17,0
370,-14,15,1
2837,-20,20,1
6989,3,5,1
9424,12,-8,0
5134,15,-13,0
3657,-16,20,1
7568,2,11,1
5981,15,-10,0
4425,3,4,1
9097,-4,4,1
3833,-9,16,1
2095,10,-5,0
1307,-2,9,1
775,-6,8,1
5536,-4,4,1
2886,-20,20,1
463,-10,-5,1
8673,-20,20,1
259,-5,6,1
6559,-5,4,1
2895,-5,0,1
6375,-9,7,1
9409,-20,20,1
1217,-11,13,1
2327,-7,-7,0
1601,-20,16,1
8672,-10,7,1
4809,-20,19,1
1561,-20,20,1
3091,-3,1,1
3364,-2,17,1
771,16,-16,0
1603,-5,9,1
7638,4,-3,0
3822,-2,7,1
4799,3,-10,0
7447,4,-4,0
782,2,-6,0
5189,-10,6,1
1140,0,8,1
9765,-9,9,1
3689,-11,5,1
7664,-5,-3,1
2455,12,-8,0
3377,-20,20,1
6925,1,-3,0
9682,1,-15,0
8955,-13,8,1
6478,-15,19,1
8245,1,-7,0
6190,-20,20,1
3516,-5,3,1
8667,-20,18,1
3763,-20,20,1
1925,-12,11,1
4575,-6,5,1
6263,-20,20,1
3209,7,-10,0
630,-14,14,1
3933,3,0,0
7247,-18,9,1
9551,-3,4,1
9350,-20,13,1
1054,3,-7,0
6951,-5,-5,0
5344,-5,9,1
2929,-1,5,1
2061,-11,2,1
3691,-1,4,1
9379,-5,15,1
9,-20,20,1
6404,-2,7,1
2983,-20,14,1
908,5,-4,0
6359,-10,3,1
4640,-20,20,1
924,-3,16,1
8235,-18,20,1
9264,5,0,0
3386,-20,8,1
4047,-3,7,1
9761,4,-12,0
3421,-2,3,1
1134,-11,5,1
3636,6,-7,0
5199,-8,2,1
1082,-18,19,1
3523,-9,16,1
2696,1,-3,0
104,1,10,1
855,-3,-3,0
4330,-16,20,1
2711,1,-10,0
4080,-20,20,1
1941,-5,2,1
8304,-9,2,1
4923,-20,20,1
1786,-3,-9,0
9425,15,-15,0
9573,-20,20,1
2705,-11,12,1
8926,-20,20,1
7737,-20,20,1
2763,2,-5,0
7008,-13,5,1
6230,-8,-1,1
7946,-10,16,1
4083,-17,10,1
7173,1,2,1
2651,-20,13,1
1267,10,-6,0
2802,-20,4,1
3440,-1,20,1
3124,19,-8,0
1826,-20,20,1
9309,-20,15,1
6723,-16,20,1
7770,-18,3,1
1245,3,-3,0
7889,20,-16,0
5445,0,2,1
7080,11,-4,0
7411,-4,-7,0
6854,7,-2,0
1798,-15,8,1
4415,-6,13,1
8619,14,-5,0
2199,-20,18,1
3557,6,-6,0
4892,-3,3,1
3233,-18,20,1
3373,-2,1,1
3368,-10,9,1
371,-9,12,1
8421,-16,12,1
9994,-1,3,1
6235,-2,6,1
8570,-6,0,1
7684,8,-4,0
545,-20,20,1
5624,-7,5,1
6542,-4,17,1
8135,-3,2,1
4079,4,3,0
9516,-5,2,1
6255,-11,6,1
9519,-2,3,1
3411,4,-5,0
961,-11,0,1
6507,-8,-6,1
6115,-16,8,1
8127,-8,-1,1
7199,-4,12,1
750,-10,9,1
5143,-12,1,1
1915,-19,20,1
1991,16,-16,0
2664,-4,14,1
6577,-20,20,1
1780,-3,0,1
5229,1,-9,0
6457,-3,18,1
7492,-20,20,1
8796,-9,10,1
408,-20,20,1
4648,-8,5,1
9493,-20,20,1
9964,-14,19,1
5,-11,8,1
3418,-12,4,1
741,-3,14,1
9705,-3,-5,0
8898,-11,13,1
9728,-11,13,1
7227,5,-11,0
7235,-5,6,1
3133,8,-2,0
7155,-20,12,1
2513,-20,20,1
1954,1,3,1
8594,-8,18,1
7501,-3,4,1
6749,20,-17,0
7834,-9,9,1
1864,-14,4,1
8382,-14,7,1
3752,-11,12,1
2233,-7,12,1
2481,-9,10,1
3546,-20,20,1
8868,2,-2,0
9847,-3,6,1
4909,-8,0,1
3352,-20,20,1
7205,-3,5,1
2956,-5,2,1
8674,-17,11,1
8940,2,-3,0
7533,-13,20,1
9980,-10,0,1
8238,-13,4,1
2552,-17,12,1
4555,-20,18,1
5066,7,-5,0
3711,-20,20,1
2618,-15,7,1
6616,-15,2,1
6237,8,-5,0
919,-2,1,1
8681,-20,20,1
9928,-14,13,1
4794,10,-12,0
3717,-10,12,1
2526,7,-9,0
2632,7,-10,0
2541,-19,17,1
3408,-20,15,1
6909,-20,20,1
6647,-11,4,1
6294,-8,6,1
7335,3,-1,0
9167,-9,15,1
8436,0,13,1
2241,-13,13,1
4501,0,6,1
7888,-9,20,1
887,-20,17,1
4260,2,1,0
9849,-19,7,1
6934,3,-8,0
6856,-14,6,1
1247,-11,12,1
4073,-20,10,1
8286,2,8,1
8532,-15,-2,1
9354,-1,9,1
5146,-20,20,1
8793,-6,6,1
2407,3,1,0
161,0,-5,0
8125,-6,4,1
4307,1,15,1
9688,-4,4,1
2360,-6,6,1
5087,-20,20,1
3290,5,1,0
3905,-10,9,1
8885,10,2,0
4025,-3,9,1
9899,7,1,0
3482,-20,20,1
307,-6,6,1
9294,8,-2,0
6672,-1,-9,0
7249,-4,-1,1
7190,7,-13,0
5708,-4,6,1
9691,5,10,1
1523,-17,7,1
5841,-18,13,1
3400,-9,0,1
1480,-12,20,1
2713,-3,1,1
871,-18,10,1
3872,-20,20,1
8100,-7,6,1
7007,2,2,0
4477,-20,20,1
8740,-5,-2,1
3502,-6,6,1
5525,12,-11,0
5685,-2,2,1
5647,15,-12,0
3868,9,0,0
7640,-4,2,1
5109,-5,9,1
8259,-4,10,1
2090,-2,7,1
9603,5,5,0
3993,-13,6,1
5417,0,-10,0
880,-11,0,1
6470,-14,15,1
8248,-20,20,1
1300,-20,14,1
7573,-20,20,1
9938,0,-3,0
8771,12,-3,0
5188,-17,15,1
4269,-19,20,1
4421,13,-2,0
8197,-20,20,1
2803,-20,20,1
4776,4,-3,0
6075,-14,10,1
1238,-20,12,1
4392,-7,9,1
1897,6,-2,0
9366,2,-6,0
3046,-20,20,1
1661,-18,20,1
5646,0,-1,0
3435,-20,16,1
1611,0,-1,0
9946,-3,1,1
6330,1,-3,0
7842,-2,5,1
5485,-7,14,1
8114,-3,7,1
1460,-10,6,1
2947,7,-4,0
6370,10,-11,0
1368,-10,14,1
6420,-4,3,1
1666,-20,18,1
8420,-19,6,1
657,-6,-2,1
5206,-20,20,1
1039,-19,20,1
7143,-20,20,1
8837,-20,16,1
6382,4,-6,0
2079,-20,9,1
5279,-20,15,1
2970,4,-11,0
3765,7,-7,0
1222,-8,10,1
9929,-5,-1,1
3919,-20,3,1
34,-13,4,1
3753,-19,20,1
1395,6,-5,0
9957,13,-18,0
5336,-20,14,1
1246,-20,17,1
308,3,-2,0
9106,-9,4,1
8498,-9,3,1
2624,-2,7,1
9059,-2,4,1
8118,-16,17,1
6781,-9,10,1
8557,-6,-4,1
2635,-20,20,1
950,-4,1,1
9521,0,-1,0
4126,-13,6,1
3769,10,-8,0
6725,-2,3,1
4964,-4,10,1
939,-7,-3,1
1260,6,-3,0
5414,-20,13,1
5159,-11,5,1
4136,-13,4,1
4987,16,0,0
218,6,5,0
5585,-20,20,1
3483,-20,20,1
6006,-11,11,1
246,9,-13,0
6384,8,-3,0
3185,-20,16,1
4097,-9,9,1
3230,-7,5,1
3531,-13,12,1
3297,1,0,0
8625,-1,-2,0
5245,8,-11,0
4899,4,2,0
8790,-18,12,1
9421,-18,12,1
1313,-20,19,1
4078,-4,-6,0
7511,8,-3,0
7442,4,-2,0
8140,14,-3,0
1922,9,-2,0
3165,-15,20,1
7347,-1,12,1
8571,-11,16,1
6658,1,-5,0
1574,-20,13,1
9056,-14,16,1
8117,14,-15,0
290,-8,10,1
4748,-4,-4,0
8836,-20,20,1
3549,-8,7,1
3619,-8,10,1
5889,-20,19,1
6671,-14,20,1
7094,-16,2,1
7518,10,-10,0
8580,-3,6,1
2512,-6,14,1
9757,-9,5,1
8639,-14,10,1
2352,-2,-10,0
182,-7,10,1
2551,-20,18,1
1950,-17,6,1
7306,-20,20,1
4103,-5,5,1
8400,-13,20,1
3961,0,-5,0
7818,-1,5,1
8691,-3,-2,1
189,-3,0,1
1394,-20,20,1
1641,-20,14,1
9283,1,-6,0
1294,-17,15,1
9733,9,-4,0
9909,-12,4,1
8322,6,-5,0
7727,-19,17,1
3184,-8,10,1
4681,-16,20,1
4198,-14,13,1
4294,17,-20,0
5576,-17,12,1
7261,-20,20,1
9918,-20,20,1
1966,5,-4,0
1173,-20,20,1
5903,9,-8,0
5121,-6,3,1
5429,0,-2,0
8620,-20,18,1
1518,5,7,1
415,-5,-4,1
8329,-20,20,1
9010,-10,2,1
7073,-11,7,1
2539,-20,3,1
8658,-20,20,1
1732,-14,14,1
6875,-14,9,1
6302,-7,12,1
5246,10,-5,0
9453,-20,8,1
9549,-12,12,1
8744,-20,15,1
3589,-20,14,1
7437,-20,13,1
7297,-20,20,1
9444,-9,1,1
1120,11,-10,0
3212,-20,20,1
1371,-17,11,1
3594,8,-8,0
5541,1,0,0
87,1,3,1
5003,8,-16,0
5620,-15,12,1
4845,-20,20,1
1100,-11,8,1
6599,-5,5,1
9680,-1,-5,0
2790,5,5,0
3278,-5,-7,0
9658,0,1,1
845,4,0,0
5681,-10,3,1
7913,-18,10,1
6531,-20,20,1
1525,2,0,0
4819,0,0,0
6071,-20,11,1
9581,-9,10,1
5161,9,-14,0
4275,-20,17,1
687,1,-3,0
4860,-12,15,1
3751,-4,-7,0
3340,-2,1,1
3465,4,-5,0
7840,-8,3,1
4365,-5,16,1
236,4,-16,0
3365,-8,9,1
1400,13,-20,0
7791,-16,7,1
8475,16,-17,0
909,9,-5,0
6287,-4,3,1
7392,9,8,0
4644,-20,20,1
8922,-6,-1,1
9550,5,-6,0
6277,-2,-5,0
9440,-8,20,1
2833,-20,16,1
7885,-15,15,1
1760,2,-8,0
4958,-6,7,1
1802,-6,6,1
2924,3,7,1
1739,-17,13,1
2874,-20,18,1
969,0,-3,0
2136,-7,3,1
2020,-20,19,1
4267,-18,14,1
5232,-16,4,1
2938,-4,0,1
905,-15,10,1
4747,-4,-1,1
1906,-15,1,1
3871,-1,6,1
7327,6,2,0
2721,-11,7,1
6368,-11,5,1
7379,-13,16,1
1042,-6,2,1
9045,-16,5,1
4341,5,7,1
1813,-20,19,1
9488,5,-6,0
9743,-13,3,1
5203,-14,15,1
2898,-20,20,1
3225,-20,20,1
8693,-20,20,1
1762,-16,13,1
9446,-10,3,1
2235,-9,2,1
1974,-20,20,1
7751,-1,-2,0
9200,-8,5,1
3493,14,-9,0
4579,-11,5,1
4439,5,0,0
3539,-20,8,1
9472,-6,0,1
3590,-20,16,1
9565,-2,-10,0
3971,-7,4,1
6976,-6,7,1
5030,17,-12,0
8354,2,-3,0
2279,7,3,0
1506,6,5,0
3720,0,2,1
4221,-6,2,1
4900,-1,-3,0
5212,-20,17,1
4994,-8,6,1
4548,-19,1,1
8733,-20,20,1
8198,-5,16,1
8234,-19,8,1
7633,-14,20,1
3409,-3,1,1
4353,4,-9,0
4412,0,1,1
6984,2,-8,0
8526,-15,17,1
9663,4,-8,0
2608,-1,-2,0
1316,-9,15,1
7756,-15,20,1
913,-7,4,1
5834,-17,20,1
4777,-8,10,1
2060,-18,18,1
8780,-1,0,1
9640,1,-2,0
3696,-14,3,1
4480,-11,2,1
981,-19,10,1
4652,-1,7,1
55,-8,2,1
6234,-12,2,1
7651,-17,11,1
1579,-6,7,1
9394,-2,-17,0
3249,-12,10,1
9626,-4,8,1
3109,-16,15,1
8067,-6,-4,1
5674,-19,20,1
2339,-7,-1,1
1840,-20,20,1
7550,1,-6,0
9632,-19,6,1
289,-3,7,1
3915,-12,13,1
8099,-14,16,1
2427,-20,20,1
9653,6,-5,0
5976,-13,12,1
2756,-20,13,1
1443,-15,12,1
3361,-20,16,1
3092,-12,16,1
4096,8,-5,0
8196,1,1,0
6784,-14,18,1
4271,-14,6,1
9772,0,-1,0
763,18,-19,0
4931,-14,9,1
1271,8,-17,0
1522,-20,20,1
7114,-20,14,1
1402,-9,11,1
6059,1,-1,0
6811,-20,20,1
1667,-14,20,1
2202,0,-1,0
6169,-5,0,1
4950,-20,20,1
8978,-20,20,1
2597,12,-11,0
3712,-13,11,1
7288,-6,4,1
3169,3,-7,0
1505,0,-3,0
9563,6,-3,0
383,3,12,1
6385,8,-12,0
3126,-18,12,1
5817,6,-6,0
5164,-13,19,1
5451,-20,20,1
9885,7,3,0
8184,-8,-6,1
7422,-17,16,1
6873,-6,15,1
8852,-15,14,1
2818,-20,20,1
3429,-20,20,1
4176,-12,8,1
8638,9,-13,0
1225,6,3,0
5183,-20,20,1
8401,-5,0,1
1198,-14,20,1
5374,-1,-3,0
7725,-12,-6,1
963,-20,20,1
5891,0,3,1
2496,5,7,1
3011,-20,7,1
3205,2,-9,0
3152,-2,5,1
4857,-7,-6,1
7000,-20,20,1
4092,-11,15,1
4891,-20,9,1
5532,2,6,1
2695,-20,13,1
9838,18,-17,0
9923,-3,4,1
3082,-18,12,1
3591,-16,10,1
1597,-10,14,1
7540,-20,19,1
8607,1,-1,0
6416,-5,13,1
1865,-16,17,1
6045,-11,8,1
9546,-14,10,1
1285,-16,11,1
3519,5,-3,0
1148,12,-13,0
4788,-5,-3,1
1141,-17,20,1
8499,-15,6,1
1350,-19,10,1
1414,-20,14,1
9949,-4,-5,0
6010,6,-1,0
109,-20,20,1
7493,-12,13,1
8596,-5,10,1
2392,-8,14,1
9747,-17,20,1
848,5,-4,0
8914,-12,15,1
3801,-10,12,1
1123,-14,9,1
425,-4,8,1
6213,-20,17,1
4142,-8,4,1
2993,-11,11,1
6825,-7,12,1
5492,5,-18,0
9228,-3,-4,0
9025,-6,6,1
8927,2,2,0
8779,6,-12,0
8422,-1,-2,0
378,-20,16,1
4840,2,-5,0
4977,-11,7,1
5725,-11,7,1
3406,-19,18,1
5200,0,-12,0
8082,-20,20,1
9700,-15,6,1
6313,-13,7,1
5730,14,-17,0
2411,-7,5,1
3255,-20,20,1
5308,-17,7,1
6030,0,8,1
7337,-13,20,1
7563,-18,5,1
5478,16,-15,0
4718,-13,19,1
6961,-5,4,1
6907,-20,20,1
7122,-1,1,1
9685,-17,2,1
9020,-8,8,1
2749,-10,11,1
9088,7,-12,0
7982,7,-5,0
8966,-2,-6,0
4324,4,-3,0
4796,-14,12,1
6868,-6,14,1
7345,-7,4,1
3489,-9,-3,1
1306,-9,20,1
9049,20,-20,0
3818,-6,14,1
604,-6,9,1
575,-11,14,1
5264,-1,-5,0
1628,-3,2,1
8600,-18,13,1
351,-10,18,1
1670,-12,9,1
4156,2,12,1
4236,-16,13,1
3299,-14,2,1
6119,-10,7,1
9320,-20,18,1
9987,-20,17,1
3597,-19,12,1
7277,-20,14,1
4596,-16,17,1
1901,-8,2,1
1631,4,2,0
9730,-20,13,1
273,-12,11,1
2872,-3,-6,0
9038,-10,-3,1
8200,0,5,1
2378,-20,20,1
30,-9,3,1
5244,-20,20,1
3685,-4,2,1
6823,2,3,1
1832,-20,20,1
5639,-10,4,1
672,-20,9,1
9427,5,-3,0
6257,2,-5,0
5370,4,5,1
1556,-8,11,1
1873,4,-9,0
3123,-12,7,1
3857,-20,17,1
228,-5,-4,1
8977,-20,20,1
9567,-20,4,1
9072,1,-7,0
2752,18,-12,0
9206,16,-15,0
4761,-17,15,1
1705,0,-3,0
1375,-3,2,1
3231,2,2,0
2915,-11,11,1
4651,-7,-3,1
1179,-15,-2,1
5635,-12,13,1
9903,-19,12,1
3268,-4,-6,0
5749,-1,0,1
1508,4,6,1
5403,-4,-1,1
8610,6,0,0
3097,-20,13,1
7223,-20,15,1
2591,11,-15,0
7520,7,-4,0
1116,-8,10,1
5011,-12,0,1
2300,-9,-1,1
3976,3,-7,0
4024,0,13,1
9932,9,-18,0
56,7,-3,0
4686,-9,6,1
6141,-19,20,1
8392,2,4,1
9661,6,2,0
4868,-20,20,1
1692,-19,7,1
3513,-10,13,1
4029,-20,20,1
2217,-12,13,1
138,-5,-2,1
146,-11,14,1
1326,-19,14,1
5625,-4,5,1
2277,-20,12,1
168,0,0,0
629,-9,8,1
1576,4,0,0
8912,-7,8,1
5511,-18,20,1
6652,-20,16,1
7353,-4,7,1
1359,-12,9,1
6674,-15,20,1
1231,-20,15,1
744,-15,17,1
8151,6,-9,0
5053,3,-3,0
1096,-15,12,1
4322,14,-3,0
4284,-20,17,1
3663,-20,20,1
9755,-20,20,1
96,0,9,1
2423,-20,20,1
8048,-12,13,1
1656,-8,3,1
1216,-7,3,1
2493,-12,0,1
6365,-4,5,1
1315,-20,7,1
5364,-19,17,1
5339,-5,4,1
8839,-8,12,1
1007,4,0,0
7368,-20,20,1
2524,-20,12,1
7950,1,9,1
7354,7,-12,0
5501,-4,-1,1
1027,6,0,0
1882,-7,-2,1
4628,-2,15,1
7066,-1,7,1
9731,1,-9,0
9034,-16,4,1
7968,12,-12,0
1041,-2,-2,0
4089,-17,12,1
8461,-20,20,1
3253,-10,6,1
2810,-20,19,1
4148,-12,9,1
6220,-1,-7,0
5512,-14,18,1
8268,-10,15,1
8794,7,6,0
5193,-12,5,1
393,-10,7,1
4168,-3,-2,1
1969,-14,20,1
1076,-14,12,1
175,-12,9,1
9306,1,0,0
8311,-1,1,1
3838,-20,20,1
3279,-4,-5,0
8344,12,-11,0
9920,-14,11,1
2109,16,-18,0
2740,-20,14,1
5401,-14,-7,1
6627,-7,6,1
8536,-5,7,1
7116,-2,-1,1
294,-20,20,1
3425,-20,20,1
5643,-10,8,1
2297,-9,9,1
8353,-14,9,1
284,-6,-6,0
3851,-7,2,1
4317,-20,20,1
8455,17,-10,0
5448,-15,10,1
2720,-16,13,1
4666,-20,20,1
1839,-20,20,1
8506,-8,14,1
5056,3,-4,0
2603,-9,9,1
3048,2,16,1
8531,5,-8,0
6131,-3,11,1
4117,-8,14,1
7529,-3,9,1
4542,-20,20,1
1,-6,11,1
4134,-14,11,1
8326,-17,16,1
4233,-5,13,1
8440,-7,-3,1
9762,-17,9,1
503,-5,5,1
8957,2,13,1
7059,-6,-1,1
6708,-20,20,1
3058,-6,-6,0
2115,8,-2,0
9194,4,5,1
4368,-3,9,1
4258,-13,7,1
200,-1,3,1
6228,-2,14,1
120,-16,13,1
1370,-13,17,1
4580,0,6,1
5226,4,11,1
6896,-5,0,1
2786,-20,7,1
7136,-6,-9,0
3637,10,-12,0
3708,3,1,0
6623,-4,-3,1
6371,-7,8,1
9122,-20,20,1
1747,0,-6,0
1112,-18,11,1
3397,-4,1,1
2781,-15,9,1
8210,3,-10,0
1158,2,-6,0
7993,-10,-5,1
4226,-4,3,1
6503,-6,6,1
5208,-10,9,1
3102,15,-20,0
1912,-2,-7,0
5936,3,-11,0
8566,0,1,1
2152,-6,6,1
3461,-17,6,1
5548,-5,17,1
4669,-2,1,1
6985,3,0,0
8520,-20,20,1
5153,-20,18,1
4570,-20,20,1
8956,4,-5,0
6932,-17,20,1
4361,-5,10,1
6826,-5,5,1
9012,-15,17,1
8608,-18,20,1
932,0,7,1
2881,-13,15,1
4268,-3,5,1
3335,-20,20,1
8403,-4,-3,1
6024,-18,20,1
9662,-4,3,1
4088,16,-12,0
5499,2,12,1
3343,15,-9,0
5067,-20,20,1
9711,5,0,0
5138,1,2,1
343,-15,15,1
1407,-6,8,1
8323,-18,-3,1
3906,-20,17,1
6301,-9,5,1
6844,9,-11,0
85,-1,-7,0
2640,-5,7,1
3535,-14,8,1
2620,-7,8,1
9295,20,-11,0
886,-13,8,1
1129,-5,19,1
3198,-20,13,1
5744,-20,20,1
3387,-1,-4,0
5251,-6,9,1
9740,13,-4,0
2984,-6,-9,0
3555,-8,6,1
5634,-5,3,1
5380,-10,2,1
8438,0,11,1
1169,-13,2,1
135,-1,-4,0
3520,-6,-2,1
9153,-8,17,1
6879,-20,20,1
5887,10,-6,0
7255,-7,6,1
4578,-16,16,1
9234,-20,16,1
3003,3,-6,0
5989,-6,3,1
7572,-5,0,1
4387,1,-2,0
6728,-1,-1,0
3100,-7,-2,1
7663,12,-7,0
9225,-20,20,1
106,-16,15,1
1668,-2,1,1
3701,-7,-3,1
7500,5,-13,0
4918,-20,20,1
3902,-20,20,1
8551,-19,20,1
534,-8,9,1
9568,-9,10,1
5979,-2,-2,0
3135,14,-13,0
5601,16,-12,0
9754,-7,11,1
8755,2,-7,0
7013,0,-5,0
8555,-1,-6,0
3296,-12,1,1
5046,14,-14,0
5919,-10,-5,1
2750,11,-11,0
7060,-12,9,1
3922,6,-9,0
2492,-2,0,1
1366,-1,10,1
6656,-10,16,1
4178,16,-16,0
6716,-20,20,1
8974,6,-10,0
802,-20,20,1
7741,19,-7,0
4288,-14,2,1
4664,-17,6,1
1420,-14,12,1
4742,-20,20,1
9043,-7,5,1
1751,-10,20,1
2771,-8,0,1
9495,-8,8,1
7418,-12,4,1
5088,5,0,0
6146,11,-10,0
2849,-20,15,1
990,20,-20,0
5824,-20,15,1
5642,-4,15,1
4491,10,-10,0
654,-13,4,1
6824,-20,18,1
4966,-4,8,1
197,0,-3,0
6751,6,6,0
521,5,-11,0
4056,-16,20,1
3150,-20,12,1
3329,-8,12,1
2879,-15,18,1
4605,-7,9,1
1110,-15,9,1
5831,-7,15,1
3186,15,-3,0
5957,-20,19,1
4825,-16,1,1
7967,0,4,1
3999,-13,16,1
7878,-17,10,1
4529,-20,5,1
7556,-20,20,1
4729,8,-6,0
8820,18,-18,0
7904,-20,20,1
4518,-2,-5,0
6594,-7,1,1
2559,-10,14,1
7014,0,-5,0
6799,-9,10,1
9132,-5,-3,1
4082,-7,-2,1
7151,-6,-4,1
9018,-20,20,1
6063,-14,15,1
6789,-19,20,1
4917,-15,20,1
8775,3,2,0
1547,-20,15,1
1448,6,-15,0
4896,-13,2,1
8336,6,-6,0
5423,0,-3,0
1744,6,-7,0
3178,-16,10,1
32,-7,8,1
4132,1,17,1
3726,-18,20,1
1596,-1,1,1
6718,-20,20,1
1725,-16,6,1
416,-16,20,1
8442,-20,20,1
7531,0,15,1
6743,-9,11,1
4780,0,6,1
3223,4,-8,0
7334,-14,8,1
3393,-7,10,1
2622,20,-12,0
8528,-5,-1,1
8546,-6,4,1
3678,-20,10,1
8264,-20,18,1
957,-17,14,1
3798,-20,20,1
4100,-16,17,1
4303,-7,8,1
