sample_index,Class_0,Class_1,Class_2,Class_3,Class_4,Class_5,Class_6,Class_7,Class_8,Class_9,predicted_label
7312,-30,-30,-30,-30,-30,-30,-30,30,-30,-30,7
3897,-30,-30,30,-30,-30,-30,-30,-30,-30,-30,2
7659,-30,30,-30,-30,-30,-30,-30,-30,-30,-30,1
4020,30,-30,-30,-30,-30,-30,-30,-30,-30,-30,0
2555,-30,-30,-30,-30,30,-30,-30,-30,-30,-30,4
9754,-30,30,-30,-30,-30,-30,-30,-30,-30,-30,1
2795,-30,-30,-30,-30,30,-30,-30,-30,-30,-30,4
9727,-30,-30,-30,-30,-30,-26,-30,-30,-30,30,9
5476,-30,-30,-30,-30,-23,30,-30,-30,-30,-30,5
3994,-30,-30,-30,-30,-30,-30,-30,-15,-30,-30,7
7194,30,-30,-30,-30,-30,-29,-30,-30,-30,-30,0
4133,-30,-30,-30,-30,-30,-30,30,-30,-30,-30,6
345,-30,-30,-30,-30,-30,-30,-30,-30,-30,29,9
6735,30,-30,-30,-30,-30,-28,-30,-30,-30,-30,0
9050,-30,30,-30,-30,-30,-30,-30,-30,-30,-30,1
205,-30,-30,-30,-30,-30,23,-30,-30,-30,-30,5
4295,-30,-30,-30,-30,-30,-30,-30,-30,-30,30,9
657,-30,-30,-30,-30,-30,-30,-30,30,-30,-30,7
6542,-30,-30,-24,-30,-30,-13,-30,-30,-30,-30,5
2039,-30,-30,-30,-30,30,-30,-30,-30,-30,-30,4
5798,-30,-30,-30,-30,-30,-30,-30,-30,-30,15,9
6427,-30,-30,-30,-30,-30,-30,30,-30,-30,-30,6
7243,-30,-30,-30,-30,-30,-30,30,-30,-30,-30,6
2117,-30,-30,-30,-30,-30,30,-30,-30,-30,-30,5
3210,-30,-30,-30,-30,30,-30,-30,-30,-30,-30,4
5903,30,-30,-30,-30,-30,-25,-30,-30,-30,-30,0
7901,-30,-30,-30,-30,-30,-30,-30,30,-30,-30,7
1895,-30,-30,-30,-30,30,-30,-30,-30,-30,-30,4
439,30,-30,-30,-30,-30,-30,-30,-30,-30,-30,0
4279,-30,30,-30,-30,-30,-30,-30,-30,-30,-30,1
9170,-30,-30,-30,30,-30,-30,-30,-30,-30,-30,3
5243,-30,30,-30,-30,-30,-30,-30,-30,-30,-30,1
9060,-30,-30,-30,30,-30,7,-30,-30,-30,-30,3
8054,-15,-30,-30,-30,14,-3,-30,-30,-30,-30,4
3676,-30,-30,-30,-30,-30,-30,-30,30,-30,-30,7
441,-30,-30,30,-30,-30,-23,-30,-30,-30,-30,2
7759,-30,-30,-30,-30,-30,-30,-30,30,-30,-30,7
8813,-30,30,-30,-30,-30,-30,-30,-30,-30,-30,1
7222,-30,-30,30,-30,-30,-30,-30,-30,-30,-30,2
335,-30,30,-30,-30,-30,-30,-30,-30,-30,-30,1
4248,-30,30,-30,-30,-30,-30,-30,-30,-30,-30,1
8916,-30,-30,-30,-30,-30,-30,-30,30,-30,-30,7
7656,-30,-30,-30,-30,30,-30,-30,-30,-30,-30,4
3942,-30,-30,30,-30,-30,-30,-30,-30,-30,-30,2
6480,-30,-30,-30,30,-30,-30,-30,-30,-30,-30,3
7030,-30,-30,-30,-30,-30,30,-30,-30,-30,-30,5
9899,-30,30,-30,-30,-30,-30,-30,-30,-30,-30,1
1672,-30,-30,30,-30,-30,-30,-30,-30,-30,-30,2
3904,-30,-30,-30,-30,-30,-30,-30,-30,-30,-30,0
4840,-30,-30,-30,-30,30,-30,-30,-30,-30,-30,4
6094,-30,-30,-30,-30,-30,-30,30,-30,-30,-30,6
9005,-30,-30,-30,23,-30,-30,-30,-30,-30,-30,3
4894,-30,-30,-30,-30,-30,30,-30,-30,-30,-30,5
6295,-30,-30,-30,-30,-30,30,-30,-30,-30,-30,5
8113,-30,-30,-30,-30,-30,-30,30,-30,-30,-30,6
9398,30,-30,-30,-30,-30,-30,-30,-30,-30,-30,0
7691,-30,-30,-30,-30,30,-30,-30,-30,-30,-30,4
6220,-30,30,-30,-30,-30,-30,-30,-30,-30,-30,1
641,-30,-30,-30,-30,-30,-30,-30,-30,-30,1,9
4120,-30,-30,-30,-30,-21,30,-30,-30,-30,-30,5
7071,-30,-30,-30,-30,-30,-30,-30,30,-30,-30,7
3694,-30,-30,-30,-30,-30,-30,-30,-30,-30,-30,0
4061,-30,-30,-30,-30,-30,-30,-30,-30,-30,-25,9
3921,-30,-30,18,27,-30,-30,-30,-30,-30,-30,3
1604,-30,-30,-30,-30,-30,-30,-30,30,-30,-30,7
2730,-30,-30,-30,-30,16,-30,-30,-30,-30,-30,4
378,-30,-30,-30,-30,-30,-30,30,-30,-30,-30,6
1087,-30,-30,-30,-30,30,-7,-30,-30,-30,-30,4
5788,-30,-30,-30,30,-30,-30,-30,-30,-30,-30,3
974,30,-30,-30,-30,-30,-23,-30,-30,-30,-30,0
4224,-30,-30,-30,-30,-30,-30,-30,30,-30,-30,7
574,30,-30,-30,-30,-30,-18,-30,-30,-30,-30,0
4957,-30,-30,30,-30,-30,-28,-30,-30,-30,-30,2
7950,-30,-30,-30,-30,-30,-30,-30,-30,-30,-30,0
6308,-30,30,-30,-30,-30,-30,-30,-30,-30,-30,1
8023,-30,-30,-30,-30,-30,-30,-30,30,-30,-30,7
1647,-30,-30,-30,30,-30,30,-30,-30,-30,-30,3
2373,-30,-30,30,-30,-30,-30,-30,-30,-30,-30,2
1925,-30,-30,-30,-30,-30,-30,-30,-30,-30,30,9
1580,-30,-30,-30,-30,-30,-30,-30,30,-30,-30,7
4855,-30,-30,-30,-30,-30,-30,-30,3,-30,-30,7
3077,-30,-30,-30,-30,-30,-30,30,-30,-30,-30,6
6509,-30,-30,30,-30,-30,-30,-30,-30,-30,-30,2
959,-30,-30,-30,-30,-30,-30,-30,30,-30,-30,7
9246,-30,-30,-30,-30,-30,30,-30,-30,-21,-30,5
4146,-30,-30,-30,-30,30,-30,-30,-30,-30,-30,4
1244,-30,-30,-30,-30,-30,-30,-30,30,-30,-30,7
3158,-30,-30,-30,23,-30,-28,-30,-30,-30,-30,3
9486,-30,-30,-30,-30,-30,-30,30,-30,-30,-30,6
8764,-30,30,-30,-30,-30,-30,-30,-30,-30,-30,1
227,-30,-30,-30,30,-30,-6,-30,-30,-30,-30,3
2427,-30,-30,-30,-30,-30,-30,30,-30,-30,-30,6
2038,-30,-30,-30,-30,-30,-30,-30,-30,-30,-30,0
9867,-30,-30,-30,30,-30,-30,-30,-30,-30,-30,3
6902,-30,30,-30,-30,-30,-30,-30,-30,-30,-30,1
3815,-30,-30,-30,-30,-29,-30,-30,-30,-30,-30,4
4666,-30,30,-30,-30,-30,-30,-30,-30,-30,-30,1
2489,-30,-30,-30,-30,-30,-11,-30,-3,-30,-30,7
8251,-30,-30,-30,-30,-30,-11,30,-30,-30,-30,6
7977,-30,-30,-30,-30,-30,-30,-30,-30,-30,30,9
9871,-30,-30,-30,-30,-30,-30,30,-30,-30,-30,6
5815,30,-30,-30,-30,-30,-27,-30,-30,-30,-30,0
8914,-30,-30,-30,-30,-30,30,-30,-30,-30,-30,5
7293,-30,-30,-30,-30,30,-20,-30,-30,-30,-30,4
6045,-30,-30,-30,-30,-30,-30,-30,-30,-30,30,9
6439,-30,-30,-30,-30,-30,-30,-30,-30,-30,30,9
5148,-30,-30,30,-30,-30,-30,-30,-30,-30,-30,2
7870,-30,30,-30,-30,-30,-30,-30,-30,-30,-30,1
7617,-30,-30,-30,-30,-30,-30,-30,-30,-30,30,9
8051,-30,-30,-30,-30,30,-30,-30,-30,-30,-30,4
9852,-30,-30,-30,-30,-30,-17,-30,-30,30,-30,8
1632,-30,-30,-30,-30,-30,-30,-30,30,-30,-30,7
9953,-30,-30,-30,30,-30,11,-30,-30,-30,-30,3
8836,-30,-30,-30,-30,-30,-30,-30,-30,-30,30,9
1740,-30,-30,-30,-30,-30,-30,-30,30,-30,-30,7
160,-30,-30,-30,-30,-30,-30,-30,-30,-30,-30,0
5628,-30,-30,-30,-30,30,-30,-30,-30,-30,-30,4
4553,-30,-30,-30,-30,30,-28,-30,-30,-30,-30,4
1193,-30,-30,-30,-30,-30,-30,-30,-30,-30,30,9
2340,-30,-30,-30,-30,-30,-30,-30,-30,-16,-30,8
535,-30,-30,-30,7,-30,9,-30,-30,-30,-30,5
7690,-30,-30,-30,-30,1,-30,-30,-30,-30,-30,4
3549,-30,-30,-30,-30,-30,-30,-30,30,-30,-30,7
1253,-30,-30,-30,-30,-30,-30,30,-30,-30,-30,6
1254,-30,-30,-30,-30,-30,-30,-30,30,-30,-30,7
4267,-30,-30,-30,-30,-6,-30,-30,-30,-30,-30,4
9365,25,-30,-30,-30,-30,-12,-30,-30,-30,-30,0
1816,-30,-30,-30,-30,-30,30,-30,-30,-30,-30,5
1462,-30,-30,-30,-20,-30,-30,-30,-30,1,-30,8
1441,-30,-30,-30,-30,-30,30,-30,-30,-30,-30,5
6892,-30,-30,-30,-30,-30,-30,30,-30,-30,-30,6
4833,-30,-30,-30,-30,-30,-30,30,-30,-30,-30,6
4444,-30,-30,-30,-30,-30,30,-30,-30,-30,-30,5
5402,-30,-30,-30,-30,-30,-30,-30,16,-30,-30,7
2125,-30,-30,-30,-30,-30,-30,-30,-30,30,-30,8
9096,-30,30,-30,-30,-30,-30,-30,-30,-30,-30,1
9037,30,-30,-30,-30,-30,-30,-30,-30,-30,-30,0
1768,-30,30,-30,-30,-30,-30,-30,-30,-30,-30,1
2856,-30,-30,-30,-30,-30,-30,30,-30,-30,-30,6
9193,-30,-30,-30,-30,10,-30,-30,-30,-30,-30,4
3316,-30,-30,-30,-30,-30,-30,30,-30,-30,-30,6
7565,-30,-30,-30,-30,-30,-30,-30,30,-30,-30,7
6708,-30,-30,7,30,-30,-30,-30,-30,-30,-30,3
4251,-30,30,-30,-30,-30,-30,-30,-30,-30,-30,1
1343,-30,-30,-30,-30,-30,-30,-30,-9,-30,-30,7
9837,-30,30,-30,-30,-30,-30,-30,-30,-30,-30,1
5906,-30,-30,-30,-30,-30,-8,-30,-30,30,-30,8
6742,-30,-30,30,-30,-30,-30,-30,-30,-30,-30,2
2977,30,-30,-30,-30,-30,-30,-30,-30,-30,-30,0
2421,-30,-30,28,-30,-30,-15,-30,-30,-30,-27,2
599,-30,-30,-30,-30,-11,-30,-30,-30,-30,-30,4
9186,-30,-30,-30,-30,-30,-1,-30,-30,-26,-30,5
8294,-30,-30,-30,-30,-30,30,-30,-30,-30,-30,5
4173,-30,-30,-30,-15,-30,30,-30,-30,-30,-30,5
4022,-30,30,-30,-30,-30,-30,-30,-30,-30,-30,1
2,-30,-30,-30,-30,-30,30,-30,-30,-30,-30,5
8413,-30,-30,-30,-30,-30,-30,30,-30,-30,-30,6
9575,30,-30,-30,-30,-30,-30,-30,-30,-30,-30,0
1481,-30,-30,-30,19,-30,-30,-30,-30,-30,-30,3
1878,-30,-30,-30,-30,30,-30,-30,-30,-30,-30,4
4584,-30,-30,-30,-30,-9,-30,-30,-30,-30,-30,4
8174,-30,-30,-30,-30,-30,-30,30,-30,-30,-30,6
3950,-30,-30,-30,-30,-30,30,-30,-30,-30,-30,5
9136,-30,-30,-30,-30,30,-30,-30,-30,-30,-30,4
6170,-30,-30,-30,-30,-30,-30,30,-30,-30,-30,6
5612,-30,-30,-30,-30,-30,30,-30,-30,-30,-30,5
4370,-30,-30,-30,-30,21,-30,-30,-30,-30,-30,4
7197,-30,-30,-30,-30,-30,30,-30,-30,-30,-30,5
4072,-30,30,-30,-30,-30,-30,-30,-30,-30,-30,1
7809,-30,-30,-30,-30,30,-30,-30,-30,-30,-30,4
9100,-30,-30,-30,-30,30,-30,-30,-30,-30,-30,4
3071,-30,-30,-30,-30,-30,-30,-30,12,-30,-30,7
1855,-30,-30,30,-30,-30,-10,-30,-30,-30,-30,2
2365,-30,-30,-30,30,-30,-3,-30,-30,-30,-30,3
7143,-30,-30,30,-30,-30,-30,-30,-30,-30,-30,2
2078,-30,-9,-30,-30,-30,-30,-30,30,-30,-30,7
118,-30,30,-30,-30,-30,-30,-30,-30,-30,-30,1
8453,-30,-30,-30,-30,-30,0,-30,-30,30,-30,8
1640,-30,30,-30,-30,-30,-30,-30,-30,-30,-30,1
3885,-30,-30,-17,-30,-30,-25,-30,-30,30,-30,8
2314,-30,30,-30,-30,-30,-30,-30,-30,-30,-30,1
5215,-30,-30,-30,-30,-30,-24,-30,-30,10,-30,8
435,-30,-30,-30,-30,-30,30,-30,-30,-30,-30,5
546,30,-30,-30,-30,-30,-30,-30,-30,-30,-30,0
777,-30,-30,-30,0,-30,-30,-30,-30,-6,-30,3
9775,-30,-30,-30,-30,19,-30,-30,-30,-30,-30,4
2487,-30,-30,30,-15,-30,-15,-30,-30,-30,-30,2
463,-30,-30,-30,-30,-30,30,-30,-30,-30,-30,5
6524,30,-30,-30,-30,-30,-17,-30,-30,-30,-30,0
372,-30,30,-30,-30,-30,-30,-30,-30,-30,-30,1
4878,-30,18,-30,-30,-30,-30,-30,-30,-30,-30,1
6791,-30,30,-30,-30,-30,-30,-30,-30,-30,-30,1
3923,30,-30,-30,-30,-30,-30,-30,-30,-30,-30,0
3716,-30,-30,-30,-22,-30,-30,-30,-30,-30,-30,3
1879,30,-30,-30,-30,-30,-30,-30,-30,-30,-30,0
7187,-30,-29,-30,-30,-30,-24,-30,-30,-30,-30,5
5101,-30,30,-30,-30,-30,-30,-30,-30,-30,-30,1
7417,-30,-30,-30,-30,-30,-30,30,-30,-30,-30,6
7170,-30,-30,-30,-30,-22,-30,-30,-30,-30,-30,4
9537,-30,-30,30,1,-30,-30,-30,-30,-30,-30,2
6296,-30,-30,-30,10,-30,-2,-30,-30,-30,-30,3
886,-30,-30,-30,-30,-30,-30,30,-30,-30,-30,6
6302,-30,30,-30,-30,-30,-30,-30,-30,-30,-30,1
2401,-30,30,-30,-30,-30,-30,-30,-30,-30,-30,1
9449,-30,30,-30,-30,-30,-30,-30,-30,-30,-30,1
5168,-30,-30,-30,30,-30,-22,-30,-30,-30,-30,3
6488,-30,-30,-30,-30,-30,-30,-30,-30,-30,30,9
3473,-30,-30,-30,4,-30,30,-30,-30,-30,-30,5
8604,-30,-30,30,-30,-30,-30,-30,-30,-30,-30,2
1226,-30,-30,-30,-30,-30,-30,-30,-30,-30,3,9
9156,-30,-30,-30,-30,30,-30,-30,-30,-30,-30,4
3729,-30,-30,-30,-30,-30,17,-30,-30,-30,-30,5
2073,-30,-30,-30,-30,-30,-30,-30,-30,-30,12,9
128,-30,-30,-30,30,-30,-30,-30,-30,-30,-30,3
5681,-30,-30,-30,-30,-30,-30,-30,-30,-30,30,9
9646,20,-30,-30,-30,-30,-30,-30,-30,-30,-30,0
6240,-30,-30,-30,30,-30,-30,-30,-30,-30,-30,3
5972,-30,-30,-30,-30,-30,30,-10,-30,-30,-30,5
1682,-30,-30,-30,-30,-30,30,-30,-30,-30,-30,5
4748,-30,-30,-30,-30,-30,30,-30,-30,-30,-30,5
6801,-30,-30,-30,-30,-30,-30,-30,30,-30,-30,7
6796,-30,-30,30,-19,-30,-30,-30,-30,-30,-30,2
9654,-30,-30,-6,-30,-30,-19,-30,-30,-30,-30,2
6598,-30,-30,-30,-30,-30,-30,-30,30,-30,-30,7
7101,-30,30,-30,-30,-30,-30,-30,-30,-30,-30,1
6182,-30,-30,30,-30,-30,-30,-30,-30,-30,-30,2
5241,-30,-30,-30,-30,-30,-30,-30,-30,30,-30,8
519,-30,-30,-30,-30,30,-30,-30,-30,-30,-30,4
2889,-30,30,-30,-30,-30,-30,-30,-30,-30,-30,1
8271,-30,-30,-30,-30,-30,-30,-30,30,-30,-30,7
4116,-30,-30,-30,30,-30,-30,-30,-30,-30,-30,3
6481,-30,-30,-30,30,-30,-30,-30,-30,-30,-30,3
6309,-30,-30,-30,-30,-30,14,-30,-30,30,-30,8
2211,-30,-30,-30,-30,-30,-30,-30,-30,30,-30,8
4017,-30,-30,-30,-30,-30,-30,-30,30,-30,-30,7
4721,-30,-30,-30,-30,-30,-30,-30,-30,-30,30,9
3217,-30,-30,30,-30,-30,-30,-30,-30,-30,-30,2
5623,-30,-30,30,-30,-30,-30,-30,-30,-30,-30,2
5060,-30,-30,-30,-30,30,-30,-30,-30,-30,-30,4
461,-30,30,-30,-30,-30,-30,-30,-30,-30,-30,1
2082,-30,-30,-30,-30,-30,30,-30,-30,-30,-30,5
5236,-30,-30,-30,-30,-30,-30,-30,-30,-16,-30,8
2267,-30,-30,-30,-30,-30,-16,-30,-30,13,-30,8
6585,-30,-30,-30,-30,-30,-30,-30,30,-30,-30,7
1154,-30,-30,30,-30,-30,-30,-30,-30,-30,-30,2
8674,-30,-30,-30,-16,-30,-30,-30,-30,-30,-30,3
2303,30,-30,-30,-30,-30,-30,-30,-30,-30,-30,0
2344,-30,-30,11,-30,-30,-30,-30,-30,-30,-30,2
952,-30,-30,-30,-30,30,-30,-30,-30,-30,-30,4
681,-30,-30,30,-30,-30,-30,-30,-30,-30,-30,2
2313,-30,-30,-30,-30,-7,-30,-30,-30,-30,-30,4
8656,-30,30,-30,-30,-30,-30,-30,-30,-30,-30,1
1739,-30,-30,-30,-30,-30,-30,-30,-30,-30,30,9
1365,-30,-30,-30,-30,-30,30,-30,-30,-30,-30,5
4491,-30,-30,-30,-30,-30,-30,-30,30,-30,-30,7
2782,-30,-30,-30,-30,-30,-30,-30,30,-30,-30,7
1964,-30,-30,30,-30,-30,-30,-30,-30,-30,-30,2
6140,-30,-30,-30,14,-30,-30,-30,-30,-30,-30,3
7183,-30,-30,30,-30,-30,-30,-30,-30,-30,-30,2
249,11,-30,-30,-30,-30,-30,-4,-30,-30,-30,0
3315,-30,-30,-30,-30,-30,21,-30,-30,30,-30,8
147,-30,-30,-30,-30,-30,30,-30,-30,-30,-30,5
9055,-30,-30,-30,-30,-30,-30,-30,30,-30,-30,7
6420,-30,-30,-30,-30,-30,-30,-30,30,-30,-30,7
905,-30,-30,-30,-30,-30,-30,-30,-30,-30,-30,0
8464,-30,30,-30,-30,-30,-30,-30,-30,-30,-30,1
1471,-19,-30,-30,-30,-30,-30,-30,-30,-30,-30,0
8863,-30,30,-30,-30,-30,-30,-30,-30,-30,-30,1
8359,-30,-30,-30,-30,-30,-29,-30,-30,-30,-30,5
2944,30,-30,-30,-30,-30,-30,-30,-30,-30,-30,0
6763,-30,-30,-30,30,-30,13,-30,-30,-30,-30,3
7632,30,-30,-30,-30,-30,-30,-30,-30,-30,-30,0
5096,-30,30,-30,-30,-30,-30,-30,-30,-30,-30,1
9518,-30,-30,-30,-30,-30,-30,-30,-30,-30,30,9
2223,-30,-30,-30,-30,-30,-30,-30,-30,-30,16,9
1430,-30,-30,-30,-30,14,-30,-30,-30,-30,-30,4
4973,-30,30,-30,-30,-30,-30,-30,-30,-30,-30,1
1671,-30,-30,-30,-30,-30,-30,-30,-30,7,-30,8
6249,-30,-30,30,-30,-30,-30,-30,-30,-30,-30,2
9840,-30,30,-30,-30,-30,-30,-30,-30,-30,-30,1
7306,-30,-30,30,-30,-30,-30,-30,-30,-30,-30,2
9865,-30,-30,-30,-30,-30,-30,-30,-30,-30,30,9
8409,-30,-30,-30,-30,-30,-30,-30,-30,-30,-30,0
7452,-30,-30,-30,-30,-30,30,-30,-30,-30,-30,5
5254,-30,-30,-30,-30,-30,-30,-30,-30,-30,30,9
9075,-30,-30,30,-30,-30,-30,-30,-30,-30,-30,2
309,-30,-30,-30,-30,-30,-30,30,-30,-30,-30,6
1123,-30,-30,-30,-30,7,-30,-30,-22,-30,-30,4
8672,-30,30,-30,-30,-30,-30,-30,-30,-30,-30,1
6610,-30,-30,-30,-30,-30,30,-30,-30,-30,-30,5
5594,-30,-30,-30,-30,-30,-20,-30,-30,-30,-30,5
940,-30,-30,30,-30,-30,-21,-30,-30,-30,-30,2
3447,-30,-30,-30,-30,-30,-30,-30,-30,-30,30,9
2202,-30,-30,30,-30,-30,-29,-30,-30,-30,-30,2
9197,30,-30,-30,-30,-30,-13,-30,-30,-30,-30,0
6143,-30,-30,-30,-30,30,-30,-30,-30,-30,-30,4
3454,30,-30,-30,-30,-30,-15,-30,-30,-30,-30,0
5310,30,-30,-30,-30,-30,-19,-30,-30,-30,-30,0
8110,-30,-30,30,-30,-30,-30,-30,-30,-30,-30,2
506,-30,-30,-30,-17,-30,23,-30,-30,30,-30,8
1705,-30,-30,-30,-30,23,-30,-30,-30,-30,-30,4
2583,-30,-30,-30,-30,-30,-30,-30,-7,-30,-30,7
5835,-30,30,-30,-30,-30,-30,-30,-30,-30,-30,1
2426,-30,-30,30,-30,-30,-30,-30,-30,-30,-30,2
1475,-30,-30,-30,-30,-30,-30,-30,-30,-30,-30,0
4732,30,-30,-30,-30,-30,1,-30,-30,-30,-30,0
6238,-30,-30,30,-30,-30,-30,-30,-30,-30,-30,2
7237,-30,-30,-30,-30,-30,-30,-30,0,-30,-28,7
3372,-30,-30,-30,-30,30,-30,-30,-30,-30,-30,4
5238,-30,-30,-30,30,-30,-30,-30,-30,-30,-30,3
6290,-30,-30,-30,30,-30,30,-30,-30,-30,-30,3
728,30,-30,-30,-30,-30,-10,-30,-30,-30,-30,0
6041,30,-30,-30,-30,-30,-30,-30,-30,-30,-30,0
5605,-30,-30,-30,30,-30,-30,-30,-30,-30,-30,3
1795,-30,30,-30,-30,-30,-30,-30,-30,-30,-30,1
7235,-30,-30,-30,-30,-30,-30,-30,-30,-30,14,9
7819,-30,-30,-30,-30,-30,25,30,-30,-30,-30,6
4007,-30,-30,-30,-30,-30,30,-30,-30,-30,-30,5
3534,-30,-30,-30,17,-30,-27,-30,-30,-30,-30,3
9506,-30,-30,-30,-30,-30,15,-30,-30,-30,-30,5
5245,-30,-30,-30,-30,-30,-30,-30,-30,-30,-30,0
8574,-30,-30,-30,-30,-30,-30,-30,18,7,-30,7
9712,-30,-30,-30,-30,-30,-30,-30,-30,-30,30,9
3974,-30,-30,-30,30,-30,-30,-30,-30,-30,-30,3
8003,-6,-30,-30,-30,-30,21,-30,-30,-30,-30,5
7152,-30,-30,-30,-30,-18,-30,-30,-30,-30,-30,4
3007,-30,-30,30,-30,-30,-30,-30,-30,-30,-30,2
4011,30,-30,-30,-30,-30,-30,-30,-30,-30,-30,0
6929,-30,-30,-30,-30,-30,-30,-30,15,-30,-30,7
4308,-30,30,-30,-30,-30,-30,-30,-30,-30,-30,1
9534,-30,30,-30,-30,-30,-30,-30,-30,-30,-30,1
8424,-30,-30,30,-30,-30,-30,-30,-30,-30,-30,2
2308,-30,30,-30,-30,-30,-30,-30,-30,-30,-30,1
1772,-30,-30,-30,-30,-30,30,-30,-30,-30,-30,5
3852,-30,-30,-30,30,-30,-28,-30,-30,-30,-30,3
1945,-30,-30,-21,30,-30,-30,-30,-30,-22,-30,3
8872,-30,-30,-30,-30,-18,-30,-30,-30,-30,-25,4
21,-30,-30,-30,-30,-30,-30,-30,30,-30,-30,7
5512,-30,-30,-23,-30,-30,4,-30,-30,-18,-30,5
1449,-30,-30,-30,-30,-30,-10,30,-30,-30,-30,6
9522,-30,-30,-30,-12,-30,-30,-27,-30,-30,-30,3
1265,-30,-30,-30,-30,-30,-30,15,-30,-30,-30,6
6287,-30,30,-30,-30,-30,-30,-30,-30,-30,-30,1
9041,-30,-30,-30,30,-30,30,-30,-30,-30,-30,3
4769,-30,-30,-30,-30,-30,30,-30,-30,23,-30,5
88,-30,30,-30,-30,-30,-30,-30,-30,-30,-30,1
6571,30,-30,-30,-3,-30,-30,-30,-30,-30,-30,0
9159,-30,-30,-30,-30,-30,30,-30,-30,-30,-30,5
5585,-30,30,-30,-30,-30,-30,-30,-30,-30,-30,1
1116,-30,-30,-30,11,-30,-30,-30,-17,-30,-30,3
3499,-30,30,-30,-30,-30,-30,-30,-30,-30,-30,1
3565,-30,-30,-30,-30,-30,30,-30,-30,-2,-30,5
7840,11,-30,-30,-30,-30,-20,-30,-30,-30,-30,0
5666,-30,-30,-30,-30,-30,-30,3,-30,-30,-30,6
6068,-30,30,-30,-30,-30,-30,-30,-30,-30,-30,1
183,-30,-30,-30,-30,-30,-30,-30,-30,30,-30,8
182,-30,-30,-30,-30,-30,30,-30,-30,-30,-30,5
5963,-30,30,-30,-30,-30,-30,-30,-30,-30,-30,1
7885,-30,-30,-30,-30,-30,-30,-30,30,-30,-30,7
9383,-30,-30,-30,-30,-30,-30,-30,-30,-30,-30,0
1396,-30,-30,-30,-30,6,-30,-30,-30,-30,-30,4
5664,-30,-30,-30,-30,-30,-30,30,-30,-30,-30,6
2185,-30,-30,-23,-30,-30,-30,-30,-30,-30,-30,2
9236,-30,-30,30,-30,-30,-30,-30,-30,-30,-30,2
8576,-30,-30,-30,-30,-30,30,-30,-30,-30,-30,5
4164,30,-30,-30,-30,-30,-30,-30,-30,-30,-30,0
274,-30,-30,-30,-30,-30,-30,19,-30,-30,-30,6
8044,-30,-30,-30,-30,-30,12,-30,-30,-30,-30,5
7401,-30,-30,-30,-30,-30,-30,30,-30,-30,-30,6
1224,-30,-30,-30,30,-30,-30,-30,-30,-30,-30,3
2195,-30,-30,-30,-30,-30,-30,-30,30,-30,-30,7
6693,-30,-30,30,-30,-30,-30,-30,-30,-30,-30,2
8988,30,-30,-30,-30,-30,-9,-30,-30,-30,-30,0
593,-30,-30,-30,-30,-30,14,-30,-30,12,-30,5
8646,-30,-30,-30,-30,-30,-30,-30,-30,30,-30,8
8318,-30,-30,-30,-30,-30,30,-30,-30,-30,-30,5
4015,-30,-30,-30,-30,22,-30,-30,-30,-30,-7,4
8429,-30,30,-30,-30,-30,-30,-30,-30,-30,-30,1
5630,-30,30,-30,-30,-30,-30,-30,-30,-30,-30,1
4966,-30,-30,-30,-30,30,-30,-30,-30,-30,-30,4
694,30,-30,-30,-30,-30,-2,-30,-30,-30,-30,0
2907,-30,-30,-30,-30,-30,-30,-30,30,-30,-30,7
5147,-30,-30,-30,30,-30,-30,-30,-30,-30,-30,3
8124,-30,-30,-30,-30,-30,-30,-30,30,-30,-30,7
1665,-30,-30,-30,-30,-30,-30,30,-30,-30,-30,6
1142,-30,30,-30,-30,-30,-30,-30,-30,-30,-30,1
2701,-30,-30,-30,-30,-30,-30,13,-30,-30,-30,6
4230,-30,-30,30,-30,-30,-30,-30,-30,-30,-30,2
4870,-30,30,-30,-30,-30,-30,-30,-30,-30,-30,1
4204,-30,-30,-30,-30,-30,-30,-30,-30,-30,-30,0
9189,-22,-30,24,-30,-30,-30,-30,-30,-30,-30,2
4770,-30,-30,-30,-30,-30,-30,-30,-30,-30,-30,0
1579,-30,-30,-30,-30,-30,-30,30,-30,-30,-30,6
4448,-30,30,-30,-30,-30,-30,-30,-30,-30,-30,1
3850,-30,-30,-30,-30,-30,-30,-30,-30,-30,26,9
6690,-30,-30,-30,-30,-30,30,-30,-30,-30,-30,5
9010,-30,-30,30,-30,-30,-30,-30,-30,-30,-30,2
4664,-30,-30,-30,-30,-30,30,-30,-30,-30,-30,5
3651,-30,-30,-30,-30,30,-30,-30,-30,-30,-30,4
8553,-30,-30,-30,-30,30,-30,-30,-30,-30,-30,4
5641,-30,-30,27,-9,-30,-30,-30,-30,-30,-30,2
489,-30,-30,-30,13,-30,-30,-30,-30,30,-30,8
5323,-30,-30,-27,20,-30,-30,-30,-30,-30,-30,3
9800,-30,-30,-30,-30,-30,-30,-30,-30,-30,-30,0
5583,-30,-30,5,-30,-30,-30,-30,-30,-30,-30,2
1426,-30,-30,-30,-30,6,-30,-30,-30,-30,-30,4
473,-15,-30,-30,-30,-30,-19,-30,-30,-30,-30,0
103,30,-30,-30,-30,-30,9,-30,-30,-30,-30,0
3808,-30,-30,-30,30,-30,5,-30,-30,-30,-30,3
9006,-30,30,-30,-30,-30,-30,-30,-30,-30,-30,1
7734,-30,-30,-30,-30,-30,-30,-30,30,-30,-30,7
1629,-30,-30,-30,-30,-30,-30,-30,30,-30,-30,7
2585,-30,-30,-30,-30,-30,30,-30,-30,-30,-30,5
3970,-30,-30,-30,-30,-30,-30,-30,30,-30,-30,7
9858,-30,-30,-30,-30,-30,-30,-30,-30,-30,30,9
1318,-30,-30,-30,-30,-30,-30,-30,30,-30,-30,7
6535,-30,30,-30,-30,-30,-30,-30,-30,-30,-30,1
1353,-30,-30,-30,-30,-30,-30,-30,-30,-30,-26,9
9941,-30,-30,30,-30,-30,-30,-30,-30,-30,-30,2
5213,-30,30,-30,-30,-30,-30,-30,-30,-30,-30,1
2428,-30,-30,-30,-30,30,6,-30,-30,-30,-30,4
1849,-30,-30,24,-30,-30,-22,-30,-30,-30,-30,2
117,-30,-30,-30,-30,-30,-30,-30,-30,-30,-4,9
4126,-30,-30,30,-30,-30,-30,-30,-30,-30,-30,2
6927,30,-30,-30,-30,-30,-25,-30,-30,-30,-30,0
4859,-30,-30,-30,-30,-3,-30,-30,-30,-30,-30,4
9640,-30,-30,-30,-30,-30,-30,-30,-30,-30,30,9
1049,-30,30,-30,-30,-30,-30,-30,-30,-30,-30,1
9843,-30,-30,-30,-30,-30,-15,-30,-30,-30,-30,5
122,-30,-30,-30,-30,-30,-30,-30,-30,30,-30,8
4714,-30,30,-30,-30,-30,-30,-30,-30,-30,-30,1
2416,-30,-30,-2,-30,-30,-4,-30,-30,-1,-30,8
8250,-30,-30,-30,-30,30,-30,-30,-30,-30,-30,4
6565,-30,-30,-30,-30,-30,30,-30,-30,-30,-30,5
1121,-30,-30,-30,-30,-30,-30,-30,-30,-30,30,9
2954,-30,-30,-30,-30,-30,-30,-30,-30,30,-30,8
9954,-30,-30,-30,-30,-30,-30,-30,-30,30,-30,8
6115,-30,-30,-25,2,-30,-30,-30,-30,-30,-30,3
1303,-30,-30,-30,-30,-30,-30,-30,30,-30,-30,7
4959,-30,-30,-30,-30,-30,-30,30,-30,-30,-30,6
5604,30,-30,-30,-30,-30,-30,-30,-30,-30,-30,0
4809,30,-30,-30,-30,-30,-30,-30,-30,-30,-30,0
1034,-30,-30,-30,30,-30,-16,-30,-30,-30,-30,3
4121,-12,-30,-30,-30,-30,-30,-30,-30,-13,-30,0
8102,-30,-30,-24,-30,-30,-30,-30,-30,30,-30,8
9729,30,-30,-30,-30,-30,-8,-30,-30,-30,-30,0
5705,-30,-30,-30,-30,-30,-30,30,-30,-30,-30,6
2241,-30,-30,-30,-30,-5,-30,-30,-30,-30,-30,4
3128,-30,-30,-30,-30,-30,-30,-30,-30,30,-30,8
5991,-30,-30,-30,30,-30,-30,-30,-30,-30,-30,3
316,-30,-30,-30,30,-30,30,-30,-30,-30,-30,3
426,-30,-30,-30,30,-30,-30,-30,-30,-30,-30,3
4487,-30,-30,30,-30,-30,-30,-30,-30,-30,-30,2
2320,-30,-30,-21,9,-30,0,-30,-30,-30,-30,3
3871,-30,-30,-30,-30,-30,-30,-30,-30,-30,30,9
1801,-30,30,-30,-30,-30,-30,-30,-30,-30,-30,1
6234,-30,-30,30,-30,-30,-23,-30,-30,-30,-30,2
8774,-30,-30,-30,-30,-30,30,30,-30,-30,-30,5
7342,-30,-30,-30,-30,-30,-30,-30,-30,30,-30,8
5426,30,-30,-30,-30,-30,-6,-30,-30,-30,-30,0
2291,-30,-30,-30,-30,-30,-30,-30,-30,-30,-30,0
4733,-30,-30,-30,-30,-30,-30,30,-30,-30,-30,6
1947,-30,-30,-30,-30,-30,-30,8,-30,-30,-30,6
4415,-30,-30,-30,-30,-30,-30,30,-30,-30,-30,6
2166,-30,-30,-30,-3,-30,-8,-30,4,-30,-30,7
588,-30,-30,-30,-30,-30,-30,-30,-30,26,-30,8
7464,-30,-30,-30,-30,-30,-30,-30,-30,30,-30,8
4976,-30,-30,30,-30,-30,-12,-30,-30,-30,-30,2
5716,-30,-30,-30,-30,-30,-30,-30,-8,-30,-30,7
8157,-30,-30,-30,30,-30,7,-30,-30,-26,-30,3
1084,-30,-30,-30,-30,-30,30,-30,-30,30,-30,5
7189,-30,-30,-30,-30,-30,-30,-30,-30,-30,30,9
854,-30,-30,-30,-30,-30,-30,30,-30,-30,-30,6
5195,-30,30,-30,-30,-30,-30,-30,-30,-30,-30,1
5618,-30,-30,-30,-30,-30,-30,-30,-30,10,-30,8
3999,-30,-30,-30,-30,18,-30,-30,-30,-30,-30,4
6692,-30,30,-30,-30,-30,-30,-30,-30,-30,-30,1
1442,-30,-30,30,-30,-30,-30,-30,-30,-30,-30,2
5606,-30,-30,-30,-30,-30,30,-30,-30,-30,-30,5
3477,-30,-30,-30,-7,-30,18,-30,-30,-14,-30,5
206,-30,30,-30,-30,-30,-30,-30,-30,-30,-30,1
4842,-30,-30,-30,-30,-30,-30,-30,-30,-30,30,9
4350,-30,-30,-30,-30,-30,-30,-30,30,-30,-30,7
7341,-30,-30,-30,-30,-30,30,-30,-30,-30,-30,5
9438,-30,-30,-30,-30,30,-30,-30,-30,-30,-30,4
6819,30,-30,-30,-30,-30,-30,-30,-30,-30,-30,0
6977,-30,-30,-30,-30,-30,-1,-30,-30,-13,-30,5
4572,-30,-30,-30,-30,-30,-30,-30,-30,-30,2,9
4607,-30,-30,-30,-30,-30,-30,-30,-30,-30,30,9
5255,-30,30,-30,-30,-30,-30,-30,-30,-30,-30,1
3107,30,-30,-30,-30,-30,-30,-30,-30,-30,-30,0
4050,-30,-30,-30,-30,-30,30,-30,-30,-30,-30,5
8427,-30,-30,26,-30,-30,-16,-30,-30,-30,-30,2
3683,-30,-30,-30,30,-30,-30,-30,-30,-30,-30,3
9187,-30,-30,-30,-30,-30,-30,-30,30,-30,-30,7
9564,-30,-30,-30,-30,-30,-30,-29,-30,-30,-30,6
1361,-30,-30,-30,-30,-30,-30,-30,-30,-30,30,9
8131,-30,-30,-30,-30,-30,-30,-30,-30,-30,-30,0
5902,21,-30,-30,-30,-30,-30,-30,-30,-4,-30,0
6583,-30,-30,-30,-30,-30,-30,30,-30,-30,-30,6
9957,-30,-30,-30,30,-30,-30,-30,-30,-30,-30,3
2543,-30,-30,-30,-30,-30,-30,-30,-30,-30,29,9
5528,-30,-30,-30,-30,-30,30,-30,-30,-30,-30,5
4690,-30,-30,30,-30,-30,-30,-30,-30,-30,-30,2
7563,-30,30,-30,-30,-30,-30,-30,-30,-30,-30,1
9830,-30,-30,-1,18,-30,-30,-30,-30,-21,-30,3
8818,-30,30,-30,-30,-30,-30,-30,-30,-30,-30,1
7912,-30,-30,-30,-3,-30,-9,-30,-30,-30,-30,3
9658,-30,-30,-30,-30,-30,30,30,-30,-30,-30,5
8607,-30,-30,-30,14,-30,30,-30,-30,-30,-30,5
5333,-30,-30,-30,-30,-30,-30,-30,30,-30,-30,7
823,-30,-30,-30,-30,-30,-30,-30,-2,-30,-30,7
9291,-30,-30,30,-30,-30,-30,-30,-30,-30,-30,2
38,-30,-30,30,-30,-30,-30,-30,-30,-30,-30,2
7191,-30,-30,-30,-30,-30,-30,21,-30,-30,-30,6
8098,-30,-30,-30,-30,-30,-30,-30,-30,11,-30,8
5377,-30,-30,30,-30,-30,-30,-30,-30,-30,-30,2
5270,-30,-30,-30,-30,-30,-30,30,-30,-30,-30,6
3184,-30,-30,-30,-30,-30,30,-30,-30,-30,-30,5
7269,-30,-30,-30,-30,2,-30,-30,-30,-30,-30,4
5771,-30,-30,-30,-30,-30,-30,-30,-30,30,-30,8
7413,-30,-30,-30,-30,-30,-30,-30,-30,-30,30,9
6860,-30,-30,-30,-30,-30,-30,-30,30,-30,-30,7
6874,-30,30,-30,-30,-30,25,-30,-30,-30,-30,1
255,-30,-30,-30,30,-30,-30,-30,-30,-30,-30,3
5176,30,-30,-30,-30,-30,-30,-30,-30,-30,-30,0
3682,-30,-30,-30,30,-30,30,-30,-30,-30,-30,3
9753,-16,-30,-30,-30,-30,-14,-30,-30,-30,-30,5
1843,-30,-30,-30,30,-30,-30,-30,-30,-30,-30,3
9576,-30,30,-30,-30,-30,-30,-30,-30,-30,-30,1
5791,-30,-30,-30,-30,-22,-30,-30,-30,-30,-30,4
511,-30,-30,-30,-23,-30,-30,-30,-30,-30,-30,3
8305,-30,-30,-30,-30,-30,-30,-30,-30,-30,-30,0
8394,-30,-30,-30,-30,27,-30,-30,-30,-30,-30,4
2387,-30,-30,-30,-30,-30,-30,30,-30,-30,-30,6
6600,-30,-30,-30,-30,30,-11,-30,-30,-30,-30,4
4064,-30,-20,30,-30,-30,-30,-30,-30,-30,-30,2
9292,-30,30,-30,-30,-30,-30,-30,-30,-30,-30,1
521,-30,-30,-30,-30,-30,-30,-30,-30,30,-30,8
4070,-30,-30,30,-30,-30,-30,-30,-30,-30,-30,2
5112,-30,-30,-30,-30,-30,30,-30,-30,-30,-30,5
2831,-30,-30,-30,-30,30,-30,-30,-30,-30,-30,4
5492,-30,-30,-30,-30,-30,-30,-30,-30,-30,-30,0
5353,-30,-30,-30,30,-30,-30,-30,-30,-30,-30,3
194,-30,-30,-30,-30,30,-30,-30,-30,-30,-30,4
7246,30,-30,-30,-30,-30,-30,-30,-30,-30,-30,0
2461,30,-30,-30,-30,-30,-23,-30,-30,-30,-30,0
1567,-30,-30,30,-23,-30,-9,-30,-30,-30,-30,2
2435,-30,-30,-30,30,-30,-16,-30,-30,-30,-30,3
9064,-30,-30,30,-30,-30,-30,-30,-30,-30,-30,2
2903,-30,-30,-30,-30,-30,-30,-30,-30,-30,-30,0
9755,-30,-30,-30,2,-30,-30,-30,-30,-30,-30,3
1447,-30,-30,-30,-30,-30,-30,-30,-30,-30,-30,0
2399,-30,-30,-30,-30,-30,-29,-30,-30,-30,-30,5
1213,-30,-30,-30,-30,-30,-30,-30,25,-30,-30,7
671,-30,-30,-30,-30,30,-30,-30,-30,-30,-30,4
5653,-30,-30,-30,-30,30,-30,-30,-30,-30,-30,4
3888,-30,-30,-30,-25,-30,-30,-30,14,-30,-30,7
2632,-30,-30,-30,-30,-30,-30,-30,-30,-30,30,9
6215,-30,-30,-30,-30,-30,-30,30,-30,-30,-30,6
5206,-30,-30,-30,-30,-30,-30,-30,-30,-30,30,9
4232,30,-30,-30,-30,-30,-30,-30,-30,-30,-30,0
3208,-30,-30,-30,-30,-30,-30,-30,-30,-30,30,9
9254,-30,-30,-30,-30,-30,-30,-30,-30,30,-30,8
7061,30,-30,-30,-30,-30,-30,-30,-30,-30,-30,0
8049,-30,-30,-30,-30,-28,-30,-30,-30,-30,-26,9
9114,-30,-30,-30,-30,-30,-30,30,-30,-30,-30,6
9419,30,-30,-30,-30,-30,-30,-30,-30,-30,-30,0
1911,-30,-30,-30,-30,-30,-30,30,-30,-30,-30,6
2601,-30,-30,-30,17,-30,-14,-30,-30,-30,-30,3
3536,-30,-30,-30,-30,-30,30,-30,-30,-30,-30,5
3043,-30,-30,-30,-30,29,-30,-30,-30,-30,-11,4
3421,-30,-30,-30,-30,-30,-30,-30,-30,30,-30,8
5158,-30,-30,-30,30,-30,-23,-30,-30,-30,-30,3
4662,-30,-30,-30,30,-30,-27,-30,-30,-30,-30,3
9717,-30,-30,-30,-30,-30,-30,-30,-30,-30,30,9
8186,-30,-30,-30,30,-30,-25,-30,-30,-30,-30,3
2099,-30,-30,-30,2,-30,-30,-30,-30,-30,-30,3
9875,-30,-30,-30,-30,-30,-30,-30,-30,-30,-30,0
5587,-30,-30,-30,-30,-30,-30,-30,6,-30,-30,7
6216,-30,-30,-30,-30,-30,-30,-30,-30,30,-30,8
6906,30,-30,-30,-30,-30,-30,-30,-30,-30,-30,0
6409,-30,-30,9,-30,-30,-30,-30,-30,-30,-30,2
1573,-30,-30,-19,-30,-30,-30,-30,-30,-1,-30,8
1973,-30,30,-30,-30,-30,-30,-30,-30,-30,-30,1
1763,-30,-30,-30,-30,-30,-30,-30,30,-30,-30,7
2999,30,-30,-30,-30,-30,-23,-30,-30,-30,-30,0
8286,-30,-30,-30,-30,-30,-30,30,-30,-30,-30,6
8206,-30,-30,-30,-28,-30,23,-30,-30,-30,-30,5
2064,-30,-30,-30,-30,30,-30,-30,-30,-30,-30,4
1924,-30,-30,-30,20,-30,12,-30,-30,-30,-30,3
3314,-30,-30,-30,30,-30,7,-30,-30,-30,-30,3
1378,30,-30,-30,-30,-30,-30,-30,-30,-30,-30,0
8446,-30,-30,-30,-30,-30,-30,-30,-21,-30,-30,7
6368,-30,-30,-30,-30,-30,-30,30,-30,-30,-30,6
7543,-30,-30,-30,30,-30,30,-30,-30,-30,-30,3
8540,-30,-30,-30,-30,-30,-30,-30,-30,-7,-30,8
515,22,-30,-30,-30,-30,-30,-30,-30,-30,-30,0
2192,-30,-30,-30,-30,-30,-30,-30,-30,-30,30,9
3937,-30,-30,-30,-30,-30,-30,-30,-30,-30,30,9
7256,-30,-30,-30,-30,-30,-30,30,-30,-30,-30,6
2388,-30,-30,-30,-30,-30,-30,-30,-30,-30,-30,0
6292,-30,-30,-30,-30,-30,-30,30,-30,-30,-30,6
1400,-30,-30,-30,-30,-30,-30,-30,-30,30,-30,8
4151,-30,-30,-30,-30,-30,30,-30,-30,-30,-30,5
273,-30,-30,-30,-30,-30,-30,-30,-30,-30,-13,9
8452,-30,-30,-30,14,-30,-30,-30,-30,7,-30,3
7305,-30,-30,-30,-30,-30,-30,30,-30,-30,-30,6
4605,30,-30,-30,-30,-30,-20,-30,-30,-30,-30,0
8426,-30,-30,30,-30,-30,-18,-30,-30,-30,-30,2
7051,-30,-30,-30,-30,-30,-30,-30,-30,-30,-30,0
8308,30,-30,-30,-30,-30,-14,-30,-30,-30,-30,0
7619,-30,-30,30,-30,-30,-30,-30,-30,-30,-30,2
1846,-30,-30,-30,-30,-30,-30,-30,-30,30,-30,8
7308,-30,-30,-30,30,-30,-30,-30,-30,-30,-30,3
4206,-30,30,-30,-30,-30,-30,-30,-30,-30,-30,1
2466,-30,-30,-30,-30,-30,-30,-30,-30,-30,14,9
1128,-30,-30,-30,-30,-30,-30,-30,30,-30,-30,7
9930,-30,-30,-30,16,-30,30,-30,-30,-30,-30,5
620,-30,-30,-30,-30,-30,-30,-30,-30,-30,-30,0
7439,30,-30,-30,-30,-30,-25,-30,-30,-30,-30,0
6737,-30,-30,-30,-30,-30,-30,-30,-30,30,-30,8
7119,-30,-30,-30,-30,30,-30,-30,-30,-30,-30,4
5068,-30,-30,-30,-30,-30,-30,30,-30,-30,-30,6
7327,-30,-30,30,-30,-30,-30,-30,-30,-1,-30,2
9580,-30,-30,-30,-30,-30,-30,30,-30,-30,-30,6
3517,-30,-30,-30,-30,-30,-30,-30,30,-30,-30,7
8311,-30,-30,-30,-30,-10,-30,-30,-30,-30,-30,4
8572,-30,-30,-30,-30,-30,-30,-30,-30,-30,6,9
5592,-30,-30,30,-30,-30,-30,-30,-30,-30,-30,2
8358,-30,-30,-30,-30,-30,-30,-30,-30,-30,30,9
4410,-30,-30,-30,-13,-30,-9,-30,-30,-30,-30,5
2926,-30,-30,30,-30,-30,-30,-30,-30,-30,-30,2
6530,-30,-30,30,-30,-30,-30,-30,-30,-30,-30,2
9938,-30,-30,-30,-30,-30,-30,-30,-30,-30,30,9
5093,-30,-30,30,-30,-30,-30,-30,-30,-30,-30,2
7286,-30,-30,-30,-30,-30,-30,-30,30,-30,-30,7
2383,-30,-30,-30,30,-30,-30,-30,-30,-30,-30,3
1599,-30,-30,-30,-30,-30,30,-30,-30,-30,-30,5
7403,-30,-30,-30,-30,-30,-30,-30,-30,-30,30,9
4196,-30,30,-30,-30,-30,-30,-30,-30,-30,-30,1
9793,-30,-30,-30,-30,-30,-30,-30,-30,-16,-30,8
3022,30,-30,-30,-30,-30,-29,-30,-30,-30,-30,0
2149,-30,-30,30,-30,-30,-30,-30,-30,-30,-30,2
8027,30,-30,-30,-30,-30,-30,-30,-30,-30,-30,0
2777,-30,-30,-30,-30,-30,27,-30,-30,-30,-30,5
1012,-30,-28,30,-30,-30,-30,-30,-30,-30,-30,2
3264,-30,30,-30,-30,-30,-30,-30,-30,-30,-30,1
5370,-30,-30,-30,30,-30,-8,-30,-30,-30,-30,3
9371,-30,-30,-30,-30,-30,-30,-30,30,-30,-30,7
4051,-30,-30,-30,-30,-30,-3,30,-30,-30,-30,6
7402,-30,-30,-30,-30,-30,-30,-30,30,-30,-30,7
5481,-30,30,-30,-30,-30,-30,-30,-30,-30,-30,1
1765,-30,-30,30,-30,-30,-30,-30,-30,-30,-30,2
7446,-30,-30,-30,-30,-30,2,-30,-30,-30,-30,5
2652,-30,-30,-30,-30,-30,19,-30,-30,-13,-30,5
4057,30,-30,-30,-30,-30,-13,-30,-30,-30,-30,0
2478,-30,-30,-30,30,-30,24,-30,-30,-30,-30,3
6451,-30,-30,-30,-30,-30,-9,-30,-6,-30,-30,7
507,-30,-30,-30,-30,-30,6,-30,-30,-26,-30,5
8085,-30,-30,-30,-30,30,-30,-30,-30,-30,-30,4
5725,30,-30,-30,-30,-30,-30,-16,-30,-30,-30,0
4839,-30,-30,-30,-30,-30,-30,-30,-30,-30,30,9
9026,-30,30,-30,-30,-30,-30,-30,-30,-30,-30,1
384,-30,-30,-30,-30,-30,-23,-30,-30,30,-30,8
4780,-30,-30,-30,-30,-30,-30,30,-30,-30,-30,6
8380,-30,-30,-30,-30,-30,-30,-30,17,-30,-30,7
5907,-30,-30,-30,-30,-30,-30,-30,30,-30,-30,7
292,-30,-30,-30,-30,30,-30,-30,-30,-30,-30,4
1068,-30,-30,-30,30,-30,-30,-30,-30,-30,-30,3
7150,-30,-30,-30,-30,21,-15,-30,-30,-30,-30,4
9496,-30,-30,-30,-30,-30,-30,-30,-30,-30,-13,9
8257,-30,30,-30,-30,-30,-30,-30,-30,-30,-30,1
798,-30,-30,-30,-30,-30,-30,-30,-30,-30,-17,9
2613,-30,-30,-30,-19,-30,30,-30,-30,-30,-30,5
6445,-30,30,-30,-30,-30,-30,-30,-30,-30,-30,1
9562,-30,-30,-30,-30,-30,-30,-30,30,-30,-30,7
4263,-30,-30,-30,30,-30,-30,-30,-30,-30,-30,3
7832,-30,-30,-30,-30,-30,-30,-30,-30,-30,30,9
7921,-30,-30,-30,-30,-30,-30,-30,30,-30,-30,7
3342,-30,-30,-30,-30,-30,-30,30,-30,-30,-30,6
3971,-30,-30,-30,-30,-30,-30,-30,-30,-30,-2,9
5724,-30,30,-30,-30,-30,-30,-30,-30,-30,-30,1
4848,-30,-30,-30,30,-30,-15,-30,-30,-30,-30,3
9078,-30,-30,-30,2,-30,-30,-30,-30,-30,-30,3
9399,-30,-30,-30,-30,-30,-30,-30,-30,30,-30,8
6187,-30,-30,-30,30,-30,-30,-30,-30,-30,-30,3
3221,-30,-30,-30,30,-30,-30,-30,-30,-30,-30,3
3969,-30,-30,-30,-30,-30,30,28,-30,-30,-30,5
8151,-30,-30,-30,-30,-30,-30,-30,-30,-30,-14,9
8570,-30,-30,30,-17,-30,-11,-30,-30,-30,-30,2
2998,-30,-30,-30,-30,-30,-30,-30,-30,-30,-30,0
2483,-30,-30,-30,-30,-30,30,-30,-30,-30,-30,5
4338,-27,-30,-30,-30,-30,-30,-30,-30,30,-30,8
6489,-30,-30,-30,-30,-30,30,-30,-30,-8,-30,5
9081,-30,30,-30,-30,-30,-30,-30,-30,-30,-30,1
3051,-30,30,-30,-30,-30,-30,-30,-30,-30,-30,1
7772,-30,-30,-30,-30,30,-30,-30,-30,-30,-30,4
4058,-30,-30,-30,-30,-16,-27,-30,-30,-30,-30,4
7954,-30,-30,-30,30,-30,-30,-30,-30,-30,-30,3
2650,-30,30,-30,-30,-30,-30,-30,-30,-30,-30,1
9704,30,-30,-30,-30,-30,-13,-30,-30,-30,-30,0
7941,-30,-30,-30,-30,-30,-30,-30,30,-30,-30,7
8816,-30,-30,-30,-30,-30,-30,-30,30,-30,-30,7
5220,30,-30,-30,-30,-30,-30,-30,-30,-30,-30,0
2937,-30,-30,-30,-30,-30,-30,-30,30,-30,-30,7
5729,-30,-30,-30,-30,-30,-30,-30,-30,-30,14,9
3060,-30,-30,-30,-30,26,-30,-30,-30,-30,-30,4
3478,-30,-30,-30,-30,30,-30,-30,-30,-30,-30,4
3082,-30,-30,-30,-30,-30,-30,-30,-30,30,-30,8
3951,-30,-30,-30,-30,-30,30,-30,-30,-11,-30,5
7340,-30,-30,-30,-30,-30,30,-30,-30,-30,-30,5
2549,-30,-30,-30,-30,30,-30,-30,-30,-30,-30,4
9386,30,-30,-30,-30,-30,-21,-30,-30,-30,-30,0
9435,-30,-30,-30,-30,-30,30,-30,-30,-18,-30,5
9352,-30,-30,30,-30,-30,-23,-30,-30,-30,-30,2
3961,-30,-29,-30,-30,-30,-30,-30,-30,-30,-30,1
5880,-30,-30,-22,-30,-30,-30,-30,-30,-30,-30,2
2767,-30,-30,-30,-30,-30,-30,-30,-30,30,-30,8
2471,-30,-30,-30,-30,30,-30,-30,-30,-30,-30,4
667,-30,-30,-6,-30,-30,-8,-30,-30,-30,-30,2
850,30,-30,-30,-30,-30,-17,-30,-30,-30,-30,0
3428,-30,-30,-30,-30,30,-30,-30,-30,-30,-30,4
1809,21,-30,-30,-30,-30,-30,-30,-30,-30,-30,0
7159,-30,-30,-30,-30,-30,-30,30,-30,-30,-30,6
4223,-30,30,-30,-30,-30,-30,-30,-30,-30,-30,1
4277,-30,-30,-30,-30,-10,-30,-30,-30,-30,-30,4
6278,-30,-30,-30,30,-30,-30,-30,-30,-20,-30,3
946,-30,-30,30,-30,-30,-21,-30,-30,-13,-30,2
8943,-30,-30,-30,-30,-30,-17,30,-30,-30,-30,6
2820,-30,-30,-30,-30,-30,-30,-30,30,-30,-30,7
150,-30,-30,30,-30,-30,-30,-30,-30,-30,-30,2
6315,-30,-30,-30,-30,-30,-30,30,-30,-30,-30,6
978,-30,-30,-30,-30,-30,-30,-30,-30,-30,30,9
6612,-30,-30,-30,30,-30,-10,-30,-30,-30,-30,3
3063,-30,30,-30,-30,-30,-30,-30,-30,-30,-30,1
1191,-30,-30,-30,-30,25,-16,-30,-30,-30,-30,4
8519,-30,-30,-30,-30,-30,-30,27,-30,-30,-30,6
7527,-30,-30,-2,-30,-30,-8,-30,-30,-30,-30,2
3494,-30,-30,-30,-30,-30,30,-30,-30,-30,-30,5
9509,-30,-30,-30,-30,-30,-30,-30,-30,-30,30,9
5392,-30,-30,30,-30,-30,-30,-30,-30,-30,-30,2
4481,30,-30,-30,-30,-30,-22,-30,-30,-30,-30,0
5144,-30,-30,-30,-30,-30,-30,30,-30,-30,-30,6
2196,-30,-30,30,-30,-30,-30,-30,-30,-30,-30,2
9315,-30,30,-30,-30,-30,-30,-30,-30,-30,-30,1
2500,-30,-30,-30,-30,-30,-30,-30,30,-30,-30,7
3750,-30,-30,-30,30,-30,-30,-30,-30,-30,-30,3
7682,-30,-30,-30,-30,18,-30,-30,-30,-30,-30,4
1125,-30,30,-30,-30,-30,-30,-30,-30,-30,-30,1
9421,30,-30,-30,-30,-30,-27,-30,-30,-30,-30,0
5930,-30,-30,-30,-25,-30,9,-30,-30,-30,-30,5
1762,-30,-30,-30,-30,30,-30,-30,-30,-30,-30,4
2846,-30,-30,-19,30,-30,-30,-30,-30,-30,-30,3
5767,-30,30,-30,-30,-30,-30,-30,-30,-30,-30,1
2188,-30,30,-30,-30,-30,-30,-30,-30,-30,-30,1
1323,-30,-30,-30,-30,-30,-30,-30,30,-30,-30,7
685,-30,-30,-30,-30,30,-30,-30,-30,-30,-30,4
6428,-30,-30,-30,-30,-30,-30,-30,-30,-30,30,9
2183,-30,-30,-30,-30,-30,-30,-30,-30,-30,30,9
4100,-30,-30,-30,-30,-30,-30,-30,-30,-30,-6,9
3532,-30,-30,-30,-30,-30,-30,-30,-30,30,-30,8
9049,-30,-30,-30,-30,16,-27,-30,-30,-30,-30,4
9548,30,-30,-30,-30,-30,-30,-30,-30,-30,-30,0
4093,-30,-30,30,-30,-30,-30,-30,-30,-30,-30,2
5765,-30,-30,-30,-30,30,-30,-30,-30,-30,-30,4
6501,-30,-30,-30,-30,-30,30,-30,-30,-5,-30,5
174,-30,30,-30,-30,-30,-30,-30,-30,-30,-30,1
2891,-30,30,-30,-30,-30,-30,-30,-30,-30,-30,1
524,-30,-30,-30,-30,-30,-30,30,-30,-30,-30,6
1779,-30,-30,-30,-30,-4,-30,-30,-30,-30,-30,4
3255,-30,-30,-30,-30,-30,-30,-30,9,-30,-16,7
5660,-30,30,-30,-30,-30,-30,-30,-30,-30,-30,1
4558,-30,-30,-30,-30,-30,-30,-30,-30,-30,30,9
7771,-30,-30,-30,-30,30,-30,-30,-30,-30,-30,4
5042,-30,-30,30,9,-30,-30,-30,-30,-30,-30,2
2161,-30,-30,-30,-30,30,-30,-30,-30,-30,-30,4
567,-30,30,-30,-30,-30,-30,-30,-30,-30,-30,1
8720,-30,-30,-30,-30,-30,30,-30,-30,-30,-30,5
1817,-30,-30,-30,-30,-30,30,-30,-30,-30,-30,5
5332,-30,-30,-30,30,-30,-30,-30,-30,-30,-30,3
8742,-30,-30,-30,-30,-30,-30,-30,-30,8,-30,8
8017,-30,-30,-30,30,-30,-6,-30,-30,-30,-30,3
7823,-30,30,-30,-30,-30,-30,-30,-30,-30,-30,1
9750,-30,-30,-30,-30,30,-30,-30,-30,-30,-30,4
8342,-30,-30,-30,30,-30,12,-30,-30,-30,-30,3
1698,-30,-30,-30,-30,-30,-30,30,-30,-30,-30,6
1833,-30,-30,-30,-30,-30,-30,-30,-30,-30,-30,0
7326,-30,-30,-30,-30,-30,-30,-30,-30,-30,30,9
3466,-30,-30,-30,-30,30,-30,-30,-30,-30,-30,4
3489,-30,30,-30,-30,-30,-30,-30,-30,-30,-30,1
4826,-30,-30,-30,-30,-30,30,-30,-30,-30,-30,5
9373,-30,-30,-30,30,-30,-30,-30,-30,-30,-30,3
2337,-30,-30,-30,-28,-30,-30,-30,-30,30,-30,8
9625,30,-30,-30,-30,-30,-30,-30,-30,-30,-30,0
7406,-30,-30,-30,8,-30,-30,-17,-30,-30,-30,3
682,-30,-30,30,-30,-30,-30,-30,-30,-30,-30,2
3087,-30,-30,-30,-30,-30,30,-30,-30,-30,-30,5
3189,-30,30,-30,-30,-30,-30,-30,-30,-30,-30,1
3080,-30,-30,30,-30,-30,-30,-30,-30,-30,-30,2
7408,-30,-30,-30,-30,-30,30,-30,-30,-30,-30,5
8138,-30,-30,-30,30,-30,-25,-30,-30,-30,-30,3
6101,-30,-30,-30,-30,30,-30,-30,-30,-30,-30,4
7278,-30,-30,-30,-30,30,-11,-30,-30,-30,-30,4
9194,30,-30,-30,-30,-30,-30,-30,-30,-30,-30,0
1057,-30,-30,-30,-30,-30,-30,-30,-30,30,-30,8
5916,-30,-30,-30,-30,-30,-30,-30,-30,1,-30,8
6057,-30,-30,-30,30,-30,-5,-30,-30,-30,-30,3
5139,-30,-30,-30,30,-30,-15,-30,-30,-30,-30,3
4257,-30,30,-30,-30,-30,-30,-30,-30,-30,-30,1
1380,-30,-30,-29,-30,-30,-30,-30,-23,-30,-30,7
9338,-30,-30,-30,30,-30,-30,-30,-30,-30,-30,3
5873,-30,-30,-30,-30,-30,30,-30,-30,-30,-30,5
9656,-30,-30,-30,-30,-30,-30,-30,-30,-30,-27,9
9745,-30,-30,-30,-30,-30,-30,30,-30,-30,-30,6
888,-30,-30,-30,30,-30,-30,-30,-30,-30,-30,3
43,-30,-30,30,-30,-30,-22,-30,-30,-30,-30,2
2769,-30,-30,-30,-30,-30,-30,21,-30,-30,-30,6
5424,-30,30,-30,-30,-30,-30,-30,-30,-30,-30,1
3226,-30,-30,-30,30,-30,-30,-30,-30,-30,-30,3
7591,-30,-30,-30,-30,-30,-30,30,-30,-30,-30,6
9543,30,-30,-30,-30,-30,-10,-30,-30,-30,-30,0
5682,-30,-30,-30,-30,-30,-30,-30,30,-30,-30,7
4996,-30,-30,-30,-30,-30,-30,-30,-30,-30,-30,0
6522,-30,30,-30,-30,-30,-30,-30,-30,-30,-30,1
551,-30,-30,-30,-30,-30,-30,-30,30,-30,-30,7
2694,-30,30,-30,-30,-30,-30,-30,-30,-30,-30,1
9317,-30,-30,-30,-30,30,-20,-30,-30,-30,-30,4
5184,-30,-30,30,-30,-30,-28,-30,-30,-30,-30,2
8366,-30,-30,-30,-30,-30,30,-30,-30,-30,-30,5
6166,-30,-30,30,-30,-30,-30,-30,-30,-30,-30,2
1463,-30,30,-30,-30,-30,-30,-30,-30,-30,-30,1
86,-30,-30,-30,-30,-30,-30,-30,14,-30,-30,7
1946,-30,-30,-30,-30,-30,-30,-30,-30,-30,30,9
8624,-30,-30,-30,-30,-30,-30,30,-30,-30,-30,6
8401,-30,30,-30,-30,-30,-30,-30,-30,-30,-30,1
7259,-30,30,-30,-30,-30,-30,-30,-30,-30,-30,1
8939,-30,-30,30,-30,-30,-12,-30,-30,-30,-30,2
9939,-30,-30,-30,-30,9,-30,-30,-30,-30,-30,4
6773,-10,-30,-30,-30,-30,-30,-30,-30,-30,-30,0
4993,-30,22,-30,-30,-30,-30,-30,-30,-30,-30,1
9760,-30,-30,-30,-30,-30,-30,-30,19,-30,-30,7
4850,-30,-30,-30,-30,-30,-30,-30,30,-30,-30,7
552,-30,-30,-30,-30,30,-30,-30,-30,-30,-30,4
8625,-30,-30,-30,-30,-30,-30,-30,-30,-30,-30,0
218,30,-30,-30,-30,-30,-30,-30,-30,-30,-30,0
307,-30,-30,-30,-30,-30,-30,-30,-4,-30,-15,7
5483,-30,-30,-30,30,-30,-30,-30,-30,-30,-30,3
9740,-30,30,-30,-30,-30,-30,-30,-30,-30,-30,1
954,-30,-30,-3,30,-30,-29,-30,-30,-30,-30,3
7648,-30,30,-30,-30,-30,-30,-30,-30,-30,-30,1
9173,30,-30,-30,-30,-30,-30,-30,-30,-30,-30,0
4347,-30,-30,-30,-30,-30,-30,-30,30,-30,-30,7
4533,-30,-30,-30,-30,-30,-30,-30,30,-30,-30,7
447,30,-30,-30,-30,-30,-12,-30,-30,-30,-30,0
2297,-30,-30,-30,30,-30,-30,-30,-30,-30,-30,3
1969,-30,-30,-30,-30,-30,30,-30,-30,-30,-30,5
6655,-30,-30,-30,30,-30,30,-30,-30,-30,-30,3
9082,-30,-30,30,-30,-30,-30,-30,-30,-30,-30,2
1834,-30,-30,-30,-30,-30,-30,-30,25,-30,-23,7
6546,-30,-30,-30,-30,-30,-30,30,-30,-30,-30,6
9513,-30,-30,-30,-30,-30,-30,30,-30,-30,-30,6
4418,-30,-30,-30,-30,-30,-30,-30,-30,-30,15,9
4062,-30,-30,30,-30,-30,-30,-30,-30,-30,-30,2
3973,-30,-30,-30,-30,-30,9,-30,-30,-10,-30,5
1823,-30,-30,-30,30,-30,-25,-30,-30,-30,-30,3
6978,-30,-30,-30,-30,-30,30,-30,-30,-7,-30,5
6749,-30,-30,30,-30,-30,-16,-30,-30,-30,-30,2
9244,-30,-30,30,-30,-30,-30,-30,-30,-30,-30,2
7125,-30,-30,-30,-30,-30,30,-30,-30,-30,-30,5
6305,-30,-30,-30,-30,-30,30,30,-30,-30,-30,5
7390,30,-30,-30,-30,-30,-13,-30,-30,-30,-30,0
5119,-30,-30,-30,-30,-30,-30,-30,-30,18,-30,8
1780,-30,-30,30,-30,-30,-30,-30,-30,-30,-30,2
6608,-30,-30,-30,-30,-30,-30,-30,-30,-30,6,9
6353,-30,-30,30,-30,-30,-30,-30,-30,-30,-30,2
7766,-30,-30,-30,-18,-30,-7,-30,-30,-30,-30,5
3946,-30,-30,-30,-30,-30,-23,-30,-30,-30,-30,5
9556,-30,-30,-30,-30,-30,-10,-30,-30,-10,-30,5
2407,-30,-30,-30,-30,-30,30,-30,-30,18,-30,5
559,-30,-30,-30,-30,-30,-30,-30,30,-30,-30,7
820,-30,-30,-30,-30,-30,-30,-30,-30,-30,-30,0
4447,-30,-30,-30,-30,-30,-30,-30,-30,-30,24,9
7597,-30,-30,-30,30,-30,-17,-30,-30,-30,-30,3
7354,30,-30,-30,-30,-30,-30,-30,-30,-30,-30,0
6374,-30,-30,-30,-30,-30,-30,30,-30,-30,-30,6
8315,-30,-30,-30,-30,-30,-30,30,-30,-30,-30,6
3895,-30,-30,-30,30,-30,-10,-30,-30,-30,-30,3
8059,-30,-30,30,-30,-30,-30,-30,-30,-30,-30,2
3646,-30,30,-30,-30,-30,-30,-30,-30,-30,-30,1
3542,-30,-30,-30,30,-30,30,-30,-30,-30,-30,3
9145,-30,-30,30,-30,-30,-30,-30,-30,-30,-30,2
9080,-30,-30,30,-30,-30,-11,-30,-30,-30,-30,2
699,-30,-30,-30,-30,-30,-30,-30,-30,-30,30,9
6545,-30,-30,-30,6,-30,-11,-30,-30,-30,-30,3
3741,-3,-30,-30,-30,-30,0,-30,-30,-16,-30,5
7815,10,-30,-24,-30,-30,-30,-30,-30,-30,-30,0
8216,-30,-30,-30,-30,-30,30,-30,-30,-30,-30,5
1940,-30,-30,-30,-30,-30,-30,-30,-30,-30,-30,0
2611,-30,-30,-30,-30,-30,13,-30,-30,0,-30,5
8132,-30,30,-30,-30,-30,-30,-30,-30,-30,-30,1
4540,-30,-30,-30,-30,30,-30,-30,-30,-30,-30,4
5510,-30,-30,-30,-30,15,-30,-30,-26,-30,-30,4
2950,-30,-30,-30,-30,-30,-30,15,-30,-30,-30,6
6576,30,-30,-30,-30,-30,-20,-30,-30,-30,-30,0
951,-30,-30,30,-30,-30,-30,-30,-30,-30,-30,2
9701,-30,-30,-30,-30,-30,-30,-30,-30,-30,-30,0
9634,-30,30,-30,-30,-30,-30,-30,-30,-30,-30,1
1538,-30,-30,-30,-30,30,-30,-30,-30,-30,-30,4
7707,-30,-30,-30,-30,-30,-30,-30,30,-30,-30,7
8944,-30,-30,-30,-30,30,-30,-30,-30,-30,-30,4
7352,-30,-30,-30,-30,-30,-30,-30,30,-30,-30,7
6953,-30,-30,-30,30,-30,-7,-30,-30,-30,-30,3
3104,-30,-30,-30,-30,-30,-30,-30,-30,-30,30,9
530,-30,-30,-30,-30,-30,-30,-30,-30,30,-30,8
8647,-30,-30,-30,-30,-30,13,-30,-30,-4,-30,5
749,-30,-30,-30,-30,-2,-30,-30,-18,-30,-30,4
8541,-30,-30,-30,-30,-30,-30,-30,30,-30,-30,7
930,-30,30,-30,-30,-30,-30,-30,-30,-30,-30,1
1317,-30,-30,30,-30,-30,-30,-30,-30,-30,-30,2
9348,-30,30,-30,-30,-30,-30,-30,-30,-30,-30,1
6900,-30,-30,30,-30,-30,-30,-30,-30,-30,-30,2
1674,-30,-30,30,-30,-30,-24,-30,-30,-30,-30,2
7407,-30,-30,-26,24,-30,-30,-30,-30,-30,-30,3
566,-30,-30,-30,-30,-30,-30,-30,30,-30,-30,7
4498,-30,-30,-30,30,-30,-2,-30,-30,-30,-30,3
8092,-24,-30,3,-30,-30,-30,-30,-30,-30,-30,2
6852,-30,-30,-30,30,-30,-22,-30,-30,-30,-30,3
1171,-30,-30,-30,-30,-30,-30,-30,-30,-30,30,9
8898,-30,30,-30,-30,-30,-30,-30,-30,-30,-30,1
349,-30,-30,-30,-30,-30,-30,-30,15,-30,-30,7
8545,-30,-30,-30,-30,30,-30,-30,-30,-30,-30,4
8920,30,-30,-30,-30,-30,-22,-30,-30,-30,-30,0
102,-30,-30,-30,30,-30,8,-30,-30,-30,-30,3
9103,-30,-30,-30,-30,-30,30,-30,-30,-30,-30,5
4390,-30,-30,-30,-30,-30,30,-30,-30,-30,-30,5
6950,-30,-30,-30,-30,-30,-30,-30,-30,-25,-30,8
9547,-30,-30,-30,-30,-30,-30,30,-30,-30,-30,6
5848,-30,-30,-30,23,-30,30,-30,-30,-30,-30,5
6369,-20,-30,-30,-30,-30,-30,-30,-30,-30,-30,0
9342,-30,-30,-30,-30,-30,30,-9,-30,-30,-30,5
1668,-30,-30,-30,-30,-30,-30,-30,30,-30,-30,7
2343,-30,-30,-30,-30,-30,-30,30,-30,-30,-30,6
6314,-30,-30,-30,-30,-30,12,30,-30,-30,-30,6
9320,-30,-30,-30,2,-30,-30,-30,-30,-30,-30,3
8201,-30,-30,30,-30,-30,-19,-30,-30,-30,-30,2
9895,-30,-30,-30,-30,-30,-30,-30,30,-30,-30,7
1731,-30,-30,-30,-30,-30,-30,-30,-30,2,-30,8
3583,-30,30,-30,-30,-30,-30,-30,-30,-30,-30,1
9296,-30,30,-30,-30,-30,-30,-30,-30,-30,-30,1
4272,-30,-30,-30,-30,-30,-30,-30,-30,-30,-30,0
3761,-30,-30,-30,-30,-30,12,-30,-30,-30,-30,5
7281,-30,-30,-30,-30,-30,-30,30,-30,-30,-30,6
7777,-30,-30,-30,-30,30,-30,-30,-30,-30,-30,4
8137,-30,-30,-30,-30,-30,-30,-30,-30,-30,10,9
9786,-30,-30,-30,-30,-30,30,-30,-30,-30,-30,5
8123,-30,-30,30,-30,-30,-30,-14,-30,-30,-30,2
4402,-30,-30,-30,30,-30,-4,-30,-30,-30,-30,3
5887,-13,-30,-30,30,-30,-30,-30,-30,-30,-30,3
2119,-30,-30,-30,-30,-15,-30,-30,-30,-30,-30,4
2162,-30,-30,-30,-30,-30,-30,-30,-24,-30,-30,7
4766,-30,-30,-30,-30,-30,-30,-30,-30,30,-30,8
7471,-30,-30,-30,-30,-30,-30,-30,-30,-30,28,9
9909,-30,30,-30,-30,-30,-30,-30,-30,-30,-30,1
5410,-30,30,-30,-30,-30,-30,-30,-30,-30,-30,1
5273,30,-30,-30,-30,-30,-30,-30,-30,-30,-30,0
4913,-30,-30,-30,-30,-30,-30,-30,-30,-30,7,9
2504,-30,30,-30,-30,-30,-30,-30,-30,-30,-30,1
2296,-30,-30,-30,-30,30,-30,-30,-30,-30,-30,4
8091,-30,-30,-30,-30,10,-30,-30,-30,-30,-30,4
9470,-30,-30,-30,-30,-30,30,-30,-30,-30,-30,5
5695,-30,-30,-30,-30,30,-30,-30,-30,-30,-30,4
8792,30,-30,-30,-30,-30,-30,-30,-30,-30,-30,0
5135,-30,-30,-30,-30,-30,-30,30,-30,-30,-30,6
4885,-30,-30,30,-30,-30,-12,-30,-30,-30,-30,2
989,-30,-30,26,-21,-30,-30,-30,-30,-30,-30,2
2004,-30,-30,-30,30,-30,-16,-30,-30,-25,-30,3
9208,-30,-7,-30,-30,-30,-30,-30,-30,-30,-30,1
6223,-30,-30,-30,-30,-30,30,-30,-30,-30,-30,5
9861,-30,30,-30,-30,-30,-30,-30,-30,-30,-30,1
6832,-30,-30,30,-30,-30,-30,-30,-30,-30,-30,2
3169,30,-30,-30,-30,-30,-30,-30,-30,-30,-30,0
7709,-30,-30,-30,24,-30,-30,-30,-30,26,-30,8
2589,-30,-30,-30,-30,-30,-30,-30,-30,30,-30,8
5551,-30,30,-30,-30,-30,-30,-30,-30,-30,-30,1
7830,-30,-30,30,-30,-30,-4,-30,-30,-18,-30,2
7828,-30,-30,-30,-30,-30,-30,30,-30,-30,-30,6
2429,-30,-30,-30,-30,-30,-30,-30,30,-30,-30,7
4744,-30,30,-30,-30,-30,-30,-30,-30,-30,-30,1
4184,-30,-30,-30,-30,-30,-30,30,-30,-30,-30,6
9328,-30,-30,30,-30,-30,-21,-30,-30,-30,-30,2
289,-30,-30,-30,30,-30,4,-30,-30,-30,-30,3
5167,-30,-30,-30,-30,-30,-30,-30,-30,-30,-30,0
153,30,-30,-30,-30,-30,-30,-30,-30,-30,-30,0
5032,-30,3,-30,-23,-30,-30,-30,-30,-30,-30,1
2741,-21,-30,30,-30,-30,-30,-30,-30,-30,-30,2
8765,-30,-30,30,-30,-30,-30,-30,-30,-30,-30,2
5226,30,-30,-30,-30,-30,-24,-30,-30,-30,-30,0
1827,-30,-30,-30,-30,-30,-1,-30,-30,-30,-30,5
6415,-30,-30,-30,-30,-30,-30,-30,-30,-30,14,9
1923,-30,-30,-30,-30,-30,-30,-30,-30,-30,-18,9
7951,30,-30,-30,-30,-30,-30,-30,-30,-30,-30,0
9910,-30,-30,30,-27,-30,-30,-30,-30,-30,-30,2
4649,-30,-30,-30,-12,-30,-8,-30,-30,-30,-30,5
6103,-30,30,-30,-30,-30,-30,-30,-30,-30,-30,1
3677,-30,-30,-30,-30,-30,-30,-30,-30,-30,30,9
7451,-30,-30,-30,-30,-30,-30,-30,30,-30,-30,7
1104,-30,-30,-30,-20,-30,-30,-30,-30,30,-30,8
5406,-30,30,-30,-30,-30,-30,-30,-30,-30,-30,1
178,30,-30,-30,-30,-30,-8,-30,-30,-30,-30,0
4187,-30,-30,-30,-30,21,-30,-30,-23,-30,-30,4
6164,-30,30,-30,-30,-30,-30,-30,-30,-30,-30,1
2852,-30,-30,-30,-30,-30,-30,-30,-30,-30,30,9
902,-30,-30,-30,-30,-30,-30,-30,-30,-30,30,9
4259,-30,-30,-30,-30,-30,15,-30,-30,-30,-30,5
2570,-30,-30,-30,-30,30,-30,-30,-30,-30,-30,4
1099,-30,-30,30,-30,-30,-30,-30,-30,-30,-30,2
7457,-30,-30,-7,-30,-30,-30,26,-30,-30,-30,6
3887,-30,-30,-30,-30,-30,-30,-30,-30,-4,-30,8
7357,-30,30,-30,-30,-30,-30,-30,-30,-30,-30,1
9067,-30,-30,-30,30,-30,-30,-30,-30,-30,-30,3
7005,-30,-30,-30,-30,-30,-30,-30,30,-30,-30,7
3520,-30,-30,-30,-30,-30,-4,-30,-30,-30,-30,5
6681,-30,-30,-30,-30,-22,-23,-30,-30,-30,-30,4
9762,-30,-30,-30,-30,21,-30,-30,-30,-30,-30,4
1807,-30,30,-30,-30,-30,-30,-30,-30,-30,-30,1
6422,-30,-30,-30,-30,-30,-30,-30,-30,30,-30,8
4222,-30,30,-30,-30,-30,-30,-30,-30,-30,-30,1
9876,-30,-30,-30,-5,-30,-13,-30,-30,-30,-30,3
6343,-30,-30,-30,-30,-30,-30,-30,-30,30,-30,8
5503,-30,30,-30,-30,-30,-30,-30,-30,-30,-30,1
9541,-30,-30,30,-30,-30,-30,-30,-30,-30,-30,2
5733,-30,-30,-30,-30,-30,30,-30,-30,-21,-30,5
85,-30,-30,-30,11,-30,-30,-30,-30,-11,-30,3
2797,30,-30,-30,-30,-30,-30,-30,-30,-30,-30,0
389,-30,-30,-30,-30,-30,-30,30,-30,-30,-30,6
9083,-30,-30,30,-30,-30,-22,-30,-30,-30,-30,2
8959,-30,30,-30,-30,-30,-30,-30,-30,-30,-30,1
8678,-30,30,-30,-30,-30,-30,-30,-30,-30,-30,1
705,-30,-24,-30,-30,-30,-30,-30,-30,-30,-27,1
1506,-30,30,-30,-30,-30,-30,-30,-30,-30,-30,1
1067,-30,-30,-30,-30,-30,30,-30,-30,-30,-30,5
7233,-30,-30,-30,30,-30,-30,-30,-30,-30,-30,3
2235,-30,-30,-30,-30,30,-30,-30,-30,-30,-30,4
6301,-30,-30,-6,-30,-30,-30,2,-30,-30,-30,6
6025,-30,-30,-30,-30,-30,-30,-30,-30,-30,10,9
1594,-30,-30,-30,-30,-30,30,-30,-30,-30,-30,5
6872,30,-30,-30,-30,-30,-29,-30,-30,-30,-30,0
3840,-30,-30,-30,-30,-30,-30,-30,-30,-30,30,9
2842,-30,-30,30,-30,-30,-30,-30,-30,-30,-30,2
5952,-30,-30,30,-30,-30,-30,-30,-30,-30,-30,2
2967,-30,-30,-30,-30,30,-30,-30,-30,-30,-30,4
7179,-30,-30,-30,-30,-30,-27,-30,-30,-30,-20,9
7499,-30,-30,30,-30,-30,-30,-30,-30,-30,-30,2
2009,-30,30,-30,-30,-30,-30,-30,-30,-30,-30,1
2696,-30,-30,-30,-30,-30,-30,-30,30,-30,-30,7
4160,-30,-30,30,-30,-30,-30,-30,-30,-30,-30,2
411,-30,-30,-30,-30,30,-30,-30,-30,-30,-30,4
3369,-30,-30,-30,-30,-30,-30,-30,-30,-30,30,9
6184,-30,-30,-30,-30,17,-30,-30,-30,-30,-30,4
6042,-30,-30,-30,-30,30,-15,-30,-30,-30,-30,4
2111,30,-30,-30,-30,-30,-25,-30,-30,-30,-30,0
3010,-30,-30,-30,-30,-30,-30,-30,-30,-30,-30,0
3880,-30,-30,-30,-30,-30,-30,-30,-30,-30,30,9
1738,-30,-30,30,-30,-30,-30,-30,-30,-30,-30,2
655,-30,-30,30,-30,-30,-7,-30,-30,-30,-30,2
2735,-30,-30,-30,30,-30,-30,-30,-30,-30,-30,3
6138,-30,-30,-30,30,-30,-30,-30,-30,-30,-30,3
7767,-30,-30,-30,-30,-30,-30,-30,-30,4,-30,8
616,-30,-30,-30,30,-30,-30,-30,-30,-30,-30,3
8112,-27,-30,-30,-30,-30,20,-30,-30,-30,-30,5
3094,-30,-30,-30,-30,-30,-30,-30,30,-30,-30,7
6739,-30,-30,-30,30,-30,-30,-30,-30,-30,-30,3
4822,-30,-30,-30,-30,-30,28,-30,-30,-30,-30,5
8476,-30,-30,-30,-30,-30,-24,-30,-30,-8,-30,8
1820,-30,30,-30,-30,-30,-30,-30,-30,-30,-30,1
7200,-30,-30,30,-30,-30,-30,-30,-30,-30,-30,2
2475,-30,-30,-30,-30,8,-30,-30,-30,-30,-30,4
2159,-30,-30,-30,-30,-26,-30,-30,-30,-30,-30,4
4286,-13,-30,-30,-30,-30,-30,26,-30,-30,-30,6
860,-30,-30,-30,-30,30,-30,-30,-30,-30,-30,4
776,-30,-30,-30,-30,-30,-30,-30,-30,-30,30,9
7479,-30,-30,-30,-30,-30,30,-30,-30,-27,-30,5
1995,-30,30,-30,-30,-30,-30,-30,-30,-30,-30,1
7400,30,-30,-30,-30,-30,-30,-30,-30,-30,-30,0
8610,-30,-30,-30,-30,-30,-30,30,-30,-30,-30,6
3137,-30,-30,-30,-30,-30,-30,-30,-30,-30,30,9
2248,-30,-30,-30,-30,-30,30,-30,-30,-30,-30,5
4746,-30,-30,-30,-30,-30,-30,-30,-7,-30,-30,7
8175,-30,-30,-30,-30,-30,-20,-30,-30,-30,-30,5
1322,-30,-30,-30,-30,-30,-30,-30,-30,-30,30,9
3416,-30,-30,-30,-30,-30,-30,-30,21,-30,-30,7
7203,-30,-30,-30,15,-30,-30,-30,-30,-30,-30,3
5182,-30,-30,-30,16,-30,-30,-30,-30,26,-30,8
9135,30,-30,-30,-30,-30,-30,-30,-30,-30,-30,0
310,-30,-30,-30,30,-30,-19,-30,-30,-30,-30,3
3327,-30,-30,-30,-30,-30,-30,-30,19,-30,-30,7
1234,-30,30,-30,-30,-30,-30,-30,-30,-30,-30,1
3955,-30,-30,-30,30,-30,30,-30,-30,-30,-30,3
7055,-30,-30,-30,-30,-30,-30,30,-30,-30,-30,6
4624,-30,-30,-30,-30,-30,-30,-30,30,-30,-30,7
9203,-30,-30,-2,-30,-30,-18,-30,-30,-30,-30,2
4688,-30,-30,-30,-30,-30,30,-30,-30,-30,-30,5
1621,-30,-30,-30,-30,-30,-30,-30,-30,-30,30,9
4935,-30,-30,-30,-30,-30,-30,-30,30,-30,-30,7
6996,-30,-30,-30,-30,-30,-30,-30,-30,-30,5,9
9252,-30,-30,-30,-30,-30,-30,30,-30,-30,-30,6
8552,-30,-30,-30,-30,-30,1,-30,-30,-30,-30,5
4192,-30,-30,-30,-30,-30,-30,30,-30,-30,-30,6
6525,-30,-30,-27,30,-30,-30,-30,-30,-30,-30,3
2336,-30,-30,-30,-30,-30,-30,-30,30,-30,-30,7
2217,-30,-30,-30,-30,30,-30,-30,-30,-30,-30,4
2067,4,-30,-30,-30,-30,-30,-1,-30,-30,-30,0
4363,-30,-30,-30,-30,-30,30,-30,-30,-30,-30,5
5712,-30,-30,-30,27,-30,-30,-30,-30,2,-30,3
8348,-30,-30,-30,-30,-30,30,-30,-30,-30,-30,5
892,-30,-30,-30,-30,30,-30,-30,-30,-30,-14,4
2175,-30,-30,-30,-30,-30,-30,-30,30,-30,-30,7
6817,-30,-30,-30,-30,-30,-30,-30,-30,-6,-30,8
9916,-30,-30,-30,-30,-30,6,-30,-30,-30,-30,5
3095,-30,-30,-30,-30,-30,-30,-30,-30,30,-30,8
414,-20,-30,-30,-30,-30,-30,7,-30,-30,-30,6
1786,-30,-30,-30,-30,-30,-30,-30,30,-30,-30,7
45,-30,-30,-30,-30,-30,-30,30,-30,-30,-30,6
9408,-30,-30,-30,-30,-30,-30,-30,-30,30,-30,8
7080,-30,-30,-30,-30,-30,-30,-30,-30,-30,-30,0
1722,-30,-30,-30,-30,-30,-30,-30,30,-30,-30,7
9212,-30,-30,-30,30,-30,-30,-30,-30,-30,-30,3
4525,-30,-30,-30,-30,-30,-30,-30,-19,-30,-30,7
7513,-30,30,-30,-30,-30,-30,-30,-30,-30,-30,1
7231,-30,-30,-30,-30,-30,-30,-30,-30,-30,28,9
6174,-30,-30,-30,-30,-27,30,-30,-30,-30,-30,5
7472,-30,-30,30,-30,-30,-30,-30,-30,-30,-30,2
645,-30,-30,-30,-30,-30,-30,-30,30,-30,-30,7
6433,-30,-30,-30,30,-30,-9,-30,-30,-30,-30,3
1757,-30,-30,-30,-30,-30,30,-30,-30,-30,-30,5
4968,-30,30,-30,-30,-30,-30,-30,-30,-30,-30,1
2251,-30,30,-30,-30,-30,-30,-30,-30,-30,-30,1
1347,-30,-21,30,-30,-30,-30,-30,-30,-30,-30,2
3949,-30,30,-30,-30,-30,-30,-30,-30,-30,-30,1
2563,-30,-30,-30,-30,30,-30,-30,-30,-30,-30,4
2595,-30,-30,-30,-30,-30,-30,-30,30,-30,-30,7
9378,-30,-30,-30,-30,-29,-30,-30,-30,-30,-30,4
5113,-30,-30,-30,-30,-30,-30,-30,26,-30,-30,7
4736,-30,-30,-30,20,-30,30,-30,-30,-30,-30,5
3166,-30,-30,-30,-30,-3,-30,-30,-30,-30,-30,4
9845,-30,-30,-30,-30,-30,30,-30,-30,-30,-30,5
1935,-30,-30,-30,-30,27,-30,-30,-30,-30,-30,4
9394,30,-30,-30,-30,-30,-30,-30,-30,-30,-30,0
3636,-30,-30,-30,-30,-30,-30,-30,-30,21,-30,8
8163,-30,-30,-30,30,-30,19,-30,-30,-30,-30,3
2790,-30,-30,-30,-30,-30,-30,30,-30,-30,-30,6
6947,-30,-30,-30,-30,-30,-30,-30,-30,-30,-30,0
4212,-30,-30,-30,-30,-30,30,-7,-30,-30,-30,5
6616,23,-30,-30,-30,-30,-30,-30,-30,-30,-30,0
1329,-30,-30,30,-30,-30,-30,-30,-30,-30,-30,2
4430,-30,-30,-30,-30,-30,-30,-30,-30,-30,-30,0
5356,-30,-30,-30,-30,-21,-30,-30,-30,-30,-30,4
428,-30,-30,-30,-30,30,-30,-30,-30,-30,-30,4
7245,-30,-30,-30,-30,-30,-30,-30,-30,-30,-30,0
4634,-30,-30,-30,-30,23,-30,-30,-30,-30,-30,4
5048,-30,-30,-30,-30,-30,-30,30,-30,-30,-30,6
5637,-30,-30,-30,-30,-30,-30,30,-30,-30,-30,6
9164,-30,-30,-30,-30,30,-30,-30,-30,-30,-30,4
6582,-30,-30,-30,-30,-30,-30,-30,-30,-30,-30,0
2063,-30,-30,-30,-30,-30,-30,-30,-30,-30,30,9
4831,-30,-30,-7,-23,-30,27,-30,-30,-30,-30,5
3401,-30,-30,-30,-30,30,-30,-30,-30,-30,-30,4
5732,-30,-30,-30,-30,-30,30,-30,-30,-30,-30,5
937,-30,-30,-30,-30,-30,21,-30,-30,-8,-24,5
3336,-30,-30,-30,-30,-30,30,-30,-30,-18,-30,5
4075,-30,-30,-30,-30,-30,-30,-30,30,-30,-30,7
4269,-30,-30,-30,30,-30,-2,-30,-30,-30,-30,3
5109,-30,-30,-30,-30,-30,-30,-30,-30,-30,7,9
7009,-30,-30,30,-30,-30,-30,-30,-30,-30,-30,2
7626,-30,-30,-30,-30,-30,-30,-30,30,-30,-30,7
7873,30,-30,-30,-30,-30,-30,-30,-30,-30,-30,0
3927,-30,-30,30,-25,-30,-30,-30,-30,-30,-30,2
9999,-18,-30,-30,-30,-30,10,-30,-30,-30,-30,5
5157,-30,30,-30,-30,-30,-30,-30,-30,-30,-30,1
2670,-30,30,-30,-30,-30,-30,-30,-30,-30,-30,1
2746,-30,-30,-30,-30,-30,-30,-4,-30,-30,-30,6
28,-30,-30,-30,-30,-30,30,-30,-30,-30,-30,5
7623,-30,-30,-30,-30,-30,-30,-30,-30,-30,30,9
5054,-30,-30,26,-30,-30,-30,-30,-30,-30,-30,2
4171,-30,-30,-30,-30,-30,-30,-30,-30,5,-30,8
1207,-30,-30,-30,-30,-30,-30,-30,30,-30,-30,7
6575,-30,-30,30,-30,-30,-4,-30,-30,-30,-30,2
4284,30,-30,-30,-30,-30,-30,-30,-30,-30,-30,0
9451,-30,30,-30,-30,-30,-30,-30,-30,-30,-30,1
8461,-30,-30,-30,-30,-30,30,-30,-30,-30,-30,5
1291,-13,-30,-30,-30,-30,-30,-30,-30,-30,-30,0
4633,-30,-30,-30,-30,-30,-30,-30,-30,-30,-30,0
3047,-30,30,-30,-30,-30,-30,-30,-30,-30,-30,1
8341,-30,-30,-30,-30,-30,-30,-30,-13,-30,-23,7
8492,30,-30,-30,-30,-30,-30,-30,-30,-30,-30,0
9492,-30,-30,-30,-30,-30,-20,30,-30,-30,-30,6
8802,30,-30,-30,-30,-30,-30,-30,-30,-30,-30,0
1767,-30,-30,-30,-30,-30,-27,-30,-30,-30,-30,5
8408,-30,-30,-30,-30,-30,-30,30,-30,-30,-30,6
943,-30,-30,-30,-10,-30,-19,-30,-30,-15,-30,3
5569,-30,30,-30,-30,-30,-30,-30,-30,-30,-30,1
4544,-30,-30,-30,-30,-30,22,-30,-30,-30,-30,5
3990,30,-30,-30,-30,-30,-28,-30,-30,-30,-30,0
3508,-30,-30,-30,-30,-30,-30,-30,-30,-30,-30,0
5772,-30,-30,-30,30,-30,-30,-30,-30,-30,-30,3
9377,-30,-30,-30,-30,-30,-30,-30,-30,-25,-30,8
6473,-30,-30,30,-30,-30,-30,-30,-30,-30,-30,2
6861,-30,-30,-30,-30,-30,-30,-30,-30,-30,-30,0
9089,-30,-30,-30,-30,-30,23,30,-30,-30,-30,6
4937,-30,-30,30,-30,-30,-30,-30,-30,-30,-30,2
4245,-30,20,-30,-30,-30,-30,-30,-30,-30,-30,1
4697,0,-30,-30,-30,-30,-30,-11,-30,-30,-30,0
972,-30,30,-30,-30,-30,-30,-30,-30,-30,-30,1
143,-30,30,-30,-30,-30,-30,-30,-30,-30,-30,1
5282,-30,-30,-30,30,-30,-30,-30,-30,-30,-30,3
8119,-30,-30,-30,-30,-30,-30,-30,30,-30,-30,7
3117,-30,-30,-30,-30,-30,-30,-30,-30,-30,27,9
8791,30,-30,-30,-30,-30,-20,-30,-30,-30,-30,0
172,-30,-30,-30,-30,-30,-30,-30,-30,21,-30,8
3057,30,-30,-30,-30,-30,-7,-30,-30,-30,-30,0
51,-30,-30,-30,-30,-30,30,-30,-30,-30,-30,5
1480,-30,-30,-30,-30,30,-30,-30,-30,-30,-30,4
5064,30,-30,-30,-30,-30,-25,-30,-30,-30,-30,0
9687,-30,-24,30,-30,-30,-30,-30,-30,-30,-30,2
2037,-30,-30,-30,-30,-30,-30,-30,-30,30,-30,8
8087,-30,-30,25,-30,-30,-30,-30,-30,-30,-30,2
5445,-30,-30,30,-30,-30,-30,-30,-30,-30,-30,2
4813,-30,-30,-30,-8,-30,-30,-30,-30,-30,-30,3
8567,-30,-30,-30,30,-30,-30,-30,-30,-11,-30,3
833,-30,-30,-30,-30,30,-30,-30,-30,-30,-30,4
2740,30,-30,-30,-30,-30,-30,-30,-30,-30,-30,0
8412,-30,-30,-30,-30,-30,-30,-30,-30,19,-30,8
8034,-30,-30,-30,-30,-30,-30,-30,-30,-30,-30,0
5986,-30,-30,-30,-30,-30,30,-30,-30,-30,-30,5
5281,-30,-30,-30,-30,-30,30,-30,-30,-30,-30,5
2040,-30,30,-30,-30,-30,-30,-30,-30,-30,-30,1
3641,-30,-30,30,-30,-30,-30,-30,-30,-30,-30,2
2682,-30,30,-30,-30,-30,-30,-30,-30,-30,-30,1
7720,-30,-30,-30,30,-30,30,-30,-30,-30,-30,3
8747,-30,30,-30,-30,-30,-30,-30,-30,-30,-30,1
7195,-30,-30,-30,-30,-30,1,-30,-2,-30,-30,5
2968,-30,-30,-30,-30,-30,-30,-30,-30,-30,10,9
4940,-30,-30,-30,-30,-30,30,-12,-30,-30,-30,5
7784,-30,-30,-30,-20,-30,-30,-30,30,-30,-30,7
3575,-30,-30,30,-30,-30,-30,-30,-30,-30,-30,2
8038,30,-30,-30,-30,-30,19,-30,-30,-30,-30,0
913,18,-30,-30,-30,-30,6,-30,-30,-30,-30,0
1932,-30,-30,-30,-30,-30,-2,-30,-30,-30,-30,5
731,-30,-30,-30,-30,-30,-30,-30,-30,30,-30,8
7606,-30,-30,-30,-30,-30,-30,30,-30,-30,-30,6
9057,-30,-30,30,-30,-30,-30,-30,-30,-30,-30,2
315,-30,-30,-30,-30,-30,30,-30,-30,-30,-30,5
7795,-30,-30,-30,-30,-10,5,-30,-30,-30,-30,5
9059,-30,30,-30,-30,-30,-30,-30,-30,-30,-30,1
7556,-30,-30,-30,-30,-30,-30,-30,-30,-30,30,9
6322,-30,-30,-30,-30,-30,-6,-30,-30,-30,-30,5
7082,-30,30,-30,-30,-30,-30,-30,-30,-30,-30,1
6339,-30,-30,-30,-30,-30,30,-30,-30,-30,-30,5
8757,-30,-30,-30,-30,-30,3,-30,-30,-6,-30,5
4543,-30,0,-30,-30,-30,-30,-30,-27,-30,-30,1
9274,30,-30,-30,-30,-30,-30,-30,-30,-30,-30,0
8068,-30,-30,30,-30,-30,-30,-30,-30,-30,-30,2
9168,-30,-30,-30,-30,-17,-30,-30,-30,-30,-30,4
4451,-30,-30,-30,-30,30,-30,-30,-30,-30,-30,4
3608,-30,-30,-30,30,-30,-2,-30,-30,-30,-30,3
6824,-30,-30,-30,-30,-30,-30,30,-30,-30,-30,6
8670,-30,-30,-30,-15,-30,-30,-30,-30,-4,-30,8
2506,-30,-30,-30,-30,-30,-30,-30,-30,30,-30,8
1528,-30,-30,30,-30,-30,-30,-30,-30,-30,-30,2
9390,-30,-30,-30,-30,-27,-30,-30,-30,-30,-30,4
7644,30,-30,-30,-30,-30,-30,-30,-30,-30,-30,0
7136,-30,-30,-30,-30,-30,-13,-30,-30,-30,-30,5
3530,13,-30,-30,-30,-30,-30,-30,-30,-30,-30,0
3171,-30,-30,-30,-30,26,-30,-30,-30,-30,-30,4
1062,-30,-30,-30,-30,30,-30,-30,-30,-30,-30,4
4694,-30,-30,-30,-30,-30,-30,-30,30,-30,-30,7
2345,-30,-30,-30,-30,-30,-30,-30,-30,-30,30,9
4654,-30,-30,-30,30,-30,-30,-30,-30,-30,-30,3
4853,-30,-30,-30,-30,-16,-14,-30,-30,-30,-30,5
4250,-30,30,-30,-30,-30,-30,-30,-30,-30,-30,1
9921,-30,-30,-30,-30,-30,30,-30,-30,-30,-30,5
6126,-30,-30,-30,-30,-30,-30,-30,-30,-30,-30,0
8984,-30,-30,18,-30,-30,-30,-30,-30,-30,-30,2
5488,-30,-30,-30,30,-30,1,-30,-30,-30,-30,3
155,-30,-30,-30,-30,-30,30,-30,-30,-30,-30,5
4863,-30,-30,-30,-30,-30,-30,-30,-30,29,-30,8
3876,-30,-30,-30,-30,-30,29,-30,-30,-30,-30,5
2020,23,-30,-30,-30,-30,-30,-30,-30,-30,-30,0
571,-30,-30,-30,-30,-30,15,-30,-30,-30,-30,5
1648,-30,-30,-30,30,-30,10,-30,-30,-30,-30,3
9002,-30,-30,-30,30,-30,-30,-30,-30,-30,-30,3
2013,-30,-30,-30,-30,-30,30,-13,-30,-30,-30,5
4145,-30,-30,-30,-30,-30,-30,30,-30,-30,-30,6
5207,30,-30,-30,-30,-30,-30,-30,-30,-30,-30,0
9077,-30,30,-30,-30,-30,-30,-30,-30,-30,-30,1
4205,-30,-30,-30,-30,-30,-30,30,-30,-30,-30,6
214,30,-30,-30,-30,-30,-30,-30,-30,-30,-30,0
4838,-30,-30,-30,30,-30,-30,-30,-30,-30,-30,3
7436,-30,-30,-30,-30,-30,-10,-30,3,-30,-30,7
4135,-30,-30,-30,-30,30,-30,-30,-30,-30,-30,4
9672,-30,-30,-30,-30,-4,-30,-30,-30,-30,-30,4
5874,-30,30,-30,-30,-30,-30,-30,-30,-30,-30,1
3398,-30,-30,13,10,-30,-30,-30,-30,-30,-30,2
8105,-30,-30,-30,-30,-30,-30,-30,-30,-30,30,9
8917,-30,30,-30,-30,-30,-30,-30,-30,-30,-30,1
1724,-30,-30,-30,-30,30,-30,-30,-30,-30,-30,4
7875,-30,-30,-30,-30,-30,-30,30,-30,-30,-30,6
1305,-30,-30,-30,-30,-30,-30,-30,-30,-30,-12,9
831,-30,-30,-30,-30,-30,-30,-30,-30,-30,30,9
4907,-30,-30,-30,30,-30,-30,-30,30,-30,-30,3
1242,-30,-30,-30,-30,-30,-30,-30,-30,-30,30,9
6949,-30,-30,-30,-30,-30,-30,-30,-30,-16,-30,8
58,-30,-30,-30,-30,30,-30,-30,-30,-30,-30,4
2035,-30,-30,-5,-30,6,-30,-30,-30,-30,-30,4
16,-30,-30,-30,30,-30,30,-30,-30,-30,-30,3
2271,-30,30,-30,-30,-30,-30,-30,-30,-30,-30,1
8289,-30,-30,-30,13,-30,-27,-30,-30,-30,-30,3
6370,-30,30,-30,-30,-30,-30,-30,-30,-30,-30,1
5981,-30,-30,-30,10,-30,-30,-30,-30,-30,-30,3
2467,-30,-30,-30,-30,-30,-30,-30,-30,23,-30,8
3066,-30,-30,-30,-30,-30,-30,-30,30,-30,-30,7
2739,-30,-30,-30,-30,-30,-30,-30,-30,-30,30,9
9933,-30,-30,-30,-30,30,-30,-30,-30,-30,-30,4
4102,-30,-30,-30,-30,-30,-30,-30,-30,30,-30,8
1043,-30,-30,-30,-30,-30,13,-30,-30,-30,-30,5
8895,-30,-30,-30,-30,-30,-30,-30,-30,-30,-30,0
271,-30,-30,-30,-30,-30,-30,-30,-30,-30,30,9
4620,-30,-30,-30,-30,-30,-30,-30,29,-30,-30,7
3726,-30,30,-30,-30,-30,-30,-30,-30,-30,-30,1
9126,-30,-30,-30,-30,4,-30,-30,-30,-30,-30,4
7967,-30,-30,-30,30,-30,22,-30,-30,-30,-30,3
2869,-30,-30,-30,-30,-30,-30,30,-30,-30,-30,6
665,30,-30,-30,-30,-30,-30,-30,-30,-30,-30,0
2542,-30,-30,-30,-30,-30,8,-30,-30,-30,-30,5
9713,-30,-30,30,-30,-30,-30,-30,-30,-30,-30,2
9133,-30,-30,30,-30,-30,-30,-30,-30,-30,-30,2
1054,-30,-30,30,-30,-30,-30,-9,-30,-30,-30,2
7348,-30,30,-30,-30,-30,-30,-30,-30,-30,-30,1
7349,-30,-30,-30,28,-30,13,-30,-30,-30,-30,3
5160,-30,-30,-30,-30,-30,30,-30,-30,-9,-30,5
1952,-30,-30,30,-30,-30,-30,-30,-30,-30,-30,2
8858,-30,-30,-30,-30,30,-30,-30,-30,-30,-30,4
3849,-30,-30,-30,-30,-30,-30,-30,-30,-30,30,9
9027,-30,-30,-30,-30,-30,12,30,-30,-30,-30,6
3446,-30,-30,30,-30,-30,-30,-30,-30,-30,-30,2
9716,-30,-30,-30,-30,-30,-30,-30,30,-30,-30,7
4741,-30,-30,-30,-30,-30,-30,-30,14,-30,-3,7
6482,-30,-30,13,-30,-30,-30,-30,-30,-30,-30,2
7573,-30,-30,30,-30,-30,-30,-30,-30,-30,-30,2
5590,-30,30,-30,-30,-30,-30,-30,-30,-30,-30,1
305,-30,30,-30,-30,-30,-30,-30,-30,-30,-30,1
288,-17,-30,-29,-30,-30,-29,-30,-30,-30,-30,0
7176,-30,-30,-30,-30,-30,-30,-30,-30,30,-30,8
4353,-30,-30,-29,11,-30,-30,-30,-30,-30,-30,3
9680,-30,-30,-30,-30,-30,-30,-30,-30,-30,-30,0
6628,-30,-30,-30,-30,-30,-20,-30,-30,-30,-30,5
9839,-30,-30,-30,-30,-24,-30,-30,-30,-30,-30,4
164,-30,30,-30,-30,-30,-30,-30,-30,-30,-30,1
7315,-30,-30,-30,-30,-30,-30,-30,30,-30,-30,7
6109,-30,30,-30,-30,-30,-30,-30,-30,-30,-30,1
403,-30,-30,-30,-30,-30,-30,-30,30,-30,-30,7
1848,-30,-30,-22,-30,-30,-30,30,-30,-30,-30,6
9040,-30,-30,-30,-30,-30,-30,-30,20,-30,-30,7
5723,-30,-30,-30,-25,-30,-30,-30,-30,-30,-30,3
4695,-30,-30,30,-30,-30,-30,-30,-30,-30,-30,2
2371,-30,-30,-30,-30,-30,-30,-30,30,-30,-30,7
2807,-30,-30,-30,30,-30,-23,-30,-30,-30,-30,3
4735,-30,30,-30,-30,-30,-30,-30,-30,-30,-30,1
5346,-30,-30,-30,-30,-30,-30,-30,30,-30,-30,7
8933,-30,-30,-30,-30,-30,30,-30,-30,-11,-30,5
2712,-30,-30,-30,-30,-30,-30,-30,-30,30,-30,8
5180,-30,-30,30,-30,-30,-30,-30,-30,-30,-30,2
5322,-30,-30,-30,-30,-30,-30,30,-30,-30,-30,6
4294,-30,-30,30,-30,-30,-30,-30,-30,-30,-30,2
3123,-30,-30,30,-30,-30,-4,-30,-30,-30,-30,2
9811,-30,-30,-30,-30,-30,30,-30,-30,-30,-30,5
2200,-30,-30,-30,-30,-30,-30,30,-30,-30,-30,6
9937,-30,-30,-30,-30,-30,30,6,-30,-30,-30,5
6818,30,-30,-30,-30,-30,-13,-30,-30,-30,-30,0
4791,-30,-30,-30,-30,-30,-30,-30,-30,-30,30,9
4981,-30,-30,30,-30,-30,-17,-30,-30,-30,-30,2
1438,-30,-30,-30,-30,30,-30,-30,-30,-30,-30,4
2139,-30,-30,-30,16,-30,-30,-30,-30,-30,-30,3
4461,-30,-30,-30,-11,-30,-30,-30,-30,-30,-30,3
8819,-30,-30,-30,-30,-30,-30,-30,-30,-30,30,9
3570,-30,-30,-30,-30,-30,4,-30,30,-30,-30,7
6098,-30,-30,-30,-30,-30,-30,30,-30,-30,-30,6
9578,-30,-30,-30,-30,-30,-30,30,-30,-30,-30,6
5059,-30,-30,-30,-30,-30,-16,-30,-30,30,-30,8
5224,30,-30,-30,-30,-30,-27,-30,-30,-30,-30,0
5707,-30,-30,-30,-30,-17,-30,-30,-30,-30,-30,4
5754,-30,30,-30,-30,-30,-30,-30,-30,-30,-30,1
9441,-30,-30,-30,8,-30,-30,-30,-30,-30,-30,3
2884,-30,-30,-30,-30,-30,-16,-30,-30,-11,-30,8
9746,-22,-30,30,-22,-30,-30,-30,-30,-30,-30,2
9063,-30,-30,-30,-30,-30,-30,-30,-30,-30,30,9
4650,-30,30,-30,-30,-30,-30,-30,-30,-30,-30,1
9988,-30,-30,-30,30,-30,-17,-30,-30,30,-30,3
8135,30,-30,-30,-30,-30,14,-30,-30,-30,-30,0
5831,-30,-30,-30,-30,-30,-30,30,-30,-30,-30,6
2757,-30,-30,-30,-30,-30,-30,-30,30,-30,-30,7
2942,-30,-30,30,-30,-30,-30,-30,0,-30,-30,2
4784,-30,-2,-30,-30,-30,-30,-30,-30,-30,-30,1
696,30,-30,-30,-30,-30,-30,-30,-30,30,-30,0
4986,-30,-30,-30,-30,-30,30,-30,-30,-30,-30,5
1185,-30,-30,-30,-30,-30,30,-30,-30,17,-30,5
1512,-30,-30,30,-30,-30,-30,-30,-30,-30,-30,2
5085,30,-30,-30,-30,-30,-30,-30,-30,-30,-30,0
3995,-30,-30,30,-30,-30,-30,-30,-30,-30,-30,2
9121,-30,-30,30,-30,-30,-30,-30,-30,-30,-30,2
7416,30,-30,-30,-30,-30,-30,-30,-30,-30,-30,0
6254,-30,-30,30,-30,-30,-30,-30,-30,-30,-30,2
47,-30,-30,-30,-30,17,-30,-30,-30,-30,-30,4
6548,-30,-30,-30,-30,-30,-30,-30,-30,-30,30,9
7669,-30,-30,-30,-30,-30,-17,-30,-30,-21,-30,5
5143,30,-30,-30,-30,-30,-30,-30,-30,-30,-30,0
8086,-30,-30,-30,-30,-30,-30,-30,-30,-30,22,9
1828,-30,-30,-30,-30,-30,-30,-30,-30,-30,30,9
4396,-30,-30,-30,-30,30,-16,-30,-30,-30,-30,4
1422,-30,-30,-30,-30,-30,-30,30,-30,-30,-30,6
4617,-30,-30,-30,-30,-30,30,-30,-30,-30,-30,5
4698,-30,-30,-30,-30,0,-30,-30,-30,-30,-30,4
2811,-30,-30,-30,-30,-30,-30,-30,-30,-30,-30,0
5363,-30,30,-30,-30,-30,-30,-30,-30,-30,-30,1
9864,-30,-30,-30,-30,-30,-8,-30,-30,1,-30,8
1450,-30,-30,-30,30,-30,22,-30,-30,-30,-30,3
9192,-30,-30,-30,-30,29,8,-30,-30,-30,-30,4
1485,-30,-30,-30,-30,-30,-30,-30,-30,-30,30,9
1975,-30,-30,-30,-30,-26,-30,-30,-30,-30,-5,9
476,-30,30,-30,-30,-30,-30,-30,-30,-30,-30,1
8525,-30,-30,30,-30,-30,-30,-30,-30,-30,-30,2
6277,-30,-30,30,-30,-30,-8,-30,-30,-30,-30,2
3759,-30,-30,-30,-30,-30,-30,-30,-30,-13,-30,8
6472,-30,30,-30,-30,-30,-30,-30,-30,-30,-30,1
9587,-30,-30,-30,-30,-30,-30,-30,-30,-30,30,9
1617,-30,-30,-30,-30,-30,30,30,-30,-22,-30,5
7135,-30,-30,-30,-30,-9,-30,-30,-30,-30,-30,4
3463,30,-30,-30,-30,-30,-30,-30,-30,-30,-30,0
1237,-30,-30,-30,-30,-30,-30,-30,-30,-30,30,9
2719,-30,-30,-30,-30,-17,-30,-30,-30,15,-30,8
1717,-30,-30,-30,-30,-30,-24,-30,-30,4,-30,8
3795,-30,-30,-30,30,-30,-30,-30,-30,-30,-30,3
1963,-30,-30,-30,-30,-30,-30,-30,-30,30,-30,8
4510,-30,-30,-30,-30,-30,-30,-2,-30,-30,-30,6
2359,30,-30,-30,-30,-30,-30,-30,-30,-30,-30,0
520,-30,-30,30,-16,-30,-29,-30,-30,-30,-30,2
5330,-30,-30,-30,-30,-30,30,-30,-30,-30,-30,5
9025,-30,30,-30,-30,-30,-30,-30,-30,-30,-30,1
3090,-30,-30,-30,-30,-30,-30,-30,-30,-30,30,9
1416,-30,-30,-30,-30,-30,-30,30,-30,-30,-30,6
3358,-30,-30,30,-30,-30,-30,-30,-30,-30,-30,2
3623,-30,-30,-30,-30,-30,-30,-30,-30,-30,30,9
5269,-30,-30,-30,-30,15,-30,-30,-30,-30,-30,4
6622,30,-30,-30,-30,-30,-30,-30,-30,-30,-30,0
9978,-30,-30,-30,-30,-30,-30,-30,-30,-30,30,9
9997,-30,-30,-30,-30,-30,-30,30,-30,-30,-30,6
1206,30,-30,-30,-30,-30,-20,-30,-30,-30,-30,0
2806,-30,-30,-30,-30,-30,-21,30,-30,-30,-30,6
2102,-30,-30,2,-12,-30,-29,-30,-30,-30,-30,2
1696,-30,-30,-30,-30,-30,30,-30,-30,-30,-30,5
6993,-30,-30,-30,-30,-4,-30,-30,-28,-30,-30,4
7521,-30,-30,30,-30,-30,-20,-30,-30,-30,-30,2
2638,-30,-30,-30,-15,-30,-30,-30,-9,-30,-30,7
3657,-30,-30,-30,-5,-30,-30,-30,-30,-13,-30,3
6665,-30,-30,-30,-30,11,-30,-30,-30,-30,-30,4
3954,-22,-30,-30,-2,-30,2,-30,-30,-30,-30,5
779,-30,-30,-30,-30,-30,4,-30,-30,-30,-30,5
1412,30,-30,-30,-30,-30,-30,-30,-30,-30,-30,0
3757,-30,-30,-30,30,-30,-30,-30,-30,-30,-30,3
7011,-30,-30,-30,-30,-30,30,-30,-30,26,-30,5
7270,-30,-30,-30,-30,-30,30,-30,-30,-30,-30,5
876,-30,-30,-30,30,-30,14,-30,-30,-30,-30,3
7431,-30,-30,-30,-30,-30,30,-30,-30,-30,-30,5
1369,-30,-30,-30,-30,-30,-30,-30,-30,30,-30,8
1866,-30,-30,-30,-30,-30,-30,30,-30,-30,-30,6
1797,-28,-30,-30,-30,-30,-10,-30,-30,-30,-30,5
8197,-30,-30,-30,-30,-30,-30,-30,-30,-30,-30,0
2727,-30,-30,-30,-30,-30,-30,30,-30,-30,-30,6
8382,-30,-30,-30,30,-30,-15,-30,-30,-30,-30,3
1362,-30,-30,-30,30,-30,-27,-30,-30,-30,-30,3
1900,-30,-30,-30,-30,-30,-30,-30,-30,-30,30,9
3486,-30,-30,-30,-30,-30,-30,30,-30,-30,-30,6
5016,-30,30,-30,-30,-30,-30,-30,-30,-30,-30,1
7066,-30,30,-30,-30,-30,-30,-30,-30,-30,-30,1
7822,-30,-30,30,-30,-30,-30,-30,-30,-30,-30,2
119,-30,-30,-30,-30,-30,-30,-30,-30,-30,30,9
7425,30,-30,-30,-30,-30,-6,-30,-30,-30,-30,0
9066,-30,-30,-30,-30,30,-1,-30,-30,-30,-30,4
6536,-30,-30,-30,8,-30,-5,-30,-30,-30,-30,3
8221,-30,-30,-30,-18,-30,30,-30,-30,-30,-30,5
1059,-30,-30,-30,-30,-30,-30,30,-30,-30,-30,6
1178,-30,-30,-30,-30,-30,-30,-30,-30,-30,-2,9
6845,-30,-30,-30,-30,-30,30,-30,-30,-30,-30,5
1196,-30,-30,-30,-30,-30,-30,-30,-5,-30,-30,7
3445,-30,-30,-30,30,-30,-30,-30,-30,-30,-30,3
7334,-30,-30,-30,-30,-30,-30,-30,30,-30,-30,7
6321,-30,-30,-30,-30,-30,-30,-30,30,-30,-30,7
5359,-30,-30,-30,-30,-30,-20,-30,30,-30,-30,7
313,-30,-30,-30,-20,-30,-30,-30,-30,-30,-30,3
1914,-30,-30,-30,-22,-30,-30,-30,-30,-30,-30,3
3727,-30,-30,-30,-30,-30,-30,-30,-30,-30,30,9
5520,-30,-30,-30,-30,-30,-30,-30,-30,30,-30,8
1004,-30,-30,-30,30,-30,30,-30,-30,-30,-30,3
5382,30,-30,-30,-30,-30,-30,-30,-30,-30,-30,0
6104,-30,-30,-30,-30,-30,-30,-30,30,-30,-30,7
8361,-30,-30,30,-30,-30,-30,-30,-30,-30,-30,2
2152,-30,-30,-30,-30,-30,-30,-30,30,-30,-30,7
6235,-30,-30,-30,-30,-30,-30,-30,-30,-30,-30,0
1732,-30,-30,-30,-30,30,-30,-30,-30,-30,-30,4
8512,-30,-30,-30,-30,-30,30,-30,-30,-5,-30,5
2885,-30,-30,-30,-30,30,-9,-30,-30,-30,-30,4
7979,-30,-30,-30,-30,-30,-30,-30,-30,-30,30,9
6082,-30,-30,-30,30,-30,30,-30,-30,-30,-30,3
3522,-30,-30,30,-30,-30,-22,-30,-30,-30,-30,2
4453,-30,30,-30,-30,-30,-30,-30,-30,-30,-30,1
8724,-30,-30,-30,-30,30,-30,-30,-30,-30,-30,4
5749,30,-30,-30,-30,-30,-30,-30,-30,-30,-30,0
7442,-30,-30,30,-30,-30,-22,-30,-30,-30,-30,2
4038,-30,-30,-30,30,-30,3,-30,-30,-30,-30,3
3874,-30,-30,-30,-30,-30,-7,-30,-15,-30,-30,5
9086,-30,-30,-30,-30,-30,30,-30,-30,-30,-30,5
2902,-30,-30,-30,-30,-30,-30,-30,-30,-30,-30,0
2988,-30,-30,-30,-30,-30,2,-30,-30,-18,-30,5
5833,-30,-30,-30,19,-30,-30,-30,-30,-20,-30,3
9868,30,-30,-30,-30,-30,-19,-30,-30,-30,-30,0
7325,30,-30,-30,-30,-30,-30,-30,-30,-30,-30,0
2772,-30,-30,-30,-30,-30,-30,-4,-30,-30,-30,6
9613,-30,30,-30,-30,-30,-30,-30,-30,-30,-30,1
1693,-30,-30,-30,-30,30,-30,-30,-30,-30,-30,4
2664,-30,-30,-30,-30,-30,-30,-30,30,-30,-30,7
9615,-30,-30,-30,30,-30,30,-30,-30,-30,-30,3
1654,-30,-30,-30,-30,-30,-30,-30,-30,-30,30,9
5586,30,-30,-30,-30,-30,-30,-30,-30,-30,-30,0
2442,30,-30,-30,-30,-30,-30,-30,-30,-30,-30,0
2609,30,-30,-30,-30,-30,-30,-30,-30,-30,-30,0
8890,-30,-30,-30,-30,-30,-30,-4,-30,-30,-30,6
2370,-30,-30,-30,-30,-30,-30,30,-30,-30,-30,6
6986,-30,-30,30,-30,-30,-30,-30,-30,-30,-30,2
8675,-30,-30,-30,30,-30,-30,-30,-30,-30,-30,3
4298,-30,-30,-30,-30,-30,-30,-30,30,-30,-30,7
6410,-30,-30,-30,-30,-30,-30,-30,-30,30,-30,8
8521,-30,-30,-30,-30,30,-30,-30,-30,-30,-30,4
4234,-30,-30,-30,-30,-30,-30,-30,5,-30,-30,7
8961,-30,-30,-30,-30,-30,-30,-30,30,-30,-30,7
4349,-30,-30,-30,-30,-30,-30,-30,-30,-30,-22,9
3658,-30,-30,-30,27,-30,-30,-30,-30,-30,-30,3
2908,-30,-30,-30,-30,1,-30,-30,-30,-30,-30,4
9345,-30,30,-30,-30,-30,-30,-30,-30,-30,-30,1
3748,-30,-30,16,-30,-30,-30,-4,-30,-30,-30,2
1278,-30,-30,-30,-30,-30,30,-30,-30,-30,-30,5
3637,-30,-30,30,-30,-30,-19,-30,-30,-30,-30,2
7651,-30,-30,-30,-30,30,-30,-30,-30,-30,-30,4
4296,-30,-30,-30,-6,-30,-30,-30,-30,-30,-30,3
6855,-30,-30,-30,-30,-30,-30,-30,-30,-30,-17,9
3475,-30,30,-30,-30,-30,-30,-30,-30,-30,-30,1
2892,-30,-30,-30,-30,-30,-24,-30,-30,-28,-17,9
6043,-30,-30,-30,-30,-8,-30,-30,-30,-30,-30,4
2705,-26,-30,-30,-30,-30,-30,-30,-30,-30,-30,0
5367,-30,-30,-30,30,-30,18,-30,-30,-30,-30,3
9720,-30,-30,-30,-30,-30,-30,-30,-30,30,-30,8
7288,-30,-30,-30,-30,30,-30,-30,-30,-30,-30,4
2823,-30,-30,-30,0,-30,-28,-30,-30,-30,-30,3
4778,-30,-30,-30,-30,-30,-30,-30,30,-30,-30,7
5463,-30,-30,-30,-30,-30,-30,-30,30,-30,-30,7
3160,30,-30,-30,-30,-30,-30,-30,-30,-30,-30,0
7581,-30,-30,-30,-30,-30,-30,-30,30,-30,-30,7
3303,-30,-30,-30,-30,-30,22,-30,-30,-16,-30,5
7126,-30,-30,-30,-30,-30,-30,-30,-30,25,-30,8
8983,-30,-30,-30,-30,15,-30,-30,-29,-30,-30,4
8969,20,-30,-30,-30,-30,-3,-30,-30,-30,-30,0
8115,-30,-30,-30,-30,30,-30,-30,-30,-30,-30,4
3015,-30,-30,-30,-30,-30,-30,-30,-30,30,-30,8
8225,-30,-30,-30,-30,-30,-30,-30,-30,23,-30,8
1308,-30,-30,30,-30,-30,-30,-30,-30,-30,-30,2
7934,-30,-30,-30,-30,8,7,-30,-30,-30,-30,4
2499,-30,-30,-30,-30,-30,-30,-30,30,-30,-30,7
8844,-30,-30,-30,-30,-30,-30,30,-30,-30,-30,6
2980,-30,-30,-30,-30,-30,-30,30,-30,-30,-30,6
462,-30,-30,-30,-30,-30,30,30,-30,0,-30,5
9475,-30,-30,-30,-30,30,-30,-30,-30,-30,-30,4
1286,-30,-30,-30,-30,-30,-30,-30,-30,-30,-22,9
627,-30,30,-30,-30,-30,-30,-30,-30,-30,-30,1
1032,-30,-30,-30,-28,-30,-30,-30,-30,30,-30,8
8104,-30,-30,-30,-30,-30,-30,-30,-30,11,-30,8
2978,-30,-30,30,-30,-30,-30,-30,-30,-30,-30,2
2323,-30,-30,-30,30,-30,-30,-30,-30,-30,-30,3
491,-30,-30,-30,-30,-30,-12,30,-30,-30,-30,6
9699,-30,-30,-30,30,-30,-3,-30,-30,-30,-30,3
9873,30,-30,-30,-30,-30,-22,-30,-30,-30,-30,0
1891,30,-30,-30,-30,-30,-30,-30,-30,-30,-30,0
817,-30,-30,-30,27,-30,-30,-30,-30,18,-30,3
3156,-30,-30,-30,-30,-30,-30,-30,30,-30,-30,7
3006,-30,-30,-30,-30,-30,-30,30,-30,-30,-30,6
2606,-30,-30,-30,-30,-30,-30,-30,-30,-30,30,9
6283,-30,-30,-30,-30,-30,-30,-30,30,-30,-30,7
8840,-30,-30,-30,-30,-30,-30,-30,-30,-30,30,9
359,-30,-30,-30,-30,-30,-30,-30,-30,-30,30,9
6327,-30,-30,-30,-30,-30,30,-30,-30,-30,-30,5
717,-30,-30,-30,-30,30,-30,-30,-30,-30,-8,4
5675,-30,-30,-30,30,-30,30,-30,-30,-30,-30,3
5968,-30,-30,-21,-2,-30,-30,-30,-5,-30,-30,3
9736,-30,-30,-30,-30,-30,-30,30,-30,-30,-30,6
2990,-30,30,-30,-30,-30,-30,-30,-30,-30,-30,1
5662,-30,-30,30,-30,-30,-30,-30,-30,-30,-30,2
5737,-30,-30,-30,30,-30,-21,-30,-30,-30,-30,3
6142,-30,-30,-30,-30,-30,-30,-30,-6,-30,-30,7
7410,-30,-30,-30,-29,-30,-10,-30,-30,-30,-30,5
7993,-30,-30,-30,30,-30,13,-30,-30,-30,-30,3
3529,-30,-30,-9,-30,-30,-30,14,-30,-30,-30,6
2691,0,-30,-30,-30,-30,-30,-30,-30,-30,-30,0
2012,-30,-30,-30,-30,-30,-27,-30,-30,-30,-30,5
8620,-30,-30,-30,30,-30,-9,-30,-30,-30,-30,3
6632,-30,-30,-30,-30,-30,-20,-30,-30,4,-30,8
7330,-30,-30,-30,-30,30,-30,-30,-30,-30,-30,4
7956,-30,-30,-24,30,-30,-30,-30,-30,-30,-30,3
6430,-30,-30,-30,-30,-30,-14,30,-30,-30,-30,6
243,-30,-30,-30,30,-30,30,-30,-30,-30,-30,3
8352,-30,-30,-30,-30,-30,30,-30,-30,-30,-30,5
186,30,-30,-30,-30,-30,-30,-30,-30,-30,-30,0
8960,-30,-30,30,-27,-30,-30,-30,-30,-30,-30,2
7105,30,-30,-30,-30,-30,-30,-22,-30,-30,-30,0
3110,-30,-30,-30,-30,-30,-30,-30,-30,-30,30,9
4209,30,-30,-30,-30,-30,-28,-30,-30,-30,-30,0
1075,-30,-30,-30,-30,-30,-30,-30,30,-30,-30,7
1985,-30,-30,-30,-30,30,-30,-30,-30,-30,-30,4
5159,-30,-30,-30,-30,-30,20,9,-30,-30,-30,5
5826,-30,-30,-19,-30,-30,-7,-30,-30,-30,7,9
800,-30,-30,-30,30,-30,30,-30,-30,-30,-30,3
6651,-30,-30,-30,-30,-30,30,-30,-30,-30,-30,5
4166,-30,30,-30,-30,-30,-30,-30,-30,-30,-30,1
1639,-30,-30,-30,-30,-30,-30,-30,-30,-30,30,9
7943,-30,-30,-30,-30,-30,-30,30,-30,-30,-30,6
4474,-30,30,-30,-30,-30,-30,-30,-30,-30,-30,1
7940,-30,-30,-30,-30,-30,-30,-30,-7,-30,-30,7
3663,-30,-30,-30,-30,-30,30,-30,-30,-30,-30,5
2462,-30,-30,-30,-30,30,-16,-30,-30,-30,-30,4
3765,-30,-30,-30,-26,-30,15,-29,-30,-30,-30,5
7760,30,-30,-30,-30,-30,-30,-30,-30,-30,-30,0
4561,-30,-30,-30,-30,-30,30,-30,-30,-30,-30,5
6630,-30,-30,-30,-30,-30,-30,-30,-30,-30,-30,0
5608,-30,-30,-30,-30,-30,8,-30,-30,-30,-30,5
4413,-30,-30,6,-30,-30,-30,-30,-30,-30,-30,2
8506,-30,30,-30,-30,-30,-30,-30,-30,-30,-30,1
7587,-30,-30,30,-30,-30,-30,-30,-30,-30,-30,2
3906,-30,-30,-30,-30,-30,-30,-30,-30,-30,30,9
6424,-30,30,-30,-30,-30,-30,-30,-30,-30,-30,1
4426,-30,-30,-30,-30,-30,-30,-30,-30,-30,30,9
8706,-30,-30,-30,-30,-30,-30,-30,-30,-30,25,9
6595,-30,-30,-30,-30,30,-30,-30,-30,-30,-30,4
33,30,-30,-30,-30,-30,-30,-30,-30,-30,-30,0
926,-30,-30,-30,-30,-30,-30,-30,-30,30,-30,8
769,-30,-30,-30,-30,30,-30,-30,-30,-30,-30,4
8316,-30,-30,-30,-30,-30,30,-30,-30,-30,-30,5
9387,-30,-30,1,-30,-30,-30,-30,-30,-30,-30,2
3844,-30,-30,-30,-30,-30,-30,-30,-30,-30,-26,9
9220,-30,-30,30,-30,-30,-30,-30,-30,-30,-30,2
9303,-30,30,-30,-30,-30,-30,-30,-30,-30,-30,1
8259,-30,-30,30,-30,-30,-26,-30,-30,-30,-30,2
3322,-30,30,-30,-30,-30,-30,-30,-30,-30,-30,1
591,-30,-30,-30,-30,-30,-30,-30,30,-30,-30,7
3617,-30,-30,-19,30,-30,-29,-30,-30,-30,-30,3
1456,-30,-30,-30,-30,-30,-30,30,-30,-30,-30,6
2981,-30,-30,-30,-30,-30,-30,-30,-30,-30,-30,0
7622,-30,-30,-30,-30,-30,3,-30,-30,30,-30,8
7931,-30,-30,-30,-30,30,-30,-30,-30,-30,-30,4
9669,-30,-30,-30,-30,-30,-30,-30,-30,-30,30,9
572,-30,30,-30,-30,-30,-30,-30,-30,-30,-30,1
1572,-30,-30,-30,-30,-30,-30,-30,-30,-30,30,9
9515,-30,-30,-30,-30,-30,-30,-30,-30,30,-30,8
8871,-30,-30,-30,-30,-30,30,-30,-30,-30,-30,5
427,-30,-30,-30,-30,-30,-30,-30,10,-30,-30,7
993,-30,-30,-30,-30,-30,30,-30,-30,-30,-30,5
3905,-30,30,-30,-30,-30,-30,-30,-30,-30,-30,1
5136,-30,30,-30,-30,-30,-30,-30,-30,-30,-30,1
8479,-30,-30,-30,-30,-30,-30,-30,-30,30,-30,8
9917,-30,-30,-30,-30,-30,15,30,-30,-30,-30,6
734,-30,-30,-30,-30,-30,30,-30,-30,-15,-30,5
2540,-30,-30,-23,-30,-30,-30,-30,-30,-30,-30,2
1241,-30,-30,-30,-30,30,-30,-30,-30,-30,-30,4
6707,-30,-30,-30,-30,30,-30,-30,-30,-30,-30,4
5726,-30,-30,-30,-30,-30,-30,-30,30,-30,-30,7
3465,-30,-30,30,-30,-30,-30,-30,-30,-30,-30,2
4099,-30,-30,-30,30,-30,-30,-30,-30,-30,-30,3
636,-30,-30,-30,-30,-30,30,-30,-30,-30,-30,5
5349,-30,-30,-30,-30,-30,-30,30,-30,-30,-30,6
7740,-30,-30,-30,-30,-30,-15,-30,-30,-30,-30,5
8273,-30,-30,-30,-30,-30,-30,-30,-30,30,-30,8
3450,-30,-30,-30,-30,-30,-30,30,-30,-30,-30,6
3632,-24,-30,-27,-30,-30,-30,-30,-30,-30,-30,0
5688,-30,-30,-30,30,-30,-3,-30,-30,-30,-30,3
606,-30,23,-30,-19,-30,-30,-30,-30,-30,-30,1
5659,30,-30,-30,-30,-30,-22,-30,-30,-30,-30,0
4190,-30,-30,-30,-30,-30,30,-30,-30,-30,-30,5
5634,-30,-30,-30,30,-30,-30,-30,-30,-30,-30,3
301,-30,-30,-30,-30,-30,-30,-30,-30,-30,-30,0
5115,-30,-30,30,-30,-30,-30,-30,-30,-30,-30,2
448,-30,-30,-30,-30,-30,-30,-30,-30,-30,30,9
8854,-30,-30,-25,-30,-30,-30,30,-30,-30,-30,6
7292,-30,-30,-30,-30,-30,-30,-30,30,-30,-30,7
5211,30,-30,-30,-30,-30,-19,-30,-30,-30,-30,0
4734,-30,-30,-30,-30,30,-30,-30,-30,-30,-30,4
3690,-30,-30,-30,-30,-30,30,-30,-30,13,-30,5
244,-30,-30,-30,-30,-30,-30,-30,30,-30,-30,7
7322,-30,30,-30,-30,-30,-30,-30,-30,-30,-30,1
746,-30,-30,-30,-30,-30,-30,-30,30,-30,-30,7
4775,-30,-30,-30,-30,30,-22,-30,-30,-30,-30,4
3181,-30,30,-30,-30,-30,-30,-30,-30,-30,-30,1
8229,30,-30,-30,-30,-30,-30,-30,-30,-30,-30,0
8989,-30,-30,-30,-11,-30,30,-30,-30,-30,-30,5
1581,-30,-30,-30,-30,-30,-30,-30,30,-30,-30,7
1694,-30,-30,30,-30,-30,-20,-30,-30,-30,-30,2
6510,26,-30,-30,-30,-30,-27,-30,-30,-30,-30,0
7881,30,-30,-30,-30,-30,-30,-30,-30,-30,-30,0
3359,-30,-30,-30,-30,-30,-30,-30,-30,-30,30,9
4781,-30,30,-30,-30,-30,-30,-30,-30,-30,-30,1
8200,-30,-14,-30,-30,-30,-30,-30,14,-30,-30,7
7721,8,-30,-30,-30,-30,-29,-30,-30,-30,-30,0
5713,-30,-30,-30,-29,-30,-30,-30,-12,-30,-30,7
579,-30,-30,-30,-30,-30,-30,-30,-30,30,-30,8
4594,-30,-30,-30,-30,30,-25,-30,-30,-30,-30,4
9400,-30,-30,-30,-30,-30,-30,-30,-30,-30,-30,0
4946,-30,-30,19,-30,-30,-30,-30,-2,-30,-30,2
5229,30,-30,-30,-30,-30,-30,-30,-30,-30,-30,0
8033,-30,-30,-30,-30,30,-7,-30,-30,-30,-30,4
4311,-30,-30,-30,-30,-30,-30,30,-30,-30,-30,6
7420,30,-30,-30,-30,-30,-28,-30,-30,-30,-30,0
2996,-30,-30,-30,3,-30,9,-30,-18,-30,-30,5
894,-30,30,-30,-30,-30,-30,-30,-30,-30,-30,1
1199,-30,30,-30,-30,-30,-30,-30,-30,-30,-30,1
2521,-30,-30,-30,1,-30,-30,-30,-30,5,-30,8
6771,-30,-30,-30,22,-30,-5,-30,-30,-30,-30,3
533,-30,-30,-30,-30,-30,-30,-30,-30,-30,-11,9
560,-30,-30,-30,-30,-30,-30,30,-30,-30,-30,6
5678,-30,-30,-30,-30,-30,-9,-30,30,-30,-30,7
8727,-30,-30,-30,-30,30,-30,-30,-30,-30,-30,4
1073,-30,30,-30,-30,-30,-30,-30,-30,-30,-30,1
5947,-30,-30,12,-30,-30,-30,-30,-30,-30,-30,2
9176,-30,-30,-30,30,-30,-30,-30,-30,-30,-30,3
1428,30,-30,-30,-30,-30,-30,-30,-30,-30,-30,0
7000,-30,-30,-30,-30,-30,30,-30,-30,5,-30,5
3540,-30,-30,-30,-30,-30,-30,-30,30,-30,-30,7
5627,-30,-30,-30,30,-30,-30,-30,-30,-30,-30,3
7602,-30,-30,-30,-30,-30,-30,-30,-30,-30,30,9
3515,-30,-30,-30,-30,-30,-30,30,-30,-30,-30,6
9495,-30,-30,-30,-30,-30,-30,-30,-30,-30,30,9
7520,-30,-30,-25,-26,-30,-30,-30,-30,-30,-30,2
5012,-30,-30,-30,-30,-30,30,-30,-30,-13,-30,5
6468,30,-30,-30,-30,-30,-30,-30,-30,-30,-30,0
2390,-30,-30,30,-30,-30,-30,-30,-30,-30,-30,2
9603,-30,-30,-30,-30,-30,-30,-30,30,-30,-30,7
5036,-30,-30,-21,-30,9,-30,-30,-30,-30,-30,4
3224,-30,-30,-30,-30,-30,30,-30,-30,-30,-30,5
29,-30,30,-30,-30,-30,-30,-30,-30,-30,-30,1
7376,-30,-30,18,5,-30,-30,-30,-30,-30,-30,2
3965,-30,-30,-30,-30,-30,-1,-30,-30,-30,-30,5
1991,-30,-30,-30,-30,-30,-30,-30,-30,30,-30,8
5468,30,-30,-30,-30,-30,-27,-30,-30,-30,-30,0
3772,-30,-30,-30,-30,-30,3,-30,-30,-9,-30,5
6514,-30,-30,-30,-30,-30,-9,-30,-30,-7,-30,8
7251,-30,30,-30,-30,-30,-30,-30,-30,-30,-30,1
1090,-30,-30,-30,-30,-30,30,-30,-30,-30,-30,5
4291,30,-30,-30,-30,-30,-30,-30,-30,-25,-30,0
6864,-30,-30,-30,30,-30,-9,-30,-30,-30,-30,3
3270,30,-30,-30,-30,-30,-30,-30,-30,-30,-30,0
8313,-30,-30,-30,20,-30,-2,-30,-30,-30,-30,3
89,-30,30,-30,-30,-30,-30,-30,-30,-30,-30,1
4511,-30,-30,-30,-30,30,-30,-30,-30,-30,-30,4
19,30,-30,-30,-30,-30,-30,-30,-30,-30,-30,0
7971,-30,-30,-30,30,-30,-17,-30,-30,-30,-30,3
7829,-30,-30,-30,-30,-30,-30,-30,30,-30,-30,7
2686,-30,-30,30,-30,-30,-30,-30,-30,-9,-30,2
6656,-30,-30,-30,-30,-30,-30,-30,8,-30,-30,7
2448,-30,30,-30,-30,-30,-30,-30,-30,-30,-30,1
1,-30,-30,-30,5,-30,9,-30,-30,-30,-30,5
9382,30,-30,-30,-30,-30,-30,-30,-30,-30,-30,0
486,-30,-30,-30,-27,-30,-30,-30,30,-30,-30,7
8386,30,-30,-30,-30,-30,-30,-30,-30,-30,-30,0
3366,-30,-30,-30,-30,30,-30,-30,-30,-30,-30,4
889,-30,-30,-30,30,-30,-30,-30,-30,-30,-30,3
5013,-30,30,-30,-30,-30,-30,-30,-30,-30,-30,1
5464,-30,-30,-30,-30,-30,-30,-30,-30,-30,-4,9
3523,-30,-30,-30,-30,-30,-16,-30,-30,-30,-30,5
8073,-30,-30,-30,-30,-30,-30,-30,30,-30,-30,7
498,-30,-30,-30,-30,-30,-30,-30,30,-30,-30,7
1769,-30,30,-30,-30,-30,-30,-30,-30,-30,-30,1
260,-30,-30,-30,-30,30,-30,-30,-30,-30,-30,4
680,-30,-30,-30,-30,-30,-30,-30,-30,-30,30,9
7955,-30,-30,-30,-30,-30,-30,-30,-30,-30,30,9
5100,-30,-30,-30,30,-30,-30,-30,-30,-30,-30,3
7618,-30,-30,-30,-30,-30,-30,-30,-30,-30,-10,9
5507,-30,30,-30,-30,-30,-30,-30,-30,-30,-30,1
6731,-30,-30,-30,-30,-30,-30,-30,30,-30,-30,7
2229,-30,-30,-30,-30,-30,-30,-30,-30,-30,24,9
248,30,-30,-30,-30,-30,-30,-30,-30,-30,-30,0
8224,-30,-30,30,-30,-30,-30,-30,-30,-30,-30,2
7216,30,-30,-30,-30,-30,-30,-30,-30,-30,-30,0
4169,-30,-30,-30,30,-30,27,-30,-30,-30,-30,3
9459,-30,-30,-30,30,-30,-30,-30,-30,-30,-30,3
2254,-30,-30,-30,-30,-30,-30,-30,30,-30,-30,7
6330,-30,-30,-30,-30,-30,-30,-30,-30,-30,-30,0
2917,-30,-30,-30,-30,-16,-30,-30,-30,-30,-3,9
9288,-30,-30,6,-30,-30,-30,-30,-30,-25,-30,2
2991,-30,-30,-30,30,-30,26,-30,-30,-30,-30,3
6645,-30,-30,-30,30,-30,-15,-30,-30,-30,-30,3
1386,-30,-30,-30,-30,-30,-30,-30,30,-30,-30,7
3275,-30,-30,-30,-30,-30,-30,-30,30,-30,-30,7
2866,30,-30,-30,-30,-30,-30,-30,-30,-30,-30,0
3596,30,-30,-30,-30,-23,-19,-30,-30,-30,-30,0
9307,-30,-30,-30,-30,-30,-30,-30,30,-30,-30,7
7995,-30,-30,-30,-30,-30,25,-30,-30,-30,-30,5
5280,-30,-30,6,26,-30,-30,-30,-30,-30,-30,3
7199,-30,-30,-30,-30,-30,-30,-30,-30,-30,30,9
4868,-18,-30,-30,-30,-30,-5,-30,-30,-30,-30,5
1681,-30,-30,-30,-30,-30,-14,-30,30,-30,-30,7
1943,-30,-30,-30,-30,30,-30,-30,-30,-30,-30,4
5369,-30,-30,-30,-30,-30,-30,-30,-30,-30,-6,9
5102,-30,-30,30,-30,-30,-30,-30,-30,-30,-30,2
8350,-30,-30,-30,-30,-30,-30,30,-30,-30,-30,6
3046,-30,-30,-30,-30,-30,-30,30,-30,-30,-30,6
9430,-30,30,-30,-30,-30,-30,-30,-30,-30,-30,1
8650,-30,-30,-30,-30,-30,-30,-30,-30,-30,30,9
7863,-30,-30,-30,-30,-30,-30,-20,-30,-30,-30,6
4588,-30,-30,-30,-30,-30,-30,-30,-30,30,-30,8
8303,-30,-30,30,-30,-30,-23,-30,-30,-30,-30,2
1619,-30,-30,-30,-30,-30,-30,-30,-30,-30,30,9
7302,30,-30,-30,-30,-30,-14,-30,-30,-30,-30,0
1620,-30,-30,-30,-30,-30,4,-30,-30,7,-30,8
4635,-30,-30,-30,11,-30,-30,-30,-30,-30,-30,3
6387,-30,30,-30,-30,-30,-30,-30,-30,-30,-30,1
6388,-30,30,-30,-30,-30,-30,-30,-30,-30,-30,1
5362,-30,-30,-30,-30,-30,-30,30,-30,-30,-30,6
1159,-30,-30,-30,30,-30,22,-30,-30,-30,-30,3
9974,-30,-30,-30,-15,-30,30,-30,-30,-30,-30,5
8418,-30,30,-30,-30,-30,-30,-30,-30,-30,-30,1
4006,-30,30,-30,-30,-30,-30,-30,-30,-30,-30,1
2264,-30,30,-30,-30,-30,-30,-30,-30,-30,-30,1
6757,-30,-30,-30,30,-30,30,-30,-30,-30,-30,3
4767,-30,11,-30,-30,-30,-30,-30,-30,-30,-30,1
2137,-30,-30,30,0,-30,-29,-30,-30,-30,-30,2
9884,-30,-30,-30,30,-30,-30,-30,-30,-30,-30,3
4253,14,-30,-30,-30,-30,3,-30,-30,-22,-30,0
8046,-30,-30,30,-30,-30,-9,-30,-30,-30,-30,2
6516,20,-30,-30,-30,-30,-30,-30,-30,-30,-30,0
3388,-30,30,-30,-30,-30,-30,-30,-30,-30,-30,1
8913,-30,-30,-30,30,-30,-19,-30,-30,-30,-30,3
6266,-30,-30,-30,-30,-30,30,-30,-30,-30,-30,5
4175,-30,-30,-30,-30,-30,22,-30,-30,-30,-30,5
2250,-30,-30,-30,-30,-30,-30,-30,30,-30,-30,7
6544,-30,-30,-30,-30,30,2,-30,-30,-30,-30,4
8353,-30,-30,-30,30,-30,-30,-30,-30,-30,-30,3
6023,-30,-30,-30,-30,-30,-30,-30,-30,-30,30,9
527,-30,-30,-30,-30,-30,-30,30,-30,-30,-30,6
3418,-30,-30,-30,-30,-30,-30,-30,-30,-30,1,9
2061,-30,-30,-30,-30,-30,-30,30,-30,-30,-30,6
5759,-30,-30,-30,-30,-30,-30,-30,-30,5,-30,8
5974,-30,-30,-13,30,-30,-30,-30,-30,-30,-30,3
165,-30,-30,-30,-30,-30,-30,30,-30,-30,-30,6
9423,-30,-30,-30,-30,-30,-30,30,-30,-30,-30,6
5699,-30,-30,-30,-30,-30,-5,-30,-30,-21,-30,5
5183,-30,-30,-30,-30,-30,30,-30,-30,-30,-30,5
9129,-30,30,-30,-30,-30,-30,-30,-30,-30,-30,1
3481,-30,-30,-30,-30,30,-30,-30,-30,-30,-30,4
5995,-30,-30,30,-30,-30,-30,-30,-30,-30,-30,2
5320,-30,-30,-30,-30,30,-30,-30,-30,-30,-30,4
7996,-30,-30,-30,-30,7,-30,-30,-30,-30,-26,4
3541,-30,-30,-30,-30,-30,30,-30,-30,-30,-30,5
9227,-30,30,-30,-30,-30,-30,-30,-30,-30,-30,1
1657,-30,-25,-30,-30,-10,-30,-30,-30,-30,-30,4
9215,-30,-30,-30,-30,-30,-30,-30,-30,-30,30,9
4285,30,-30,-30,-30,-30,-10,-30,-30,-30,-30,0
7371,-30,-30,-30,30,-30,-22,-30,-30,-30,-30,3
5099,-30,-30,-30,-30,30,-30,-30,-30,-30,-30,4
5537,-30,-30,-30,-30,-30,-30,-30,-30,-30,30,9
308,-30,-30,-30,-30,-30,30,-30,-30,-30,-30,5
4500,-30,-30,-30,-30,-30,-30,-30,30,-30,-30,7
5327,-30,30,-30,-30,-30,-30,-30,-30,-30,-30,1
6253,-30,-30,-30,-30,-30,-30,-30,-30,30,-30,8
3394,-30,-30,-30,30,-30,-30,-30,-30,-30,-30,3
3793,-30,-30,-30,-30,-30,30,-30,-30,-30,-30,5
3269,-26,-30,-30,-30,-30,-30,-11,-30,-30,-30,6
3533,-30,-30,-30,-30,-30,-30,-30,-30,-30,30,9
434,-30,-30,-30,-27,-30,-30,-30,-30,-30,-30,3
8848,-30,-30,-30,-30,-30,-30,-30,30,-30,-7,7
6812,-30,30,-30,-30,-30,-30,-30,-30,-30,-30,1
644,-30,30,-30,-30,-30,-30,-30,-30,-30,-30,1
5631,-30,-30,-30,-30,-30,-15,30,-30,-30,-30,6
6624,-30,-30,-30,-30,-30,-30,-30,30,-30,-30,7
8233,-30,-30,-30,-30,-30,-30,30,-30,-30,-30,6
6912,-30,-30,-30,30,-30,-11,-30,-30,-30,-30,3
236,-30,-30,30,-30,-30,-30,-30,-30,-30,-30,2
7785,-30,-30,30,-30,-30,-30,-30,-30,-30,-30,2
6196,28,-30,-30,-30,-30,-25,-30,-30,-30,-30,0
748,-30,-30,-30,-18,-30,-30,-30,-30,-22,-30,3
4094,-30,-30,-30,-30,-30,-30,-30,-30,-30,30,9
5897,-30,-30,30,-30,-30,-30,-30,-30,-30,-30,2
4337,-30,-30,-30,-29,-30,21,-30,-30,-24,-30,5
6222,-30,30,-30,-30,-30,-30,-30,-30,-30,-30,1
7343,30,-30,-30,-30,-30,-5,-30,-30,-30,-30,0
7827,-30,-30,-30,-3,-30,-30,-30,-30,-30,-30,3
919,-30,-30,-30,-30,-30,-30,-30,-30,-30,-30,0
9294,-30,-30,-30,-30,-18,-30,-30,-30,-30,-30,4
8991,-30,-30,-30,-30,-30,30,-30,-30,15,-30,5
6634,-30,-30,-30,-30,-30,-30,-30,-9,-30,-30,7
9199,-30,-30,-30,-30,-30,-30,-30,-30,-30,30,9
1297,-30,-30,-30,-30,-30,-30,30,-30,-30,-30,6
2597,-30,-30,-30,-30,-30,-30,-30,-30,-30,30,9
922,30,-30,-30,-30,-30,-30,-30,-30,-30,-30,0
4864,-30,-30,-30,-30,-30,-30,30,-30,-30,-30,6
452,-30,-7,-30,-30,-30,-30,-30,-30,-30,-30,1
3780,-30,-30,-30,-30,-30,30,-30,-30,-30,-30,5
2669,-30,-30,-30,-30,-30,30,-30,-30,-30,-30,5
5307,-30,-30,-30,-30,-30,30,-30,-30,30,-30,5
8339,-30,-30,-30,30,-30,-30,-30,-30,-30,-30,3
1433,-30,-30,-30,-30,-30,-2,-30,-30,30,-30,8
3252,-30,-30,30,2,-30,-30,-30,-30,-30,-30,2
7572,-30,-30,-30,-30,-30,-30,30,-30,-30,-30,6
2533,-30,-30,-30,-30,-30,30,-30,-30,-20,-30,5
8347,30,-30,-30,-30,-30,-30,-30,-30,-30,-30,0
8859,-30,-30,-30,-30,-30,-30,-30,30,-30,-30,7
2239,-30,-30,-30,-30,27,-30,-30,-30,-30,-22,4
7228,-30,-30,-30,-30,-30,-30,30,-30,-30,-30,6
7391,-30,30,-30,-30,-30,-30,-30,-30,-30,-30,1
2027,-30,-30,-28,30,-30,-30,-30,-30,-30,-30,3
9116,-30,-30,-19,-30,15,-20,-30,-30,-30,-30,4
9283,-30,-30,-30,-30,-30,-30,-30,30,-30,-30,7
7811,-30,-30,-30,28,-30,12,-30,-30,-30,-30,3
1548,-30,-30,30,-30,-30,-30,-30,-30,-30,-30,2
3455,-30,-30,-30,30,-30,-6,-30,-30,-30,-30,3
5133,-30,-30,-30,-30,-28,-30,-30,-30,-30,24,9
6349,-30,-30,30,-30,-25,-30,-30,-30,-30,-30,2
3191,-30,-30,-30,-30,-30,30,-30,-30,-30,-30,5
7107,-30,-30,30,-30,-30,-30,-30,-30,-30,-30,2
278,-30,-30,-30,-30,-30,-30,-30,30,-30,-30,7
4590,-30,30,-30,-30,-30,-30,-30,-30,-30,-30,1
2864,-30,-30,-30,-30,-30,-30,-30,30,-30,-30,7
7893,-30,-30,30,-30,-30,-30,-30,-30,-30,-30,2
6954,-30,-30,-30,-30,-30,-30,30,-30,-30,-30,6
3591,-30,-30,-30,-30,-29,-30,-30,-30,-30,-30,4
3571,-30,30,-30,-30,-30,-30,-30,-30,-30,-30,1
2190,-30,-30,-30,-30,-30,30,-30,-30,-30,-30,5
3993,-30,-30,-30,-30,-30,-1,-30,-30,-30,-30,5
1625,-30,-30,-30,-30,-30,-30,-30,-30,30,-30,8
3823,-30,-30,-30,-30,-30,-30,30,-30,-30,-30,6
8007,30,-30,-30,-30,-30,-30,-30,-30,-30,-30,0
3188,-30,25,-30,-30,-30,-30,-30,-30,-30,-30,1
3368,-30,-30,-30,-30,-30,-30,-30,-30,30,-30,8
6761,-30,-30,30,-30,-30,-30,-30,-30,-30,-30,2
4665,-30,-30,-30,-30,-30,30,-30,-30,-30,-30,5
4125,-30,-30,-30,-30,-30,-30,-30,30,-30,-30,7
3972,-30,-30,-30,-30,-30,-30,-30,30,-30,-30,7
5129,-30,-30,-30,-30,-30,-30,30,-30,-30,-30,6
5051,-30,-30,-30,-30,-30,-30,-30,-30,-12,-30,8
2643,-30,-30,-30,30,-30,18,-30,-30,-30,-30,3
3539,-30,-30,-30,-30,-30,30,-30,-30,-30,-30,5
3392,-30,-30,30,-30,-30,-30,-30,-30,-30,-30,2
3900,-30,-30,-30,-30,-12,-7,-30,-30,-30,-30,5
6400,-30,-30,30,-30,-30,-30,-30,-30,-30,-30,2
6921,-30,-30,-30,-30,30,-30,-30,-30,-30,-30,4
2713,30,-30,-30,-30,-30,-30,-30,-30,-30,-30,0
9258,-30,-30,-30,-30,-30,-30,-30,-30,30,-30,8
7501,-30,-30,-30,-10,-30,-30,-30,-30,30,-30,8
3979,-30,-30,-30,30,-30,0,-30,-30,-30,-30,3
4098,-30,-30,-30,-30,30,-30,-30,-30,-30,-30,4
2947,-30,-30,-30,-30,-30,-30,-30,-30,-30,30,9
6149,-30,-9,30,-30,-30,-30,-30,-30,-30,-30,2
112,-30,-30,-30,-30,-30,-30,-30,30,-30,-30,7
1106,-30,-30,-30,-30,-30,30,-30,-30,-30,-30,5
3472,-30,-30,-30,-30,-30,-26,-30,-30,0,-30,8
2201,-30,-30,-30,-30,-30,-30,30,-30,-30,-30,6
1461,-30,-30,-30,18,-30,-1,-30,-30,-30,-30,3
2565,-30,-30,-30,-30,-30,2,30,-30,-30,-30,6
9017,30,-30,-30,-30,-30,-29,-30,-30,-30,-30,0
7489,-30,-30,-30,-15,-30,30,-30,-30,-30,-30,5
4941,-30,-30,-30,-30,-30,-30,30,-30,-30,-30,6
1097,-30,-30,-30,-30,-30,-30,-30,30,-30,-30,7
3434,-30,-30,-30,30,-30,-30,-30,-30,-30,-30,3
2962,-30,-30,-30,-30,-30,-30,30,-30,-30,-30,6
3843,-30,-30,-30,-30,30,-30,-30,-30,-30,-30,4
8752,-30,-30,-30,-30,-30,-30,-30,-30,-30,30,9
679,-30,-30,-30,-30,30,-30,-30,-30,-30,-30,4
5150,-30,-30,-30,-30,-30,-30,-21,-30,-30,-30,6
440,-30,-30,-30,-30,-30,30,-30,-30,-30,-30,5
4792,-30,-30,-27,22,-30,-30,-30,-30,-18,-30,3
8280,9,-30,-30,-30,-30,-30,-30,-30,-30,-30,0
5999,-30,-30,-30,-30,30,-30,-30,-30,-30,-30,4
1597,-30,30,-30,-30,-30,-30,-30,-30,-30,-30,1
347,30,-30,-30,-30,-30,-30,-30,-30,-30,-30,0
7826,-30,30,-30,-30,-30,-30,-30,-30,-30,-30,1
730,-30,-30,-30,-30,-27,-30,-30,-30,-30,-30,4
7969,-30,-30,-30,-30,-30,-30,30,-30,-30,-30,6
5041,-30,-30,30,-30,-30,-30,-30,-30,-30,-30,2
5669,-30,-30,-30,-30,-30,-30,-30,-30,-30,30,9
2157,-30,30,-30,-30,-30,-30,-30,-30,-30,-30,1
8805,-30,30,-30,-30,-30,-30,-30,-30,-30,-30,1
698,30,-30,-30,-30,-30,-14,-30,-30,-30,-30,0
54,-30,-30,-30,-30,-30,-30,30,-30,-30,-30,6
8716,-30,-30,-30,30,-30,30,-30,-30,-30,-30,3
5076,-30,-30,-30,-30,-30,-30,-30,-30,-30,30,9
5943,-30,-30,-30,2,-30,30,-30,-30,-30,-30,5
8711,-30,-30,-30,-30,-30,-30,30,-30,-30,-30,6
1225,-30,-30,-30,-30,-30,30,-30,-30,-30,-30,5
4378,-30,-30,-30,-30,-30,-30,30,-30,-30,-30,6
1906,-30,-30,-30,-30,-30,30,-30,-30,-30,-30,5
5685,-30,-30,-30,-30,-30,-30,-30,-30,-25,-30,8
2253,-30,-30,-26,-30,-11,2,-30,-30,-30,-30,5
7671,-30,-30,-30,-30,-30,-30,19,-30,-30,-30,6
2381,-30,-30,-30,-30,30,-30,-30,-30,-30,-30,4
2219,-30,-30,-30,30,-30,25,-30,-30,-30,-30,3
8730,-30,-30,-30,-30,-30,-23,-30,-30,-30,-30,5
8784,-30,30,-30,-30,-30,-30,-30,-30,-30,-30,1
6458,-30,-30,-30,13,-30,-30,-30,-30,-30,-30,3
6446,-30,-30,-30,-30,30,-30,-30,-30,-30,-30,4
6648,-30,30,-30,-30,-30,-30,-30,-30,-30,-30,1
7711,-30,-30,-30,-30,-30,-30,-30,-30,-30,30,9
229,-30,30,-30,-30,-30,-30,-30,-30,-30,-30,1
9730,-30,-30,-11,-30,-30,-30,-30,-30,-30,-30,2
2389,-30,30,-30,-30,-30,-30,-30,-30,-30,-30,1
3547,-30,-30,-30,-30,-30,-30,-30,-30,-30,-30,0
5875,-30,-30,-30,-30,-30,-30,-30,-30,-30,30,9
4844,-30,-30,-30,30,-30,11,-30,-30,-30,-30,3
7621,-30,-30,-30,-30,-30,30,-30,-30,-30,-30,5
5097,-30,-30,-30,-30,30,-30,-30,-30,-30,-30,4
590,30,-30,-30,-30,-30,2,-30,-30,-30,-30,0
6411,-30,-30,-30,-30,-30,-30,-30,-30,-30,-30,0
7503,-30,-30,-30,16,-30,-30,-30,-30,-30,-30,3
8732,-30,-30,-30,-30,-30,-30,30,-30,-30,-30,6
8744,-30,30,-30,-30,-30,-30,-30,-30,-30,-30,1
5932,-30,-30,-30,-30,-30,-14,-30,30,-30,-30,7
123,-30,-30,-30,-30,-21,30,-30,-30,-30,-30,5
5582,-30,-30,-30,-30,-30,30,-30,-30,-30,-30,5
2538,-30,-30,-30,30,-30,-13,-30,-30,-30,-30,3
2029,-30,-30,-30,30,-30,11,-30,-30,-30,-30,3
6498,30,-30,-30,-30,-30,-30,-30,-30,-30,-30,0
2230,-30,30,-30,-30,-30,-30,-30,-30,-30,-30,1
2626,-30,-30,-30,-30,-30,30,-30,-30,-30,-30,5
6710,-30,-30,-30,-30,-30,-30,-30,30,-30,-30,7
9902,-30,-30,-30,-30,-30,-17,-30,-30,-30,-30,5
9590,-30,-30,-30,-30,-30,-30,-30,-30,30,-30,8
3825,-30,-30,-30,-30,-30,-30,30,-30,-30,-30,6
3873,-30,-30,-30,-30,-30,30,-30,-30,-30,-30,5
2363,-30,30,-30,-30,-30,-30,-30,-30,-30,-30,1
7437,30,-30,-30,-30,-30,-30,-30,-30,-30,-30,0
8615,-30,-30,-30,-30,-30,-30,-30,-30,30,-30,8
859,-30,-30,-19,-30,-30,-30,-30,-1,-30,-30,7
2305,-30,-30,-30,30,-30,28,-30,-30,-30,-30,3
6106,-30,-30,-30,-30,30,-30,-30,-30,-30,-30,4
5808,-30,-30,-30,-30,-30,26,30,-30,-30,-30,6
6089,-30,-30,-30,-30,-30,-30,-30,12,-30,-30,7
9742,-30,-30,-30,-30,-30,-30,-30,-30,-30,30,9
6096,-30,-30,-30,-30,-30,-30,-30,-30,30,-30,8
3331,-30,30,-30,-30,-30,-30,-30,-30,-30,-30,1
3289,-30,-30,-30,-30,-20,18,-30,-30,-24,-30,5
6899,-30,-30,-30,-30,6,-30,-30,-30,-30,-8,4
9922,-30,-30,-30,-30,-30,-30,-30,-30,-30,11,9
6955,-30,-30,30,-30,-30,-30,-30,-30,-30,-30,2
8809,-30,-30,-30,-30,-30,-30,-30,-30,30,-30,8
5411,-30,-30,-30,-30,-30,-30,23,-30,-30,-30,6
5336,-30,-30,-11,-21,-30,-30,-30,-30,-1,-30,8
8310,-30,-30,-30,-30,-30,-30,-30,30,-30,-30,7
7239,30,-30,-30,-30,-30,-14,-30,-30,-30,-30,0
3511,30,-30,-30,-30,-30,-30,-30,-30,-30,-30,0
6351,-30,-30,-30,-30,-30,-30,30,-30,-30,-30,6
2422,-30,-30,-30,-30,-30,-30,-30,30,-30,-30,7
4835,-30,-30,-30,-30,-30,30,-30,-30,-30,-30,5
1436,-30,-30,-30,-30,-30,-30,-30,-30,23,-30,8
9428,-30,-30,-30,-30,-30,-30,30,-30,-30,-30,6
7375,30,-30,-30,-30,-30,-30,-30,-30,-30,-30,0
1325,-30,-30,-30,-30,-30,-25,-30,-30,-30,-26,5
1497,-30,-30,-30,30,-30,-14,-30,-30,-30,-30,3
7798,-30,-30,-30,-30,-30,-30,-30,-30,-30,-15,9
9555,-30,30,-30,-30,-30,-30,-30,-30,-30,-30,1
8263,-30,-30,-30,30,-30,-28,-30,-30,-30,-30,3
9804,-30,-30,-30,-30,-30,30,-30,-30,-30,-30,5
1524,-30,-30,-30,-30,30,19,-30,-30,-30,-30,4
5493,-30,-30,-30,-20,-30,-17,-30,-30,-30,-30,5
8266,-30,-30,-30,30,-30,-30,-30,-30,-30,-30,3
882,-30,-30,-30,-30,-30,30,-30,-30,-30,-30,5
7264,-30,-30,-30,-30,-30,30,-30,-30,-30,-30,5
3175,-30,-30,-30,-30,-30,-30,30,-30,-30,-30,6
2280,-30,-30,-30,30,-30,-12,-30,-30,-30,-30,3
547,30,-30,-30,-30,-30,-30,-30,-30,-30,-30,0
6274,-30,-30,30,-30,-30,-21,-30,-30,-30,-30,2
1311,-30,-30,-30,30,-30,-19,-30,-30,-30,-30,3
8831,-30,-30,-30,-30,30,-30,-30,-30,-30,-30,4
1047,-30,-30,30,-30,-30,-9,-30,-30,-27,-30,2
2128,-30,-30,-30,30,-30,-16,-30,-30,-30,-30,3
8449,30,-30,-30,-30,-30,-30,-30,-30,-30,-30,0
1993,-30,-30,-30,-30,-30,-30,-30,-30,-30,30,9
138,-30,-30,-30,-30,-30,-30,-30,-30,-30,30,9
2660,-30,-30,-30,-30,28,-30,-30,-30,-30,-30,4
4680,-30,-30,-30,-15,-30,-30,-30,30,-30,-30,7
1603,-30,-30,30,-30,-30,-30,-30,-30,-30,-30,2
7455,-30,-30,-30,-30,-30,-30,-30,-30,-30,-30,0
4243,-30,-30,-30,-30,2,-30,-30,-30,-30,-18,4
1079,-30,-30,-30,-30,-30,-30,-30,30,-30,-30,7
1988,30,-30,-30,-30,-30,-30,-30,-30,-30,-30,0
7846,-30,-30,-30,-30,-30,-30,30,-30,-30,-30,6
3031,30,-30,20,-30,-30,-30,-30,-30,-30,-30,0
1987,-30,-30,-30,-30,-30,-5,-30,-30,-30,-30,5
1455,-30,-30,-30,-30,-30,30,-30,-30,-30,-30,5
7904,-30,-30,30,-3,-30,-30,-30,-30,-30,-30,2
7793,-30,-30,-30,-30,-30,-30,-30,-30,30,-30,8
7743,-30,-30,-30,-30,-30,30,-30,-30,-30,-30,5
7345,-30,-30,-30,-30,-30,-30,-30,30,-30,-30,7
5227,-30,-30,-30,5,-30,-5,-30,-30,-30,-30,3
8622,30,-30,-30,-30,-30,-30,-30,-30,-30,-30,0
3153,-12,-30,-30,-30,-30,-10,-30,-30,-30,-30,5
6189,-30,-30,30,-19,-30,-28,-30,-30,-30,-30,2
8220,-30,-30,-30,-30,-30,-30,-30,-30,-30,-30,0
2849,-30,-30,30,-30,-30,-7,-30,-30,-20,-30,2
4569,-30,-30,-30,-30,-30,0,-30,-30,30,-30,8
6539,-30,-30,30,-30,-30,-30,-30,-30,-30,-30,2
9405,-30,-30,-30,-30,-30,30,-30,-30,-30,-30,5
7475,-30,-30,-30,26,-30,30,-30,-30,-30,-30,5
5504,-30,-30,-30,-30,-30,-30,-30,-13,-30,-30,7
3405,-30,-30,-30,-30,-30,30,30,-30,-30,-30,5
2178,-30,-30,-30,-30,30,-30,-30,-30,-30,-30,4
9158,-7,-30,-30,-30,-30,-8,-30,-30,-30,-30,0
6521,-30,-30,-30,-30,-30,-30,-30,-30,30,-30,8
4983,-30,-30,-30,-30,30,-30,-30,-30,-30,-30,4
9035,-30,-30,-30,-30,-30,-30,-30,-30,30,-30,8
8538,-30,-30,30,-30,-30,-30,-30,-30,-30,-30,2
6784,-30,-30,-30,-30,-30,-30,-30,30,-30,-30,7
8642,-30,-30,-30,-30,30,-30,-30,-30,-30,-30,4
250,-30,-30,-30,-30,-30,-4,-30,-30,-30,-30,5
5540,-30,-30,30,-30,-30,-30,-30,-30,-30,-30,2
7952,30,-30,-30,-30,-30,-30,-30,-30,-30,-30,0
5884,-30,-30,-30,30,-30,21,-30,-30,-30,-30,3
6556,-30,-30,8,-30,-30,-30,-30,-30,-30,-30,2
9835,-30,-30,-30,-30,-30,-30,-30,-30,-30,-21,9
3302,-30,-30,-30,-30,-30,-30,-5,-30,-30,-30,6
312,-30,-30,-30,-30,-30,-30,-30,30,-30,-30,7
9327,-30,-30,30,-30,-30,-15,-30,-30,-30,-30,2
9150,-30,-30,-30,-30,-30,30,-30,-30,-30,-30,5
4032,-30,30,-30,-30,-30,-30,-30,-30,-30,-30,1
9429,-30,30,-30,-30,-30,-30,-30,-30,-30,-30,1
5674,-30,30,-30,-30,-30,-30,-30,-30,-30,-30,1
5977,-30,-30,-20,30,-30,-30,-30,-30,-3,-30,3
3666,-30,-30,-30,16,-30,30,-30,-30,-30,-30,5
9084,-30,-30,-30,-30,-30,-30,30,-30,-30,-30,6
3204,-30,-30,-30,-30,-30,-30,-30,30,-30,-30,7
8279,-30,-30,-30,-30,-30,-16,-30,-30,-4,-30,8
6893,-30,-30,-30,-30,-30,-30,-30,30,-30,-30,7
5005,-30,-30,-30,-30,-30,-30,30,-30,-30,-30,6
6857,-30,-30,-18,-30,-10,-30,-30,-30,-30,-30,4
5755,-30,-30,-30,-30,-30,-30,-30,-30,30,-30,8
2331,-30,-30,-30,-30,-30,-30,-30,-30,-30,30,9
2123,-30,-30,-30,-30,-27,-30,-30,-30,-30,-14,9
735,-30,-30,-30,-30,-30,-30,-30,-30,-30,-30,0
8596,-30,-30,-30,-30,-30,-30,30,-30,-30,-30,6
4651,-30,-30,-30,30,-30,-21,-30,-30,-30,-30,3
8400,-30,-30,-30,12,-30,-9,-30,-30,30,-30,8
5611,-30,-30,-30,7,-30,30,-30,-30,-30,-30,5
1501,-30,30,-30,-30,-30,-30,-30,-30,-30,-30,1
5913,30,-30,-30,-30,-30,-30,-30,-30,-30,-30,0
678,-30,-30,-30,-30,-30,-30,30,-30,-30,-30,6
3788,-30,-30,30,-30,-30,-30,-30,-30,-30,-30,2
4926,-30,-30,30,-30,-30,-30,-30,-30,-30,-30,2
9675,-30,-30,-30,-30,-30,30,-30,-30,-30,-30,5
5496,-30,-30,-30,-30,-30,-30,30,-30,-30,-30,6
9980,-30,-30,-30,-30,-30,-30,-30,-30,-30,-2,9
7512,-30,-30,-30,-30,-30,29,-30,-30,-30,-30,5
4999,-30,-30,-30,-30,-30,-30,-30,-30,29,-30,8
2513,-30,30,-30,-30,-30,-30,-30,-30,-30,-30,1
5647,-30,-30,-30,-30,30,-30,-30,-30,-30,-30,4
2332,-30,30,-30,-30,-30,-30,-30,-30,-30,-30,1
1926,-30,-30,-30,-30,-30,-30,-30,30,-30,-30,7
8166,-30,-30,-20,-30,-30,-3,-30,-30,-25,-30,5
1882,-30,-30,-30,-30,30,-30,-30,-30,-30,-30,4
9598,-30,-30,-30,-30,-30,-30,30,-30,-30,-30,6
1208,-30,30,-30,-30,-30,-30,-30,-30,-30,-30,1
1344,-30,-30,-30,-30,-30,-30,-30,-30,30,-30,8
398,-30,-30,-30,-30,30,-30,-30,-30,-30,-30,4
5861,-30,-30,-30,30,-30,28,-30,-30,-30,-30,3
9502,-30,30,-30,-30,-30,-30,-30,-30,-30,-30,1
988,-30,-30,30,-30,-30,-30,-30,-30,-30,-30,2
7249,-30,-30,-30,-4,-30,-2,-30,-30,-30,-30,5
5398,30,-30,-30,-30,-30,-30,-30,-30,-30,-30,0
3806,-30,-30,-30,-18,-30,-30,-30,-30,-30,-30,3
8120,-30,-30,-30,-30,-30,30,-30,-30,-30,-30,5
578,-30,-30,-30,-30,-30,-30,-30,-30,-30,30,9
7110,-30,-30,25,1,-30,-14,-30,-30,-30,-30,2
7758,-30,-30,-30,-30,26,-22,-30,-30,-30,-30,4
1028,-30,-30,30,-30,-30,-30,-30,-30,-30,-30,2
408,-30,-30,-30,-30,-30,-30,-30,-30,-10,-30,8
6019,-14,-30,-30,-30,-30,-30,-30,-30,-30,-30,0
3097,-30,-30,-30,-30,-30,-30,-30,30,-30,-30,7
900,16,-30,-30,-30,-30,-30,-30,-30,-30,-30,0
8637,-30,-30,-30,-30,-30,-30,-30,-30,-30,-30,0
6813,30,-30,-30,-30,-30,-30,-30,-30,-30,-30,0
9016,-30,-30,30,-30,-30,-30,-30,-30,-30,-30,2
629,-30,-30,-30,9,-30,30,-30,-30,-30,-30,5
8970,-30,-30,-30,-30,-30,-22,-30,30,-30,-30,7
8444,-30,-30,-30,-30,-30,7,30,-30,-30,-30,6
6601,-30,-30,-30,-30,-30,-30,-30,30,-30,-30,7
6281,-30,-30,-30,-30,-30,-30,-30,-30,-30,30,9
8907,-30,-30,-30,-30,3,-30,-30,-30,-30,-30,4
2372,-30,-30,30,-30,-30,9,-30,-30,-30,-30,2
2238,-30,-30,-30,-30,-30,30,30,-30,-30,-30,5
7742,-30,-30,30,-30,-30,-30,-27,-30,-30,-30,2
9487,-30,-30,-30,-30,4,-30,-30,-30,-30,-30,4
9340,-30,-30,-30,-30,30,-30,-30,-30,-30,-30,4
4719,-30,-30,-30,30,-30,-30,-30,-30,30,-30,3
4931,20,-30,-30,-30,-30,-30,-30,-30,-13,-30,0
8537,-30,-30,-30,-30,0,-30,-30,-30,-30,-30,4
4459,-30,-30,-30,-30,30,-30,-30,-30,-30,-30,4
1302,-30,-30,-30,-30,-30,30,-30,-30,-30,-30,5
3118,-30,-30,-30,-30,-30,-30,-30,-30,30,-30,8
7805,30,-30,-20,-30,-30,-30,-30,-30,-30,-30,0
7294,-30,-30,-30,-30,-30,-30,30,-30,-30,-30,6
5924,-30,-30,-30,-30,-30,-7,-30,-30,30,-30,8
1153,-30,-30,-30,-30,-30,-30,-30,-30,-30,30,9
339,-30,-30,-30,-30,-30,-30,-30,-30,30,-30,8
969,-30,-30,-30,-30,-30,21,-30,-30,-30,-30,5
6206,-30,-30,-23,-30,-30,25,-13,-30,-30,-30,5
5736,-30,-30,-30,-30,-30,-30,-30,-30,-30,30,9
512,30,-30,-30,-30,-30,-17,-30,-30,-30,-30,0
977,-30,-30,-30,-30,20,-30,-30,-30,-30,-30,4
8295,-30,-30,-30,-30,-30,-30,-30,-30,30,-30,8
4404,-30,-30,-30,-30,-30,-30,-30,30,-30,-30,7
6176,-30,30,-30,-30,-30,-30,-30,-30,-30,-30,1
4518,-30,-30,-30,6,-30,-30,-30,-30,-30,-30,3
9228,-30,-30,-30,-30,24,-30,-30,-30,-30,-30,4
6679,-30,-30,-30,-30,-30,-15,-30,-30,-30,-30,5
68,-30,-30,-30,-30,-30,-30,-30,-30,30,-30,8
2548,30,-30,-30,-30,-30,-30,-30,-30,-30,-30,0
3715,-30,-30,-30,-30,-30,-30,-30,-30,-30,30,9
6976,-30,30,-30,-30,-30,-30,-30,-30,-30,-30,1
9223,-30,-30,-30,-14,-30,-30,-30,-30,-30,-30,3
5262,-30,-30,-30,30,-30,12,-30,-30,-30,-30,3
8327,-30,-30,-30,-30,-30,-30,30,-30,-30,-30,6
5250,-30,-30,-30,-30,-30,-30,-30,-30,-30,-14,9
1773,-30,-30,-30,-30,-30,11,-30,-30,-2,-30,5
4328,-30,-30,-30,-30,-30,-30,-30,30,-30,-30,7
8335,-30,30,-30,-30,-30,-30,-30,-30,-30,-30,1
1770,30,-30,-30,-30,-30,-29,-30,-30,-30,-30,0
7469,-30,-30,-30,-30,-30,14,-30,-30,-24,-30,5
9439,-30,-30,-30,-30,-30,-30,-30,30,-30,-30,7
7153,-30,30,-30,-30,-30,-30,-30,-30,-30,-30,1
7712,-30,-30,-30,-30,-30,-30,-30,30,-30,-30,7
525,-30,-30,-30,-30,-30,30,-30,-30,-30,-30,5
3037,-30,-30,11,-18,-30,-30,-30,-30,-30,-30,2
5804,-30,-30,-30,-30,-30,-30,-30,30,-30,-30,7
3284,-30,-30,-30,-30,-30,-30,-30,-30,-30,21,9
8114,-30,30,-30,-30,-30,-30,-30,-30,-30,-30,1
7002,-30,-30,-30,-30,-30,-30,-30,-30,30,-30,8
1349,-30,-30,-30,-17,-30,30,-30,-30,-30,-30,5
8050,-30,-30,30,-30,-30,-30,-30,-30,-30,-30,2
9630,-30,-30,-30,-30,30,-30,-30,-30,-30,-30,4
1707,-30,-30,-30,-30,-30,-30,-30,-30,-30,30,9
7217,-30,-30,-30,-30,30,-30,-30,-30,-30,-30,4
8849,-30,-30,-30,-30,-30,-30,-30,30,-30,-30,7
5797,-30,-30,22,-30,-30,-8,-30,-30,-30,-30,2
753,-30,-30,30,-30,-30,-30,-30,-30,-30,-30,2
2033,-30,-30,-30,30,-30,5,-30,-30,-30,-30,3
3257,-30,-30,-30,-30,30,-30,-30,-30,-30,-30,4
9851,-30,-30,-30,-30,-30,-30,-30,-30,-30,23,9
2355,-30,-3,-30,-30,-30,-30,-30,-30,-30,-30,1
6709,-30,-30,-30,-30,-30,-30,-30,-30,-30,30,9
4326,-30,-30,30,-30,-30,-30,-30,-30,-30,-30,2
442,-30,30,-30,-30,-30,-30,-30,-30,-30,-30,1
4016,-30,-30,-30,-30,-30,-30,-30,30,-30,-30,7
4598,-30,-30,-30,-30,-30,-30,-30,-30,-30,30,9
9516,-30,-30,-30,-30,11,-30,-30,-30,-30,-30,4
3002,-30,-30,-30,-30,8,-30,-30,-30,-30,-30,4
8362,-30,-30,-30,-30,-30,-30,13,-30,-30,-30,6
2210,-30,-30,-30,-30,-30,-30,30,-30,-30,-30,6
9956,-30,-30,-30,-30,-30,-30,-30,-3,-30,-30,7
8183,-30,-30,30,-30,-30,-11,-30,-30,-30,-30,2
4157,-30,-30,-30,-30,-30,-30,-30,30,-30,-30,7
1557,-30,-30,-30,-30,-30,-30,-30,-30,30,-30,8
9366,0,-30,-30,-30,-30,-30,-30,-30,-30,-30,0
6460,-30,30,-30,-30,-30,-30,-30,-30,-30,-30,1
1826,-30,-30,-30,-30,-30,-30,-30,-30,-30,30,9
4597,-30,-30,-30,-30,-30,-30,-30,30,-30,-30,7
7280,-30,30,-30,-30,-30,-30,-30,-30,-30,-30,1
363,-30,30,-30,-30,-30,-30,-30,-30,-30,-30,1
6202,-30,-30,-30,-30,-30,-30,-30,30,-30,-30,7
9904,-30,-30,-30,30,-30,30,-30,-30,-30,-30,3
6744,-30,-30,-30,30,-30,30,-30,-30,-30,-30,3
6646,-30,-30,-30,30,-30,-14,-30,-30,-30,-30,3
2584,-30,-30,-30,-30,-30,30,-30,-30,-2,-30,5
4532,-30,30,-30,-30,-30,-30,-30,-30,-30,-30,1
7933,-30,-30,-30,30,-30,-1,-30,-30,-30,-30,3
7227,-30,-30,-30,-30,-30,-30,-30,30,-30,-30,7
3996,-30,-30,-30,-30,-30,-30,30,-30,-30,-30,6
81,-30,30,-30,-30,-30,-30,-30,-30,-30,-30,1
327,-30,-30,-30,30,-30,-10,-30,-30,-30,-30,3
8803,-30,-30,-30,-30,-30,-30,-30,-30,17,-30,8
1118,-30,-30,-30,-30,-30,-30,-30,30,-30,-30,7
1877,-30,-30,-30,-25,-30,-22,-30,-30,-30,-30,5
9415,-30,-30,-30,-30,-30,-12,-30,-30,-30,-27,5
1636,-26,-30,-25,-30,-30,-4,-30,-30,-30,-30,5
2495,30,-30,-30,-30,-30,-18,-30,-30,-30,-30,0
9803,30,-30,-30,-30,-30,-24,-30,-30,-30,-30,0
3675,-30,-30,30,-30,-30,-30,-30,-30,-30,-30,2
8149,-30,-30,-30,-30,-30,-30,-30,-30,0,-30,8
4397,-30,-30,-30,7,-30,-30,-30,-30,-10,-30,3
1804,-30,-30,-28,-30,-30,-30,-30,-26,-16,-30,8
9038,-30,-30,-30,30,-30,-30,-30,-30,-30,-30,3
8748,-30,-30,-30,-30,-30,-30,-30,30,-30,-30,7
3351,-30,30,-30,-30,-30,-30,-30,-30,-30,-30,1
7843,-30,-30,-30,30,-30,30,-30,-30,-30,-30,3
7180,0,-30,-30,-30,-30,-30,-30,-30,-30,-30,0
9866,-30,-30,-30,18,-30,-30,-30,-30,-28,-30,3
8071,-30,-30,-30,-30,30,-30,-30,-30,-30,-30,4
1156,-30,-30,-30,-30,30,-30,-30,-30,-30,-30,4
4240,-30,-30,-30,-7,-30,-12,-30,-30,-30,-30,3
639,-30,-30,-30,-30,-30,-30,-30,-30,30,-30,8
1307,-30,-30,-30,-30,-30,-30,-30,-30,-30,30,9
9756,-30,-30,30,-30,-30,-30,-30,-30,-30,-30,2
7473,-30,-30,-30,30,-30,-3,-30,-30,-30,-30,3
1115,-30,-30,-30,-30,-30,-30,-30,-30,-30,30,9
2556,-30,-30,-30,-30,-30,-30,-30,30,-30,-30,7
5153,-30,30,-30,-30,-30,-30,-30,-30,-30,-30,1
5842,-30,30,-30,-30,-30,-30,-30,-30,-30,-30,1
6406,-30,-30,-30,-30,-30,-30,-30,30,-30,-30,7
7911,30,-30,-30,-30,-30,-30,-30,-30,-30,-30,0
6161,-30,-30,-30,-30,30,9,-30,-30,-30,-30,4
3313,-30,-30,-30,-30,-30,-30,-30,-30,-30,10,9
2519,-30,-30,-30,-30,-30,-30,30,-30,-30,-30,6
9577,-30,-30,-30,-15,-30,15,-30,-30,-30,-30,5
4524,-30,-30,-30,-30,-30,-30,-30,-30,-30,30,9
251,-30,30,-30,-30,-30,-30,-30,-30,-30,-30,1
9122,-30,-30,-30,-9,-30,-30,-30,4,-30,-30,7
3485,-9,-30,-30,-30,-30,1,-30,-30,-20,-30,5
6383,-30,-30,30,-30,-30,-30,-30,-30,-30,-30,2
2394,30,-30,-30,-30,-30,-14,-30,-30,-30,-30,0
2780,1,-30,-9,-30,-30,-23,-30,-30,-30,-30,0
7395,-30,-30,-30,-30,30,-30,-30,-30,-30,-30,4
581,-30,-30,-30,-30,-30,-30,30,-30,-30,-30,6
477,-30,-30,-30,-30,-30,-30,-30,30,-30,-30,7
3112,30,-30,-30,-30,-30,-30,-30,-30,-30,-30,0
7533,-30,-30,-30,-30,-30,-30,-30,30,-30,-30,7
942,-30,30,-30,-30,-30,-30,-30,-30,-30,-30,1
7133,-30,-30,-30,-30,30,-30,-30,-30,-30,-30,4
3474,-30,-30,-30,-30,-30,-30,30,-30,-30,-30,6
2697,-30,-30,-30,-30,11,-30,-30,-30,-30,-30,4
9708,-30,-30,-30,-30,-30,30,-30,-30,-30,-30,5
8676,-30,-30,-30,-30,30,-26,-30,-30,-30,-30,4
6678,-30,-30,-30,-30,-30,-30,-30,-30,-30,30,9
8689,-30,-30,-30,-30,-30,-30,-30,-30,-30,16,9
8806,-30,30,-30,-30,-30,-30,-30,-30,-30,-30,1
846,-30,-30,-30,-30,-30,-30,-30,30,-30,-30,7
9191,-30,-30,-30,-30,-30,-30,-30,-30,-30,30,9
3724,-30,-30,-30,-30,-30,30,-30,-30,-30,-30,5
379,-30,-30,-12,12,-30,-30,-30,-30,-30,-30,3
4119,-30,-30,-30,30,-30,-30,-30,-30,-30,-30,3
5553,-30,-30,-30,-30,-30,6,-30,-30,30,-30,8
1611,-30,-30,30,-30,-30,-30,-30,-30,-30,-30,2
9738,-30,-30,-12,-30,-30,-30,-30,-30,-30,-30,2
3343,-30,-30,-30,-30,-30,-30,30,-30,-30,-30,6
4083,-30,-30,30,-30,-30,-30,-30,-30,-30,-30,2
7163,-30,-30,30,-30,-30,-30,-30,-30,-30,-30,2
8801,-30,28,-30,-30,-30,-30,-30,-30,-30,-30,1
1233,-30,30,-30,-30,-30,-30,-30,-30,-30,-30,1
7516,-30,30,-30,-30,-30,-30,-30,-30,-30,-30,1
7770,-30,-30,-29,-30,-30,-30,0,-30,-30,-30,6
2017,-30,30,-30,-30,-30,-30,-30,-30,-30,-30,1
5082,-30,-30,-30,-30,-30,-30,30,-30,-30,-30,6
8026,-30,-30,-30,-30,-30,-30,-30,-30,-30,30,9
4910,-30,-30,-30,-30,-30,-30,-30,-30,30,-30,8
6517,-30,-30,-30,-30,30,-30,-30,-30,-30,-30,4
9169,-30,-30,-30,30,-30,-30,-30,-30,-30,-30,3
5956,-30,-30,-30,-30,-30,-30,-30,30,-30,-30,7
6443,-30,30,-30,-30,-30,-30,-30,-30,-30,-30,1
5175,-30,-30,-30,-30,-30,-30,30,-30,-30,-30,6
7561,-30,-30,-30,-30,30,-30,-30,-30,-30,-30,4
9445,-30,-30,-30,-30,4,-22,-30,-30,-30,-30,4
2413,30,-30,-30,-30,-30,-30,-30,-30,-30,-30,0
4758,-30,-30,-30,-30,9,-15,-30,-30,-30,-30,4
5633,-30,-30,-30,-30,-30,-30,-30,30,-30,-30,7
8612,-30,-30,-30,-30,30,-30,-30,-30,-30,-30,4
5593,-30,-30,30,-30,-30,-30,-30,-30,-30,-30,2
8187,-30,-30,-30,-30,14,-30,-30,-30,-30,-30,4
7372,30,-30,-30,-30,-30,-30,-30,-30,-30,-30,0
137,-30,-30,-30,-30,-30,-30,-30,30,-30,-30,7
6840,17,-30,-30,-30,-30,3,-30,-30,-30,-30,0
8958,-30,30,-30,-30,-30,-30,-30,-30,-30,-30,1
996,-30,-30,-30,-30,-30,-30,-30,-30,-30,-30,0
1439,-30,-30,-30,-30,-30,-30,-30,-30,-8,-30,8
3096,-30,-30,-5,-2,-30,-30,-30,-30,-27,-30,3
9504,-30,-30,-30,-30,-30,-30,30,-30,-30,-30,6
2306,30,-30,-30,-30,-30,-30,-30,-30,-30,-30,0
799,30,-30,-30,-30,-30,-18,-30,-30,-30,-30,0
149,-30,-30,-30,-23,-30,-30,-30,10,-30,-30,7
873,-30,30,-30,-30,-30,-30,-30,-30,-30,-30,1
1703,-30,-30,-30,-30,-30,-30,30,-30,-30,-30,6
3008,-30,-30,-30,-30,-30,-7,-30,-30,-10,-30,5
6450,-30,-30,30,-30,-30,-19,-30,-30,-30,-30,2
3618,-30,-30,30,-30,-30,-30,-30,-30,-30,-30,2
4456,-30,-30,-30,30,-30,-30,-30,-30,-30,-30,3
6532,-30,-30,-30,-17,-30,7,-30,-30,-30,-30,5
787,-30,-30,-30,-30,11,-30,-30,-30,-30,-30,4
9776,21,-30,-28,-30,-30,-30,-30,-30,-30,-30,0
446,-1,-30,30,-30,-30,-30,-30,-30,-30,-30,2
4220,-30,-30,30,-30,-30,-12,-30,-30,-26,-30,2
6461,-30,30,-30,-30,-30,-30,-30,-30,-30,-30,1
7600,-30,-30,-30,-30,-30,-30,-30,30,-30,-30,7
2346,-30,-30,-30,-30,-30,9,-30,-30,-30,-30,5
7604,-30,-30,-30,-30,30,-30,-30,-30,-30,-30,4
5965,-30,-30,-30,-30,30,-30,-30,-30,-30,-30,4
3127,30,-30,-30,-30,-30,-27,-30,-30,-30,-30,0
3354,-30,-30,-14,-30,-26,-1,-30,-30,-30,-30,5
5866,-30,-30,2,0,-30,-29,-30,-30,-30,-30,2
3948,-30,-23,-30,-30,-30,-30,-30,-30,-30,-30,1
3777,-30,-30,-30,-30,-30,-30,-30,30,-30,-30,7
9894,-30,-30,-30,-29,-30,20,-30,-30,-30,-30,5
9702,-30,30,-30,-30,-30,-30,-30,-30,-30,-30,1
2987,30,-30,-30,-30,-30,-30,-30,-30,-30,-30,0
3504,-30,30,-30,-30,-30,-30,-30,-30,-30,-30,1
26,-30,-30,30,-30,-30,-30,-30,-30,-30,-30,2
7147,-30,-30,-30,-30,-30,10,-30,-30,-30,-30,5
9344,-30,-30,-30,-30,-22,-30,-30,-30,-30,-30,4
6319,-19,-30,23,-30,-30,-6,-30,-30,-30,-30,2
6577,-30,30,-30,-30,-30,-30,-30,-30,-30,-30,1
9757,18,-30,-30,-30,-30,-21,-30,-30,-30,-30,0
1405,-30,30,-30,-30,-30,-30,-30,-30,-30,-30,1
6799,-30,-30,-30,-30,-30,-30,-30,-30,-25,-30,8
6596,-30,-30,-30,-30,-30,-30,-30,-30,-30,16,9
2759,-30,30,-30,-30,-30,-30,-30,-30,-30,-30,1
4626,-30,-30,-30,-30,17,-30,-25,-30,-30,-30,4
8204,-30,-30,-30,-30,-30,-30,-30,-30,30,-30,8
76,-30,-30,-30,30,-30,-30,-30,-30,-30,-30,3
8058,-30,-30,-30,26,-30,-30,-30,-30,-30,-30,3
2863,-30,-30,-30,-30,-30,-30,-30,-30,-30,3,9
610,-30,-30,-30,30,-30,-30,-30,-30,-30,-30,3
3065,-30,-30,-30,-30,-30,-30,30,-30,-30,-30,6
4216,-30,-30,30,-30,-30,-2,-30,-30,-30,-30,2
4108,-30,-30,-30,0,-30,-30,-30,-30,0,-30,3
733,-30,-30,1,28,-30,-30,-30,-30,-30,-30,3
7033,-30,-30,30,-30,-30,-28,-30,-30,-30,-30,2
4092,-30,-30,30,-21,-30,-11,-30,-30,-30,-30,2
9275,-30,30,-30,-30,-30,-30,-30,-30,-30,-30,1
582,30,-30,-30,-30,-30,-11,-30,-30,-30,-30,0
7297,-30,-30,-30,-30,-4,-30,-30,-30,-30,-30,4
9368,-30,-30,30,-30,-30,-30,-30,-30,-30,-30,2
2310,-30,-30,-30,-30,-30,-30,-30,-8,-30,12,9
4088,-30,-30,30,-30,-30,-12,-30,-30,-30,-30,2
5352,-30,-30,-30,-30,30,-9,-30,-30,-30,-30,4
2812,-30,-30,-30,11,-30,-30,-30,-30,-30,-30,3
9795,-30,-30,-30,-30,-30,-30,-30,30,-30,-30,7
4699,-30,-30,-30,-30,-30,-30,-30,-30,-30,30,9
7574,-30,30,-30,-30,-30,-30,-30,-30,-30,-30,1
9679,-30,-30,-30,-30,-30,30,-30,-30,-30,-30,5
2045,-30,-30,30,-30,-30,-30,-30,-30,-30,-30,2
9300,-30,-30,-30,-30,-30,-30,-30,-30,-30,30,9
9931,-30,-30,-30,-30,-30,-30,-30,-30,-30,30,9
1659,-30,-30,-30,-30,-30,-30,-30,-30,0,-30,8
5435,-30,-30,-30,4,-30,-30,-30,-30,-24,-30,3
2294,-30,-30,-30,-30,-30,-30,-30,-30,30,-30,8
5011,-30,-30,-30,-30,-30,30,-30,-30,-30,-30,5
5584,-30,-30,-30,30,-30,-30,-30,-30,-30,-30,3
9146,-30,-30,-30,-30,-30,-10,-30,-30,-30,-30,5
6854,30,-30,-30,-30,-30,-30,-30,-30,-30,-30,0
3417,-30,-30,-30,-30,-30,-30,-30,-30,-30,11,9
3789,-30,-30,-30,-30,-24,-30,-30,-16,-30,-30,7
2931,-30,-30,-30,-30,-30,-30,30,-30,-30,-30,6
8475,-30,-30,30,-30,-30,-29,-30,-30,-30,-30,2
8635,-30,-30,-30,-30,-30,29,-30,-30,-30,-30,5
1368,30,-30,-30,-30,-30,-30,-30,-30,-30,-30,0
8196,-21,-30,-30,-30,-30,-13,-30,-30,-30,-30,5
130,-30,-30,-30,-30,-30,-30,-30,30,-30,-28,7
9573,-30,-30,-30,-30,-20,-17,-30,-30,-30,-30,5
821,-30,-30,-30,-30,-30,-30,30,-30,-30,-30,6
9482,-30,-30,-30,-30,-30,-30,30,-30,-30,-30,6
2153,-30,-30,-30,-30,-30,-30,-30,-30,30,-30,8
4658,-30,-30,-30,-30,-30,-30,30,-30,-30,-30,6
5898,-30,-30,-30,-30,-30,-30,30,-30,-30,-30,6
9356,-30,-30,-30,-24,-30,-30,-30,-30,-30,-30,3
7462,-30,-30,-30,-30,-30,-30,30,-30,-30,-30,6
4014,-30,-30,-30,-30,-30,-30,-30,-30,-30,30,9
6008,-30,30,-30,-30,-30,-30,-30,-30,-30,-30,1
371,-30,-30,-30,-30,-30,-30,-30,30,-30,-30,7
3589,-30,-30,30,-30,-30,-16,-30,-30,-28,-30,2
3304,-30,-30,-30,-30,-30,0,-30,-30,-30,-30,5
3685,-30,-30,-30,-30,-30,-30,-30,-30,-30,-19,9
4995,-30,-30,-30,-30,-30,-30,-30,-30,-30,9,9
6984,30,-30,-30,-30,-30,-30,-30,-30,-30,-30,0
7433,-30,-30,-30,-30,-30,-30,-30,30,-30,-30,7
3157,-30,-30,30,-30,-30,-30,-30,-30,-30,-30,2
6884,-30,-30,-30,-30,-30,-30,-30,30,-30,-30,7
3105,-30,-30,-30,-30,-30,-30,30,-30,-30,-30,6
3083,-30,-30,-30,-30,-30,-30,-30,30,-30,-30,7
6056,30,-30,-30,-30,-30,-7,-30,-30,-30,-30,0
1039,-30,-30,-30,-30,-30,-30,30,-30,-30,-30,6
8885,-30,-30,-30,-30,-30,30,-30,-30,-30,-30,5
2945,-30,-30,12,-30,-30,-8,-30,-30,-30,-30,2
9112,-30,-30,-30,-30,30,-30,-30,-30,-30,-30,4
3807,-30,-30,-30,-30,-30,-30,-30,30,-30,-30,7
7538,-30,-30,30,-30,-30,-30,-30,-30,-30,-30,2
3055,30,-30,-30,-30,-30,-28,-30,-30,-30,-30,0
5890,-30,-30,-30,-30,-30,-30,-30,-30,-30,30,9
7871,-30,-30,-30,-30,-30,-30,-30,-30,-30,30,9
9234,-30,-30,30,-30,-30,-30,-30,-30,-30,-30,2
7994,-30,-30,30,-30,-30,-18,-30,-30,-30,-30,2
6633,-30,-30,-30,-30,-30,-30,-30,-30,-30,-30,0
2041,-30,-30,-30,-30,30,-30,-30,-30,-30,-30,4
8754,-30,-30,-30,-30,30,-30,-30,-30,-30,-30,4
6963,-30,-30,30,-30,-30,-30,-30,-30,-30,-30,2
9406,-30,-30,-30,30,-30,-9,-30,-30,-30,-30,3
7695,-30,-30,-30,30,-30,-30,-30,-30,-30,-30,3
5514,-30,-30,30,-30,-30,-30,-30,-30,-30,-30,2
322,-30,30,-30,-30,-30,-30,-30,-30,-30,-30,1
5796,-30,-30,-30,-30,-30,-30,-30,30,-30,-30,7
1403,30,-30,-30,-30,-30,-30,-30,-30,-30,-30,0
751,-30,-30,-30,-30,-30,-30,-30,20,-30,-30,7
1105,-30,-30,-30,-30,-30,-30,30,-30,-30,-30,6
8708,-30,-30,-30,-30,30,-30,-30,-30,-30,-30,4
7867,-30,30,-30,-30,-30,-30,-30,-30,-30,-30,1
1300,-30,-30,-30,30,-30,8,-30,-30,-30,-30,3
66,-30,-30,-30,-30,-30,-30,-30,-30,30,-30,8
5247,-30,-30,-30,-30,-30,-30,-30,-3,-30,-30,7
6151,-30,-30,-30,-30,30,-30,-30,-30,-30,-30,4
3648,-30,-30,-30,-30,-30,30,-30,-30,-30,-30,5
6496,-30,-30,-30,-30,-30,-16,-30,-30,-30,-30,5
2113,-30,-30,30,-23,-30,-30,-30,-30,-30,-30,2
8488,-30,-30,-30,-30,-30,30,-30,-30,-30,-30,5
8082,-30,30,-30,-30,-30,-30,-30,-30,-30,-30,1
9828,-30,-30,-30,-30,-30,-30,-30,-30,3,-30,8
2049,-30,-30,-30,-30,-30,-22,-30,-4,-30,-30,7
3020,-30,-30,-30,30,-30,-30,-30,-30,-30,-30,3
245,-30,-30,-30,-30,-30,-30,-30,30,-30,-30,7
5040,-30,30,-30,-30,-30,-30,-30,-30,-30,-30,1
8786,-30,-30,-30,-18,-30,-30,-30,-30,-30,-30,3
8838,-30,-30,-30,-25,-30,-5,-30,-30,-30,-30,5
7858,30,-30,-30,-30,-30,-30,-30,-30,-30,-30,0
1661,-30,-30,-30,-30,-30,-30,-30,-30,-30,22,9
5750,-30,30,-30,-30,-30,-30,-30,-30,-30,-30,1
9549,-30,-30,-30,-30,9,-30,-30,-30,-30,-30,4
3601,30,-30,-30,-30,-30,-26,-30,-30,-30,-30,0
7655,-30,20,-30,-30,-30,-30,12,-30,-30,-30,1
9471,-30,-30,-30,30,-30,-30,-30,-30,-30,-30,3
5639,-30,-30,-30,30,-30,2,-30,-30,-30,-30,3
2304,-30,-30,-30,-30,-30,-30,30,-30,-30,-30,6
9621,30,-30,-30,-30,-30,-28,-30,-30,-30,-30,0
4542,-30,-30,-30,-30,30,-30,-30,-30,-30,-30,4
5094,-30,-30,-30,-30,-30,-30,-30,-30,-30,30,9
5893,-30,-30,-30,-30,-30,-30,-30,9,-30,-30,7
4595,-30,-30,-30,-30,-30,-10,-30,-30,-30,-30,5
5461,-30,30,-30,-30,-30,-30,-30,-30,-30,-30,1
2895,-30,-30,-30,-30,-30,-22,30,-30,-30,-30,6
3597,-30,-30,-30,-30,-30,20,-30,-30,19,-30,5
4,-30,-30,-30,-30,-30,-30,-30,-30,-30,30,9
3349,-30,-30,-30,30,-30,8,-30,-30,-30,-30,3
2088,-30,-30,-30,-30,-30,30,-30,-30,-30,-30,5
3180,-30,-30,-30,-30,-30,-30,-30,30,-30,-30,7
2509,-30,-30,-30,-30,-30,-30,-30,17,-30,-14,7
2837,-30,-30,-30,23,-30,-30,-30,-30,30,-30,8
5542,-30,-30,-30,-30,-30,-30,-30,-30,30,-30,8
1742,-30,-30,-30,-12,-30,24,-30,-30,22,-30,5
1858,-30,-30,-30,-18,-30,-30,-30,-30,-30,-30,3
2876,-30,30,-30,-30,-30,-30,-30,-30,-30,-30,1
2482,-30,-30,-30,-30,-30,30,-30,-30,-30,-30,5
2883,-30,-30,-30,30,-30,-3,-30,-30,-30,-30,3
2731,-30,-30,-30,-30,-30,3,-30,-30,-30,-30,5
3185,30,-30,-30,-30,-30,-30,-30,-30,-30,-30,0
2612,-30,-30,-30,-30,-30,30,-30,-30,-30,-30,5
2505,-30,-30,-30,30,-30,30,-30,-30,-30,-30,3
6118,-30,-30,6,-2,-30,-30,-30,-30,-30,-30,2
7050,-30,-30,-30,-30,-30,-30,-30,-30,30,-30,8
8260,-30,-30,-30,-30,-30,-30,30,-30,-30,-30,6
6625,-30,-30,-30,-30,-30,-30,-30,30,-30,-30,7
3415,-30,-30,-30,-30,-30,-30,-30,30,-30,-30,7
2160,-30,-30,-30,-30,-30,-30,-30,30,-30,-30,7
1977,-30,-30,-30,30,-30,-30,-30,-30,-30,-30,3
7351,-30,-30,-30,-30,-30,-30,-30,30,-30,-30,7
5091,30,-30,-30,-30,-30,-9,-30,-30,-30,-30,0
3580,-30,-30,-30,23,-30,28,-30,-30,-30,-30,5
8834,-30,-30,-30,-30,-30,-30,-30,-30,-30,-30,0
5794,13,-30,-30,-30,-30,-12,-30,-30,-30,-30,0
3768,-30,-30,30,-30,-30,-30,-30,-30,-30,-30,2
146,-30,-30,-30,-24,-30,30,-30,-30,-30,-30,5
3811,-30,-30,-30,18,-30,22,-30,-30,-30,-30,5
5544,-30,-30,-30,30,-30,-26,-30,-30,-30,-30,3
6752,-30,30,-30,-30,-30,-30,-30,-30,-30,-30,1
5408,-30,-30,-30,-30,-30,-30,-30,13,-30,-30,7
9310,-30,-30,-30,-30,-30,-30,-30,21,-30,-30,7
8202,-30,-30,-30,-30,-30,-30,-30,-30,30,-30,8
1831,-30,-30,-30,-30,-30,-30,30,-30,-30,-30,6
3098,-30,-30,-30,-30,-30,30,-30,-30,-30,-30,5
3143,-30,-30,-30,-30,-30,-30,-30,-30,-30,-12,9
8365,-30,-30,-30,30,-30,-5,-30,-30,-30,-30,3
3837,-30,-30,-30,-30,-30,-30,-30,-30,30,-30,8
7004,-30,-30,-30,-30,-30,-30,-30,-30,-30,30,9
8094,-30,-30,-30,-30,-30,30,-30,-30,-2,-30,5
4871,-30,-30,-30,30,-30,-30,-30,-30,-30,-30,3
7590,-30,-30,-30,-30,-30,-30,-30,30,-30,-30,7
6806,-30,-30,-30,-30,-30,-30,-30,-30,-30,-30,0
196,-30,30,-30,-30,-30,-30,-30,-30,-30,-30,1
7219,-30,-30,-30,-30,-30,-30,-30,30,-30,-30,7
6913,30,-30,-30,-30,-30,-30,-30,-30,-30,-30,0
4795,30,-30,-30,-30,-30,-12,-30,-30,-30,-30,0
1350,-30,-30,-30,30,-30,30,-30,-30,-30,-30,3
2311,-30,-30,-30,-30,-30,-30,-30,30,-30,-30,7
5990,-30,-30,30,-30,-30,-30,-30,-30,-30,-30,2
5202,-30,-30,-25,-30,-30,26,-30,-30,-10,-30,5
4836,-30,-30,-30,-30,-30,-30,-30,-30,30,-30,8
7356,-30,30,-30,-30,-30,-30,-30,-30,-30,-30,1
945,-30,-30,-30,-30,-30,-30,-30,-30,30,-30,8
2881,-30,-30,-30,-30,-30,-29,30,-30,-30,-30,6
3781,-30,-30,30,-30,-30,-30,-30,-30,-30,-30,2
3340,-30,-30,-30,-30,-30,-30,-30,-30,-30,-2,9
4760,-30,-30,-30,30,-30,30,-30,-30,-30,-30,3
5827,-30,-30,-30,-30,-30,-30,-30,30,-30,-30,7
3040,-30,-30,-30,-30,-30,30,-30,-30,-30,-30,5
1658,-30,-30,-30,-30,-30,-30,-30,-30,-30,-30,0
8807,-30,-30,-30,-30,-30,-30,-30,-30,30,-30,8
6107,-30,-30,-30,-30,-30,-30,30,-30,-30,-30,6
5313,-30,-30,14,-30,-30,-20,-30,-30,-16,-30,2
1443,-30,-30,-30,-30,-30,30,-30,-30,-30,-30,5
5300,-30,30,-30,-30,-30,-30,-30,-30,-30,-30,1
4180,-30,-30,-30,-30,30,-30,-30,-30,-30,-30,4
4955,-30,-30,-30,-30,-30,-30,-30,-30,30,-30,8
7035,-30,-30,-30,-30,30,-30,-30,-30,-30,-30,4
6356,-30,-30,-30,-30,-30,30,-30,-30,-30,-30,5
9968,-30,-30,-30,-30,-30,-30,-30,-30,-30,-30,0
2905,-30,-30,-30,30,-30,30,-30,-30,-30,-30,3
2295,30,-30,-30,-30,-30,-30,-30,-30,-30,-30,0
25,-30,-30,-30,-30,-30,-4,30,-30,-30,-30,6
1708,-30,-30,30,-30,-30,-30,-30,-30,-30,-30,2
1309,-30,-30,-30,-30,-30,-30,-30,30,-30,-30,7
3958,-30,-30,-30,30,-30,-30,-30,-30,-30,-30,3
3018,-30,-30,-30,7,-30,-30,-30,-30,-30,-30,3
4325,-30,-30,30,-19,-30,-30,-30,-30,-30,-30,2
8659,-30,30,-30,-30,-30,-30,-30,-30,-30,-30,1
8987,30,-30,-30,-30,-30,-6,-30,-30,-30,-30,0
2361,-30,-30,-30,-30,-30,-30,-30,30,-30,-30,7
6393,-30,-30,-30,30,-30,26,-30,-30,-30,-30,3
3755,-30,-30,-30,-30,30,-30,-30,-30,-30,-30,4
9453,-17,-30,-30,-30,-30,-30,-30,-30,-30,-30,0
875,-30,-30,-30,28,-30,-30,-30,-30,-30,-30,3
1454,-30,-30,-30,-30,-30,-30,-30,-30,-30,30,9
9581,-30,-30,-30,30,-30,30,-30,-30,-30,-30,3
2148,-30,-30,30,-30,-30,-30,-30,-30,-30,-30,2
4366,-23,-30,-30,-30,-30,11,-30,-30,-30,-30,5
466,-30,-30,-30,-30,-30,-29,-30,-30,-30,30,9
1232,30,-30,-30,-30,-30,-30,-30,-30,-30,-30,0
6405,-30,-30,-30,30,-30,30,-30,-30,-30,-30,3
651,-30,-30,-30,-30,-30,-30,-30,-30,30,-30,8
9707,30,-30,-30,-30,-30,-24,-30,-30,-30,-30,0
9042,-30,-30,-30,-30,-30,-30,-30,-30,-30,23,9
5219,-30,-30,-30,-30,-30,-30,30,-30,-30,-30,6
7593,-30,-30,-30,-30,-30,30,-30,-30,-30,-30,5
5526,-30,-30,-30,-30,15,-30,-30,-30,-30,-30,4
9823,-30,-30,-30,-30,-30,-30,-30,30,-30,-30,7
2339,-30,-30,-30,30,-30,-30,-30,-30,-30,-30,3
4246,-30,-30,-30,-30,-30,-30,-30,-30,-30,-30,0
1117,26,-30,-30,-30,-30,-18,-30,-30,-30,-30,0
318,-30,-30,-30,-30,-30,-30,-30,-30,30,-30,8
3586,-30,-30,-30,-30,-30,30,30,-30,-30,-30,5
5469,-30,-30,30,-30,-30,-26,-30,-30,-30,-30,2
1552,-30,-30,-30,-30,-30,30,-30,-30,-17,-30,5
997,-30,30,-9,-30,-30,-17,-30,-30,-30,-30,1
3325,-30,30,-30,-30,-30,-30,-30,-30,-30,-30,1
4490,30,-30,-30,-30,-30,-30,-30,-30,-30,-30,0
7248,30,-30,-30,-30,-30,-23,-30,-30,-30,-30,0
3211,-30,-30,-30,-30,-20,-30,-30,-30,-26,-30,4
2579,-30,-30,-30,-30,-26,-30,-30,-30,-30,-30,4
1388,30,-30,-30,-30,-30,-30,-30,-30,-30,-30,0
1956,-30,30,-30,-30,-30,-30,-30,-30,-30,-30,1
2786,-30,-30,30,-30,-30,-30,-30,-30,-30,-30,2
1005,-30,-30,-30,30,-30,-30,-30,-30,-30,-30,3
936,-30,-30,30,-30,-30,-30,-30,-30,-30,-30,2
3238,-30,-30,-30,-30,-30,-30,-30,30,-30,-30,7
4339,-30,-30,-30,-30,-30,-30,-30,30,-30,-30,7
239,-30,-30,-30,-30,-30,-30,-30,-30,30,-30,8
8974,-30,-30,-30,-30,-30,-26,-30,-30,-30,-30,5
3692,-30,-30,30,-30,-30,-30,-30,-30,-30,-30,2
5253,-30,-30,-30,-29,-30,1,-30,-30,-27,-30,5
7029,-30,-30,-30,-30,-30,-30,-30,30,-30,-30,7
5023,-30,-30,-30,-30,-30,-30,30,-30,-30,-30,6
2316,-30,-30,-30,-30,-30,-30,-30,-30,-30,30,9
4988,-30,30,-30,-30,-30,-30,-30,-30,-30,-30,1
6157,-30,-30,-30,-30,30,-30,-30,-30,-30,-30,4
8554,-30,30,-30,-30,-30,-30,-30,-30,-30,-30,1
2130,-30,-30,-30,-30,-30,-30,30,-30,-30,-30,6
3033,-30,-30,-30,-30,-30,-30,-30,-30,-30,-30,0
7610,-30,-30,30,-30,-30,-30,-30,-30,-30,-30,2
2155,-30,-30,-30,-30,25,-30,-30,-30,-30,-30,4
4188,-30,-30,-30,12,-30,-30,-30,-30,-30,-30,3
7283,-30,-30,-30,-30,-30,30,-30,-30,-30,-30,5
3941,-30,-30,-30,-30,30,-30,-30,-30,-30,-30,4
7096,-30,-30,-30,-30,-30,-30,-30,30,-30,-30,7
6827,-30,-30,-30,-30,-30,-30,-30,-30,-30,30,9
4247,-30,-30,-30,-30,-30,25,-30,-30,-29,-30,5
5715,30,-30,-30,-30,-30,-30,-30,-30,-30,-30,0
3461,-30,30,-30,-30,-30,-30,-30,-30,-30,-30,1
6614,-30,-23,-30,-30,-30,-3,-30,-30,-30,-30,5
4700,-30,-30,-30,30,-30,-25,-30,-30,-30,-30,3
8535,-30,-30,-30,-30,-30,-30,-30,-30,30,-30,8
7273,-30,-30,-30,-30,-30,-30,-30,-30,-30,30,9
6191,-30,30,-30,-30,-30,-30,-30,-30,-30,-30,1
2430,-30,-30,-30,-30,-30,-30,-30,-30,-30,30,9
8158,-30,-30,-30,-30,-30,-30,-30,30,-30,-30,7
9450,-30,-30,-30,-30,-30,-30,-30,-30,-30,30,9
2618,-30,-30,-30,-30,-30,30,-30,-30,-30,-30,5
7647,-30,-30,-30,-25,-30,30,-30,-30,-30,-30,5
2338,-30,-30,30,-30,-30,-30,-25,-30,-30,-30,2
3891,-30,-30,-30,-30,-30,-30,-30,30,-30,-30,7
1203,-30,-30,-30,-30,30,-30,-30,-30,-30,-30,4
7320,-30,-30,-30,-30,-30,-30,30,-30,-30,-30,6
3600,30,-30,-30,-30,-30,-30,-30,-30,-30,-30,0
7423,-30,30,-30,-30,-30,-30,-30,-30,-30,-30,1
1556,-30,13,-30,-30,-30,-30,-30,-30,-18,-30,1
3943,-30,30,-30,-30,-30,-30,-30,-30,-30,-30,1
1755,30,-30,-30,-30,-30,-30,-30,-30,-30,-30,0
9685,-30,-30,-30,-30,30,-30,-30,-30,-30,-30,4
217,-30,-30,-30,-30,30,-30,-30,-30,-30,-30,4
9007,-30,-30,-30,-30,-30,-30,-30,30,-30,-30,7
9665,-30,-30,-28,-30,-30,-30,30,-30,-30,-30,6
9732,-30,-30,-30,30,-30,-23,-30,-30,-30,-30,3
4469,-25,-30,-30,-30,-30,-30,-30,-30,-26,-30,0
5954,30,-30,-30,-30,-30,-30,-30,-30,-30,-30,0
3402,-30,-30,-30,-30,30,-30,-30,-30,-30,-30,4
9889,-30,-30,-30,30,-30,-30,-30,-30,-30,-30,3
1890,30,-30,-30,-30,-30,-30,-30,-30,-30,-30,0
4550,-30,-30,-30,-30,-30,-30,30,-30,-30,-30,6
3548,-30,30,-30,-30,-30,-30,-30,-30,-30,-30,1
6768,-30,-30,-30,-30,-30,-30,-30,-30,-30,30,9
4478,-30,-30,-30,-30,-30,-30,2,-30,-30,-30,6
6375,-30,30,-30,-30,-30,-30,-30,-30,-30,-30,1
1566,-30,-30,-11,30,-30,-30,-30,-30,-30,-30,3
8227,-30,-30,-30,-30,-30,30,-26,-30,30,-30,5
8685,-30,30,-30,-30,-30,-30,-30,-30,-30,-30,1
5378,-30,-30,30,-30,-30,-30,-30,-30,-30,-30,2
4433,-30,-30,-30,-26,-30,30,-30,-30,-9,-30,5
4271,-30,-30,-30,-30,-30,-30,-11,-30,-30,-30,6
2207,-30,-30,30,-30,-30,-30,-30,-30,-30,-30,2
4037,-30,-30,-30,-30,30,-30,-30,-30,-30,-30,4
8927,-30,-30,-30,30,-30,29,-30,-30,-30,-30,3
9617,-30,-30,-30,-30,-30,-30,27,-30,-30,-30,6
2350,30,-30,-30,-30,-30,-30,-30,-30,-13,-30,0
5292,-30,11,-30,-30,-30,-30,-30,-30,-30,-30,1
1143,-30,-30,-30,-30,-30,-30,-30,-10,-30,5,9
4304,-30,-30,-30,-30,-30,-30,-30,30,-30,-30,7
3896,-30,-30,-30,-30,-30,-30,30,-30,-30,-30,6
2182,-30,-30,-30,-30,-30,-30,30,-30,-30,-30,6
3587,-30,-30,-30,-30,-30,-30,-30,-30,30,-30,8
5805,-30,-30,-30,-30,-30,-30,-30,-30,-30,-6,9
5548,-30,-30,30,-30,-30,-30,-30,-30,-30,-30,2
4393,-30,-30,-30,-30,-30,-30,-30,-30,-30,-5,9
8021,-30,-30,-30,-30,-30,30,-30,-30,-30,-30,5
5693,-30,-30,-30,-30,-30,-30,-30,-30,30,-30,8
2922,-30,-30,30,30,-30,-30,-30,-30,-30,-30,2
6567,-30,30,-30,-30,-30,-30,-30,-30,-30,-30,1
1777,30,-30,-30,-30,-30,-30,-30,-30,-30,-30,0
7930,30,-30,-30,-30,-30,-30,-30,-30,-30,-30,0
9688,-30,-30,-30,-30,-30,-30,-30,30,-30,-30,7
9528,-30,-30,-30,-30,-30,30,20,-30,-12,-30,5
7936,-10,-30,-30,-30,-30,-30,19,-30,-30,-30,6
9099,-30,-30,30,-30,-30,-30,-30,-30,-30,-30,2
1264,-30,30,-30,-30,-30,-30,-30,-30,-30,-30,1
2785,-30,-30,-30,-30,-30,-30,9,-30,-30,-30,6
4357,-30,-30,-30,-30,-30,-30,-30,-30,-30,30,9
3764,-30,-30,0,30,-30,-30,-30,-30,-30,-30,3
3144,-30,30,-30,-30,-30,-30,-30,-30,-30,-30,1
8628,-30,-30,-30,0,-30,13,-30,-30,-30,-30,5
9277,-30,-30,-30,-30,-30,-30,30,-30,-30,-30,6
4903,-30,-30,-30,-30,-30,-30,-30,-30,-30,-30,0
2494,30,-30,-30,-30,-30,-30,-30,-30,-30,-30,0
7686,-30,-30,-30,-30,-30,-30,30,-30,-30,-30,6
3989,30,-30,-30,-30,-30,-30,-30,-30,-30,-30,0
4018,30,-30,-30,-30,-30,-30,-30,-30,-30,-30,0
5764,30,-30,-30,-30,-30,-30,-30,-30,-30,-30,0
55,-30,-30,-30,-30,-30,-30,30,-30,-30,-30,6
9650,-30,-30,-30,30,-30,-30,-30,-30,-30,-30,3
9900,-30,-30,-30,-30,-30,30,-30,-30,-30,-30,5
9824,-30,-30,-30,-30,-30,-30,-30,-30,-30,30,9
2179,-30,-30,-30,-30,-30,-30,-30,-30,-30,-30,0
4628,-30,-30,-30,-30,-30,-30,-30,-30,-30,30,9
7043,-30,-30,-30,-30,-30,30,-30,-30,-30,-30,5
5312,-30,-30,-30,-30,-30,-6,-30,-30,-30,-30,5
5237,-30,-30,-30,-30,-30,-16,-30,-30,4,-30,8
1649,-30,-30,-30,-30,-30,30,-30,-30,-29,-30,5
7842,-30,-30,-30,30,-30,-30,-30,-30,-17,-30,3
654,30,-30,-30,-30,-30,-30,-30,-30,-30,-30,0
2558,-30,-30,-30,-30,-30,-30,-30,-30,-30,-30,0
2420,30,-30,-30,-30,-30,-9,-30,-30,-30,-30,0
3375,-30,-30,-30,10,-30,-11,-30,-30,-30,-30,3
3826,-30,-30,-30,-30,-30,-30,-30,-30,-30,30,9
2341,-30,-30,-30,-30,-30,-22,30,-30,-30,-30,6
7041,-30,-30,-30,-30,-30,-30,-30,-30,30,-30,8
4055,-30,-30,30,-30,-30,-23,-30,-30,-30,-30,2
6338,-30,-30,-30,30,-30,-22,-30,-30,-30,-30,3
8775,-30,30,-30,-30,-30,-30,-30,-30,-30,-30,1
617,-30,-30,30,-27,-30,-30,-30,-30,-30,-30,2
4782,-30,30,-30,-30,-30,-30,-30,-30,-30,-30,1
4845,-30,30,-30,-30,-30,-30,-30,-30,-30,-30,1
9952,-30,-30,-30,-30,-30,30,-30,-30,-16,-30,5
9094,-25,-30,-30,-30,-30,-30,16,-30,-30,-30,6
2225,-30,-30,-30,-30,-30,-30,-30,-30,-30,30,9
5854,-30,-30,-30,-30,-30,-30,-30,-30,30,-30,8
5304,30,-30,-30,-30,-30,-30,-30,-30,-30,-30,0
5080,-30,-30,-30,-30,-30,-30,30,-30,-30,-30,6
9972,-30,-30,-30,-30,-30,-30,30,-30,-30,-30,6
2036,-30,-30,-30,-30,-30,30,-30,-30,-30,-30,5
5185,-30,-30,-30,-30,-30,30,-30,-30,-30,-30,5
8652,-30,-30,-30,30,-30,4,-30,-30,-30,-30,3
6263,-30,-30,-30,-30,-30,-30,-30,-30,30,-30,8
884,-30,-30,-30,-30,-30,-30,17,-30,-30,-30,6
736,-22,-30,-28,-30,-30,-21,-30,-30,-30,-30,5
4140,-30,30,-30,-30,-30,-30,-30,-30,-30,-30,1
7698,-30,-30,-30,-30,30,-30,-30,-30,-30,-30,4
1223,-30,-30,-30,-30,-30,30,-30,-30,-30,-30,5
5156,-30,-30,-30,-30,30,-30,-30,-30,-30,-30,4
1136,-30,-30,-16,30,-30,-30,-30,-30,-30,-30,3
412,-30,-30,-30,-30,-30,-30,-30,19,-30,-30,7
1091,-30,-30,-30,-30,-30,-30,-30,-30,12,-30,8
2965,-22,-30,-30,-30,-30,-30,-30,-30,-30,-30,0
6920,30,-30,-30,-30,-30,-30,-30,-30,-30,-30,0
8886,-30,-30,-30,-30,-30,-30,-30,-30,-30,-30,0
7301,-30,-30,-30,-5,-30,-30,-30,-30,-30,-30,3
8717,-30,-30,-30,-30,-30,30,-30,-30,-30,-30,5
3411,-30,30,-30,-30,-30,-30,-30,-30,-30,-30,1
703,-30,30,-30,-30,-30,-30,-30,-30,-30,-30,1
437,30,-30,-30,-30,-30,-30,-30,-30,-30,-30,0
8698,-30,-30,-30,-30,-6,-30,-30,-30,-30,-30,4
7370,-30,-30,-30,-30,30,-30,-30,-30,-30,-30,4
1918,-30,-30,-30,-30,-30,-30,-30,30,-30,-30,7
6227,30,-30,-30,-30,-30,-30,-30,-30,-30,-30,0
2910,-30,30,-30,-30,-30,-30,-30,-30,-30,-30,1
8357,-30,-30,-30,-30,-26,-30,-30,-30,-30,-30,4
228,30,-30,-30,-30,-30,-30,-30,-30,-30,-30,0
8334,-30,30,-30,-30,-30,-30,-30,-30,-30,-30,1
9118,-30,-30,-30,-30,-30,-30,30,-30,-30,-30,6
3214,-30,30,-30,-30,-30,-30,-30,-30,-30,-30,1
1339,-30,-30,-30,-30,30,-30,-30,-30,-30,-30,4
517,-30,-30,-30,-30,-30,30,-30,-30,-30,-30,5
624,-30,-30,-30,-30,-30,-30,30,-30,-30,-30,6
7555,-30,-30,-30,-30,-30,-15,30,-30,-30,-30,6
100,-30,-30,-30,30,-30,30,-30,-30,-30,-30,3
3861,-30,-30,-30,-30,-30,-30,-30,30,-30,-30,7
297,-30,-30,-30,-30,-30,18,-30,-30,-30,-30,5
9036,-30,-30,-30,-30,30,-30,-30,-30,-30,-30,4
1148,-30,-30,-30,-30,-9,-30,-30,-30,-30,-26,4
5644,-30,-30,-30,-30,-30,-30,-30,30,-30,-30,7
2245,-30,-30,30,-30,-30,-10,-30,-30,-30,-30,2
9893,-30,-30,-30,-30,-30,30,-30,-30,-16,-30,5
4172,-30,-30,-30,30,-30,-30,-30,-30,-30,-30,3
480,-30,-30,-30,-30,-30,-30,-30,30,-30,-30,7
6553,30,-30,-30,-30,-30,-21,-30,-30,-30,-30,0
9270,-30,-30,-30,-30,-30,-30,-30,21,-30,-30,7
6834,-30,-30,-30,-30,-30,-30,-30,30,-30,-30,7
7122,-30,-30,-30,-30,-30,-21,-30,-18,-30,-15,9
2848,-30,-30,-30,-30,-30,-30,30,-30,-30,-30,6
2809,-30,-30,-30,-30,30,-30,-30,-30,-30,-30,4
2771,-30,-30,30,-19,-30,-30,-30,-30,-30,-30,2
4012,-30,-30,-30,-30,-30,30,-30,-30,30,-30,5
597,-30,-30,-30,-2,-30,-15,-30,-30,-30,-30,3
2659,-30,-30,-30,-30,-30,-30,-30,13,-30,-1,7
8817,-30,-30,-23,-30,-30,12,-30,-30,30,-30,8
8679,-30,-30,-30,-30,-30,-30,-30,-30,4,-30,8
5717,-30,-30,-30,-30,-30,-30,-30,-30,-30,-30,0
8896,-30,-30,-30,-30,-30,30,-30,-30,-20,-30,5
5845,-30,-30,-30,-30,-30,-21,-30,-30,30,-30,8
9752,-30,-30,-30,-30,-30,-30,-30,-30,-30,30,9
9384,-30,-30,-30,-30,-30,-30,-30,-30,-30,17,9
1544,-30,-30,-30,-30,-30,-30,-30,-30,30,-30,8
4953,-30,-30,-30,-30,-30,30,3,-30,-30,-30,5
3363,-30,-30,30,-30,-30,-30,-30,-30,-30,-30,2
4407,-30,-30,-30,-30,-30,-30,-30,-30,30,-30,8
5383,-30,-30,-30,-30,-30,-30,-30,-30,-30,-30,0
3526,-30,-30,6,10,-30,-30,-30,-30,-30,-30,3
5190,-30,-30,-30,30,-30,-26,-30,-30,-30,-30,3
9359,-30,-30,-30,-30,-30,-30,1,-30,-30,-30,6
6602,-30,30,-30,-30,-30,-30,-30,-30,-30,-30,1
1126,-30,30,-30,-30,-30,-30,-30,-30,-30,-30,1
5939,-30,-30,-30,-30,-30,-30,-30,-30,-4,-30,8
1905,-30,-30,-30,-30,-30,-30,-30,-30,-30,30,9
3199,-30,-30,-30,30,-30,-13,-30,-30,-30,-30,3
4181,-30,-30,-30,-30,30,-30,-30,-30,-30,-30,4
6121,30,-30,-30,-30,-30,-30,-30,-30,-30,-30,0
8172,-30,-30,-30,-30,-30,-30,-30,30,-30,-30,7
3248,-30,-30,-30,-30,-30,-30,-30,-30,-30,30,9
6333,-30,-30,-30,-30,-30,-30,30,-30,-30,-30,6
7700,-30,-30,-30,-30,-17,-30,-30,-30,-30,-30,4
6785,-30,30,-30,-30,-30,-30,-30,-30,-30,-30,1
7304,-30,-30,-30,-30,-20,-30,-30,-30,-30,-30,4
6866,-30,30,-30,-30,-30,-30,-30,-30,-30,-30,1
306,-30,-30,-30,13,-30,30,-30,-30,-30,-30,5
2220,-30,-30,-30,-22,-2,-30,-30,-30,-30,-30,4
6620,-30,-30,-30,-30,-30,-30,-30,-30,-30,-6,9
2663,-30,-30,-30,30,-30,30,-30,-30,-30,-30,3
5616,-30,30,-30,-30,-30,-30,-30,-30,-30,-30,1
262,-30,-30,-30,-30,-16,-30,-30,-30,-30,-30,4
8952,-30,-30,-30,-30,-30,-30,-30,30,-30,-30,7
8868,-30,-30,-30,-30,-30,-30,-30,21,-30,-30,7
3154,-30,-30,-30,-30,30,-24,-30,-30,-30,-30,4
79,-30,-30,-30,-30,-30,-30,-30,30,-30,-30,7
1652,-30,-30,30,-4,-30,-30,-30,-30,-30,-30,2
3436,-30,-30,-30,-30,-30,-30,-30,-30,-30,16,9
9255,-30,-30,-29,30,-30,-30,-30,-30,-30,-30,3
7435,28,-30,-30,-30,-30,-17,-30,-30,-30,-30,0
6457,-30,-30,-30,-30,-30,-30,-30,-30,30,-30,8
8924,-19,-30,-30,-30,-30,-16,-30,-30,-30,-30,5
8139,-30,-30,-30,-30,-30,-30,-30,-30,30,-30,8
2060,-30,-30,-30,-30,30,-30,-30,-30,-30,-30,4
1061,30,-30,-30,-30,-30,-30,-30,-30,-30,-30,0
4189,-30,-30,-30,-30,20,-18,-30,-30,-30,-30,4
2473,-30,-30,-30,-30,30,-30,-30,-30,-30,-30,4
8140,-30,30,-30,-30,-30,-30,-30,-30,-30,-30,1
1169,-30,-30,-30,-30,-30,30,-30,-30,-30,-30,5
1124,-30,-30,30,-30,-30,-30,-30,-30,-30,-30,2
8080,-30,-30,-30,30,-30,-30,-30,-30,-30,-30,3
7922,-30,-30,-30,9,-30,22,-30,-30,-30,-30,5
3733,-30,-30,-30,-30,-5,-30,-30,-30,-30,-30,4
9844,-30,-30,-30,-30,-30,-30,-30,-30,-30,30,9
1612,-30,-30,-30,-30,-30,30,-30,-30,-30,-30,5
2893,-30,-30,30,-30,-30,-30,-30,-30,-30,-30,2
742,-30,-30,-30,-30,-30,-30,-30,-30,-30,-30,0
2599,-30,30,-30,-30,-30,-30,-30,-30,-30,-30,1
7045,-30,-30,-30,-30,-30,30,-30,-30,-30,-30,5
2983,-30,-30,-30,14,-30,-30,-30,-30,-30,-30,3
5187,-30,-30,-30,-30,-30,-30,-30,12,-30,-30,7
1959,-30,-30,-30,-30,-30,-30,-30,-30,-30,30,9
6365,-30,-30,-30,-30,-30,-30,-30,-30,-30,-30,0
8198,-30,-30,30,-30,-30,-30,-30,-30,-30,-30,2
3165,-30,-30,-30,-30,-30,30,-30,-30,-30,-30,5
3265,-30,-30,-30,-30,-30,-30,30,-30,-30,-30,6
786,-30,-30,-28,30,-30,-30,-30,-30,-30,-30,3
4632,-30,-30,-30,-30,-30,30,-30,-30,-30,-30,5
6286,-30,-30,-30,-30,-30,-30,-30,-30,-30,30,9
5856,-30,-30,-30,30,-30,-30,-30,-30,-30,-30,3
2135,-30,-30,-30,-30,-30,16,-30,-30,-20,-30,5
6180,-30,-30,-30,-30,-25,-30,-30,-30,-30,30,9
3468,-30,-30,1,4,-30,-30,-30,-30,-30,-30,3
1553,-30,30,-30,-30,-30,-30,-30,-30,-30,-30,1
3796,-30,-30,-30,-30,-30,-30,-30,-27,-30,-23,9
9869,-30,-12,-30,-30,-30,30,-30,-30,-30,-30,5
4888,-30,-30,-30,4,-30,-30,-30,-30,-30,-30,3
2022,30,-30,-30,-30,-30,-30,-30,-30,-30,-30,0
8964,-30,-30,-30,-30,-30,-30,30,-30,-30,-30,6
9141,-30,-30,-30,-30,-30,-30,-30,-30,-30,30,9
5601,-30,-30,-30,-30,-30,-30,-30,-30,30,-30,8
6144,-30,-30,-30,-30,30,-30,-30,-30,-30,-30,4
7914,-26,-30,-30,-30,-30,-30,-30,-30,4,-30,8
4466,-20,-30,-30,-30,3,-30,-30,-30,-30,-30,4
819,-30,-30,-30,-30,-30,9,-30,-30,-30,-30,5
9279,-30,-30,30,-30,-30,-30,-30,-30,-30,-30,2
845,-30,-30,-30,-30,-30,-30,-30,-30,-30,23,9
5223,30,-30,-30,-30,-30,-30,-30,-30,-30,-30,0
7729,-30,30,-30,-30,-30,-30,-30,-30,-30,-30,1
8397,30,-30,-30,-30,-30,-30,-30,-30,-30,-30,0
8144,-30,-30,-30,30,-30,-30,-30,30,-30,-30,3
789,-30,16,-30,-30,-30,30,-30,-30,-30,-30,5
8668,-30,-30,-30,-30,-30,-30,30,-30,-30,-30,6
8326,-30,-30,-30,-30,-30,30,-30,-30,-30,-30,5
6670,-30,-30,-30,-30,-30,-30,-30,-30,30,-30,8
8785,-30,30,-30,-30,-30,-30,-30,-30,-30,-30,1
9346,-30,-30,-30,-30,-30,30,-30,-30,2,-30,5
743,-30,-30,-30,30,-30,30,-30,-30,-30,-30,3
158,-30,-30,-30,18,-30,-30,-30,-30,-30,-30,3
2231,30,-30,-30,-30,-30,-27,-30,-30,-30,-30,0
6821,-30,-30,-30,30,-30,-5,-30,-30,-30,-30,3
781,-30,-30,-30,30,-30,30,-30,-30,-30,-30,3
7848,-30,-30,-30,-30,-30,30,-30,-30,-30,-30,5
6209,-30,-30,-30,-30,-30,-30,-30,-30,-30,30,9
1328,-30,-30,29,-30,-30,-30,-30,-30,-30,-30,2
762,-30,-30,-30,-30,-30,-30,-30,-30,30,-30,8
7546,-30,-30,-30,-28,-30,-30,-30,30,-30,-30,7
7148,30,-30,-30,-30,-30,-30,-30,-30,-30,-30,0
3621,-30,-30,-30,-30,30,-30,-30,-30,-30,-30,4
5541,-30,-30,-30,-30,-30,-30,-30,-30,-30,30,9
8762,-30,30,-30,-30,-30,-30,-30,-30,-30,-30,1
1984,-30,-30,-30,-30,-30,-30,-30,-30,-30,30,9
8892,-30,-30,-30,-30,-30,-30,-30,30,-30,-30,7
2787,-30,-30,-30,-30,-30,-30,-30,30,-30,-30,7
706,-30,-30,-30,-30,-30,30,-30,-30,-30,-30,5
8955,-30,-30,-30,-4,-30,-13,-30,-30,-30,-30,3
3426,-30,-30,30,-30,-30,-30,-30,-30,-30,-30,2
337,12,-30,-30,-30,-30,-30,-30,-30,-30,-30,0
4677,-30,-30,-30,-30,-30,-30,-30,-30,-30,30,9
3872,-30,30,-30,-30,-30,-30,-30,-30,-30,-30,1
9222,-30,-30,-30,-30,-30,-30,-30,-30,30,-30,8
6355,-30,-30,-30,-30,-30,-30,30,-30,-30,-30,6
4429,-30,-30,30,-18,-30,-19,-30,-30,-30,-30,2
438,-30,-30,-30,30,-30,-30,-30,-30,-30,-30,3
9819,-30,-30,-30,-30,-30,-30,-30,-30,-30,30,9
6125,-30,-30,-30,-30,-30,-30,30,-30,-30,-30,6
365,-30,-30,30,-30,-30,-30,-30,-30,-30,-30,2
4824,-30,30,-30,-30,-30,-30,-30,-30,-30,-30,1
4984,-30,-30,-30,-30,-30,-30,-30,-30,-30,30,9
5933,-30,30,-30,-30,-30,-30,-30,-30,-30,-30,1
4952,-30,-30,-30,30,-30,-30,-30,-30,-30,-30,3
824,-30,-30,-30,-30,-30,30,19,-30,-30,-30,5
5325,-30,-30,-30,-30,-30,30,-30,-30,-30,-30,5
4517,30,-30,-30,-30,-30,-30,-30,-30,-30,-30,0
2715,-30,-30,-30,-4,-30,-30,-30,-30,-30,-30,3
2522,-30,-30,-30,-30,-30,-30,-30,-30,-30,-30,0
163,-30,-30,-30,30,-30,-30,-30,-30,-30,-30,3
3846,-30,-30,-30,30,-30,22,-30,-30,-30,-30,3
224,-30,-30,-30,-30,-30,-30,-30,30,-30,-30,7
1018,-30,-30,-30,-30,-30,-30,30,-30,-30,-30,6
825,-30,-30,-30,-30,-30,-30,-30,-30,-24,-30,8
9501,30,-30,-30,-30,-30,-30,-30,-30,-30,-30,0
7073,-30,30,-30,-30,-30,-30,-30,-30,-30,-30,1
9744,-30,-30,-30,-30,5,-30,-30,-30,-30,-30,4
1446,30,-30,-30,-30,-30,-17,-30,-30,-30,-30,0
7477,-30,-30,-30,-30,-30,-30,30,-30,-30,-30,6
1016,-30,-30,-30,-30,-30,-30,-30,-30,-30,8,9
4972,-30,-30,-30,-30,-30,-30,-30,-30,30,-30,8
8669,-30,30,-30,-30,-30,-30,-30,-30,-30,-30,1
9163,-30,-30,30,-30,-30,-30,-30,-30,-30,-30,2
1508,-30,-11,-30,-30,-30,-30,-30,-30,-30,-30,1
7536,-30,-30,-30,-30,-30,-30,-30,-30,-30,30,9
5397,-30,-30,-30,-30,-30,30,-30,-30,-30,-30,5
2681,-30,-30,-30,-30,-30,-30,-30,-30,-30,13,9
6788,-30,-30,-30,-30,-30,-30,-30,30,-30,-30,7
1714,-30,-30,-30,30,-30,-30,-30,-30,-30,-30,3
1583,-30,-30,-30,-30,-30,-30,-30,30,-30,-30,7
914,-30,-30,-30,-30,-30,-30,-30,-30,30,-30,8
1685,30,-30,-30,-30,-30,-20,-30,-30,-30,-30,0
1954,-30,30,-30,-30,-30,-30,-30,-30,-30,-30,1
9783,-30,-30,-30,30,-30,-30,-30,-30,-30,-30,3
5920,13,-30,-30,-30,-30,-27,-30,-30,-30,-30,0
737,-30,-30,-30,-30,30,-30,-30,-30,-30,-30,4
1934,-30,-30,-30,-30,-30,-30,30,-30,-30,-30,6
1796,-30,30,-30,-30,-30,-30,-30,-30,-30,-30,1
516,30,-30,-30,-30,-30,1,-30,-30,-30,-30,0
1850,-30,-30,-16,-27,-30,-30,-30,-30,-30,-30,2
5293,-30,-30,-30,-30,-30,30,-30,-30,-30,-30,5
1315,-30,-30,-30,-30,-30,30,-30,-30,-24,-30,5
3109,-30,-30,-30,-30,30,-20,-30,-30,-30,-30,4
3544,-30,-30,-30,-30,30,-30,-30,-30,-30,-30,4
8367,-30,30,-30,-30,-30,-30,-30,-30,-30,-30,1
6260,-30,30,-30,-30,-30,-30,-30,-30,-30,-30,1
5778,-30,-30,-30,-30,-30,30,-30,-30,-30,-30,5
3408,-30,-30,-30,-30,20,-30,-30,-30,-30,-30,4
4877,-22,-30,-30,-30,-30,-30,-30,-30,-30,-30,0
741,-30,-30,-30,-30,-30,-30,30,-30,-30,-30,6
9253,30,-30,-30,-30,-30,-30,-30,-30,-30,-30,0
1149,-30,-30,-30,-30,-30,-30,6,-30,-30,-30,6
2001,-30,-30,-30,-30,-30,-30,-30,-30,-30,30,9
1120,-30,-30,30,-30,-30,-30,-30,-30,-30,-30,2
2676,-30,-30,-30,-30,-30,-30,30,-30,-30,-30,6
8455,-30,-30,30,-30,-30,-30,-30,-30,-30,-30,2
5062,-30,-30,-30,-30,-30,-30,-30,-30,-30,-24,9
3056,-30,30,-30,-30,-30,-30,-30,-30,-30,-30,1
2431,-30,-30,-30,-30,-30,-30,-30,30,-30,-30,7
7908,-30,-30,-30,-30,-30,-30,-30,-30,-30,30,9
9152,-30,-30,-30,-30,24,18,-30,-30,-30,-30,4
6725,30,-30,-30,-30,-30,-30,-30,-30,-30,-30,0
406,30,-30,-30,-30,-30,-18,-30,-30,-30,-30,0
4772,-30,-30,-30,30,-30,-30,-30,-30,-30,-30,3
7182,-30,-30,-30,-21,-30,-30,-30,-30,5,-30,8
661,-30,-30,30,-30,-30,-22,-30,-30,-30,-30,2
4804,-30,-30,30,-30,-30,-30,-30,-30,-30,-30,2
7808,-30,-30,-30,30,-30,-16,-30,-30,-30,-30,3
8826,-30,30,-30,-30,-30,-30,-30,-30,-30,-30,1
1052,-30,-30,-30,-30,-30,5,30,-30,-30,-30,6
6324,30,-30,-30,-30,-30,-30,-30,-30,-30,-30,0
3357,-30,-30,-30,-30,-30,30,-30,-30,-30,-30,5
5624,-30,-30,-30,-30,-30,-30,-30,30,-30,-30,7
7046,-30,-30,-30,-30,-30,-30,-30,30,-30,-30,7
5379,-30,-30,-30,-30,-30,-30,-30,-30,-30,6,9
4317,-30,-30,30,-30,-30,-30,-30,-30,-30,-30,2
8644,-30,-30,-30,-30,-30,-30,30,-30,-30,-30,6
4641,-30,-30,-30,-30,-30,-30,-30,-2,-30,-30,7
8980,-30,-10,-30,-30,-30,-30,-30,-30,-30,-30,1
5029,-30,-30,-30,-30,-30,-30,-30,30,-30,-30,7
4887,-30,-30,-30,-30,-30,30,-30,-30,-7,-30,5
213,-30,-30,-30,-30,-30,-30,30,-30,-30,-30,6
4290,-30,-30,-30,30,-30,-30,-30,-30,30,-30,3
1609,-30,-30,-30,-30,-30,-30,-30,-30,30,-30,8
658,-30,-30,-30,-30,30,-30,-30,-30,-22,-30,4
3917,-30,-30,-30,-30,-30,-30,30,-30,-30,-30,6
8867,-30,-30,-30,-30,-30,-30,-30,-30,30,-30,8
7220,-30,-30,-30,-30,8,-30,-30,-30,-30,-30,4
7739,-30,30,-30,-30,-30,-30,-30,-30,-30,-30,1
4228,-30,-30,30,-30,-30,-30,-30,-30,-30,-30,2
7465,-30,-30,-30,-30,-30,-30,-30,-30,30,-30,8
8507,-30,-30,30,-30,-30,-30,-30,-30,-30,-30,2
6485,-30,-30,-30,30,-30,-30,-30,-30,-30,-30,3
3324,-30,-30,-30,-30,-30,-30,-30,-30,-30,25,9
3344,-30,-30,-30,-30,30,-30,-30,-30,-30,-30,4
6853,30,-30,-30,-30,-30,-30,-30,-30,-30,-30,0
8267,-30,-30,-30,-16,-30,-20,-30,-30,-30,-30,3
5638,-30,-30,-30,-30,-30,-30,-30,30,-30,-30,7
5365,-30,-30,-30,30,-30,-30,-30,-30,-30,-30,3
3298,-30,-30,30,-30,-30,-30,-30,-30,-30,-30,2
9249,-30,-30,-30,30,-30,-30,-30,-30,-30,-30,3
7377,-30,-30,-30,30,-30,-30,-30,-30,-30,-30,3
2753,-30,-30,-30,-30,-30,-30,-30,30,-30,-27,7
5444,-30,-30,-30,30,-30,14,-30,-30,-16,-30,3
5345,-30,-30,-30,-30,30,-30,-30,-30,-30,-30,4
7629,30,-30,-30,-30,-30,-30,-30,-30,-30,-30,0
8345,-30,-30,-30,-30,-30,-30,30,-30,-30,-30,6
1472,-30,-30,30,-30,-30,-17,-30,-30,-30,-30,2
6326,30,-30,-30,-30,-30,-30,-30,-30,-30,-30,0
2180,-30,-30,-30,-30,-30,-30,-30,-30,25,-30,8
8083,-30,6,-30,-30,-30,-30,-30,-30,-30,-30,1
2142,-30,-30,-30,-30,-30,30,-30,-30,-30,-30,5
2547,-30,-30,-30,30,-30,17,-30,-30,-30,-30,3
1811,-30,-30,-30,-30,-30,30,-30,-30,-30,-30,5
5446,-30,-30,-30,-30,30,-30,-30,-30,-30,-30,4
141,-30,30,-30,-30,-30,-30,-30,-30,-30,-30,1
6131,-30,-30,-30,-30,-30,-30,-30,19,-30,4,7
4109,-30,30,-30,-30,-30,-30,-30,-30,-30,-30,1
5987,-30,-30,-30,30,-30,-4,-30,-30,-30,-30,3
5342,-30,-30,-30,-30,-30,-30,-30,10,-30,-30,7
1615,-30,-30,-30,30,-30,30,-30,-30,-30,-30,3
8982,-30,-30,-30,-30,-30,-30,-30,30,-30,-30,7
542,-30,-30,-30,30,-30,-30,-30,-30,-30,-30,3
1718,-30,-30,30,-30,-30,-30,-30,-30,-30,-30,2
7374,-30,-30,30,-26,-30,-30,-30,-30,-30,-30,2
4025,-30,-30,-30,-30,-30,-30,-30,8,-30,-30,7
8293,-30,-30,-30,30,-30,2,-30,-30,-30,-30,3
2592,-30,-30,-30,-30,-30,-30,-30,30,-30,-30,7
3625,-30,-30,-30,30,-30,-25,-30,-30,-30,-30,3
1161,-30,-30,-30,-30,-30,-30,-30,30,-30,-30,7
2309,-30,-30,-30,-30,-30,-30,-30,-30,-3,-30,8
3458,-30,-30,-30,-30,-30,30,-30,-30,-30,-30,5
1381,-30,-30,-30,-30,-7,-30,-30,-30,-30,-30,4
1045,-30,-30,-30,-30,-30,30,-30,-30,-30,-30,5
1726,-30,-30,30,-30,-30,-30,-30,-30,-30,-30,2
6447,-30,-30,-30,-30,-30,-30,-30,-30,-30,-12,9
8107,-30,-30,-30,-30,-30,-30,30,-30,-30,-30,6
3016,-30,-30,-30,-30,-30,30,-30,-30,-30,-30,5
2625,-30,-30,1,-14,-30,-30,-30,-30,-30,-30,2
9655,-30,-30,-30,-30,-30,-30,30,-30,-30,-30,6
3898,-30,-30,-30,-30,-30,-30,-30,21,-30,-30,7
1304,-30,-30,-30,-30,30,-30,-30,-30,-30,-30,4
7192,-30,30,-30,-30,-30,-30,-30,-30,-30,-30,1
5785,-30,-30,-30,-30,-30,-30,-30,30,-30,-30,7
9626,-30,30,-30,-30,-30,-30,-30,-30,-30,-30,1
4503,-30,-30,-30,-30,-30,30,-30,-30,-30,-30,5
3907,-30,-30,30,-30,-30,-30,-30,-30,-30,-30,2
4056,-30,-30,-30,30,-30,14,-30,-30,-30,-30,3
1950,25,-30,-30,-30,-30,-30,4,-30,-30,-30,0
7601,-30,-30,-30,30,-30,-17,-30,-30,-30,-30,3
1902,-30,-17,30,-30,-30,30,-30,-30,-30,-30,2
8203,-30,-30,-30,-30,-9,-30,-30,-30,-30,-30,4
6619,-30,-30,30,-30,-30,-30,-30,-30,-30,-30,2
7257,-30,-30,-30,-30,-30,-30,30,-30,-30,-30,6
3551,-30,-30,-30,-30,-6,-30,-30,-30,-30,-22,4
8388,-30,-30,-30,-30,30,-30,-30,-30,-30,-30,4
9784,-30,-30,-30,30,-30,-21,-30,-30,-30,-30,3
8962,-30,-30,-30,-30,-30,2,-30,-30,-30,-30,5
8217,30,-30,-30,-30,-30,-30,-30,-30,-30,-30,0
431,-30,-30,-30,-30,-30,-30,30,-30,-30,-30,6
152,-30,-30,30,-30,-30,-30,-30,-30,-30,-30,2
5661,-30,30,-30,-30,-30,-30,-30,-30,-30,-30,1
5037,-30,-30,-30,-30,-30,-30,30,-30,-30,-30,6
3012,-30,-30,-30,-30,-30,-3,-30,-30,-30,-13,5
6972,-30,-30,-30,20,-30,-30,-30,-30,-30,-30,3
2850,-30,-30,-30,-30,-30,-30,-30,-30,-30,30,9
6803,-30,30,-30,-30,-30,-30,-30,-30,-30,-30,1
6152,-30,-30,-30,-30,-30,-30,-30,-30,-30,12,9
4329,-30,-30,-30,30,-30,-28,-30,-30,-30,-30,3
9367,-30,-30,30,-30,-30,-30,-30,-30,-30,-30,2
5395,-30,30,-30,-30,-30,-30,-30,-30,-30,-30,1
812,-30,-30,-30,-13,-30,-30,-30,-30,-6,-30,8
2262,-30,-30,-30,-30,20,-30,-30,-30,-30,-30,4
30,-30,-30,-30,-30,30,-30,-30,-30,-30,-30,4
6073,-30,-30,-30,-30,-30,-30,30,-30,-30,-30,6
868,-30,-30,-30,0,-30,15,-30,-30,-30,-30,5
9568,-30,-30,-30,-30,-30,-30,-30,-30,-11,-30,8
956,-30,-30,-30,-30,-30,-30,30,-30,-30,-30,6
3460,-30,-30,-30,-30,-12,-30,-30,-30,-30,-30,4
3318,-30,-30,-30,-30,-30,-30,-30,30,-30,-30,7
6416,-30,-30,-30,-30,-30,-30,-30,30,-30,-30,7
3835,-30,-30,-30,-30,-30,-30,-30,-30,30,-30,8
479,-30,-30,-30,-30,-30,-30,-1,-30,-30,-30,6
9266,-30,-30,-30,-30,-30,-30,-30,-30,-30,30,9
3347,-30,-30,-30,-30,-30,-30,-30,-30,-30,-30,0
3134,-30,-30,-30,17,-30,-30,-30,-30,-30,-30,3
5155,-30,-30,-30,-30,-30,-30,-30,-30,-30,30,9
4933,-30,-30,-30,-30,30,-30,-30,-30,-30,-30,4
1653,30,-30,-30,-30,-30,-29,-30,-30,-30,-30,0
4417,-30,-30,-30,-30,-30,30,-30,-30,30,-30,5
2411,-30,-30,-30,-30,-12,-30,-30,-30,-30,-5,9
6153,-30,-30,-30,-30,-30,-30,30,-30,-30,-30,6
4309,-30,-30,-30,-30,30,-22,-30,-30,-30,-30,4
9530,-30,30,-30,-30,-30,-30,-30,-30,-30,-30,1
2776,-30,-30,19,-30,-30,-30,-30,-30,-30,-30,2
5407,-30,-30,-30,30,-30,-30,-30,-30,-30,-30,3
2437,30,-30,-30,-30,-30,-17,-30,-30,-30,-30,0
6850,30,-30,-30,-30,-30,-13,-30,-30,-30,-30,0
277,-30,-30,30,-30,-30,-7,-30,-30,-30,-30,2
9535,-30,-30,-30,-30,-30,-30,30,-30,-30,-30,6
4610,-30,-30,-30,-30,-30,-30,30,-30,-30,-30,6
4207,-30,-30,-30,-30,-30,30,-30,-30,-30,-30,5
2215,-30,-30,-30,-30,-30,-30,-30,30,-30,-30,7
6907,30,-30,-30,-30,-30,-30,-30,-30,-30,-30,0
4436,-30,-30,-30,-30,-30,-30,-30,-30,30,-30,8
5836,-30,-30,-30,-30,-30,-30,30,-30,-30,-30,6
928,-30,-30,-30,-30,30,-30,-30,-30,-30,-30,4
1083,-30,-30,-30,-30,-30,-30,-30,30,-30,-30,7
7705,-30,-30,-30,-30,-30,-30,-30,-30,-30,30,9
5343,30,-30,-30,-30,-30,-30,-30,-30,-30,-30,0
7138,-30,-30,-30,-30,-30,-30,-30,30,-30,-30,7
8599,-30,-30,26,30,-30,-30,-30,-30,-30,-30,3
1175,-30,-30,-30,-30,30,-30,-30,-30,-30,-30,4
2768,-30,-30,30,-30,-30,-30,-30,-30,-30,-30,2
7752,-30,30,-30,-30,-30,-30,-30,-30,-30,-30,1
8704,-30,-30,-30,-30,-30,-30,-30,-30,30,-30,8
4004,-30,-30,-30,-30,-30,25,-30,-30,-4,-30,5
9763,-30,-30,-30,-30,-30,30,-30,-30,-30,-30,5
167,-30,-30,-30,-30,-30,-30,-30,-30,-30,30,9
2552,-30,-30,9,-30,-30,-30,-30,-30,-30,-30,2
8447,-30,-30,-30,-30,-30,-30,-30,30,-30,-30,7
1387,-30,30,-30,-30,-30,-30,-30,-30,-30,-30,1
5760,-30,-30,-30,-30,-30,-30,-30,-30,27,-30,8
7526,-30,-30,-30,-30,-30,-30,-30,-30,-30,-30,0
9747,-30,-30,-7,29,-30,-30,-30,-30,-30,-30,3
4043,-30,-30,26,-3,-30,-30,-30,-30,-30,-30,2
5747,-30,-30,-30,-30,-30,-30,-30,30,-30,-30,7
5043,-30,-30,-30,-30,-30,-30,30,-30,-30,-30,6
6673,20,-30,0,-30,-30,-30,-30,-30,-30,-30,0
1270,-30,30,-30,-30,-30,-30,-30,-30,-30,-30,1
8598,-30,-30,30,-30,-30,-30,-30,-30,-30,-30,2
7230,-30,-30,-30,-30,-30,-30,-30,30,-30,-30,7
7949,-30,30,-30,-30,-30,-30,-30,-30,-30,-30,1
4163,30,-30,-30,-30,-30,-30,-30,-30,-30,-30,0
9936,-30,-30,-30,-30,-30,-30,-30,-30,30,-30,8
8450,-30,-30,-14,30,-30,-30,-30,-30,-30,-30,3
9550,-30,-30,-30,-30,-30,6,30,-30,-30,-30,6
1435,30,-30,-30,-30,-30,-30,-30,-30,-30,-30,0
2743,-30,-30,-30,-30,-30,30,-30,-30,-30,-30,5
4875,-30,-30,-30,19,-30,-30,-30,-30,-30,-30,3
1320,-30,-30,-30,-30,-20,-30,-30,-30,-30,-30,4
2246,-30,-30,30,-30,-30,-30,-30,-30,-30,-30,2
3521,-30,-30,-30,-30,-30,-28,-30,-30,30,-30,8
6237,-30,30,-30,-30,-30,-30,-30,-20,-30,-30,1
8810,30,-30,-30,-30,-30,-16,-30,-30,-30,-30,0
2861,-30,30,-30,-30,-30,-30,-30,-30,-30,-30,1
9434,-30,-30,-30,-30,30,-30,-30,-30,-30,-30,4
5790,-30,-30,5,-26,-30,-30,-30,-30,-30,-30,2
8968,-30,30,-30,-30,-30,-30,-30,-30,-30,-30,1
2690,-30,30,-30,-30,-30,-30,-30,-30,-30,-30,1
4656,-30,-30,-30,-30,30,-30,-30,-30,-30,-30,4
263,-30,-30,-30,-30,27,-30,-30,-30,-30,-30,4
7824,-30,-30,-30,-30,30,-30,-30,-30,-30,-30,4
2352,-30,-30,-30,-30,4,-30,-30,-30,-30,-30,4
1789,-30,-30,-30,-30,-30,-30,-30,-3,-30,-30,7
5259,-30,30,-30,-30,-30,-30,-30,-30,-30,-30,1
4065,-30,-30,-30,-30,-30,-30,30,-30,-30,-30,6
2841,-30,-30,30,-27,-30,-30,-30,-30,-30,-30,2
4458,-30,-30,-30,4,-30,-30,-30,-30,-13,-30,3
4176,-30,-30,-30,-30,-30,-30,-30,-30,-30,30,9
3742,30,-30,-30,-30,-30,-30,-30,-30,-30,-30,0
1785,30,-30,-30,-30,-30,-30,-30,-30,-30,-30,0
6264,-30,30,-30,-30,-30,-30,-30,-30,-30,-30,1
3009,-30,-30,-30,-30,-30,-30,-30,-30,30,-30,8
1921,-30,-30,-30,-30,-30,-30,-30,-30,30,-30,8
2661,-30,-30,-30,-30,30,-30,-30,-30,-30,-30,4
2755,-30,-30,-30,30,-30,-11,-30,-30,-30,-30,3
8648,-30,-30,-30,-30,30,-30,-30,-30,-30,-30,4
6615,-30,-30,30,-30,-30,-30,-23,-30,-30,-30,2
2802,20,-30,-30,-30,-30,-30,-30,-30,-30,-30,0
9588,-30,-30,-30,-30,-30,-4,30,-30,-30,-30,6
509,-30,30,-30,-30,-30,-30,-30,-30,-30,-30,1
648,-30,-30,-30,-30,-30,30,12,-30,-30,-30,5
8407,-30,12,-30,-30,-30,-30,-30,-30,-30,-30,1
7879,-30,-30,30,-30,-30,-21,-30,-30,-30,-30,2
6133,-30,-30,30,-30,-30,-30,-30,-30,-30,-30,2
2824,-30,-30,30,-30,-30,-30,-30,-30,-30,-30,2
4049,-30,30,-30,-30,-30,-30,-30,-30,-30,-30,1
2118,-30,-30,-30,-30,-30,-20,-30,-30,-30,-30,5
9295,-30,-30,-30,26,-30,-30,-30,-30,-30,-30,3
77,-30,-30,-30,-30,-30,-30,-30,2,-30,-30,7
652,-30,-30,-30,-30,-30,-30,-30,-30,30,-30,8
6282,-30,30,-30,-30,-30,-30,-30,-30,-30,-30,1
2025,30,-30,-30,-30,-30,-30,-30,-30,-30,-30,0
6618,30,-30,-30,-30,-30,-30,-30,-30,-30,-30,0
5071,-30,-30,30,-30,-30,-30,-30,-30,-30,-30,2
5431,-30,30,-30,-30,-30,-30,-30,-30,-30,-30,1
3654,-12,-30,-30,-30,-30,-30,13,-30,-30,-30,6
7313,-30,-30,-30,-30,-30,-30,30,-30,-30,-30,6
7883,30,-30,-30,-30,-30,-30,-30,-30,-30,-30,0
1394,-30,30,-30,-30,-30,-30,-30,-30,-30,-30,1
8899,-30,-30,-30,-30,-30,-30,30,-30,-30,-30,6
5263,-30,-30,30,-30,-30,-30,-30,-30,-30,-30,2
3399,-30,-30,-30,27,-30,30,-30,-30,-30,-30,5
9879,-30,30,-30,-30,-30,-30,-30,-30,-30,-30,1
6691,-30,-30,-30,-30,-30,-29,-30,13,-30,-30,7
5438,-30,-30,-30,-30,30,-30,-30,-30,-30,-30,4
6569,-30,-30,-30,-30,-30,25,-30,-30,30,-30,8
190,-30,-30,-26,-30,-30,-22,-30,-30,-30,-30,5
2348,-30,30,-30,-30,-30,-30,-30,-30,-30,-30,1
4301,-30,-30,-30,-30,-3,-30,-30,-30,-30,-30,4
4364,-30,-30,-30,30,-30,-30,-30,-30,-30,-30,3
2520,-30,-30,-30,-30,-30,-30,-30,-30,30,-30,8
1912,-30,-30,-30,30,-30,-30,-30,-30,-30,-30,3
8705,-30,-30,-30,-30,-30,-30,-30,-30,-30,30,9
5418,-30,-30,-30,-30,-30,-30,-30,-30,-30,30,9
4078,-30,-30,-30,-30,-30,-30,-30,-30,-30,5,9
2557,-30,-30,-30,-30,-30,-30,-30,-30,-6,-30,8
4179,-30,-30,-30,3,-30,-30,-30,-30,-30,-30,3
8799,-30,-30,-30,-30,30,-30,-30,-30,-30,-30,4
2602,-30,-30,-30,-30,-30,-30,-30,4,-30,-30,7
17,-30,-30,30,-30,-30,-30,-30,-30,-30,-30,2
3233,-30,-30,-30,-30,-30,-30,-30,28,-30,-30,7
9056,-30,-30,-30,-30,-30,-22,-30,-30,-30,-30,5
9105,-30,-30,-30,-30,-30,-30,-30,30,-30,-30,7
6570,30,-30,-30,-30,-30,-30,-30,-30,-30,-30,0
449,-30,-30,-30,-30,30,-30,-30,-30,-30,-30,4
1901,-30,-30,-30,30,-30,-30,-30,-30,-30,-30,3
6800,-30,-30,-1,30,-30,-30,-30,-30,-30,-30,3
4054,-30,-30,30,-30,-30,-30,-30,-30,-30,-30,2
9906,-30,-30,-30,-30,-30,-30,30,-30,-30,-30,6
1074,-30,-30,-30,-30,-30,-30,-30,22,-30,-30,7
4354,-30,-30,-30,-30,-30,-30,30,-30,-30,-30,6
2770,30,-30,-30,-30,-30,-30,-30,-30,-20,-30,0
8072,30,-30,-30,-30,-30,-30,-30,-30,-30,-30,0
3528,-30,-30,-30,-30,-30,-30,30,-30,-30,-30,6
6132,-30,-30,-30,-30,-30,-30,-30,30,-30,-30,7
9298,-30,-30,-30,-30,-30,-30,-30,30,-30,-30,7
4399,30,-30,-30,-30,-30,-30,-30,-30,-30,-30,0
4618,-30,-30,-30,-30,-30,30,-30,-30,-30,-30,5
2100,-30,-30,-30,1,-30,30,-30,-30,-30,-30,5
4919,-30,-30,-30,-30,-30,-30,-30,-30,30,-30,8
7837,-30,30,-30,-30,-30,-30,-30,-30,-30,-30,1
6997,30,-30,-30,-30,-30,-29,-30,-30,-30,-30,0
7982,-30,-30,-30,-30,-30,-30,-30,-30,-30,-30,0
9897,30,-30,-30,-30,-30,-30,-30,-30,-30,-30,0
4639,-30,-30,30,-30,-30,-30,-30,-30,-30,-30,2
1910,-30,-30,-30,-30,-30,-30,-30,-30,-30,-30,0
6712,-30,30,-30,-30,-30,-30,-30,-30,-30,-30,1
8931,-30,-30,-30,-30,-30,30,-30,-30,-30,-30,5
225,30,-30,-30,-30,-30,-30,-30,-30,-30,-30,0
3801,-16,-30,-30,-30,-30,-9,-30,-30,-30,-30,5
6352,-30,-30,-30,-30,-30,-30,-30,-30,-10,-30,8
9108,30,-30,-30,-30,-30,-30,-30,-30,-30,-30,0
1484,-30,-30,-30,30,-30,-25,-30,-30,-30,-30,3
1281,-30,-30,30,-30,-30,-28,-30,-30,-30,-30,2
1119,-30,-30,-30,-30,-30,-30,-30,30,-30,-30,7
6284,-30,-30,-30,19,-30,-30,-30,-30,-30,-30,3
2085,-1,-30,-19,-15,-30,-30,-30,-30,-30,-30,0
2233,-30,-30,-30,-30,-30,-29,30,-30,-30,-30,6
3743,-30,-30,-30,-30,30,-30,-30,-30,-30,-30,4
9,-30,-30,-30,-30,-30,-30,-30,-30,-30,-30,0
6804,-30,-30,-30,-30,-30,30,-30,-30,-30,-30,5
2674,-30,-30,-30,-30,-30,30,-30,-30,-30,-30,5
9020,-30,-30,-30,-30,-30,-30,-30,-30,-30,-30,0
7225,-30,-30,30,-30,-30,-30,-30,-30,-30,-30,2
5803,-30,-30,-30,-30,-30,-30,-30,-30,-30,30,9
5539,-30,-30,30,-30,-30,-30,-30,-30,-30,-30,2
237,-30,-30,-30,-30,-30,-10,-30,-30,30,-30,8
1536,-30,-30,-30,-30,-18,6,-30,-30,-30,-30,5
1273,-30,-30,-30,-30,-30,-22,-9,-30,-30,-30,6
2568,-30,-30,-30,-30,-30,-30,-30,-30,30,-30,8
4982,-30,-30,-30,-30,-30,-3,30,-30,-30,-30,6
3004,-30,-30,-30,-15,-30,8,-30,-30,-30,-30,5
488,30,-30,-30,-30,-30,-30,-30,-30,-30,-30,0
1230,7,-30,-30,-30,-30,-10,-30,-30,-30,-30,0
2400,-30,-30,-30,-30,-30,-30,-30,-30,-30,-30,0
3470,-30,-30,-30,-30,-30,-30,-30,30,-30,-30,7
4554,-30,-30,-30,-30,-30,-30,30,-30,-30,-30,6
2718,-30,30,-30,-30,-30,-30,-30,-30,-30,-30,1
2830,-30,-30,-30,-30,-30,-30,-30,15,-30,-30,7
3120,-30,30,-30,-30,-30,-30,-30,-30,-30,-30,1
9014,-30,30,-30,-30,-30,-30,-30,-30,-30,-30,1
9510,-30,-30,30,-30,-30,-30,-30,-30,-30,-30,2
5609,-30,-30,-30,-30,-30,-30,-30,30,-30,-30,7
3737,-30,-30,-30,-30,30,-30,-30,-30,-30,-30,4
3854,-19,-30,-30,-30,-30,-30,-30,-30,18,-30,8
2322,30,-30,-30,-30,-30,-30,-30,-30,-30,-30,0
6231,-30,-30,-30,-30,-30,-30,-30,30,-30,-30,7
4372,-30,-30,-30,-30,-30,-30,-30,30,-30,-30,7
9572,-30,-30,-30,-30,-30,-30,30,-30,-30,-30,6
1133,-30,-30,-30,30,-30,-30,-30,-30,-30,-30,3
5549,-22,-30,-30,-30,-30,-15,-30,-30,-30,-30,5
688,-30,-30,-30,-30,-30,-30,30,-30,-30,-30,6
7781,-30,-30,-30,-30,30,-30,-30,-30,-30,-30,4
344,-30,-30,30,-12,-30,-30,-30,-30,-30,-30,2
4547,30,-30,-30,-30,-30,-30,-30,-30,-30,-30,0
757,-30,-30,-30,-30,-30,-30,-30,-30,-30,-30,0
6704,-30,-30,-30,-30,30,-30,-30,-30,-30,-30,4
9891,30,-30,-30,-30,-30,-30,-30,-30,-30,-30,0
2717,-30,-30,-30,-26,-30,30,-30,-30,-30,-30,5
9604,-30,-30,-30,-30,-30,-30,-30,0,-30,-30,7
380,-30,-30,-30,-30,-30,-30,-30,-30,30,-30,8
5056,-30,-30,30,-30,-30,-7,-30,-30,-30,-30,2
9424,-30,-30,-30,-30,-30,-30,-30,-30,-30,-30,0
1192,-30,-30,-30,-30,-14,-30,-4,-30,-30,-30,6
8384,-30,-30,-30,-30,-30,-30,-30,30,-30,-30,7
7450,-30,30,-30,-30,-30,-30,-30,-30,-30,-30,1
4708,-30,30,-30,-30,-30,-30,-30,-30,-30,-30,1
3598,-30,-30,-26,-11,-30,-30,-30,-30,-30,-30,3
4283,-30,-30,-30,-30,-30,-30,30,-30,-30,-30,6
4089,-30,-30,-30,-30,-30,-30,30,-30,-30,-30,6
324,-30,-30,30,-30,-30,-30,-30,-30,-30,-30,2
3778,-30,-30,-30,-30,-30,-30,-30,-30,-30,30,9
8290,-30,30,-30,-30,-30,-30,-30,-30,-30,-30,1
8490,-30,-30,-30,-30,-30,-30,-30,-30,-30,30,9
3595,-30,-30,-30,-30,30,-30,-30,-30,-30,-30,4
1590,-30,-30,-30,-30,-30,-30,-30,-30,30,-30,8
5422,-30,-30,-30,30,-30,-26,-30,-30,-30,-30,3
3254,-30,-30,-30,-30,-30,-30,30,-30,-30,-30,6
9259,-30,-30,-30,-30,-30,15,-30,-30,-30,12,5
2438,-30,-30,-30,-30,-30,30,-30,-30,-30,-30,5
7361,-30,-30,-30,-30,-30,-30,-30,-30,-30,-30,0
2261,-30,-30,-30,-30,-30,-30,30,-30,-30,-30,6
3218,-30,-30,30,-30,-30,-15,-30,-30,-30,-30,2
7172,-30,-30,-30,-30,30,-22,-30,-30,-30,-30,4
8435,-30,-30,-30,-30,-30,-30,30,-30,-30,-30,6
3799,-30,-30,-30,-30,-30,-30,-30,30,-30,-30,7
9111,-30,-30,-30,-30,-30,-30,-30,30,-30,-30,7
2953,30,-30,-30,-30,-30,-24,-30,-30,-30,-30,0
4622,-30,-30,-30,-30,-30,-30,30,-30,-30,-30,6
5953,-30,-30,-30,-30,-30,-30,30,-30,-30,-30,6
4449,-30,-30,-30,-30,-22,-30,-30,-30,-30,-30,4
1953,-30,-30,-30,-30,-30,-30,-30,-30,-30,-30,0
3982,-30,-30,-30,-6,-30,-30,-30,-30,-30,-30,3
2989,-30,-30,-30,30,-30,-30,-30,-30,-30,-30,3
7895,-30,-30,-30,-30,-30,28,-30,-30,-30,-30,5
4432,-30,-30,-30,30,-30,22,-30,-30,-30,-30,3
4497,-30,-30,-30,-30,0,-30,-30,-30,-30,-30,4
1205,-30,-30,-30,-30,-30,-30,-30,-30,-30,-26,9
6055,-16,-30,-28,-30,-30,-9,-30,-30,-30,-30,5
1283,30,-30,-30,-30,-30,-30,-30,-30,-30,-30,0
4202,-30,-30,-30,-18,-30,30,-30,-30,-30,-30,5
1721,-30,-30,30,-30,-30,-30,-30,-30,-30,-30,2
4138,-30,-30,-30,-30,-30,30,-30,-30,-30,-30,5
7124,30,-30,-30,-30,-30,-30,-30,-30,-30,-30,0
1293,-30,-30,-30,-30,-30,-30,-30,30,-30,-30,7
7111,-30,30,-30,-30,-30,-30,-30,-30,-30,-30,1
1131,-30,30,-30,-30,-30,-30,-30,-30,-30,-30,1
3787,-30,30,-30,-30,-30,-30,-30,-30,-30,-30,1
1720,-30,-30,-30,-30,-30,-30,30,-30,-30,-30,6
9500,-30,-30,-30,-30,-30,-30,-30,30,-30,-30,7
8738,-30,-30,-30,-30,-30,-30,30,-30,-30,-30,6
7307,-30,-30,-30,-30,-30,-30,-30,30,-30,-30,7
4071,-30,-30,-30,-30,-30,-30,-30,-30,-30,-10,9
9416,-30,-30,-30,-30,-30,-30,30,-30,-30,-30,6
9457,-30,-30,-30,-30,-30,-30,30,-30,-30,-30,6
9925,-30,-30,-30,-30,-24,-30,-30,-30,-30,17,9
5704,-30,30,-30,-30,-30,-30,-30,-30,-30,-30,1
2121,-30,-30,-30,-30,6,-30,-30,-4,-30,-30,4
5466,-30,-30,-30,30,-30,-30,-30,-30,-30,-30,3
5980,-30,30,-30,-30,-30,-30,-30,-30,-30,-30,1
6475,-30,30,-30,-30,-30,-30,-30,-30,-30,-30,1
8019,-30,-30,30,-30,-30,-30,-30,-30,-30,-30,2
3664,-30,-30,30,-30,-30,-30,-30,-30,-30,-30,2
1543,-30,-30,-30,-30,-3,-30,-30,-30,-30,-30,4
493,-30,30,-30,-30,-30,-30,-30,-30,-30,-30,1
6031,30,-30,-30,-30,-30,-30,-30,-30,-30,-30,0
2044,-30,-30,-30,-30,-30,14,-30,-30,-27,-30,5
9633,-30,-30,-30,-30,-30,-11,-30,-1,-19,-30,7
8284,-30,-30,-30,-30,-30,-30,30,-30,-30,-30,6
6320,-30,-30,-30,30,-30,-3,-30,-30,-30,-30,3
2069,-30,-30,-30,-30,30,1,-30,-30,-30,-30,4
9306,30,-30,-30,-30,-30,-29,-30,-30,-30,-30,0
7649,30,-30,-30,-30,-30,-30,-30,-30,-30,-30,0
7422,-30,-30,-30,-30,-30,-30,-3,-30,-30,-30,6
8897,-30,-30,-10,-30,-30,-30,-30,-30,-30,-30,2
5019,-30,-30,-30,30,-30,-23,-30,-30,-30,-30,3
2951,-15,-30,-30,-30,-30,-30,-30,-30,30,-30,8
2376,-30,-30,-30,21,-30,-30,-30,30,-30,-30,7
4820,-30,30,-30,-30,-30,-30,-30,-30,-30,-30,1
808,-30,-30,-30,-30,-30,-30,-30,30,-30,-30,7
4244,-30,30,-30,-30,-30,-30,-30,-30,-30,-30,1
9466,-30,30,-30,-30,-30,-30,-30,-30,-30,-30,1
6244,-30,-30,-30,-28,-30,-30,-30,-30,-30,-30,3
9985,-30,0,-30,-30,-30,-30,-15,-30,-30,-30,1
9273,30,-30,-30,-30,-30,-30,-30,-30,-30,-30,0
7023,-30,-30,-30,-30,-30,-30,-30,-30,-30,19,9
3353,-30,-30,-30,-30,-30,-30,-30,-30,-30,-27,9
2469,-30,-30,-30,-30,-30,1,-30,30,-30,-30,7
815,-30,-30,-30,-30,-30,30,-30,-30,-30,-30,5
7853,-30,-30,-30,-30,30,-30,-30,-30,-30,-30,4
6081,-30,30,-30,-30,-30,-30,-30,-30,-30,-30,1
7067,-30,-30,-30,-30,30,-30,-30,-30,-30,-30,4
9611,-30,-30,-30,-30,-30,7,-30,-30,30,-30,8
920,-30,-30,-30,-30,-30,-30,-30,-30,-30,30,9
2607,-30,-30,-30,-30,-30,30,-30,-30,-30,-30,5
2116,-30,-30,-30,30,-30,-30,-30,-30,-30,-30,3
3429,-30,-30,-30,-30,-30,30,-30,-30,-30,-30,5
9039,-30,30,-30,-30,-30,-30,-30,-30,-30,-30,1
2941,-30,-30,-30,-30,-30,-30,-30,-30,-30,30,9
9945,-30,-30,-30,-30,-30,-30,-30,-30,-3,-30,8
5417,-30,-30,18,6,-30,6,-30,-30,-30,-30,2
1679,-30,-30,-30,-27,-30,-30,-30,30,-30,-30,7
8649,-30,-30,-30,30,-30,-30,-30,-30,-30,-30,3
4837,-30,-30,-30,-30,-30,-30,-30,-30,-30,-21,9
2441,-30,-30,-30,-30,-30,-30,-30,-30,-30,30,9
5830,30,-30,-30,-30,-30,-13,-30,-30,-30,-30,0
6178,-30,30,-30,-30,-30,-30,-30,-30,-30,-30,1
133,30,-30,-30,-30,-30,-30,-30,-30,-30,-30,0
3230,-30,-30,30,-30,-30,-30,-30,-30,-30,-30,2
5757,-30,-30,-30,-30,-30,-30,-30,-30,-30,18,9
4201,-30,-30,-30,30,-30,11,-30,-30,-30,-30,3
6723,-30,-30,-30,-30,-30,-30,-30,-30,-30,14,9
8527,-30,-30,-30,30,-30,-5,-30,-30,-30,-30,3
3243,-30,-30,-30,30,-30,-30,-30,-30,-30,-30,3
4382,-30,-30,-24,-30,-30,-30,5,-30,-30,-30,6
7510,-30,-30,30,-30,-30,-30,-30,-30,-30,-30,2
6564,-30,-30,-30,-30,-19,-30,-30,-30,-30,-30,4
8485,-30,-30,-30,-30,-30,-30,-30,-30,-30,30,9
1022,-30,-30,-30,-30,-30,-30,-30,-30,-21,-30,8
4751,-30,-30,-30,30,-30,30,-30,-30,-30,-30,3
9998,-30,-30,-30,-30,-30,-30,-30,30,-30,-30,7
2446,-30,-30,-30,-30,30,-30,-30,-30,-30,-30,4
1627,30,-30,-30,-30,-30,22,-30,-30,-30,-30,0
8270,-30,-30,-30,-30,30,-30,-30,-30,-30,-30,4
106,-30,-30,-30,-30,-30,-30,-30,18,-30,-30,7
5552,-30,-30,-30,-20,-30,-30,-30,-30,13,-30,8
8254,-30,-30,-30,-30,30,-30,-30,-30,-30,-30,4
91,-30,-30,-30,-30,-30,-30,-30,-30,-30,30,9
7821,-30,-30,-30,-30,-30,-30,-30,-30,-4,-30,8
3089,-30,3,-30,-30,-30,-30,-30,-30,-30,-30,1
987,-30,-30,-30,-30,-30,-30,-30,-30,-30,-14,9
2115,-30,-30,-30,-30,-30,-30,-30,30,-30,-30,7
9391,-30,-30,-30,-30,-30,-22,-9,-30,-30,-30,6
9093,-30,-30,-30,-30,-30,-30,-30,-30,-30,4,9
1783,-30,-30,30,-30,-30,-30,-30,-30,-30,-30,2
6944,-30,-30,-30,-30,-30,-30,-30,-30,-24,-30,8
4515,-30,-30,30,-30,-30,-25,-30,-30,-30,-30,2
1280,-30,-30,-30,-17,-30,-30,-30,-30,-30,-30,3
7236,30,-30,-30,-30,-30,-30,-30,-30,-30,-30,0
1870,-30,-30,30,-30,-30,-30,-30,-30,-30,-30,2
2404,-30,-30,30,-29,-30,-26,-30,-30,-30,-30,2
2165,-30,-30,-30,30,-30,-30,-30,-30,-30,-30,3
2829,-30,-30,-30,-30,-30,-18,-30,-30,30,-30,8
3135,-30,-30,-30,-30,25,-30,-30,-30,-30,-30,4
5334,-30,-30,-30,-30,-30,-30,30,-30,-30,-30,6
9360,-30,-30,-30,-30,-30,-16,-30,-30,12,-30,8
6649,-30,-30,-30,-30,-5,-30,-30,-30,-30,-30,4
8482,-30,-30,-30,-30,-30,4,-30,-30,-10,-30,5
5305,-30,-30,30,-30,-30,-30,-30,-30,-30,-30,2
2706,-30,-30,-30,-30,-12,-30,-30,-30,-30,-30,4
6100,-30,-30,-30,-30,-30,-30,30,-30,-30,-30,6
6519,-30,-30,-30,-30,-30,-4,-30,-16,-13,-30,5
5497,-30,-30,-30,-30,-30,-30,-30,-30,-30,30,9
1382,-30,-30,-30,30,-30,30,-30,-30,-30,-30,3
1805,-30,-30,-30,30,-30,20,-30,-30,-30,-30,3
9278,-30,-30,-30,-30,-30,-30,-30,-30,-30,30,9
1448,-30,-30,-30,-30,30,-30,-30,-30,-30,-30,4
6928,-30,-30,-30,30,-30,2,-30,-30,-30,-30,3
3088,-30,30,-30,-30,-30,-30,-30,-30,-30,-30,1
2277,-30,-30,-30,-30,1,0,-30,-30,-30,-30,4
2689,-28,-30,-30,-30,-30,-30,-30,-30,-30,-30,0
4033,-30,-30,-30,-30,-30,-30,-30,30,-30,-30,7
660,7,-30,-30,-30,-30,16,-30,-30,-30,-30,5
4198,-30,-30,-30,-30,-30,30,-30,-30,-30,-30,5
5909,-30,-30,-30,-30,-30,-30,-30,-30,-30,30,9
1096,-30,-30,-30,-30,-30,-30,30,-30,-30,-30,6
7120,30,-30,-30,-30,-30,-30,-30,-30,-30,-30,0
9810,-30,-30,-30,-30,30,-30,-30,-30,-30,-30,4
2056,-30,-30,-8,-30,-29,-25,-30,-30,-30,-30,2
5663,-30,-30,-30,-30,7,-29,-30,-30,-30,-30,4
3752,-30,-30,-30,-30,30,-30,-30,-30,-30,-30,4
9619,-30,-30,-30,-30,-30,-30,30,-30,-30,-30,6
6644,-30,30,-30,-30,-30,-30,-30,-30,-30,-30,1
8128,-30,-30,15,16,-30,-30,-30,-30,-30,-30,3
3253,-30,-30,-30,30,-30,-30,-30,-30,-30,-30,3
8975,-23,-30,-30,-30,-30,-8,-30,-30,-30,-30,5
5752,-30,-30,-30,-30,-30,-26,-28,-30,-30,-30,5
1983,-30,-30,-30,-30,30,-30,-30,-30,-30,-30,4
2068,-30,-30,-30,-30,-30,30,-30,-30,-30,-30,5
3803,-30,-30,-30,-30,-30,-30,-30,-30,-30,30,9
4718,-30,-30,-30,-30,-30,-30,30,-30,-30,-30,6
630,-30,-30,-30,-30,-30,-30,-30,-30,10,-30,8
2052,-30,-30,-30,-30,-30,30,-30,-30,-30,-30,5
2799,-30,-30,-30,-30,-30,2,30,-30,-30,-30,6
9533,-30,-30,-30,-30,-30,-21,-30,-30,-30,-30,5
1646,-30,-30,-30,-30,-30,-4,-30,-30,-30,-30,5
5838,-30,-30,-30,-30,-30,-30,30,-30,-30,-30,6
1180,-30,-30,-30,-30,30,-30,-30,-30,-30,-30,4
6793,-30,30,-30,-30,-30,-30,-30,-30,-30,-30,1
7157,-25,-30,-30,-30,-30,24,-30,-30,-26,-30,5
4155,-30,-30,-30,-30,-30,-30,30,-30,-30,-30,6
3665,-30,-30,-30,-27,-30,-17,-30,-30,-30,-30,5
4520,-30,-30,30,-30,-30,-30,-30,-30,-30,-30,2
7506,-30,-30,-30,-30,-30,21,-30,-30,18,-30,5
9308,-30,-30,-30,-30,30,-30,-30,-30,-30,-30,4
5286,-30,-30,-30,-30,-30,30,-30,-30,-30,-30,5
1002,-30,-30,-30,-30,-30,30,-30,-30,-30,-30,5
7681,-30,-30,-30,-30,6,-30,-30,-30,-30,-30,4
1491,-30,-30,-30,-30,-30,-30,-30,30,-30,-30,7
785,-30,-30,-30,-30,-30,-30,-30,-30,-30,-30,0
4936,30,-30,-30,-30,-30,-30,-30,-30,-30,-30,0
3182,-30,-30,-30,-30,-30,-30,-30,25,-28,-30,7
6674,-30,-30,-30,-30,-30,-29,-30,-30,30,-30,8
6914,-30,-30,30,-30,-30,-12,-30,-30,-30,-30,2
2307,-30,-30,30,-30,-30,-30,-30,-30,-30,-30,2
56,-30,-30,-30,30,-30,0,-30,-30,-30,-30,3
3263,-30,-30,-30,-30,-30,-30,-30,30,-30,-30,7
7103,30,-30,-30,-30,-30,-30,-30,-30,-30,-30,0
2844,-30,30,-30,-30,-30,-30,-30,-30,-30,-30,1
3656,-30,-30,-30,-30,-30,-30,-30,-30,30,-30,8
3323,30,-30,-30,-30,-30,-30,-30,-30,-30,-30,0
4725,-30,-30,-30,-30,-30,-30,-30,30,-30,-30,7
7167,-30,30,-30,-30,-30,-30,-30,-30,-30,-30,1
7084,-30,-30,-30,-30,-30,-30,-30,-30,-30,-24,9
2909,-30,-30,-30,-30,-30,-30,-30,-30,30,-30,8
6467,-30,-30,-30,-30,-30,-30,-30,30,-30,-30,7
540,-30,-30,-30,-30,-30,30,-30,-30,-30,-30,5
1614,-30,-30,-30,-30,-30,-8,-30,-30,-30,-30,5
3720,-30,-30,-30,-30,-30,-30,-30,-30,-30,30,9
6787,-30,30,-30,-30,-30,-30,-30,-30,-30,-30,1
4208,-30,-30,-30,-30,-30,-30,-30,30,-30,-30,7
3577,-30,-30,-30,-30,-30,30,-30,-30,-30,-30,5
3078,-30,-30,-30,-30,30,-30,-30,-30,-30,-30,4
5385,-30,-30,-30,30,-30,10,-30,-30,-30,-30,3
9304,-30,13,-30,-30,-30,-30,-30,-30,-30,-30,1
1495,-30,-30,-22,-30,-30,-30,-30,-30,-30,-30,2
9073,-30,-30,30,-30,-30,-10,-30,-30,-30,-30,2
3744,-30,29,-30,-30,-30,-30,-30,-30,-30,-30,1
9282,-30,-30,-30,-30,-30,-30,30,-30,-30,-30,6
5948,-30,-30,-30,-30,-30,-30,30,-30,-30,-30,6
1743,-30,-30,-30,-30,-30,-30,-30,-30,-30,-30,0
865,-30,30,-30,-30,-30,-30,-30,-30,-30,-30,1
5962,-30,30,-30,-30,-30,-30,-30,-30,-30,-30,1
2000,-30,-30,-30,-30,30,-30,-30,-30,-30,-30,4
9028,30,-30,-30,-30,-30,-30,-30,-30,-30,-30,0
4036,-30,-30,-30,-30,-30,-30,-30,30,-30,-30,7
1476,-30,-30,-30,-30,30,-30,-30,-30,-30,-30,4
3722,-30,-30,30,-30,-30,-12,-30,-30,-30,-30,2
3136,-30,-30,-30,-30,30,-30,-30,-30,-30,-30,4
3730,30,-30,-30,-30,-30,-30,-30,-30,-30,-30,0
1348,-30,-30,-30,-30,-30,-30,30,-30,-30,-30,6
1345,-30,-30,-30,-30,30,-30,-30,-30,-30,-30,4
9836,-30,-30,-30,-30,-30,-30,-30,30,-30,-30,7
8741,-30,-30,-30,-30,-30,-30,30,-30,-30,-30,6
2443,-30,-30,-30,-30,-30,-30,-30,-2,-30,-30,7
8414,-30,-30,-30,-30,-30,30,-30,-30,-30,-30,5
2285,-30,-30,-30,28,-30,-6,-30,-30,-30,-30,3
487,-30,-30,-30,-30,30,-30,-30,-30,-30,-30,4
5908,-30,-30,-30,-30,-30,-30,30,-30,-30,-30,6
1415,-30,-30,-30,-30,-30,30,-30,-30,-30,-30,5
3310,30,-30,-30,-30,-30,-30,-30,-30,-30,-30,0
7190,-30,30,-30,-30,-30,-30,-30,-30,-30,-30,1
2679,-30,-30,-30,20,-30,-30,-30,-30,-14,-30,3
5278,-30,-30,-30,-30,-30,-30,-30,-30,6,-30,8
352,-30,-30,30,-30,-30,-30,-30,-30,-30,-30,2
6261,-17,-30,-30,-20,-30,-30,-30,-30,-30,-30,0
5686,-30,-30,-30,30,-30,-30,-30,-30,-30,-30,3
8307,-30,-30,-30,-30,-30,30,-30,-30,-30,-30,5
9703,-30,-30,-30,-30,-30,-30,-30,30,-30,-30,7
1534,-30,-30,-30,-30,-30,-30,-30,-30,30,-30,8
6758,30,-30,-30,-30,-30,-30,-30,-30,-30,-30,0
4896,-29,-30,-30,-30,-30,-3,-30,-30,-30,-30,5
5774,-30,-30,-30,-30,-30,30,-30,-30,-30,-30,5
9629,-30,-30,-30,-30,-30,-30,-30,26,-30,-30,7
2794,-30,30,-30,-30,-30,-30,-30,-30,-30,-30,1
6053,-30,30,-30,-30,-30,-30,-30,-30,-30,-30,1
8079,30,-30,-30,-30,-30,-30,-30,-30,-30,-30,0
39,-30,30,-30,-30,-30,-30,-30,-30,-30,-30,1
1951,-30,-30,-30,30,-30,-30,-30,-30,-30,-30,3
7973,-30,-30,-30,-30,-30,-30,-30,30,-30,-30,7
1787,-30,-30,-30,-30,-30,-30,-30,-30,30,-30,8
7939,-30,-30,-30,-30,-30,30,-30,-30,-30,-30,5
1179,30,-30,-30,-30,-30,-30,12,-30,-30,-30,0
5277,-30,-30,-30,-30,-30,-30,-30,30,-30,-30,7
7265,-30,30,-30,-30,-30,-30,-30,-30,-30,-30,1
9061,-30,30,-30,-30,-30,-30,-30,-30,-30,-30,1
4367,30,-30,-30,-30,-30,-30,-30,-30,-30,-30,0
5799,-30,30,-30,-30,-30,-30,-30,-30,-30,-30,1
2021,-30,30,-30,-30,-30,-30,-30,-30,-30,-30,1
7118,-30,-30,-30,-30,30,-30,-30,-30,-30,-30,4
1310,-30,-30,-30,-30,-30,30,11,-30,-30,-30,5
1420,-30,-30,30,-30,-30,-30,-30,-30,-30,-30,2
5095,-30,-30,-30,-30,-30,-30,-30,30,-30,-30,7
1338,-30,-30,-30,-30,-30,-30,30,-30,-30,-30,6
9206,-30,-30,30,-30,-30,-22,-30,-30,-30,-30,2
6311,-30,-30,-30,30,-30,10,-30,-30,-30,-30,3
9772,30,-30,-30,-30,-30,-30,-30,-30,-30,-30,0
3330,-30,-30,30,-30,-30,-30,-30,-30,-30,-30,2
1656,-8,-30,-30,-30,-30,-13,-30,-30,-30,-30,0
6512,-30,-30,-30,-30,-30,30,-30,-30,-30,-30,5
2635,-30,-30,-30,-30,-30,-30,-30,-30,-30,-30,0
6331,-30,-30,-30,-30,-30,-30,30,-30,-30,-30,6
8948,-30,-30,-30,-30,-30,-30,-30,-30,-30,30,9
8781,-30,-30,-30,-30,-30,-30,-30,18,-30,-30,7
1008,-30,-30,30,-30,-30,-30,-30,-30,-30,-30,2
6520,-30,30,-30,-30,-30,-30,-30,-30,-30,-30,1
631,-30,-30,-30,30,-30,-30,-30,-30,-30,-30,3
280,-30,-30,-30,-30,-30,-30,30,-30,-30,-30,6
275,-30,-30,-30,-30,13,-30,-30,-30,-30,-30,4
2498,-30,30,-30,-30,-30,-30,-30,-30,-30,-30,1
8587,-30,-30,-30,-30,-30,30,-30,-30,22,-30,5
5779,-30,-30,30,-30,-30,-30,-30,-30,-30,-30,2
5303,-30,-30,-30,-30,30,-30,-30,-30,-30,-30,4
1335,30,-30,-30,-30,-30,-27,-30,-30,-30,-30,0
4911,-30,-30,-30,-30,-30,30,-30,-30,-30,-30,5
1409,-30,30,-30,-30,-30,-30,-30,-30,-30,-30,1
8643,30,-30,-30,-30,-30,-30,-30,-30,-30,-30,0
7010,-30,-30,6,-30,-30,21,-30,-30,-30,-30,5
9733,-30,-30,30,-30,-30,-30,-30,-30,-30,-30,2
3968,-30,-30,-30,-30,-30,-30,30,-30,-30,-30,6
2667,-30,-30,-30,-30,30,-30,-30,-30,-30,-30,4
1630,-30,-30,-30,-30,30,-29,-30,-30,-30,-30,4
3705,-30,-30,-30,-17,-30,-30,-30,-30,22,-30,8
31,-30,-30,-30,-30,0,-30,-30,-30,-13,-30,4
187,-30,-30,-30,-30,-30,-30,22,-30,-30,-30,6
6617,-30,30,-30,-30,-30,-30,-30,-30,-30,-30,1
7026,-30,-30,-30,-30,-30,-30,30,-30,-30,-30,6
5443,-30,-30,-30,-30,-30,30,-30,-30,-30,-30,5
7031,-30,-30,-30,-30,-30,-30,-30,30,-30,-30,7
5069,-30,-30,-30,-30,-30,-30,-30,-30,-30,30,9
3131,-30,-30,30,-30,-30,-30,-30,-30,-30,-30,2
4505,30,-30,-30,-30,-30,-30,-30,-30,-30,-30,0
5164,-30,-30,30,-30,-30,-30,-30,-30,-30,-30,2
2476,-30,-30,-30,-30,-30,-30,25,-30,-30,-30,6
6029,30,-30,-30,-30,-30,-30,-30,-30,-30,-30,0
1968,-30,30,-30,-30,-30,-30,-30,-30,-30,-30,1
2255,-30,-30,-30,-30,30,-30,-30,-30,-30,-30,4
9149,-30,-30,-30,30,-30,-30,-30,-30,-30,-30,3
166,-30,-30,-30,14,-26,-30,-30,-30,-30,-30,3
1215,-30,-30,30,-30,-30,-30,-30,-30,-30,-30,2
9003,-30,-30,-30,-30,-30,17,-30,-30,30,-30,8
6746,-30,-30,-30,-30,-30,-30,-30,-30,-30,-30,0
2349,30,-30,-30,-30,-30,-30,-30,-30,-30,-30,0
3138,-30,-30,-30,-30,-30,-30,-30,-30,30,-30,8
4747,-30,-30,-26,-30,-30,-19,-30,-30,-12,-30,8
4757,-30,-30,-30,-30,-30,-30,-30,-30,-30,30,9
48,30,-30,-30,-30,-30,-19,-30,-30,-30,-30,0
6,-30,-30,-30,-30,-30,-30,-30,-30,-30,30,9
3491,-30,-30,-30,-30,-30,-30,30,-30,-30,-30,6
9773,-30,-30,-30,-30,-30,-30,-30,30,-30,-30,7
3992,-30,-30,-30,-30,-30,-30,30,-30,-30,-30,6
2101,-30,-30,-30,30,-30,-30,-30,-30,-30,-30,3
2193,-30,-30,-30,5,-30,-30,-30,-30,-30,-30,3
5440,-30,-30,-30,30,-30,-22,-30,-30,-30,-30,3
9946,-30,-30,-30,-30,-30,-30,-30,-30,-30,18,9
5711,-30,-30,-30,-30,-30,-30,-30,30,-30,-30,7
719,-30,-30,-30,-30,-30,-30,-30,30,-30,-30,7
1575,-30,-30,-30,-30,-30,-30,-30,30,-30,-30,7
5324,-30,-30,-30,-30,30,-30,-30,-30,-30,-30,4
7218,-30,-30,-30,-30,-30,-30,-30,-30,-30,-30,0
5829,20,-30,-30,22,-30,5,-30,-30,-30,-30,3
7461,-30,-30,-30,-30,-30,-30,30,-30,-30,-30,6
8842,-30,-30,-30,-30,-23,-30,-30,-30,-30,30,9
9612,-30,-30,-30,-30,-30,-12,-30,-30,-30,-30,5
3866,-30,-30,-30,-30,30,-30,-30,-30,-30,-30,4
5925,-30,-30,30,-28,-30,-12,-30,-30,-30,-30,2
2783,-30,-30,-30,-30,-30,-30,-30,-30,-30,30,9
1064,-30,-30,30,-30,-30,-13,-30,-30,-30,-30,2
5441,-30,-30,-30,-30,-30,-30,-30,-30,30,-30,8
1163,-30,30,-30,-30,-30,-30,-30,-30,-30,-30,1
5201,30,-30,-30,-30,-30,-24,-30,-30,-30,-30,0
8563,30,-30,-30,-30,-30,-15,-30,-30,-30,-30,0
6559,-30,-30,-30,-30,-30,-30,-30,30,-30,-30,7
510,-30,-30,-30,-30,-30,-13,-30,-30,30,-30,8
8177,-30,-30,-30,30,-30,-30,-30,-30,-30,-30,3
6941,-30,-16,-30,30,-30,-30,-30,-30,-30,-30,3
1337,-30,-30,-30,30,-30,-30,-30,-30,-30,-30,3
2146,-30,30,-30,-30,-30,-30,-30,-30,-30,-30,1
9570,-30,-30,-30,-30,-30,-30,-30,-30,-30,-30,0
2631,-30,-30,-30,-30,-30,-30,-30,30,-30,-30,7
385,-25,-30,-30,-30,-30,14,27,-30,-30,-30,6
3604,-30,30,-30,-30,-30,-30,-30,-30,-30,-30,1
8919,-30,-30,-30,27,-30,-30,-30,7,-30,-30,3
1545,-30,30,-30,-30,-30,-30,-30,-30,-30,-30,1
97,-30,-30,-30,-30,-30,-3,30,-30,-30,-30,6
3274,-30,-30,-30,-30,-30,-30,11,-30,-30,-30,6
5375,-30,-30,-30,-30,-30,30,-30,-30,-30,-30,5
2934,-30,-30,-30,-30,-30,-30,-30,-16,-30,-30,7
3382,-30,-30,-30,-30,30,-17,-30,-30,-30,-30,4
2839,-30,-30,-30,-30,-30,-30,-30,30,-30,-30,7
8636,-30,-30,-30,-30,-30,30,-30,-30,-30,-30,5
3732,-30,-30,-30,-30,-30,-30,-30,-30,-30,-30,0
5479,-30,-30,-30,-30,-30,26,-30,-30,-30,-30,5
241,-30,-30,-22,-30,-30,6,-30,-30,-30,-30,5
6730,-30,-30,-30,-30,30,-30,-30,-30,-30,-30,4
2940,-30,-30,-30,-30,-30,-30,-30,-30,-30,30,9
8605,-30,-30,-30,-30,-30,-30,-30,-30,-30,30,9
4625,-30,30,-30,-30,-30,-30,-30,-30,-30,-30,1
6344,-30,-30,-30,-30,-30,-30,16,-30,-30,-30,6
6492,-30,-30,-30,-30,-30,30,-30,-30,-30,-30,5
8718,30,-30,-30,-30,-30,0,-30,-30,-30,-30,0
8532,-30,30,-30,-30,-30,-30,-30,-30,-30,-30,1
3708,-30,-30,-26,8,-30,-5,-30,-30,-30,-30,3
1568,-30,-30,5,-30,-30,22,-30,-30,-30,-30,5
453,13,-30,-30,-30,-30,-22,-30,-30,-30,-30,0
4268,-30,-30,-30,-30,-30,-30,-30,-30,-30,-30,0
6158,-30,-30,-30,-30,30,-30,-30,-30,-30,-30,4
1713,-30,-30,-30,-30,-30,-30,-30,-30,30,-30,8
7211,-30,-30,11,-12,-30,-30,-30,-30,-30,-30,2
2567,-30,-30,30,-30,-30,-30,-30,-30,-30,-30,2
5782,30,-30,-30,-30,-30,-14,-30,-30,-30,-30,0
1764,-30,-30,30,-30,-30,-30,-30,-30,-30,-30,2
1151,-30,-30,-30,-30,-30,30,-30,-30,-27,-30,5
2301,-30,30,-30,-30,-30,-30,-30,-30,-30,-30,1
4256,-30,-30,-30,-30,-30,9,-30,-30,-30,-30,5
8575,-30,30,-30,-30,-30,-30,-30,-30,-30,-30,1
544,-30,-30,1,-30,-30,-30,-21,-30,-30,-30,2
6689,-30,-30,-30,-30,-30,-19,-30,-30,30,-30,8
8523,-30,-30,-13,-14,-30,-30,-30,-30,-30,-30,2
3747,-30,-30,-30,-30,-30,-30,-30,-30,-30,30,9
8439,-30,30,-30,-30,-30,-30,-30,-30,-30,-30,1
9225,-30,-30,30,-30,-30,-30,-30,-30,19,-30,2
4443,-30,30,-30,-30,-30,-30,-30,-30,-30,-30,1
3242,-30,-30,-30,-9,-30,-30,-30,-30,-30,-30,3
612,-30,-30,-30,-30,-30,30,-30,-30,-30,-30,5
6052,-30,30,-30,-30,-30,-30,-30,-30,-30,-30,1
4177,30,-30,-30,-30,-30,-30,-30,-30,-30,-30,0
5030,-30,-30,-30,-30,-30,-30,-30,-30,-30,10,9
8014,-30,-30,-30,-30,30,-30,-30,-30,-30,-30,4
8981,-30,-30,-30,-30,30,-30,-30,-30,-30,-30,4
9545,-30,-30,-30,-30,-30,-30,-30,-30,-24,-30,8
159,-30,-30,-30,5,-30,-30,-30,-30,-30,-30,3
5087,-30,-30,-30,-30,-30,-30,-30,-30,30,-30,8
6694,-30,-30,-30,-30,-30,30,-30,-30,-30,-30,5
8262,-30,-30,-30,-30,-30,-30,-30,-30,-30,30,9
4575,-30,-30,-30,-30,-30,-28,-30,30,-30,-30,7
635,-30,-30,-30,-30,-30,-30,30,-30,-30,-30,6
6849,-21,-30,-30,-30,-30,-30,3,-30,-30,-30,6
1563,-30,-30,30,-30,-30,-30,-30,-30,-30,-30,2
1053,30,-30,-30,-30,-30,2,-30,-30,-30,-30,0
1406,30,-30,-30,-30,-30,-30,-30,-30,-30,-30,0
4872,30,-30,-30,-30,-30,-30,-30,-30,-30,-30,0
8088,-30,-30,-30,-30,-30,14,-30,-30,-30,-30,5
3121,-30,-30,-30,-30,-30,13,-30,-30,30,-30,8
154,-30,-30,-30,-30,-30,21,-30,-30,-1,-30,5
7438,-30,30,-30,-30,-30,-30,-30,-30,-30,-30,1
9267,-30,-30,-30,-30,-30,30,-30,-30,-30,-30,5
3393,5,-30,-29,-30,-30,-30,-30,-30,-30,-30,0
5776,-30,-30,2,9,-30,-19,-30,-30,-30,-30,3
386,-30,-30,-30,-30,-30,-19,-30,-30,-11,-30,8
6200,-30,-30,-30,-30,-30,30,-30,-30,-30,-30,5
4236,-30,30,-30,-30,-30,-30,-30,-30,-30,-30,1
9829,-30,-30,-30,-30,-30,0,-30,-30,30,-30,8
8442,-30,-30,4,-30,-30,-30,-30,-30,-30,-30,2
303,-20,-30,-30,-30,-19,-30,-30,-30,-30,-30,4
336,-30,-30,-30,-30,30,-30,-30,-30,-30,-30,4
4768,-30,-30,-30,-30,-30,-30,-30,-18,-30,-28,7
1082,-30,-30,-30,-30,-27,-30,-30,-30,-30,-18,9
689,-30,-30,-30,-30,-30,-30,30,-30,-30,-30,6
9397,-30,-30,30,-30,-30,-30,-30,-30,-30,-30,2
6925,-30,-30,-30,30,-30,-17,-30,-30,-30,-30,3
765,-30,-30,-30,30,-30,12,-30,-30,-30,-30,3
6883,-30,-30,-30,-30,-30,30,-30,-30,-30,-30,5
5819,-30,-30,-30,-30,-30,-30,30,-30,-30,-30,6
5825,-30,-30,-30,-30,30,-30,-30,-30,-30,-30,4
3916,-22,-30,-30,-30,-30,-30,-30,-30,-30,-30,0
8551,30,-30,-30,-30,-30,-21,-30,-30,-30,-30,0
5120,-30,-30,-30,-30,-30,-30,-30,-30,-30,29,9
687,-30,-30,30,-30,-30,-11,-30,-30,-30,-30,2
8495,-30,-30,-30,-23,-30,-30,-30,-30,29,-30,8
9130,-30,-30,28,30,-30,-30,-30,-30,-30,-30,3
961,-26,-30,-30,-30,-30,-30,12,-30,-30,-30,6
9932,-30,-30,-30,-30,-30,-16,-30,-11,-30,-30,7
2939,-30,-30,-30,-30,-30,30,-30,-30,-30,-30,5
2058,-30,-30,-30,-30,2,-30,-30,-30,-30,-30,4
1837,-30,-30,30,-30,-30,-7,-30,-30,0,-30,2
6156,-30,-30,-30,-30,-30,-30,-30,-30,-30,30,9
2685,-30,-30,-29,-30,24,-30,-30,-30,-30,-30,4
7139,-30,-30,-30,-30,-30,-30,-30,-30,-30,30,9
2108,-30,30,-30,-30,-30,-30,-30,-30,-30,-30,1
747,-30,-30,30,-30,-30,-30,-30,-30,-30,-30,2
2076,-30,-30,-30,-30,-30,-30,-30,-30,30,-30,8
1539,-30,-30,-20,-30,-30,-30,-23,-30,-30,-30,2
9284,30,-30,-30,-30,-30,-30,-30,-30,-30,-30,0
3983,-30,-30,-30,-8,-30,-30,-30,-30,-30,-30,3
7241,30,-30,-30,-30,-30,-27,-30,-30,-30,-30,0
7154,-30,-30,-30,-30,-29,-30,-30,-30,-30,-15,9
3487,-30,30,-30,-30,-30,-30,-30,-30,-30,-30,1
4406,-30,30,-30,-30,-30,-30,-30,-30,-30,-30,1
9822,-26,-30,-30,-30,-30,27,-30,-30,-30,-30,5
3412,-30,-30,-30,-30,-30,-30,-30,30,-30,-30,7
1737,-30,-30,-30,-30,-30,30,-30,-30,7,-30,5
5170,-30,-30,-30,-30,-30,-30,-30,-30,-30,-30,0
4929,-30,-30,-30,-30,-30,-30,-30,-30,-30,30,9
2687,-30,30,-30,-30,-30,-30,-30,-30,-30,-30,1
9065,-30,-30,-30,-30,-30,-28,-30,-30,-30,18,9
6017,-30,-30,-30,-30,-30,30,-30,-30,-30,-30,5
2529,-30,-30,-30,-30,-30,-30,-30,-30,-30,6,9
8626,-30,-30,30,-30,-30,-30,-30,-30,-30,-30,2
6885,-30,-30,-30,-30,-30,30,-30,-30,-30,-30,5
376,30,-30,-30,-30,-30,-30,-30,-30,-30,-30,0
664,-30,-30,-30,-30,30,-30,-30,-30,-30,-30,4
2463,-30,30,-30,-30,-30,-30,-30,-30,-30,-30,1
6218,30,-30,-30,-30,-30,-30,-30,-30,-30,-30,0
6760,-30,-30,-30,-30,-30,-30,-30,-30,30,-30,8
1288,-30,-30,-30,-30,-7,-30,-30,-30,-30,-30,4
1144,30,-30,-30,-30,-30,-25,-30,-30,-30,-30,0
1384,-30,-30,-30,-30,-30,-30,-30,-30,30,-30,8
9232,-30,-30,-30,-30,-30,-30,-30,-30,-30,30,9
505,-30,-30,-30,-30,-30,30,-30,-30,-16,-30,5
4914,-30,-30,-30,-30,-30,-30,-30,-30,-30,30,9
4508,-30,-30,-30,-30,30,-30,-30,-30,-30,-30,4
8179,-30,-30,11,15,-30,-16,-30,-30,-30,-30,3
4978,-30,-30,-30,-30,-30,30,-30,-30,-30,-30,5
9794,-30,-30,-30,-30,-30,-30,-30,30,-30,-30,7
8219,-30,-30,-30,-30,-30,-30,-30,-30,-30,12,9
5460,-30,-30,-30,-30,-30,-30,-30,-30,30,-30,8
3653,-30,-30,-30,-30,-30,-30,-30,-30,-30,30,9
2720,-30,-30,-30,-30,-30,-6,-30,-30,30,-30,8
3339,30,-30,-30,-30,-30,-26,-30,-30,-30,-30,0
7551,-30,-30,-30,-30,-30,-30,-30,-30,-30,10,9
8209,-30,-30,-30,-30,-30,-30,-30,-30,-30,30,9
8477,-30,-30,-30,-30,-30,-30,30,-30,-30,-30,6
9425,-30,-30,-30,-30,-30,-11,-30,-30,-2,-30,8
9520,-30,-30,-30,-30,-30,-30,-30,-30,-30,30,9
3379,-30,-30,-30,-30,-30,-30,-30,-30,-30,30,9
3505,-30,-30,-30,-30,-30,30,-30,-30,-30,-30,5
4010,-30,-30,-30,-30,-30,-30,-30,-30,-30,30,9
1458,-30,-30,-30,-30,-30,-24,-30,-30,30,-30,8
9964,-30,-30,-30,-30,-30,-30,9,-30,-30,-30,6
8928,-30,30,-30,-30,-30,-30,-30,-30,-30,-30,1
6162,30,-30,-30,-30,-30,-30,-30,-30,-30,-30,0
1256,-30,-30,-30,30,-30,1,-30,-30,-30,-30,3
2936,-30,-30,-30,-19,-30,-30,-30,-30,-19,-30,3
4702,-30,-30,-30,30,-30,24,-30,-30,-30,-30,3
2698,-30,-30,30,-30,-30,-30,-30,-30,-30,-30,2
7458,-30,30,-30,-30,-30,-30,-30,-30,-30,-30,1
4749,-30,-30,-30,-30,-30,-30,30,-30,-30,-30,6
7229,-30,-30,-30,11,-30,-30,-30,-30,-30,-30,3
1296,30,-30,-30,-30,-30,-30,-30,-30,-30,-30,0
1588,-30,-30,30,-30,-30,-30,-30,-30,-28,-30,2
304,-30,-30,-30,-30,-30,-30,-30,-30,30,-30,8
2764,-30,-27,30,-30,-30,-30,-30,-30,-30,-30,2
4431,-30,-30,-30,-30,-30,30,-30,-30,-30,-30,5
3977,-30,-30,-30,-30,-30,-30,30,-30,-30,-30,6
6135,-30,-30,30,-30,-30,-30,-30,-30,-30,-30,2
7365,-30,-30,-30,30,-30,-30,-30,-30,-30,-30,3
5626,30,-30,-30,-30,-30,-30,-30,-30,-30,-30,0
7688,-30,-30,30,-30,-30,-30,-30,-30,-30,-30,2
7790,-30,-30,30,-30,-30,-30,-30,-30,-30,-30,2
4974,-30,-30,-30,-30,-30,-30,30,-30,-30,-30,6
5532,-30,-30,-30,-30,30,-30,-30,-30,-30,-30,4
4860,-30,-30,-30,30,-30,-30,-30,-30,-27,-30,3
9523,-30,-30,-30,-30,-30,30,-30,-30,-24,-30,5
8973,-30,-30,-30,-30,-30,30,-30,-30,-30,-30,5
2921,-30,30,-30,-30,-30,-30,-30,-30,-30,-30,1
7537,-30,-30,-30,-30,-30,-30,-30,30,-30,-30,7
4383,-30,-30,30,-30,-30,-30,-30,-30,-30,-30,2
1948,-30,30,-30,-30,-30,-30,-30,-30,-30,-30,1
3920,-30,-30,-30,-30,-30,-30,30,-30,-30,-30,6
3719,-30,-30,-30,-30,-30,-30,-30,-30,-30,30,9
8971,-30,30,-30,-30,-30,-30,-30,-30,-30,-30,1
3259,-30,-30,-30,-6,-30,-30,-30,-30,-12,-30,3
2523,-30,-30,-30,-30,-30,-30,-30,-30,-30,30,9
8416,-30,-30,-30,-30,-30,30,-30,-30,-30,-30,5
330,-30,-30,-30,-30,-30,30,-30,-30,-27,-30,5
2129,-30,30,-30,-30,-30,-30,-30,-30,-30,-30,1
9661,-30,-30,-30,-30,-30,-30,30,-30,-30,-30,6
2789,-30,-30,25,-30,-30,-30,-30,-30,-30,-30,2
1340,-30,-30,30,-30,-30,-30,-30,-30,-30,-30,2
9330,-30,-30,-30,-30,-30,-30,-30,-30,30,-30,8
8075,-30,-30,-30,-30,-30,-30,30,-30,-30,-30,6
3987,-30,-30,-30,-30,-30,-30,-30,30,-30,-30,7
5567,-30,30,-30,-30,-30,-30,-30,-30,-30,-30,1
6181,-30,-30,-30,-30,-30,-30,-30,-30,-30,-30,0
8223,-30,-30,-30,-30,-30,-30,16,-30,-30,-30,6
1633,30,-30,-30,-30,-30,-21,-30,-30,-30,-30,0
2240,-30,-30,13,-30,-30,-30,-30,-30,-30,-30,2
1274,30,-30,-30,-30,-30,-30,-30,-30,-30,-30,0
6593,-30,-30,-30,30,-30,30,-30,-30,-30,-30,3
4299,-30,-30,-30,30,-30,30,-30,-30,-30,-30,3
2596,-30,-30,30,-30,-30,-30,-30,-30,-30,-30,2
9913,-30,-30,-28,-30,-30,-30,-30,-30,-2,-30,8
8759,-30,-30,-30,30,-30,13,-30,-30,-30,-30,3
2330,-30,-30,-30,-30,-30,-30,30,-30,-30,-30,6
3510,-30,-30,-16,-30,-30,-9,-30,-30,-5,-30,8
95,-30,-30,-30,-30,-30,-30,-30,-30,-30,-30,0
1810,-30,-30,-30,-30,-30,-30,-30,-30,-16,-30,8
6013,-30,-30,-30,-30,-30,30,-30,-30,-30,-30,5
391,-30,-30,-30,30,-30,5,-30,-30,-30,-30,3
36,-30,-30,-30,-30,-30,-30,-30,-30,7,-22,8
709,-30,-30,-30,-30,-30,30,-30,-30,-30,-30,5
9370,-30,-30,-30,-30,27,-17,-30,-30,-30,-30,4
7205,-30,-30,-30,-30,-30,30,-30,-30,-30,-30,5
4005,-30,-30,30,-24,-30,-30,-30,-30,-30,-30,2
822,30,-30,-30,-30,-30,-30,-30,-30,-30,-30,0
4047,-30,-30,-30,-30,-30,30,-30,-30,-30,-30,5
5404,-4,-30,-30,-30,-30,-7,-17,-30,-30,-30,0
4593,-30,-30,-30,30,-30,-30,-30,-30,-30,-30,3
2480,-30,-30,30,-30,-30,-30,-30,-30,-30,-30,2
5288,-30,-30,-30,-30,-30,-30,-30,-30,-12,-30,8
9102,-30,-30,-30,19,-30,-30,-30,-30,-30,-30,3
9610,-30,-30,-30,-30,-30,-30,-30,-30,-30,-24,9
9319,-30,-30,-30,-30,-30,-30,-30,-30,-30,30,9
4615,-30,-30,-30,30,-30,14,-30,-30,-30,-30,3
8616,-30,-30,-30,-30,-30,-30,-30,30,-30,-30,7
9853,-30,-30,-30,-30,-30,-30,-30,-30,-30,30,9
329,-30,-30,-30,-30,-20,-19,-30,-30,-30,-30,5
2453,-30,-30,-30,-30,-30,-30,30,-30,-30,-30,6
1892,-30,-30,-30,-30,-30,-30,-30,30,-30,-30,7
8481,-30,30,-30,-30,-30,-30,-30,-30,-30,-30,1
204,-30,-30,-7,14,-30,-30,-30,-30,-30,-30,3
2929,-30,-30,-30,-30,-30,-30,-30,15,-30,-30,7
5642,-30,-30,-30,30,-30,-30,-30,-30,-30,-30,3
1669,-30,-30,-30,-30,-30,-30,30,-30,-30,-30,6
7733,-30,-30,-30,-30,-30,-30,30,-30,-30,-30,6
8215,30,-30,-30,-30,-30,-30,-30,-30,-30,-30,0
6028,-30,-30,-30,-30,-30,-30,-30,-30,-30,27,9
6364,30,-30,-30,-30,-30,-12,-30,-30,-30,-30,0
3926,-30,30,-30,-30,-30,-30,-30,-30,-30,-30,1
6038,-30,-30,-30,-30,-30,-30,-30,-30,-30,22,9
7983,-30,-30,-30,-30,-19,-30,-30,-30,-30,2,9
6720,-30,-30,30,-5,-30,-30,-30,-30,-30,-30,2
1031,-30,-30,-30,-30,-30,-30,-30,-30,30,-30,8
5741,-30,-30,-30,-30,-30,-30,-30,-30,24,-30,8
7816,27,-30,-30,-30,-30,-30,-23,-30,-30,-30,0
1628,-30,30,-30,-30,-30,-30,-30,-30,-30,-30,1
3346,-30,-30,-30,-30,-30,-30,30,-30,-30,-30,6
3914,-30,-30,-30,-30,-30,-30,-30,-30,-30,30,9
7797,-30,-30,-30,-30,-30,-30,-30,30,-30,-30,7
2046,-30,-30,-30,-30,-30,30,-30,-30,2,-30,5
965,-30,-30,-30,30,-30,8,-30,-30,-30,-30,3
8891,-30,-30,-30,-30,-2,-30,-30,-10,-30,-30,4
5970,-30,-30,-30,-30,-30,-30,-30,30,-30,-30,7
9334,-30,-30,-30,-30,-30,-30,-30,-30,-30,-30,0
6198,-30,-30,-30,-30,-30,-30,-30,-30,-30,30,9
6677,-30,-30,-30,-30,-30,-25,-30,-30,-30,-30,5
7972,-30,-30,-30,-30,30,-30,-30,-30,-30,-30,4
7524,-30,-30,-30,30,-30,15,-30,-30,-30,-30,3
4886,-30,-30,-30,-30,-30,-1,30,-30,-30,-30,6
9816,-30,-30,-30,30,-30,-8,-30,-30,-30,-30,3
4423,-30,30,-30,-30,-30,-30,-30,-30,-30,-30,1
9949,-30,30,-30,-30,-30,-30,-30,-30,-30,-30,1
7778,-30,-30,-30,-30,-30,-30,-30,-30,-30,-30,0
8875,-30,-30,-30,-30,-30,-30,30,-30,-30,-30,6
5702,-30,-30,-30,-30,-30,-30,-30,-30,-30,30,9
9886,-30,30,-30,-30,-30,-30,-30,-30,-30,-30,1
7916,-30,-30,-30,-23,-30,-30,-30,-30,-21,-30,8
266,-30,-30,-30,-30,30,-29,-30,-30,-30,-30,4
2804,-30,30,1,-30,-30,-30,-30,-30,-30,-30,1
4186,-30,30,-30,-30,-30,-30,-30,-30,-30,-30,1
2474,-30,-30,-30,-30,-30,23,-30,-30,-30,-30,5
6124,-30,-30,-30,-30,-30,-30,-30,-30,-30,30,9
8247,-30,-30,-30,-30,-30,-30,-30,-30,-30,-30,0
8585,-30,-30,-30,-28,-30,-4,-30,-30,-30,-30,5
5174,-30,-30,-30,-30,-30,-30,30,-30,-30,-30,6
1356,-30,-30,-30,-30,-30,4,-30,-30,2,-30,5
2243,-30,30,-30,-30,-30,-30,-30,-30,-30,-30,1
4922,-30,-30,-30,-30,-30,-25,30,-30,-30,-30,6
6802,30,-30,-30,-30,-30,-5,-30,-30,-30,-30,0
4105,-30,-30,-30,-30,30,-30,-30,-30,-30,-30,4
4437,-30,30,-30,-30,-30,-30,-30,-30,-30,-30,1
7975,-30,-30,-30,30,-30,-30,-30,-30,-30,-30,3
4123,-30,-30,-30,-30,-30,-30,-30,-30,-30,-23,9
445,-30,-30,-30,-30,-30,-30,-30,30,-30,-30,7
856,-30,-30,-30,-30,30,-30,-30,-30,-30,-30,4
8673,-30,-30,-30,-30,-30,-30,-30,-30,-30,30,9
4539,-30,-30,-30,-30,-30,30,-30,-30,-30,-30,5
1228,-30,30,-30,-30,-30,-30,-30,-30,-30,-30,1
7169,30,-30,-30,-30,-30,-30,-30,-30,-30,-30,0
7072,30,-30,-30,-30,-30,-18,-30,-30,-30,-30,0
5668,-30,30,-30,-30,-30,-30,-30,-30,-30,-30,1
8571,-30,30,-30,-30,-30,-30,-30,-30,-30,-30,1
5934,-30,-30,-30,-30,-30,14,30,-30,-30,-30,6
7966,-30,-30,30,7,-30,-30,-30,-30,-30,-30,2
6969,-30,30,-30,-30,-30,-30,-30,-30,-30,-30,1
5714,-30,-30,-30,-30,-30,-30,-30,-30,-30,30,9
7093,-30,-30,-30,-1,-30,-19,-30,-30,-29,-30,3
5050,-30,-30,-30,-30,30,-30,-30,-30,-30,-30,4
1042,30,-30,-30,-30,-30,-25,-30,-30,-30,-30,0
4669,-30,-30,-30,-9,-30,27,-30,-30,-30,-30,5
3856,-30,-30,-30,-30,-30,-30,30,-30,-30,-30,6
9915,-30,-30,-30,-30,30,-30,-30,-30,-30,-30,4
7746,-30,-30,-30,-30,-30,-30,-30,-30,-30,30,9
3545,30,-30,-30,-30,-30,-19,-30,-30,-30,-30,0
2678,-30,-30,-30,-30,-30,-30,-30,30,-30,-30,7
716,-30,30,-30,-30,-30,-30,-30,-30,-30,-30,1
3615,-30,-30,-30,-30,-30,-30,30,-30,-30,-30,6
2410,-30,-30,-30,-30,-30,30,-30,-30,-30,-30,5
3832,-30,-30,-30,-30,-17,-30,-30,-27,-30,-30,4
3288,-30,-30,-30,-30,-30,30,-30,-30,-30,-30,5
975,-30,-30,30,-25,-30,-29,-30,-30,-30,-30,2
8288,-30,-30,-30,-30,-30,-3,-30,-30,-30,-30,5
6022,-30,30,-30,-30,-30,-30,-30,-30,-30,-30,1
1078,-30,-30,-30,30,-30,-30,-30,-30,30,-30,3
4321,-30,-30,-30,-30,-30,30,-30,-30,-24,-30,5
9472,-30,-30,-30,-30,30,-30,-30,-30,-30,-30,4
6306,-30,-30,-30,-30,-30,-30,-30,30,-30,-30,7
536,30,-30,-30,-30,-30,-30,-30,-30,-30,-30,0
62,-30,-30,-30,-30,-30,30,19,-30,-30,-30,5
2382,-30,-30,-30,-30,-30,-30,-30,30,-30,-30,7
621,-30,-30,-30,-30,-30,-30,-30,-30,-30,-30,0
3498,-30,-30,30,-30,-30,-27,-30,-30,-30,-30,2
9505,-30,-30,-30,-30,-30,30,-30,-30,-30,-30,5
2647,-30,-30,-30,9,-30,30,-30,-30,-29,-30,5
3299,-30,30,-30,-30,-30,-30,-30,-30,-30,-30,1
3476,30,-30,-30,-30,-30,-11,-30,-30,-30,-30,0
9940,-30,-30,-30,-30,28,-14,-30,-30,-30,-30,4
5473,-30,-30,-30,-13,-30,12,-30,-30,-30,-30,5
7289,-30,-30,-30,-30,-30,-30,-30,30,-30,-30,7
370,-30,30,-30,-30,-30,-30,-30,-30,-30,-30,1
7044,-30,-30,-30,30,-30,26,-30,-30,-30,-30,3
6904,-30,-30,-30,-30,-30,30,-30,-30,-30,-30,5
744,-30,30,-30,-30,-30,-30,-30,-30,-30,-30,1
1503,-30,-30,-30,18,-30,-27,-30,-30,-30,-30,3
3216,30,-30,-30,-30,-30,-16,-30,-30,-30,-30,0
6425,30,-30,-30,-30,-30,-30,-30,-30,-17,-30,0
1730,-29,-30,-30,-30,-30,-30,-7,-30,-30,-30,6
80,30,-30,-30,-30,-30,-23,-30,-30,-30,-30,0
9175,-30,-30,-30,-30,-30,-30,-30,30,-30,-30,7
9781,-30,-30,-30,30,-30,-30,-30,-27,-30,-30,3
2825,-30,30,-30,-30,-30,-30,-30,-30,-30,-30,1
9911,-30,-30,-30,-30,-30,-30,-30,-30,-30,-30,0
9809,-30,-30,-30,30,-30,-30,-30,-30,-30,-30,3
7945,-30,-30,-30,-30,-30,-30,-30,-30,-30,19,9
4789,-30,-30,-30,-30,-30,-30,-30,30,-30,-30,7
2952,30,-30,-30,-30,-30,-9,-30,-30,-30,-30,0
9354,30,-30,-30,-30,-30,-30,-30,-30,-30,-30,0
7683,-30,-30,-30,-30,-30,-30,-30,-30,30,-30,8
6660,-30,-30,-30,-30,-30,-30,-30,-30,-30,-30,0
7637,-30,-30,-30,-30,-30,25,-30,-30,-30,-30,5
4085,-30,-30,-30,-30,-30,-30,-30,-30,-30,30,9
3106,-30,-30,-30,-30,-30,-30,-30,-30,30,-30,8
1514,-30,-30,-30,30,-30,5,-30,-30,-30,-30,3
8618,-30,-30,10,-30,-30,-18,-30,-30,-30,-30,2
6528,-30,-30,-30,-30,-30,-30,-30,30,-30,-30,7
704,-30,-30,17,30,-30,-16,-30,-30,-30,-30,3
7414,-30,-30,-30,-30,-30,-30,-30,-30,-30,29,9
3613,-30,-30,-30,-30,-30,-25,-30,7,-30,-30,7
7508,-30,-30,30,-30,-30,-30,-30,-30,-30,-30,2
1255,-30,30,-30,-30,-30,-30,-30,-30,-30,-30,1
8695,-30,30,-30,-30,-30,-30,-30,-30,-30,-30,1
7507,-30,-30,-30,30,-30,-30,-30,-30,-30,-30,3
7171,-30,-30,-30,-30,-30,-30,-30,30,-30,-30,7
1637,-30,-30,-30,-30,-30,30,-30,-30,-30,-30,5
2398,-30,-30,-30,30,-30,16,-30,-30,-30,-30,3
6120,-30,30,-30,-30,-30,-30,-30,-30,-30,-30,1
1342,-30,-30,-30,-30,-30,-18,-30,-30,-30,-17,9
9143,-30,-30,-30,-30,-30,-14,-30,-30,-14,-30,5
8956,-30,-30,30,-29,-30,-30,-30,-30,-30,-30,2
5467,-30,-30,30,-30,-30,-30,-30,-30,-30,-30,2
2722,-30,-30,30,-28,-30,-30,-30,-30,-30,-30,2
7723,-30,-30,-30,-30,-30,13,-30,-30,-30,-30,5
9764,-30,-30,-30,-30,-30,-21,-30,-30,-16,-30,8
2011,-30,-30,-30,-30,-30,30,-30,-30,-30,-30,5
3283,-30,-30,-30,-30,-30,-30,-30,30,-30,-30,7
9322,-30,-30,-30,30,-30,6,-30,-30,-30,-30,3
6747,-30,-30,-30,-30,-30,-30,-30,-30,30,-30,8
673,-30,-30,-30,-30,-30,-30,-30,-30,-30,30,9
404,-30,-30,-30,30,-30,-30,-30,-30,-30,-30,3
3506,-30,-30,-30,-30,-30,-27,-30,-30,6,-30,8
7296,-30,-30,-30,-30,-30,-30,30,-30,-30,-30,6
869,-30,-30,-30,-30,-30,-30,-30,-30,-30,-30,0
1351,-30,-30,30,-30,-30,-25,-30,-30,-30,-30,2
3883,-30,-30,-30,30,-30,30,-30,-30,-30,-30,3
7693,-30,-30,-30,-30,-30,-30,-30,-30,-30,30,9
600,-30,-30,-30,-30,-30,-30,-30,30,-30,-30,7
3338,-30,-30,-30,-14,-30,30,-30,-30,-30,-30,5
9302,-30,-30,-30,-30,-30,-30,30,-30,-30,-30,6
6085,-30,-30,30,-30,-30,-30,-30,-30,-30,-30,2
3707,-30,-30,-30,-30,-30,-30,-30,-30,-30,-15,9
8770,-30,-30,30,-30,-30,-30,-30,-30,-30,-30,2
9446,-30,-30,-30,-30,-30,-30,-30,-30,30,-30,8
3894,-30,-30,-30,-30,-30,30,-30,-30,28,-30,5
2559,-30,30,-30,-30,-30,-30,-30,-30,-30,-30,1
2845,-30,-30,-30,-30,-30,-30,16,-30,-30,-30,6
6844,-30,-30,27,-30,-30,-10,-30,-30,-30,-30,2
1038,-30,-30,-30,-30,-30,-30,-30,-30,-3,-30,8
4113,-30,-30,-30,-30,-30,-17,-30,30,-30,-30,7
518,-30,-30,-30,-30,-30,-30,-30,-30,-30,30,9
5266,-30,30,-30,-30,-30,-30,-30,-30,-30,-30,1
9498,-30,-30,-30,30,-30,1,-30,-30,-30,-30,3
9723,30,-30,-30,-30,-30,-30,-30,-30,-30,-30,0
5001,-30,30,-30,-30,-30,-30,-30,-30,-30,-30,1
7774,-30,-30,-30,-30,-30,-30,-30,30,-30,-30,7
4021,-30,-30,30,-30,-30,-30,-30,-30,-30,-30,2
6252,30,-30,-30,-30,-30,-12,-30,-30,-30,-30,0
2833,-30,-30,-30,-30,-30,-30,-30,30,-30,-30,7
6734,-30,-30,-30,-30,-30,30,-30,-30,-30,-30,5
8534,-30,30,-30,-30,-30,-30,-30,-30,-30,-30,1
4882,-30,-30,-30,-30,-30,-19,-30,-30,-30,-30,5
2369,30,-30,-30,-30,-30,-28,-30,-30,-30,-30,0
2440,-30,-30,-8,-30,-30,-11,-30,-30,-17,-30,2
1477,30,-30,-30,-30,-30,-25,-30,-30,-30,-30,0
1095,-30,-30,-30,-30,-30,-30,-30,-30,-30,17,9
8925,-30,-30,-30,-17,-30,-5,-30,-30,-30,-30,5
7887,-30,-30,-30,-30,-30,-30,30,-30,-30,-30,6
459,-30,-30,30,-30,-30,-30,-30,-30,-30,-30,2
9693,-30,-30,-30,30,-30,-30,-30,-30,-30,-30,3
553,-14,-30,-30,-30,-30,-30,-30,-30,-30,-30,0
5921,-30,-30,-30,30,-30,-7,-30,-30,-30,-30,3
9774,-30,-30,-30,-30,-30,-14,-30,-30,-10,-30,8
4841,30,-30,-30,-30,-30,-30,-30,-30,-2,-30,0
9004,-30,-30,30,-30,-30,-30,-30,-30,-30,-30,2
2580,-30,30,-30,-30,-30,-30,-30,-30,-30,-30,1
4334,-30,30,-30,-30,-30,-30,-30,-30,-30,-30,1
8042,-30,30,-30,-30,-30,-30,-30,-30,-30,-30,1
1593,-30,30,-30,-30,-30,-30,-30,-30,-30,-30,1
9943,-30,-30,-30,-30,30,-30,-30,-30,-30,-30,4
2760,-30,-30,30,-30,-30,-30,-30,-30,-30,-30,2
5588,-30,-30,-30,-30,-30,-30,-30,-30,-30,30,9
9831,-30,-30,-30,-30,-30,-30,-30,30,-30,-30,7
5077,-30,-30,-30,-30,-30,-30,-30,-30,-30,-30,0
484,-30,-30,-30,-30,-30,30,-30,-30,-30,-30,5
6890,-30,30,-30,-30,-30,-30,-30,-30,-30,-30,1
4727,-30,30,-30,-30,-30,-30,-30,-30,-30,-30,1
7679,-30,-30,30,23,-30,-30,-30,-30,-30,-30,2
2488,-30,30,-30,-30,-30,-30,-30,-30,-30,-30,1
3355,-30,-30,-30,-30,-30,-30,-30,-30,-30,30,9
8146,-30,-30,-30,-30,-30,-30,-30,-30,-30,30,9
8846,-30,-30,-30,-30,-30,-30,-30,-30,-30,30,9
1024,-30,30,-30,-30,-30,-30,-30,-30,-30,-30,1
3500,30,-30,-30,-30,-30,-30,-30,-30,-30,-30,0
1525,-30,-30,30,-30,-30,-30,-30,-30,-30,-30,2
13,30,-30,-30,-30,-30,-18,-30,-30,-30,-30,0
8230,-30,-30,30,-30,-30,-30,-30,-30,-30,-30,2
7876,-30,30,-30,-30,-30,-30,-30,-30,-30,-30,1
8089,-30,30,-30,-30,-30,-30,-30,-30,-30,-30,1
65,-30,-30,-30,-30,30,-30,-30,-30,-30,-30,4
4614,-30,-30,-30,-30,-30,-30,30,-30,-30,-30,6
3329,-30,-30,-30,-30,-23,-30,-30,-30,-30,17,9
3579,-30,30,-30,-30,-30,-30,-30,-30,-30,-30,1
1402,-30,-30,-30,-29,-30,20,-30,-30,-30,-30,5
7786,-30,-30,-30,-30,24,-30,-30,-30,-30,-30,4
7347,-30,-30,-30,-30,-30,-30,-30,-30,-30,7,9
4233,-30,-30,-30,-30,-30,-30,-30,-30,-30,-30,0
7663,-30,-30,-30,-30,-30,-30,-30,30,-30,-30,7
2006,-30,13,-30,-30,-30,-30,-30,-30,-30,-30,1
7104,-30,-30,-30,-30,-30,30,-30,-30,-30,-30,5
7474,-30,-30,-30,-30,-30,-30,30,-30,-30,-30,6
984,-30,-30,30,-30,-30,-30,-30,-30,-30,-30,2
4668,-30,-30,-30,-30,-30,-30,-30,-30,-30,-30,0
2672,-30,-30,30,-30,-30,-30,-30,-30,-30,-30,2
9544,-30,-30,-23,-30,-30,6,-30,-30,30,-30,8
5070,30,-30,-30,-30,-30,-30,-30,-30,-30,-30,0
2302,-30,-30,-30,-30,-30,-30,30,-30,-30,-30,6
1938,-30,-30,-30,-30,-30,-30,-30,-30,-30,30,9
1957,-30,-30,-30,-30,-30,30,-19,-30,-30,-30,5
3568,-30,-19,3,-30,-30,17,-30,-30,-30,-30,5
5393,-30,-30,-30,-30,-30,-30,-30,-30,-30,30,9
195,-30,-30,-30,-30,-30,-30,-30,30,-30,-30,7
6526,-30,-30,-30,-30,-30,-30,-30,16,-30,-30,7
276,-30,30,-30,-30,-30,-30,-30,-30,-30,-30,1
8164,-30,-30,-30,-30,30,-30,-30,-30,-30,-30,4
3512,-30,-30,-30,-30,-30,30,-30,-30,30,-30,5
9070,-30,-30,-30,-30,-30,30,-30,-30,-30,-30,5
9161,-30,-30,-30,30,-30,26,-30,-30,-30,-30,3
6033,-30,-30,-30,-30,22,-30,-30,-30,-30,-30,4
6794,-30,-30,-11,15,-30,-30,-30,-30,-30,-30,3
4403,-30,-30,-30,-30,-12,-12,-30,-30,-30,-30,4
9287,-30,-30,-30,-30,-30,-30,-30,30,-30,-30,7
5617,-30,-30,-30,-30,-30,-30,-30,30,-30,-30,7
1922,-30,-30,-30,-30,-30,30,-30,-30,-30,-30,5
5472,30,-30,-30,-30,-30,-30,-30,-30,-30,-30,0
7558,-30,-30,3,-30,-30,-30,-30,-14,-30,-30,2
6357,-30,-30,-30,-30,30,-30,-30,-30,-30,-30,4
2260,-30,-30,-30,-30,-30,-22,-30,-30,6,-30,8
1336,-30,-30,-30,-30,-30,-30,-30,-30,30,-30,8
1299,-30,30,-30,-30,-30,-30,-30,-30,-30,-30,1
9015,-30,-30,-30,-30,-30,30,-30,-30,-30,-30,5
6623,-30,-30,-30,30,-30,2,-30,-30,-30,-30,3
642,-30,-30,-30,-30,-30,-30,-30,-30,-30,30,9
4231,-30,-30,-30,-30,-30,30,-30,-30,-30,-30,5
4843,-30,-30,-30,-30,-30,-30,-30,-30,-30,30,9
7268,-30,-30,-30,11,-30,-30,-30,-28,-30,-30,3
8377,-30,-30,-30,-30,-30,30,9,-30,-30,-30,5
3633,-30,-30,-30,-30,-30,-30,-30,-30,-30,24,9
5427,30,-30,-30,-30,-30,-30,-30,-30,-30,-30,0
5258,-30,-30,-30,30,-30,30,-30,-30,-30,-30,3
2312,-30,-30,-30,-30,-30,-30,30,-30,-30,-30,6
3237,-30,-30,-30,30,-30,-30,-30,-30,-30,-30,3
2975,-30,-30,-30,-30,-30,-30,-30,-30,-30,30,9
6815,-30,-30,-30,-30,-30,-20,-30,-30,-5,-30,8
6197,-30,-30,30,-30,-30,-23,-30,-30,-30,-30,2
3612,-30,-30,-3,-30,-30,-6,-30,-30,-24,-30,2
8979,-30,30,-30,-30,-30,-30,-30,-30,-30,-30,1
2164,-30,-30,30,-30,-30,-30,-30,-30,-30,-30,2
7571,-30,-30,-30,-30,-30,-30,-30,-30,30,-30,8
7274,-30,-30,-30,-30,-30,-30,30,-30,-30,-30,6
4546,-30,-30,-30,-30,-30,-11,-30,-30,-8,-30,8
6378,-30,-30,-30,-30,-30,30,-30,-30,-30,-30,5
4150,-30,-30,-30,-30,-30,-3,-30,-30,-30,-30,5
8852,-30,-30,-30,15,-30,-30,-30,-30,-30,-30,3
5458,-30,-30,-30,-30,-30,-30,-30,-30,-30,30,9
1065,-30,-30,-30,-30,30,-30,-30,-30,-30,-30,4
8504,-30,-30,-30,-30,-30,-30,-30,-30,-30,30,9
9691,-30,-30,30,-30,-30,-30,-30,-30,-30,-30,2
7719,-30,-30,-30,-30,-30,30,-30,-30,-30,-30,5
5246,-30,30,-30,-30,-30,-30,-30,-30,-30,-30,1
2828,-30,-30,-30,30,-30,30,-30,-30,-30,-30,3
7673,-30,30,-30,-30,-30,-30,-30,-30,-30,-30,1
2263,-30,-30,-30,-30,-30,-30,-30,-30,-30,-30,0
6091,-30,-30,-30,-30,5,-30,-30,-30,-30,-30,4
9662,-30,30,-30,-30,-30,-30,-30,-30,-30,-30,1
4111,-30,-30,-30,-30,30,-27,-30,-30,-30,-30,4
7405,-30,-30,-4,-30,-29,-30,-30,-30,-30,-30,2
1051,-30,-30,-30,30,-30,-9,-30,-30,-30,-30,3
6288,-30,-30,-30,30,-30,22,-30,-30,-30,-30,3
6775,-30,-30,-30,-30,-30,-30,-30,-30,-30,-21,9
3385,-30,30,-30,-30,-30,-30,-30,-30,-30,-30,1
3000,-30,-30,30,21,-30,-30,-30,-30,-30,-30,2
108,-30,-30,30,-30,-30,-30,-30,-30,-30,-30,2
1542,-30,-30,-30,30,-30,30,-30,-30,-30,-30,3
8632,-30,-30,-30,30,-30,-12,-30,-30,-30,-30,3
6597,30,-30,-30,-30,-30,-22,-30,-30,-30,-30,0
9975,-30,-30,30,-30,-30,-28,-30,-30,-30,-30,2
8024,-30,-30,-30,-30,-30,-30,-30,-30,-30,22,9
3619,30,-30,-30,-30,-30,-30,-30,-30,-30,-30,0
4273,30,-30,-30,-30,-30,-18,-30,-30,-30,-30,0
1631,-30,-30,-30,-30,-30,-30,-30,-30,-30,-4,9
7158,-30,-30,-30,-30,-30,-18,-30,-30,-30,-30,5
1818,-30,-30,-30,-30,-30,-17,29,-30,-30,-30,6
9032,30,-30,-30,-30,-30,-21,-30,-30,-30,-30,0
1072,-30,-30,-30,-30,-28,-30,-30,-30,-30,-19,9
3687,-30,-30,-30,30,-30,-19,-30,-30,-30,-30,3
4052,-30,-30,-30,-30,-30,-28,-30,30,-30,-30,7
8850,-30,-30,-30,-30,-30,20,-30,-30,8,-30,5
7445,-30,-30,-30,-30,30,-30,-30,-30,-30,-30,4
2716,-30,30,-30,-30,-30,-30,-30,-30,-30,-30,1
9180,-30,-30,-30,-30,-25,-30,-30,-30,-30,-30,4
2511,-30,-30,-30,-30,-30,-29,-30,-30,-30,-30,5
7076,-30,-30,-30,-30,-30,-30,-30,30,-30,-30,7
8354,-30,-30,30,-30,-30,-30,-30,-30,-30,-30,2
9467,-30,-30,-30,-30,-30,-30,-30,3,-30,-30,7
2269,-30,-30,-30,-30,-30,-30,-30,-30,-30,30,9
3201,-30,-30,-30,-30,-30,-30,-30,-30,-30,30,9
2518,-30,-30,-30,-30,-30,-30,-30,-30,-17,-30,8
2594,-30,-30,-30,-30,-30,-30,-30,-30,-30,-13,9
8777,-30,-30,-30,-30,-30,30,-30,-30,-30,-30,5
6329,-30,30,-30,-30,-30,-30,-30,-30,-30,-30,1
2451,-30,30,-30,-30,-30,-30,-30,-30,-30,-30,1
2651,-30,-30,-30,-30,-30,-29,-30,-30,30,-30,8
1060,-30,-30,-30,-30,-30,-30,-30,30,-30,-30,7
7589,-30,-30,-30,-30,-30,30,-30,-30,-30,-30,5
7638,-30,30,-30,-30,-30,-30,-30,-30,-30,-30,1
4684,-30,-30,-30,-30,-30,-30,-30,-30,-30,30,9
9741,-30,-30,-30,-30,-30,30,-30,-30,-30,-30,5
5870,-30,-30,-30,30,-30,-4,-30,-30,-30,-30,3
7175,-30,-30,-30,-30,-30,30,-30,-30,-30,-30,5
4961,-30,-30,-30,-30,-30,-30,-30,-30,-30,-30,0
9780,-30,-30,-30,-30,-30,-30,-30,-30,-30,30,9
9584,-30,-30,-30,-30,-30,3,-30,-30,-30,-30,5
2236,-30,-30,-30,-30,-30,-30,-30,-30,-30,30,9
3964,-30,-30,-30,1,-30,2,-30,-30,-30,-30,5
4142,-30,30,-30,-30,-30,-30,-30,-30,-30,-30,1
2620,-30,-30,-30,-30,-30,-30,-30,-30,-30,30,9
272,30,-30,-30,-30,-30,-30,-30,-30,-30,-30,0
6877,-30,-30,-30,-30,-30,-30,-30,-30,-30,-24,9
9054,-30,-30,-30,-30,-30,-30,-30,30,-30,-30,7
7399,-30,-30,-30,-30,-30,30,-30,-30,-30,-30,5
8951,-30,-30,-30,-30,30,-30,-30,-30,-30,-30,4
4796,-30,-30,-30,-30,-30,-30,-30,-30,-30,-30,0
5784,-30,-30,30,-30,-30,-30,-30,-30,-30,-30,2
4360,30,-30,-30,-30,-30,-30,-30,-30,-30,-30,0
4514,-30,30,-30,-30,-30,-30,-30,-30,-30,-30,1
3159,22,-30,-30,-30,-30,-30,-30,-30,-30,-30,0
7253,-30,-30,-30,-30,-30,30,-30,-30,-30,-30,5
9731,-30,30,-30,-30,-30,-30,-30,-30,-30,-30,1
8723,-30,-30,-30,-30,30,-30,-30,-30,-14,-30,4
46,-30,-30,-30,-30,-30,-30,-30,-30,-30,30,9
2425,-30,-30,-30,30,-30,1,-30,-30,-30,-30,3
1262,-30,-30,-30,30,-30,-30,-30,-30,-30,-30,3
2938,-30,-30,-30,-30,-30,-30,30,-30,-30,-30,6
9417,-30,30,-30,-30,-30,-30,-30,-30,-30,-30,1
6248,-30,-30,-30,-30,-30,29,-30,-30,-30,-30,5
348,-30,-30,30,-30,-30,-30,-30,-30,-30,-30,2
1114,-30,-30,-30,-30,-30,30,-30,-30,-30,-30,5
2439,-30,-30,30,-23,-30,-30,-30,-30,-30,-30,2
8399,-30,-30,30,-30,-30,-30,-30,-30,-30,-30,2
6258,30,-30,-30,-30,-30,-3,-30,-30,-30,-30,0
6228,-30,-30,-7,-30,-30,-25,-30,-30,-30,-30,2
8911,-30,-30,30,-30,-30,-30,-30,-30,-30,-30,2
1813,-30,-30,-30,-30,-30,-30,30,-30,-30,-30,6
8234,-30,-30,-30,-30,-30,-30,30,-30,-30,-30,6
1759,30,-30,-30,-30,-30,-14,-30,-30,-30,-30,0
3622,-30,30,-30,-30,-30,-30,-30,-30,-30,-30,1
7404,-30,-30,-3,-22,-30,-30,-30,-30,-30,-30,2
8696,30,-30,-30,-30,-30,-14,-30,-30,-30,-30,0
5423,-30,-30,-30,30,-30,-8,-30,-30,-30,-30,3
2763,30,-30,-30,-30,-30,-30,-30,-30,-30,-30,0
7672,-30,-30,30,-30,-30,-30,-30,-30,-30,-30,2
8064,-30,-30,-30,30,-30,17,-30,-30,-30,-30,3
6650,-30,-30,-30,-30,-30,-30,-30,-30,-19,-30,8
1750,-30,-30,-30,-30,-30,-30,-30,30,-30,-30,7
4106,-30,-30,-30,-30,-30,-30,-30,-30,-30,14,9
4604,-30,-30,-30,-30,-30,30,-30,-21,-30,-30,5
9403,-30,-30,-30,-30,-30,30,-30,-30,-30,-30,5
1063,30,-30,-30,-30,-30,-30,-30,-30,-30,-30,0
6332,-30,-30,-30,-30,-30,-30,-30,-30,30,-30,8
4874,-30,-30,-30,-30,-30,-30,-30,-30,-30,12,9
676,-30,-30,-30,-30,-30,30,-30,-30,-30,-30,5
0,30,-30,-30,-30,-30,-30,-30,-30,-30,-30,0
9647,-30,-30,-30,30,-30,-7,-30,-30,-30,-30,3
9841,-30,-30,30,-30,-30,-30,-30,-30,-30,-30,2
713,-30,-30,-30,-30,-30,-14,-30,-30,-30,-30,5
5386,-30,-30,-30,-30,-30,-30,-30,-30,-30,-12,9
6193,30,-30,-30,-30,-30,-30,-30,-30,-30,-30,0
197,-30,-30,-30,-30,-30,-30,-30,-30,30,-30,8
1188,-30,-30,-30,-30,-30,-30,-30,-30,30,-30,8
8332,-30,-30,-30,-30,23,-30,-30,-30,-30,-30,4
598,-30,-30,-30,-30,-30,-30,-30,-30,-30,-30,0
1937,-30,-30,-30,-30,-30,-30,-30,-30,22,-30,8
2723,-30,-30,-30,-30,-30,9,-30,-30,-15,-30,5
7252,-30,-30,-30,-30,30,-30,-30,-30,-30,-30,4
20,-30,-30,-30,-30,-30,30,-30,-30,-30,-30,5
1872,-30,-30,-30,-30,-14,-30,-30,-30,-30,21,9
9618,-30,-30,-30,-30,-30,30,-30,-30,-26,-30,5
9948,-30,-30,-30,-30,-30,30,-30,-30,-30,-30,5
9231,-30,-30,-30,-30,-30,-30,-30,-30,-30,30,9
2683,-30,-30,-30,-30,-30,-30,-30,-30,-30,17,9
1996,-30,-30,17,-30,-30,-30,-30,-30,-30,-30,2
6702,-30,-30,30,-20,-30,-30,-30,-30,-30,-30,2
9076,-30,30,-30,-30,-30,-30,-30,-30,-30,-30,1
5691,-30,-30,30,-30,-30,-30,-30,-30,-30,-30,2
8986,-30,-30,-30,-30,-30,-30,30,-30,-30,-30,6
7068,-30,-30,-30,-30,-30,-8,-30,-30,30,-30,8
450,-30,-30,-30,-30,-30,-30,-30,-30,30,-30,8
7209,-30,-30,-30,-30,-30,-30,-30,30,-30,-30,7
1606,30,-30,-30,-30,-30,-30,-30,-30,-30,-30,0
7319,-30,-30,-30,30,-30,-23,-30,-30,-30,-30,3
3886,-30,-30,-30,-30,-30,-30,30,-30,-30,-30,6
6951,-30,-30,-30,-30,-30,-30,19,-30,-30,-30,6
9594,-30,-30,-30,-30,30,-30,-30,-30,18,-30,4
8277,-30,-30,-30,30,-30,-30,-30,-30,-30,-30,3
5923,-30,-30,-30,-30,-30,-22,-30,-30,30,-30,8
4419,-28,-30,-30,-30,-30,-30,-30,-30,-30,-30,0
6664,-30,-23,-30,-30,-30,-30,-30,30,-30,-30,7
8941,-30,-30,30,-30,-30,-30,-30,-30,-30,-30,2
1155,-30,-30,30,-30,-30,-16,-30,-30,-30,-30,2
2412,21,-30,-30,-30,-30,-30,-30,-30,-30,-30,0
6836,30,-30,-30,-30,-30,-30,-30,-30,-30,-30,0
7965,-30,-30,-30,-30,-30,-30,-30,-30,-30,30,9
9125,-30,-30,-30,30,-30,-30,-30,-30,-30,-30,3
8539,-30,-30,-30,-30,-30,-30,-30,-30,-30,30,9
738,-30,-30,-30,-30,-30,-30,-30,-30,-30,-24,9
7466,-30,30,-30,-30,-30,-30,-30,-30,-30,-30,1
2756,-30,-30,-30,-30,-30,-30,-30,-30,-30,30,9
1844,-30,-30,-30,-30,-30,30,-30,-30,30,-30,5
8154,-30,-30,-30,-30,-30,-30,30,-30,-30,-30,6
1498,-30,-30,-30,-30,-30,-30,30,-30,-30,-30,6
3173,-30,-30,-30,-30,30,-30,-30,-30,-30,-30,4
2761,-8,-30,25,-30,-30,-16,-30,-30,-30,-30,2
2644,-30,-30,-30,-30,-30,-30,30,-30,-30,-30,6
2600,-30,-30,-30,-30,-30,-30,-30,-30,-30,30,9
2457,-30,-30,30,-30,-30,-28,-30,-30,-30,-30,2
7592,-30,-30,-30,-30,-9,-28,-30,-30,-30,-30,4
430,-30,-30,-30,-4,-30,30,-30,-30,-30,-30,5
7109,-30,-30,-30,-30,30,-30,-30,-30,-30,-30,4
2744,-30,-30,-30,19,-30,30,-30,-30,-30,-30,5
2949,-30,-30,-30,-30,-30,-30,-30,-30,-30,-30,0
3425,-30,-30,-30,-30,-30,-30,-30,-30,-30,30,9
8390,-30,-30,-30,-30,-18,-30,-30,-30,-30,-30,4
7393,-30,-30,-30,-30,-30,-30,-30,-30,-30,30,9
7704,-30,-30,30,-30,-30,-30,-30,-30,-16,-30,2
5066,-30,30,-30,-30,-30,-30,-30,-30,-30,-30,1
5482,-30,-30,-30,-30,-30,-30,-30,-30,30,-30,8
3816,-30,-30,-30,30,-30,-30,-30,-30,-30,-30,3
5614,-30,-30,-30,-30,30,-30,-30,-30,-30,-30,4
3192,30,-30,-30,-30,-30,0,-30,-30,-30,-30,0
375,-30,-30,-30,8,-30,-29,-30,-30,-30,-30,3
3225,-30,-30,-30,-30,-30,-30,-30,-30,4,-30,8
7178,-30,-30,-30,13,-30,-30,-30,26,-30,-30,7
4577,-30,-30,-30,-30,-30,-30,-30,-30,-30,30,9
6048,-30,-30,30,-22,-30,-30,-30,-30,-30,-30,2
2554,-30,-30,-30,-30,-13,-30,-30,-30,-30,-30,4
7998,-30,-30,-30,-30,-30,-30,9,-30,-30,-30,6
3026,-30,-30,-30,30,-30,30,-30,-30,-30,-30,3
9030,-30,-30,-30,-30,-30,-30,27,-30,-30,-30,6
7776,-30,-30,30,-30,-30,-30,-30,-30,-30,-30,2
5654,-30,-7,-10,-30,-30,-30,-30,-30,-30,-30,1
4531,-30,-30,-30,-30,-30,-30,-30,-30,-30,30,9
3902,-30,-30,30,-30,-30,-30,-30,-30,-30,-30,2
4139,-30,-30,-30,-30,-30,-30,30,-30,-30,-30,6
2590,30,-30,-30,-30,-30,-30,-30,-30,-30,-30,0
121,30,-30,-30,-30,-30,-30,-30,-30,-30,-30,0
9919,-30,-30,-30,-30,-30,-30,30,-30,-30,-30,6
200,-30,30,-30,-30,-30,-30,-30,-30,-30,-30,1
508,-30,-30,-17,-30,-30,-28,-30,-30,17,-30,8
4288,-30,-30,-30,-22,-30,-30,-30,-30,30,-30,8
5331,-30,-30,-30,-30,-30,-30,-30,30,-30,-30,7
4482,-30,-30,-30,-30,-30,-30,-30,-30,-30,-30,0
5811,-22,-30,-30,-30,-30,-30,-30,-30,-30,-30,0
9264,-30,-30,30,7,-30,-30,-30,-30,-30,-30,2
2615,30,-30,-30,-30,-30,-30,-30,-30,-30,-30,0
7545,-30,-30,-30,-30,20,-30,-30,-26,-30,-30,4
9031,-30,-30,-30,-30,-30,-30,-30,30,-30,-30,7
2454,-30,-30,-30,-30,-30,-30,-30,30,-30,-30,7
4132,-30,-30,-30,-30,-30,30,-30,-30,-30,-30,5
8653,30,-30,-30,-30,-30,-6,-30,-30,-30,-30,0
6870,-30,-30,-30,-30,-30,30,-30,-30,-30,-30,5
8406,-30,-30,-30,-30,-30,-30,30,-30,-30,-30,6
6557,-30,-30,-30,-30,-6,-30,-30,-30,-30,-30,4
9700,-30,-30,-30,-30,-30,-30,30,-30,-30,-30,6
8663,-30,-30,-30,-30,-30,-30,-30,30,-30,-30,7
6973,-30,-30,-30,-30,30,-30,-30,-30,-30,-30,4
814,-30,-30,-30,30,-30,-30,-30,-30,-30,-30,3
2222,30,-30,-30,-30,-30,-30,-30,-30,-30,-30,0
8067,-30,-30,-30,-30,-30,-30,-30,30,-30,-30,7
9993,-30,-30,-30,-30,-30,30,-30,-30,-30,-30,5
3668,30,-30,-30,-30,-30,-30,-30,-30,-30,-30,0
8731,-30,-30,-30,-30,-30,-30,-30,30,-30,-30,7
2086,-30,-30,-30,-30,30,-30,-30,-30,-30,-30,4
9870,-30,-30,30,-30,-30,-30,-30,-30,-30,-30,2
7903,-27,-30,-30,-30,-30,-30,-8,-30,-30,-30,6
711,-30,-30,-30,-30,-30,-30,-30,-30,30,-30,8
7935,-30,-30,-30,-30,-30,-30,-30,-30,-30,25,9
6637,-30,-30,-30,-30,-30,-15,-30,-13,-30,-4,9
9721,-30,-30,-30,-30,30,-30,-30,-30,-30,-30,4
5162,-30,-30,30,18,-30,-30,-30,-30,-30,-30,2
4262,-30,-30,-30,-30,-9,-30,-30,-30,-30,-30,4
2138,-30,-30,-30,-30,-30,-30,30,-30,-30,-30,6
7052,-30,-30,-30,-30,-30,-30,-30,30,-30,-30,7
8276,-30,-30,-30,-30,-30,-3,-30,-30,-24,-30,5
1088,-30,-30,-30,-30,-30,-2,-30,22,-29,-30,7
3268,-30,-30,-30,-30,-30,-30,30,-30,-30,-30,6
6307,-30,-30,-30,-30,-30,-30,-30,-30,-30,-30,0
8651,-30,-30,-30,-30,30,-30,-30,-30,-30,-30,4
1812,-30,30,-30,-30,-30,-30,-30,-30,-30,-30,1
9447,-30,-30,-30,30,-30,-30,-30,-30,-30,-30,3
3271,-30,-30,-30,-30,-30,-30,-30,30,-30,-30,7
6736,-30,-30,-30,30,-30,-30,-30,-30,-30,-30,3
1186,30,-30,-30,-30,-30,-30,-30,-30,-30,-30,0
6236,-30,-30,-30,-30,-30,-30,-30,-30,27,-30,8
6047,-30,-30,-30,-30,-30,-30,-30,-1,-30,-30,7
92,-30,-30,-30,-30,-30,-30,-30,-9,-30,-30,7
2784,-13,-30,-30,-30,-30,-30,16,-30,-30,-30,6
3922,-30,30,-30,-30,-30,-30,-30,-30,-30,-30,1
3930,-30,-30,-30,6,-30,-27,-30,-30,-30,-30,3
8661,-30,-30,-30,-30,-30,-30,-30,-30,-30,30,9
2405,-30,-30,30,-30,-30,-30,-30,-30,-30,-30,2
180,-30,-30,30,-30,-30,-30,-30,-30,-30,-30,2
5401,-30,-30,-30,-23,-30,-30,-30,-30,-30,-30,3
2514,-30,-30,30,-30,-30,-30,-30,-30,-30,-30,2
1359,-30,30,-30,-30,-30,-30,-30,-30,-30,-30,1
9375,-30,-30,-30,-30,-30,-15,-30,-30,-30,-30,5
8614,-30,-30,-30,30,-30,-30,-30,-30,-30,-30,3
8783,-30,-30,30,-30,-30,-9,-30,-30,-30,-30,2
2979,-30,-30,-30,-30,-30,-30,-30,-30,-30,3,9
9022,-30,-30,-30,-30,-30,-30,30,-30,-30,-30,6
4723,-30,-30,-30,-30,-30,-4,-30,-30,30,-30,8
71,-30,-30,-30,-30,2,-30,-30,-30,-30,-30,4
2851,30,-30,-30,-30,-30,-30,-30,-30,-30,-30,0
1023,-30,30,-30,-30,-30,-30,-30,-30,-30,-30,1
8503,-30,-30,30,-30,-30,-30,-30,-30,-30,-30,2
9887,-30,-30,-30,-30,-30,-1,-30,-30,30,-30,8
6036,-30,-30,-30,-30,-9,-30,-30,-30,-30,-30,4
5703,-30,-30,-30,-30,-30,30,-30,-30,-30,-30,5
9967,-30,-30,30,-30,-30,-30,-30,-30,-30,-30,2
2434,-30,-30,-30,-30,-30,-30,-30,30,-30,-30,7
6268,-30,-30,-30,-30,-30,-30,-30,-30,20,-30,8
7924,-30,30,-30,-30,-30,-30,-30,-30,-30,-30,1
12,-30,30,-30,-30,-30,-30,-30,-30,-30,-30,1
2275,-30,-30,-30,21,-30,-30,-30,-30,-30,-30,3
407,30,-30,-30,-30,-30,-30,-30,-30,-30,-30,0
763,-30,-30,-30,30,-30,8,-30,-30,-30,-30,3
1222,-30,-30,-30,-30,-30,30,-30,-30,-30,-30,5
7128,-30,-30,-30,-30,-30,-30,-30,30,-30,-30,7
8686,30,-30,-30,-30,-30,-13,-30,-30,-30,-30,0
4333,-30,-30,-30,30,-30,-5,-30,-30,-30,-30,3
9301,-30,30,-30,-30,-30,-30,-30,-30,-30,-30,1
4115,-30,-30,-30,-30,-30,30,-30,-30,-30,-30,5
3147,-30,-30,-30,30,-30,-30,-30,-30,-30,-30,3
188,-30,-30,-30,-30,-30,30,-30,-30,-30,-30,5
6049,-30,-30,-30,30,-30,-27,-30,-30,-30,-30,3
1680,-30,30,-30,-30,-30,-30,-30,-30,-30,-30,1
6566,-30,-30,-30,-30,-30,-30,-30,30,-30,-30,7
8639,-30,-30,-30,-30,-30,-30,-30,-30,-30,-30,0
6724,-30,-30,-30,30,-30,-10,-30,-30,-30,-30,3
7081,30,-30,-30,-30,-30,-30,-30,-30,-30,-30,0
3798,-30,-30,-30,-30,-30,-30,-30,-30,30,-30,8
5285,-30,-30,-30,-30,30,-30,-30,-30,-30,-30,4
4398,-30,-30,-30,-30,-30,-30,-30,-30,30,-30,8
1112,-30,-30,30,-30,-30,-21,-30,-30,-30,-30,2
1326,-30,-30,-14,-30,-30,-30,12,-30,-30,-30,6
8697,-24,-30,-30,-30,-30,-30,-20,-30,-30,-30,6
2014,-30,-30,30,-30,-30,-30,-30,-30,-30,-30,2
5499,-30,-30,-30,-30,-30,-30,-30,-30,-30,30,9
2023,-30,-30,-30,-30,-10,-30,-30,14,-30,-30,7
4316,-30,-30,-30,-1,-30,-30,-30,-30,-30,-30,3
2684,-30,-30,-30,-30,-30,-30,-30,-30,-30,0,9
270,30,-30,-30,-30,-30,-30,-30,-30,-30,-30,0
3602,-30,-30,-30,-30,-30,-30,-30,-30,-30,25,9
7386,-30,-30,-30,-30,-30,-30,-30,-30,-30,30,9
7221,-30,-30,-30,-30,-30,-30,30,-30,-30,-30,6
8766,-30,-30,-30,-30,2,16,-30,-30,-30,-30,5
211,-30,-30,30,-30,-30,-23,-30,-30,-30,-30,2
1424,-30,-30,-30,-30,-21,-30,-30,-30,-30,-30,4
8548,-30,-30,-30,-30,-30,-30,-30,25,-30,-30,7
3023,-30,-30,8,-30,-30,-10,-30,-30,-30,-30,2
4991,-30,30,-30,-30,-30,-30,-30,-30,-30,-30,1
252,-30,30,-30,-30,-30,-30,-30,-30,-30,-30,1
6960,-30,-30,-30,-30,-30,-30,30,-30,-30,-30,6
3467,-30,-30,-30,-30,-30,-30,-30,23,-30,-30,7
457,-30,-30,-30,-30,-30,-30,-30,-30,-30,30,9
6297,-30,-30,-30,-30,-30,-30,-30,30,-30,-30,7
8524,-30,-30,-30,-16,-30,30,-30,-30,-30,-30,5
6873,-30,-30,-30,-30,-30,-30,-30,-30,-12,-30,8
5283,-30,-30,-25,-30,-30,-11,-30,-30,-30,-30,5
7661,-30,-30,-30,-30,-30,-30,-30,-30,-30,-30,0
6722,-30,-30,30,-30,-30,-30,-30,-30,-30,-30,2
3786,-30,30,-30,-30,-30,-30,-30,-30,-30,-30,1
2636,-30,-30,30,-30,-30,-30,-30,-30,-30,-30,2
4040,-30,-30,-30,-30,8,-30,-30,-30,-30,16,9
3205,-30,-30,-30,-30,-30,30,-30,-30,-30,-30,5
4457,-30,-30,-30,-30,-30,-30,-30,-30,-30,30,9
594,-30,-30,-30,-30,-30,-30,30,-30,-30,-30,6
2397,-30,30,-30,-30,-30,-30,-30,-30,-30,-30,1
2205,-30,-30,-30,30,-30,-2,-30,-30,-30,-30,3
2709,-30,-30,30,-30,-30,-30,-30,-30,-30,-30,2
6478,-30,-30,-30,-30,-30,30,-30,-30,-30,-30,5
4373,-30,-30,-30,-30,-30,-30,-30,-30,-30,-16,9
7788,-30,-30,-30,-30,-30,-30,-30,-30,-30,30,9
7059,-30,-30,-30,30,-30,-28,-30,-30,-30,-30,3
615,-30,-30,-30,-30,-30,-30,30,-30,-30,-30,6
7117,-30,30,-30,-30,-30,-30,-30,-30,-30,-30,1
5291,-30,30,-30,-30,-30,-30,-30,-30,-30,-30,1
7715,-30,-30,-30,-30,30,-30,-30,-30,-30,-30,4
7497,-30,-30,-30,-30,-30,-30,30,-30,-30,-30,6
7598,-30,-30,-30,-30,-30,-25,-30,-30,-30,-3,9
7800,-30,-30,-30,-30,-30,-30,-30,30,-30,-30,7
5110,-30,-30,30,-30,-30,-30,-30,-30,-30,-30,2
2792,-30,30,-30,-30,-30,-30,-30,-30,-30,-30,1
3740,-30,-30,-30,-30,-30,30,-30,-30,-30,-30,5
475,-30,30,-30,-30,-30,-30,-30,-30,-30,-30,1
7346,-30,-30,-30,-30,-10,-30,-30,-30,-30,-30,4
1399,-30,-30,-30,-30,-30,-30,30,-30,-30,-30,6
6858,-30,-30,-30,30,-30,-30,-30,-30,-30,-30,3
6995,-30,-30,-30,-30,-30,-30,-30,-30,-30,-30,0
5862,-30,30,-30,-30,-30,-30,-30,-30,-30,-30,1
9068,-30,30,-30,-30,-30,-30,-30,-30,-30,-30,1
4815,9,-30,-30,-30,-30,-6,-30,-30,-30,-30,0
8097,-30,-30,-30,-20,-30,-30,-30,-30,23,-30,8
3139,-30,30,-30,-30,-30,-30,-30,-30,-30,-30,1
3739,-30,-30,-30,-30,-30,-30,30,-30,-30,-30,6
4159,-30,-30,-30,-30,-30,-30,-30,-30,5,-30,8
2010,-30,-30,-30,-30,30,-30,-30,-30,-30,-30,4
6097,-30,-30,-30,-30,-30,-30,-30,-30,-30,30,9
9558,30,-30,-30,-30,-30,-30,-30,-30,-30,-30,0
727,-30,-30,-30,-30,-30,-30,-30,30,-30,-30,7
8465,-30,-30,-30,30,-30,-30,-30,-30,-30,-30,3
3594,30,-30,-30,-30,-30,-30,-30,-30,-30,-30,0
6726,30,-30,5,-30,-26,-30,-30,-30,-30,-30,0
5694,-30,-30,-30,-30,-30,-30,-30,-30,-30,30,9
5878,30,-30,-30,-30,-30,-30,-30,-30,-30,-30,0
5415,-30,-30,-30,-30,-30,-30,30,-30,-30,-30,6
3100,-30,-30,-30,-30,-30,-30,-30,-30,-25,-30,8
400,-30,-30,-17,-30,-30,18,30,-30,-30,-30,6
4516,-30,-30,-10,30,-30,-17,-30,-30,-30,-30,3
8312,-30,-30,-30,-30,-30,-30,30,-30,-30,-30,6
3867,-30,-30,-30,-30,-30,-30,-30,30,-30,-30,7
7106,-30,-30,-30,-30,-30,-30,-30,30,-30,-30,7
2666,-30,-30,30,-28,-30,-30,-30,-30,-30,-30,2
127,-30,-30,-30,-30,-30,-30,-30,-30,30,-30,8
34,-30,-30,-30,-30,-30,-30,29,-30,-30,-30,6
4909,30,-30,-30,-30,-30,-26,-30,-30,-30,-30,0
5550,-30,-30,-30,-30,-30,-30,-30,-30,8,-30,8
7490,-30,-27,-30,7,-30,30,-30,-30,-30,-30,5
8393,30,-30,-30,-30,-30,-30,-30,-30,-30,-30,0
3086,-30,-30,30,-30,-30,-30,-30,-30,-30,-30,2
5615,-30,-30,-30,-30,-30,-30,-30,-30,-30,30,9
6946,-30,-30,-30,-30,-30,-2,-30,-30,30,-30,8
1936,-30,-30,-30,30,-30,-3,-30,-30,-30,-30,3
8169,-30,-30,30,-30,-30,-30,-30,-30,-30,-30,2
5746,-30,-30,-30,-30,-30,30,-30,-30,-29,-30,5
2197,-30,-30,-30,30,-30,8,-30,-30,-30,-30,3
1198,-30,-30,-30,-30,-30,-30,-30,-30,-30,4,9
6312,-30,-30,-30,-30,-30,-30,-30,-30,1,-30,8
604,30,-30,-30,-30,-30,9,-30,-30,-30,-30,0
9856,30,-30,-30,-30,-30,-26,-30,-30,-30,-30,0
6881,-30,30,-30,-30,-30,-30,-30,-30,-30,-30,1
8910,-30,-30,-30,-30,-30,-30,-30,-30,-30,30,9
8923,-30,-30,-30,-30,-30,30,-30,-30,-30,-30,5
6167,-30,30,-30,-30,-30,-30,-30,-30,-30,-30,1
5199,-30,-30,-30,30,-30,-30,-30,-30,-30,-30,3
3684,-30,-30,-30,-30,-30,-30,-30,-30,-30,30,9
5721,-30,-30,-30,-30,-30,-30,30,-30,-30,-30,6
4463,30,-30,-30,-30,-30,-30,-30,-30,-30,-30,0
6159,-30,30,-30,-30,-30,-30,-30,-30,-30,-30,1
1692,-30,-30,-30,-30,30,-30,-30,-30,-30,-30,4
9827,-30,30,-30,-30,-30,-30,-30,-30,-30,-30,1
9480,-30,-30,-30,-30,-30,-30,-30,30,-30,-30,7
4713,-30,30,-30,-30,-30,-30,-30,-30,-30,-30,1
4793,-30,-30,30,-30,-30,-30,-30,-30,-30,-30,2
3878,-30,-30,-17,0,-30,-30,-30,-30,-30,-30,3
2490,-30,-30,-30,-30,-30,-30,-30,30,-30,-30,7
9209,-30,-30,-30,-30,-30,-27,-30,-30,-30,15,9
1994,-30,-30,-30,-30,-30,-30,-30,-17,-30,-30,7
7927,-30,-30,-30,-30,30,-30,-30,-30,-30,-30,4
1295,-30,-30,-30,-30,-30,-30,-30,-30,-30,6,9
4693,-30,-30,-30,-30,-30,-30,-30,-30,-30,30,9
6705,-30,-30,-30,30,-30,10,-30,-30,-30,-30,3
420,-30,-30,-30,-30,-30,-30,-30,-30,-30,21,9
3453,-30,-30,30,-30,-30,-19,-30,-30,-30,-30,2
8633,-30,-30,-30,-30,-30,12,-30,-30,3,-30,5
1608,-30,-30,30,-30,-30,-30,-30,-30,-30,-30,2
2080,-30,-30,-30,-30,-30,-30,-30,30,-30,-30,7
8236,-30,30,-30,-30,-30,-30,-30,-30,-30,-30,1
470,-30,-30,-30,30,-30,-4,-30,-30,-27,-30,3
6732,30,-30,-30,-30,-30,-30,-30,-30,-30,-30,0
2191,-30,-30,-30,-30,-25,-30,-30,-30,-30,-30,4
1172,-30,4,-30,-30,-30,-30,-30,-30,-30,-30,1
7309,30,-30,-30,-30,-30,-30,-30,-30,-30,-30,0
2900,-30,30,-30,-30,-30,-30,-30,-30,-30,-30,1
1202,-30,-30,-30,-19,-30,-30,-30,30,-30,-30,7
1489,-30,-30,-30,-30,-30,-30,-30,30,-30,-30,7
4306,-30,-30,-30,-30,-30,-10,-30,-30,-30,-30,5
9414,-30,-30,-30,-30,-30,-30,30,-30,-30,-30,6
2214,-30,-30,-30,-30,-30,-29,-30,-30,-30,0,9
3122,-30,-30,-30,-30,-30,-30,-30,-30,-30,30,9
2879,-30,-30,-30,-30,-30,-30,-30,-30,-30,30,9
9090,-30,-30,30,-30,-30,-30,-30,-30,-30,-30,2
5599,-30,30,-30,-30,-30,-30,-30,-30,-30,-30,1
6895,-30,-30,-30,-30,-30,-30,30,-30,-30,-30,6
6909,-30,30,-30,-30,-30,-30,-30,-30,-30,-30,1
3367,-30,-30,-30,-26,-30,1,-30,-30,-30,-30,5
5949,-30,-30,-30,-30,-30,30,-30,-30,-30,-30,5
7344,-30,-30,-30,-30,-30,-30,-30,-30,-30,-30,0
1138,-30,30,-30,-30,-30,-30,-30,-30,-30,-30,1
9684,-30,-30,-30,-30,-30,-30,-30,-30,-30,-2,9
5470,-30,-30,-30,-30,-30,-30,-30,30,-30,-30,7
6706,-30,-30,-30,-30,-30,-30,30,-30,-30,-30,6
712,-30,-30,-30,-30,25,-30,-30,-30,-30,-30,4
7792,-30,-30,-30,15,-30,30,-30,-30,-30,-30,5
4103,-30,-30,-30,-30,-30,-30,-30,30,-30,-30,7
9396,-30,-30,-30,-30,-30,-30,30,-30,-30,-30,6
9710,-30,-9,-30,-30,-30,-30,-30,-30,-30,-30,1
1684,-30,-30,-30,-30,-30,-30,-30,-30,-30,7,9
6438,-30,-30,-30,-30,-30,-30,-30,-30,-30,11,9
7844,-30,-30,-30,-30,-30,30,-2,-30,-30,-30,5
8048,-30,-30,-30,30,-30,-30,-30,-30,-30,-30,3
6165,-30,-30,-30,-30,-30,-30,30,-30,-30,-30,6
7779,-30,-30,30,-30,-30,-30,-30,-30,-30,-30,2
9771,-30,-30,-30,-30,-30,-30,-30,-30,-30,7,9
9950,-30,-30,-30,-30,-30,-30,-30,-30,30,-30,8
6552,-30,30,-30,-30,-30,-30,-30,-30,-30,-30,1
3072,-30,-30,30,-30,-30,-30,-30,-30,-30,-30,2
1113,-30,-30,30,-14,-30,-16,-30,-30,-30,-30,2
2292,-30,-30,-30,-30,-30,30,-30,-30,-30,-30,5
1327,-30,-30,-30,-30,-30,30,-30,-30,-30,-30,5
3249,-30,-30,30,-30,-30,-30,-30,-30,-30,-30,2
7855,-30,-30,-30,30,-30,17,-30,-30,-30,-30,3
2574,-30,-30,-30,-30,-30,-30,-30,30,-30,-30,7
57,-30,-30,30,-30,-30,-30,-30,-30,-30,-30,2
7714,-30,30,-30,-30,-30,-30,-30,-30,-30,-30,1
5869,30,-30,-30,-30,-30,-24,-30,-30,-30,-30,0
6363,-30,30,-30,-30,-30,-30,-30,-30,-30,-30,1
7917,30,-30,-30,-30,-30,-30,-30,-30,-30,-30,0
3831,-30,-30,-30,-30,13,-30,-30,-30,-30,-30,4
878,-30,-30,-30,-30,-30,30,-30,-30,-30,-30,5
5067,-30,-30,-9,-30,-30,-30,-30,-30,-30,-30,2
6727,-7,-30,-11,-30,-30,-25,-30,-30,-30,-30,0
4381,-30,-30,30,-30,-30,-30,-30,-30,-30,-30,2
1909,-30,-30,-30,-30,-30,-30,-30,-30,9,-30,8
8497,-30,-30,-30,30,-30,-30,-30,-30,-30,-30,3
4261,-30,-30,-30,-30,-30,30,-30,-30,-30,-30,5
2838,-30,30,-30,-30,-30,-30,-30,-30,-30,-30,1
4939,-30,-30,-30,-30,-30,-30,-30,30,-30,-30,7
8189,-30,-30,-30,-30,-30,-30,-30,-30,30,-30,8
5178,-30,30,-30,-30,-30,-30,-30,-30,-30,-30,1
4667,-30,30,-30,-30,-30,-30,-30,-30,-30,-30,1
6225,-30,-30,30,-30,-30,-13,-30,-30,-30,-30,2
7615,-30,-30,-30,-30,-30,-30,-30,-30,-30,-10,9
6751,-30,-30,-11,-30,-30,-30,-30,-7,-30,-30,7
2375,-30,-30,-30,-30,-30,-30,-22,-30,30,-30,8
3061,-30,-30,-30,-30,27,-30,-30,-30,-30,-30,4
625,30,-30,-30,-30,-30,-30,-30,-30,-30,-30,0
8325,-30,-30,-30,30,-30,-30,-30,-30,-30,-30,3
7378,30,-30,-30,-30,-30,1,-30,-30,-30,-30,0
2918,-30,-30,-30,-30,-30,-30,-30,30,-30,-30,7
2527,-30,-30,-30,-25,-30,-9,-30,-30,-30,-30,5
3711,-30,-30,-30,-30,-30,-30,-30,-30,12,-30,8
8900,-30,-30,-30,-30,30,-30,-30,-30,-30,-30,4
9460,-30,-30,-30,-30,-30,-30,-30,-25,-30,-30,7
1292,-30,-30,-30,-30,-30,-30,-30,30,-30,-30,7
5335,-30,-30,-30,-30,-30,-30,-30,-12,-30,-30,7
4483,-30,-30,-30,-30,-30,30,-30,-30,-30,-30,5
2042,-30,-30,-30,30,-30,-30,-30,-30,-19,-30,3
3649,-30,-30,-30,-30,13,-30,-30,-30,-30,-30,4
5271,-30,-30,-30,-30,-30,-30,-30,-30,-30,30,9
8869,-30,-30,-30,-30,-30,-30,-30,-30,30,-30,8
6641,-30,30,-30,-30,-30,-30,-30,-30,-30,-30,1
4438,-30,-30,-30,13,-30,-30,-30,-30,-30,-30,3
5888,-30,-30,-30,-30,-30,-30,-30,-30,-15,-30,8
4117,30,-30,-30,-30,-30,-18,-30,-30,-30,-30,0
1920,-30,-30,-30,30,-30,-30,-30,-30,-30,-30,3
9914,-30,30,-30,-30,-30,-30,-30,-30,-30,-30,1
4762,-30,-30,-30,-30,-30,-30,-30,30,-30,-30,7
5982,-30,-30,-30,-30,-30,-30,-30,-30,-30,-30,0
7384,-30,-30,-30,-2,-30,30,-30,-30,-30,-30,5
6683,-30,-30,-30,-30,-30,22,24,-30,-30,-30,6
444,-30,30,-30,-30,-30,-30,-30,-30,-30,-30,1
8430,-30,-30,-30,-30,-30,-30,30,-30,-30,-30,6
1752,-30,-30,-30,-30,-30,30,-30,-30,-30,-30,5
162,-30,-30,-30,-30,-30,-30,-30,30,-30,-30,7
2095,-30,-30,-30,-30,30,-27,-30,-30,-30,-30,4
8555,-30,-30,-30,-30,-30,-30,-30,-30,-30,-23,9
8714,-30,-30,-30,30,-30,-13,-30,-30,-30,-30,3
3250,-30,-30,-30,-30,-30,30,-30,-30,-21,-30,5
3704,-30,-30,-30,-30,30,-30,-30,-30,-30,-30,4
3717,-30,-30,-30,-30,-30,-30,-30,30,-30,-30,7
5477,-30,30,-30,-30,-30,-30,-30,-30,-30,-30,1
2184,-30,-30,30,-30,-30,-30,-30,-30,-30,-30,2
7397,30,-30,-30,-30,-30,-30,-30,-30,-30,-30,0
9369,-30,-30,-30,-30,-30,-18,-30,-30,-2,-30,8
6717,-30,30,-30,-30,-30,-30,-30,-30,-30,-30,1
5557,-30,-30,-30,-30,-30,-30,30,-30,-30,-30,6
4090,30,-30,-30,-30,-30,-30,-30,-30,-30,-30,0
9314,-30,-30,-30,-30,-30,-30,-30,30,-30,-30,7
8517,-30,-30,-30,30,-30,-30,-30,-30,-30,-30,3
9737,-30,-30,-30,-30,14,-30,-30,-30,-30,-30,4
2627,-30,-30,-30,-30,-30,-30,-30,30,-30,-30,7
7198,-30,-30,-30,-30,-30,-30,-30,-30,-2,-30,8
6829,-30,-30,-30,-30,-30,-30,-30,-30,-30,30,9
4239,-30,-30,-30,-30,-30,-30,30,-30,-30,-30,6
1586,30,-30,-30,-30,-30,-30,-30,-30,-30,-30,0
3998,-30,-30,-30,-30,-30,30,-30,-30,1,-30,5
3901,-30,-30,-30,-30,-30,-25,30,-30,-30,-30,6
7970,-30,-30,-30,-30,30,-30,-30,-30,-30,-30,4
1748,-30,-30,-30,-30,-30,-30,-30,-30,30,-30,8
2995,-30,-30,-30,-30,-30,-30,-30,30,-30,-30,7
6591,-30,-30,-30,-30,-30,-30,-30,30,-30,-30,7
5534,-30,-30,-30,-30,-30,-30,-30,-30,-30,13,9
60,-30,-30,-30,30,-30,-30,-30,-30,-30,-30,3
3227,-30,-30,-30,-30,-30,-30,-30,-30,30,-30,8
2112,-30,-30,-30,-30,-30,1,21,-30,-30,-30,6
9000,-30,-30,-30,-30,-30,-30,-30,-30,-30,30,9
5354,-30,-30,-30,-30,-30,-30,-30,30,-30,-30,7
5081,-30,-30,30,-30,-30,-30,-30,-30,-30,-30,2
2781,-30,-30,-30,30,-30,-3,-30,-30,-30,-30,3
6848,-30,-30,-30,-30,30,-30,-30,-30,-30,-30,4
4310,15,-30,-30,-30,-30,-28,-30,-30,-30,-30,0
1841,-30,-30,30,-30,-30,-30,-30,-30,-30,-30,2
7419,-30,30,-30,-30,-30,-30,-30,-30,-30,-30,1
3605,14,-30,-30,2,-30,-30,-30,-30,-30,-30,0
3919,-30,-30,-30,30,-30,13,-30,-30,-30,-30,3
6112,-30,-30,-30,-30,-30,30,-30,-30,-30,-30,5
2623,-30,-30,-30,-30,-30,30,-30,-30,-30,-30,5
6661,-30,-30,-30,-30,-30,-30,-30,30,-30,-30,7
7528,-30,-30,30,9,-30,-30,-30,-30,-30,-30,2
2491,-30,-30,-30,-30,21,-15,-30,-30,-30,-30,4
957,-30,-30,-30,-30,-30,-30,-1,-30,-30,-30,6
6440,-30,-30,-30,-30,-30,-30,-30,30,-30,-30,7
764,-30,-30,30,-30,-30,-30,-30,-30,-30,-30,2
6337,-30,-30,-30,-30,-30,-30,-30,-30,30,-30,8
6662,-30,-30,-30,30,-30,-30,-30,-30,-30,-30,3
4281,30,-30,-30,-30,-30,-30,-30,-30,-30,-30,0
4759,-30,-30,-30,-30,-30,30,-30,-30,-19,-30,5
8808,-30,-30,-30,-30,-30,-30,-30,30,-30,-30,7
9250,-30,-30,-30,-30,-30,-30,-30,-30,30,-30,8
8473,-30,-30,-30,-30,-8,-30,-30,-30,-30,-30,4
302,30,-30,-30,-30,-30,-30,-30,-30,-26,-30,0
5640,-30,-30,-30,-30,-30,-30,-30,-30,-17,-30,8
4492,-30,-30,-30,-30,8,-30,-30,-30,-30,-30,4
7818,-30,-30,-30,-30,-30,-30,-30,-30,-30,-30,0
9850,-30,-30,-30,-30,-30,30,-30,-30,-22,-30,5
2586,-30,-30,-30,-30,-30,-3,-30,-30,-28,-30,5
6798,-30,-30,-30,-30,-30,30,-30,-30,-30,-30,5
6127,-30,-30,-30,-30,-30,-30,30,-30,-30,-30,6
809,-30,-30,-30,-30,-30,-30,30,-30,-30,-30,6
6658,-30,-30,-30,13,-30,-26,-30,-30,-30,-30,3
7909,30,-30,-30,-30,-30,-30,-30,-30,-30,-30,0
1758,-30,-30,-30,-30,-30,-30,-30,-30,-30,-9,9
830,-30,-30,-30,30,-30,-9,-30,-30,-30,-30,3
7428,-30,-30,-30,-30,-30,-30,-30,-30,-30,-30,0
4028,-30,-30,-30,-30,-30,30,20,-30,-30,-30,5
9432,-30,-30,-30,-30,-30,-25,-30,-30,-22,-30,8
136,-30,-30,-30,-30,-30,-30,-30,-30,-30,30,9
35,-30,-30,-30,16,-30,-30,-30,-30,-30,-30,3
8677,-30,-30,-30,-30,7,-30,-30,-30,-30,-30,4
9261,-30,-30,-30,-30,-30,-30,-30,-30,-30,30,9
4948,-30,-30,-30,-30,-30,30,-30,-30,-30,-30,5
6515,-30,-30,-30,-30,-30,-30,-30,-30,30,-30,8
4009,-30,-30,-30,-30,-30,-30,-30,-30,-30,30,9
5801,-30,30,-30,-30,-30,-30,-30,-30,-30,-30,1
2561,-30,-30,30,-30,-30,-23,-30,-30,-30,-30,2
1704,-30,-30,-30,-30,-30,-30,-30,-30,30,-30,8
2212,-30,-30,-30,-30,-30,-30,-30,-30,30,-30,8
7633,-30,-30,-30,-30,-30,-30,24,-30,-30,-30,6
7727,-30,-30,-26,-30,-30,-30,-30,-30,-30,-30,2
2604,-30,30,-30,-30,-30,-30,-30,-30,-30,-30,1
3746,-30,-30,-30,4,-30,-15,-30,-30,-30,-30,3
2377,-30,-30,-30,-30,-30,-30,-30,30,-30,-30,7
7196,-30,-30,-30,-30,-30,-30,-30,-13,-30,-8,9
1908,30,-30,-30,-14,-30,-19,-30,-30,-30,-30,0
3085,-30,30,-30,-30,-30,-30,-30,-30,-30,-30,1
9668,-30,30,-30,-30,-30,-30,-30,-30,-30,-30,1
2728,-30,-30,-30,-30,-30,-30,-30,-30,-30,-30,0
6348,-30,-30,-30,-23,-30,-30,-30,30,-30,-30,7
3869,30,-30,-30,-30,-30,-6,-30,-30,-30,-30,0
3277,-30,-30,-30,-30,-30,-30,-30,-30,-24,-30,8
73,-30,30,-30,-30,-30,-30,-30,-30,-30,-30,1
9711,-30,-30,-30,-30,-30,-30,-30,30,-30,-30,7
1601,-30,-30,-30,-30,30,-30,-30,-30,-30,-30,4
500,-30,-30,-30,-30,-30,30,-30,-30,-30,-30,5
7806,-30,-30,-30,-30,-30,-30,-30,30,-30,-30,7
2553,-30,30,-30,-30,-30,-30,-30,-30,-30,-30,1
2163,-30,-30,30,-30,-30,-30,-30,-30,-30,-30,2
7238,-30,30,-30,-30,-30,-30,-30,-30,-30,-30,1
5511,-30,30,-30,-30,-30,-30,-30,-30,-30,-30,1
7532,-30,-30,-30,30,-30,-30,-30,-30,-30,-30,3
8739,-30,-30,-8,-30,-30,-23,-30,-30,-30,-30,2
1021,-30,-30,-30,-30,-30,-30,30,-30,-30,-30,6
2168,-30,-30,30,-30,-11,-30,-30,-30,-30,-30,2
5846,-30,30,-30,-30,-30,-30,-30,-30,-30,-30,1
9519,-30,-30,30,-30,-30,-30,-30,-30,-30,-30,2
7888,-30,-30,-30,-30,-30,-30,-30,-30,-25,-30,8
8141,-26,-30,-30,-30,-30,-28,-30,-30,-30,-30,0
4351,-30,-30,-30,-30,-30,-7,-30,30,-19,-30,7
8929,-30,-30,-30,-30,-30,3,-30,-30,-30,-30,5
8811,-30,-30,-30,-30,-30,-30,30,-30,-30,-30,6
9490,-30,-30,-30,-30,-30,-30,-30,-30,-30,30,9
2617,-30,-30,-30,10,-30,-30,-30,-30,-30,-30,3
4137,-30,-30,-30,-30,-30,-30,-30,-30,-30,-30,0
7075,30,-30,-30,-30,-30,-30,-30,-30,-29,-30,0
3953,-30,-30,-30,-30,-30,3,-30,-30,-30,-30,5
6957,-30,-30,30,-30,-30,-30,-30,-30,-30,-30,2
8995,-30,-30,-30,-30,-30,-30,-30,-30,-30,-30,0
2380,30,-30,-30,-30,-30,-29,-30,-30,-30,-30,0
1622,-30,-30,-30,-30,-30,30,-30,-30,-30,-30,5
3488,-30,-30,-30,-30,-22,-30,-30,-30,-30,-12,9
1132,-30,-30,-30,30,-30,4,-30,-30,-30,-30,3
7212,-30,-30,-30,-30,-30,-30,-30,-30,30,-30,8
3390,-30,-30,-30,-30,30,-26,-30,-30,-30,-30,4
2524,-30,-30,-30,-30,-30,-30,30,-30,-30,-30,6
2141,-30,-30,-30,-30,-30,-30,30,-30,-30,-30,6
3884,-30,-30,30,-30,-30,-30,-30,-30,-30,-30,2
7991,-30,-30,-30,-30,-30,-30,-30,30,-30,-30,7
2048,-30,-30,-30,-30,-30,-30,-30,-30,-30,30,9
2204,-30,-30,-30,25,-30,30,-30,-30,-30,-30,5
935,-30,30,-30,-30,-30,-30,-30,-30,-30,-30,1
6823,-30,-30,-22,20,-30,-7,-30,-30,-30,-30,3
7034,-30,-30,30,-30,-30,-29,-30,-30,-30,-30,2
7964,-30,-30,-30,-30,30,-30,-30,-30,-30,-30,4
6862,-30,-30,-30,30,-30,-30,-30,-30,-30,-30,3
8814,-30,-30,-30,-30,-30,-30,30,-30,-30,-30,6
2898,-30,30,-30,-30,-30,-30,-30,-30,-30,-30,1
9221,-30,-30,-30,-30,-30,-30,-30,-30,-30,-23,9
279,-30,-30,-30,-30,-30,-30,-30,-30,-30,-30,0
9229,-30,-30,-30,-30,30,-30,-30,-30,-30,-30,4
1927,-30,-30,-30,-30,-30,-30,-30,30,-30,-30,7
5787,-30,-30,-30,-30,-30,-30,4,-30,-30,-30,6
300,-30,-30,-30,-30,-30,30,-30,-30,-4,-30,5
5453,-30,-30,-30,-30,30,-30,-30,-30,-30,-30,4
8883,-30,30,-30,-30,-30,-30,-30,-30,-30,-30,1
5436,-30,-30,-30,-30,-30,-30,-30,-30,-30,30,9
4359,-30,-30,-30,-30,-30,-30,-30,-30,-30,30,9
3650,-30,-30,30,-30,-30,-30,-30,-30,-30,-30,2
9801,-30,-30,-30,-30,-30,-30,-30,30,-30,-30,7
8760,-30,-30,-30,-30,-30,-30,-30,-30,-10,-30,8
4879,30,-30,-30,-30,-30,-29,-30,-30,-30,-30,0
6003,-30,30,-26,-30,-30,-30,-30,-30,-30,-30,1
1166,-30,-30,-30,30,-30,22,-30,-30,-30,-30,3
7599,-30,-30,-30,-30,-30,-30,30,-30,-30,-30,6
314,-30,30,-30,-30,-30,-30,-30,-30,-30,-30,1
8515,-30,-30,-28,30,-30,-30,-30,-30,-30,-30,3
1519,-30,-30,-30,-30,30,-30,-30,-30,-30,-30,4
4391,-30,30,-30,-30,-30,-30,-30,-30,-30,-30,1
4082,-30,30,-30,-30,-30,-30,-30,-30,-30,-30,1
4711,-30,30,-30,-30,-30,-30,-30,-30,-30,-30,1
6299,-30,-30,-30,-30,-30,30,-30,-30,-28,-30,5
9990,-30,-30,-30,-30,-30,-30,28,-30,-30,-30,6
6715,30,-30,-30,-30,-30,-30,-30,-30,-30,-30,0
6139,-30,-30,-30,-30,-30,-30,-30,30,-30,-30,7
4060,30,-30,-30,-30,-30,-30,-30,-30,-30,-30,0
8977,-30,-30,-30,-30,-30,-30,-30,30,-30,-30,7
4640,-30,-30,-11,30,-30,-30,-30,-30,-30,-30,3
9821,-30,-30,-30,30,-30,4,-30,-30,-30,-30,3
1263,-30,-30,-17,-30,-30,-30,-30,-30,-30,-30,2
7160,-30,-30,-30,29,-30,30,-30,-30,-30,-30,5
3903,-30,-30,-29,-30,-30,-30,-30,-15,-30,-30,7
5179,-30,-30,30,-30,-30,-30,-30,-30,-30,-30,2
3770,-30,-30,-30,-30,-30,-30,-30,-30,-30,30,9
6105,-30,-30,-30,-30,30,-30,-30,-30,-30,-30,4
8561,-30,-30,-30,-30,-30,-30,-30,-30,-30,30,9
9021,-30,-30,-30,-30,-30,-30,-30,-30,30,-30,8
1158,-30,30,-30,-30,-30,-30,-30,-30,-30,-30,1
1520,-30,-30,-30,30,-30,-30,-30,-30,-30,-30,3
7919,-30,30,-30,-30,-30,-30,-30,-30,-30,-30,1
5745,-30,-30,-30,-30,-30,30,16,-30,-30,-30,5
3133,-30,30,-30,-30,-30,-30,-30,-30,-30,-30,1
6839,-30,-30,30,-26,-30,-30,-30,-30,-30,-30,2
8965,-30,-30,-30,-30,-30,-30,-30,30,-30,-30,7
4424,-30,-30,-30,-30,-30,-30,-30,-30,-30,-30,0
5881,30,-30,-30,-30,-30,-30,-30,-30,-30,-30,0
8830,30,-30,-30,-30,-30,-26,-30,-30,-30,-30,0
3229,30,-30,-30,-23,-30,-30,-30,-30,-30,-30,0
1569,-30,-30,-30,-30,-30,11,-30,-30,2,-30,5
6621,-30,-30,30,-30,-30,-30,-30,-30,-30,-30,2
4473,-30,-30,30,-30,-30,-30,-30,-30,-30,-30,2
8458,-30,-30,-30,-30,-30,-30,-30,-30,-30,-23,9
9139,-30,-30,30,-30,-30,-30,-30,-30,-30,-30,2
7276,-30,-30,30,-30,-30,-21,-30,-30,-30,-30,2
3674,-30,-30,-30,-30,-30,-30,-30,-22,-30,-30,7
4127,-30,-30,-30,-30,-5,-30,-30,-30,-30,-30,4
5429,-30,-30,-30,-30,-30,-30,-30,-30,-30,16,9
7578,-30,-30,30,-30,-30,-30,-30,-30,-30,-30,2
601,-30,-30,-30,-30,-30,-30,-30,30,-30,-30,7
7542,-30,-30,-30,30,-30,30,-30,-30,-30,-30,3
9239,-30,30,-30,-30,-30,-30,-30,-30,-30,-30,1
7333,-30,-30,-30,30,-30,-30,-30,-30,-30,-30,3
3962,-30,-30,-30,-30,-1,-30,-30,-30,-30,-30,4
6728,-30,-30,-30,-30,-30,-30,-30,-30,-30,-30,0
7234,-30,-30,-30,-30,30,-30,-30,-30,-30,-30,4
5391,-30,30,-30,-30,-30,-30,-30,-30,-30,-30,1
7173,-30,-30,-30,-30,-30,-30,-30,-30,-30,-30,0
1635,-30,-30,-30,-7,-30,17,-30,-30,-30,-30,5
7900,-30,-30,-30,-30,-30,-30,30,-30,-30,-30,6
107,-30,-30,30,-9,-30,-25,-30,-30,-30,-30,2
1250,-30,-30,-30,-30,-30,-30,-30,-30,30,-30,8
5942,-30,-30,-30,30,-30,12,-30,-30,-30,-30,3
6671,-30,30,-30,-30,-30,-30,-30,-30,-30,-30,1
4358,-30,-30,30,-30,-30,-30,-30,-30,-30,-30,2
418,-30,-30,-30,-30,-30,-30,-30,-30,30,-30,8
6578,-30,-30,-30,-30,30,-30,-30,-30,-30,-30,4
4435,-30,-30,-30,-30,-30,-30,-30,-30,-30,30,9
3311,-30,-30,-30,-30,-30,-30,-30,-30,-30,30,9
5809,-30,-30,-30,-30,-30,-30,-30,-30,-3,-30,8
7905,-30,-30,-30,-30,-30,-30,-30,30,-30,-30,7
909,30,-30,-30,-30,-30,-29,-30,-30,-30,-30,0
1860,-30,-30,-30,-30,-30,-30,-30,30,-30,-30,7
3555,-30,-30,-30,-30,-30,-30,-30,30,-30,-30,7
8356,-30,-30,-29,6,-30,-30,-30,-30,-30,-30,3
7060,-30,-30,-30,30,-30,-30,-30,-30,-30,-30,3
3076,-30,-30,30,6,-30,-30,-30,-30,-30,-30,2
1598,-30,-30,-30,-30,13,-30,-30,-30,-30,-30,4
3537,30,-30,-30,-30,-30,-13,-30,-30,-30,-30,0
9104,-30,-30,-30,30,-30,30,-30,-30,-30,-30,3
6350,-30,-30,-30,-30,-30,-30,-30,-30,-23,-30,8
775,-30,-30,-30,-30,-28,-30,-30,-30,-30,-9,9
4455,-30,-30,-30,-30,-30,-30,-30,-30,30,-30,8
4950,-30,-30,-30,-30,30,-30,-30,-30,-30,-30,4
2700,-30,30,-30,-30,-30,-30,-30,-30,-30,-30,1
4147,30,-30,-30,-30,-30,-12,-30,-30,-30,-30,0
9286,-30,-30,-30,-30,-30,-30,30,-30,-30,-30,6
5645,30,-30,-30,-30,-30,-13,-30,-30,-30,-30,0
9497,-30,-30,-30,-30,-30,-30,-30,-30,-30,-30,0
4225,-30,-30,-30,-30,-30,-30,30,-30,-30,-30,6
8462,-30,-30,-30,-30,-30,-30,-30,-30,-22,-30,8
6750,-30,-30,-30,-30,-30,-30,30,-30,-30,-30,6
637,-30,30,-30,-30,-30,-30,-30,-30,-30,-30,1
4627,-30,30,-30,-30,-30,-30,-30,-30,-30,-30,1
2209,-30,-30,-30,-30,-30,-30,-30,-30,-30,-30,0
7012,-30,-30,-30,-30,-30,-30,-30,-30,30,-30,8
5966,-30,-30,-30,-30,-30,-30,-30,-30,-30,-2,9
2751,-30,-30,30,-30,-30,-30,-30,-30,-30,-30,2
3014,-30,-30,-30,30,-30,-19,-30,-30,-30,-30,3
3714,-30,-30,-30,-30,-30,30,-30,-30,10,-30,5
836,-30,-30,-30,-30,-30,30,-30,-30,-30,-30,5
1258,-30,-30,-30,-30,-30,-30,-30,-30,-30,30,9
5792,-30,-30,-30,-30,18,-30,-30,-30,-30,-30,4
2791,-30,-30,30,-30,-30,-30,-30,-30,-30,-30,2
4602,-30,30,-30,-30,-30,-30,-30,-30,-30,-30,1
1014,-30,-30,-30,-30,-30,-30,-30,-30,-30,30,9
3293,-30,-30,-30,-30,30,-30,-30,-30,-30,-30,4
6066,-30,-30,-30,30,-30,-23,-30,-30,-30,-30,3
1423,-30,-30,-30,-30,-30,-30,-30,-30,-30,30,9
8558,-30,-30,-30,-30,-30,-30,30,-30,-30,-30,6
724,30,-30,-30,-30,-30,-26,-30,-30,-30,-30,0
4890,-30,-30,-30,-30,30,-30,-30,-30,-30,-30,4
7992,30,-30,-30,-30,-30,-30,-30,-30,-30,-30,0
3576,-30,-30,-30,-30,-30,-30,30,-30,-30,-30,6
6586,30,-30,-30,-30,-30,-30,-30,-30,-30,-30,0
8070,-30,30,-30,-30,-30,-30,-30,-30,-30,-30,1
4924,-30,-30,30,-30,-30,-30,-30,-30,-30,-30,2
9582,-30,-30,-30,-16,-30,-30,-30,-30,-30,-30,3
3679,-30,-30,-30,-30,30,-30,-30,-30,-30,-30,4
6205,-30,-30,-30,-30,-30,-30,-30,30,-30,-30,7
6822,-30,-30,-30,-30,-30,12,-30,-30,30,-30,8
5414,-30,-30,-30,-30,-30,-30,-30,-30,-30,30,9
9718,30,-30,-30,-30,-30,-26,-30,-30,-30,-30,0
7100,-30,30,-30,-30,-30,-30,-30,-30,-30,-30,1
6163,-30,-30,30,-30,-30,-28,-30,-30,-30,-30,2
5034,-30,-30,-28,-14,-30,-5,-30,-30,-30,-30,5
1316,-30,-30,-30,-30,30,-30,-30,-30,-30,-30,4
3794,-30,-30,-30,-30,-30,-30,-30,30,-30,-30,7
7608,-30,-30,-30,-30,-30,-30,-30,-30,30,-30,8
6279,-30,-30,-30,-30,-30,-30,-30,-30,-30,30,9
2734,30,-30,-30,-30,-30,-25,-30,-30,-30,-30,0
1865,-30,30,-30,-30,-30,-30,-30,-30,-30,-30,1
1030,-30,-30,30,-30,-30,-30,-30,-30,-30,-30,2
317,-30,-30,-30,-30,-30,7,-30,-30,-30,-30,5
2692,-30,-30,-30,-30,30,-30,-30,-30,-30,-30,4
1716,-30,-30,-30,-30,-30,30,-30,-30,-30,-30,5
1177,-30,-30,-30,-30,-30,-30,30,-30,-30,-30,6
5822,-30,-30,-30,-30,-30,-30,-30,30,-30,-30,7
7267,-30,-30,-30,-30,-30,-30,-30,-30,30,-30,8
3890,-30,-30,-30,-30,-30,-30,-30,-30,-30,-19,9
4480,-30,-30,-30,-30,-30,24,-30,-30,30,-30,8
4501,-30,-30,-30,1,-30,-30,-30,-30,-30,-30,3
6981,-30,-30,-30,-30,30,-30,-30,-30,-30,-30,4
4675,-30,-30,-30,-30,-30,-30,-30,30,-30,-30,7
5274,-30,-30,-30,-30,-30,-16,-30,-30,1,-30,8
1533,-30,-30,-30,-30,-30,-30,30,-30,-30,-30,6
6058,-30,-30,-27,-30,-30,-30,-30,-30,-30,-30,2
460,-30,-30,-30,-30,-30,-30,-30,-30,-30,-30,0
5459,30,-30,-30,-30,-30,-17,-30,-30,-30,-30,0
5597,-30,-30,-30,-30,-30,-30,-30,-30,-30,2,9
9574,-30,-30,-30,-30,-30,-30,-30,30,-30,-30,7
2935,-30,30,-30,-30,-30,-30,-30,-30,-30,-30,1
3556,-30,-30,-30,-30,-30,-30,-30,-30,-30,30,9
4079,-30,-30,-30,30,-30,3,-30,-30,-30,-30,3
9965,-30,-30,-30,-30,-30,-30,-30,-30,30,-30,8
3774,-30,-30,-30,-30,30,-30,-30,-30,-30,-30,4
3700,-30,-30,-30,-30,-30,-30,-30,30,-30,-30,7
474,-30,-30,-30,-30,-30,11,-30,-30,-30,-30,5
5122,30,-30,-30,-30,-30,-28,-30,-30,-30,-30,0
6027,-30,-30,-30,-30,-30,-30,-30,-30,-30,30,9
6359,-30,30,-30,-30,-30,-30,-30,-30,-30,-30,1
9890,-30,-30,-30,-30,30,-17,-30,-30,-30,-30,4
4315,-30,-30,-30,-30,-30,30,-30,-30,-30,-30,5
1662,-30,-30,-30,-30,15,-30,-30,-30,-30,-30,4
4742,-30,-30,-30,-30,-30,-30,30,-30,-30,-30,6
1103,-30,-30,30,-30,-30,-30,-30,-30,-30,-30,2
6503,30,-30,-30,-30,-30,-28,-30,-30,-30,-30,0
8466,-2,-30,-30,-30,-30,-30,30,-30,-30,-30,6
656,-30,-30,30,-19,-30,-30,-30,-30,-30,-30,2
1942,-30,30,-30,-30,-30,-30,-30,-30,-30,-30,1
843,-30,29,-30,-30,-30,-30,-30,-30,-30,-30,1
504,-30,30,-30,-30,-30,-30,-30,-30,-30,-30,1
6130,-30,30,-30,-30,-30,-30,-30,-30,-30,-30,1
2176,-30,-30,-30,-30,-30,-30,-30,30,-30,-30,7
4858,-30,-30,30,-30,-30,-30,-30,-30,-30,-30,2
9182,-30,-30,-30,-30,30,-30,-30,-30,-30,-30,4
4528,-30,-30,-30,-30,-30,-30,-30,30,-30,-30,7
8375,-30,-30,-30,-30,-30,30,-30,-30,-30,-30,5
8330,-30,-30,30,-28,-30,-28,-30,-30,-30,-30,2
725,-30,-30,-30,-30,-30,-30,-30,-30,-30,6,9
5996,-30,-30,-30,-30,30,-30,-30,-30,-30,-30,4
4258,-30,-30,-30,-30,-30,30,-30,-30,-30,-30,5
8887,-30,-30,-30,-30,-30,-30,-30,-30,30,-30,8
4678,-30,-30,-30,-30,30,-30,-30,-30,-30,-30,4
6889,-30,-30,5,-30,-30,-26,-30,-30,-30,-30,2
3114,-30,-30,-30,-30,-30,-30,-30,-30,-30,4,9
8793,-30,-30,-30,-30,-30,-30,-30,30,-30,-30,7
181,30,-30,-30,-30,-30,-30,-30,-30,-30,-30,0
5967,30,-30,-30,-30,-30,-18,-30,-30,-30,-30,0
284,-30,-30,-30,-30,-30,-30,-30,30,-30,-30,7
113,-30,-30,-30,-30,-30,30,-30,-30,-30,-30,5
9233,-30,30,-30,-30,-30,-30,-30,-30,-30,-30,1
7724,-30,30,-30,-30,-30,-30,-30,-30,-30,-30,1
5817,-30,-30,-30,-30,-30,-30,-30,30,-30,-30,7
7015,-30,-30,-30,-30,-30,-30,30,-30,-30,-30,6
767,-30,-30,-30,-30,-30,-30,30,-30,-30,-30,6
9043,-30,-30,-30,-30,-30,-30,30,-30,-30,-30,6
4401,-30,-30,-30,-30,-30,12,-30,-30,30,-30,8
5513,-30,-30,30,-30,-30,-30,-30,-30,-30,-30,2
2653,-30,-30,7,-30,-30,-30,-30,-30,-30,-30,2
2880,-30,-30,-30,-30,-30,-30,-30,-21,-30,-30,7
2862,-30,-30,-30,-30,-30,-30,-30,30,-30,-30,7
3278,-30,-30,-30,-30,30,-30,-30,-30,-30,-30,4
4153,30,-30,-30,-30,-30,-30,-30,-30,-30,-30,0
2122,-30,-30,30,-30,-30,-14,-30,-30,-30,-30,2
145,-30,-30,-30,-30,30,-30,-30,-30,-30,-30,4
7791,-30,-30,22,-30,-30,-30,-30,-30,-30,-30,2
6108,-30,30,-30,-30,-30,-30,-30,-30,-30,-30,1
1419,-30,-30,-30,-30,-30,30,-30,-30,17,-30,5
6360,-30,-30,-30,-30,-30,-30,-30,-30,-30,30,9
1459,-30,-30,-30,-30,-30,-30,30,-30,-30,-30,6
948,-30,30,-30,-30,-30,-30,-30,-30,-30,-30,1
2507,30,-30,-30,-30,-30,-29,-30,-30,-30,-30,0
2641,-30,-30,-30,-30,-30,30,-30,-30,-30,-30,5
1150,-30,-30,-30,-30,-30,-27,-30,-30,-30,-30,5
7017,-30,-30,-30,-30,-30,-30,21,-30,-30,-30,6
4799,-30,-30,-30,-30,-30,-30,-30,-30,-30,30,9
6396,-30,-30,-30,-30,-30,30,-30,-30,2,-30,5
2327,30,-30,-30,-30,-30,-25,-30,-30,-30,-30,0
3934,-30,-30,-30,-30,-30,14,-20,-30,-30,-30,5
1803,30,-30,-30,-30,-30,-26,-30,-30,-30,-30,0
2517,-30,-30,-30,-30,-30,3,-30,-30,30,-30,8
4185,-30,-30,-30,-30,-30,-20,-30,-30,-30,-30,5
7564,-30,-30,-30,-30,-30,-30,-30,-30,-30,30,9
3779,-30,-30,-30,-30,-30,-30,30,-30,-30,-30,6
8654,-30,-30,-30,30,-30,-17,-30,-30,-30,-30,3
595,30,-30,-30,-30,-30,-23,-30,-30,-30,-30,0
2721,-30,30,-30,-30,-30,-30,-30,-30,-30,-30,1
4341,-30,-30,30,-30,-30,-30,-30,-30,-30,-30,2
4692,-30,-30,-30,30,-30,-9,-30,-30,-30,-30,3
9907,-30,-30,-30,-30,30,-30,-30,-30,-30,-30,4
3092,-30,-30,-30,-30,-30,22,-30,-30,-30,-30,5
6389,-30,-30,-30,-30,-30,-30,30,-30,-30,-30,6
2072,-30,-30,-30,-30,-30,-30,-30,30,-30,-30,7
3142,30,-30,-30,-30,-30,-18,-30,-30,-30,-30,0
9714,-30,30,-30,-30,-30,-30,-30,-30,-30,-30,1
7849,-30,-30,30,-30,-30,-6,-30,-30,-30,-30,2
6275,-30,-30,-30,30,-30,-8,-30,-30,-30,-30,3
9971,-30,-30,-30,-30,-30,-30,-30,-30,-30,-30,0
6926,-30,-30,-30,-30,-30,30,-30,-30,-30,-30,5
4730,-30,-30,-30,-30,-30,-30,30,-30,-30,-30,6
1955,-30,-30,-30,-30,-30,-30,-30,30,-30,-30,7
5004,-30,-30,-30,-30,-30,-9,-30,-30,30,-30,8
849,-30,-30,-30,-30,-30,-30,-30,-30,-30,30,9
6716,30,-30,-30,-30,-30,-5,-30,-30,-30,-30,0
9101,-30,30,-30,-30,-30,-30,-30,-30,-30,-30,1
6975,-30,-30,30,-30,-30,-30,-30,-30,-30,-30,2
5877,-30,-30,-30,30,-30,-4,-30,-30,-30,-30,3
5523,-30,-30,-30,-30,30,-30,-30,-30,-30,-30,4
9455,-30,-30,-30,-30,-30,30,-30,-30,-30,-30,5
6781,-30,-30,-30,-30,-30,-30,30,-30,-30,-30,6
4434,-30,-30,-30,-30,-30,-30,-30,30,-30,-30,7
59,-30,-30,-30,-30,-30,-30,-30,-30,-1,-30,8
2234,-30,-30,-30,-30,-30,30,-30,-30,-30,-30,5
5154,-30,-30,-30,-30,23,-30,-30,-30,-30,-24,4
3383,-30,-30,-30,-30,-30,-8,-30,-30,-30,-30,5
7668,-30,-30,-30,-30,-30,-30,-30,4,-30,15,9
7443,-30,-30,-30,-30,30,-30,-30,-30,-30,-30,4
2675,-30,-30,-30,-30,-30,-30,-30,30,-30,-30,7
4923,-30,-30,-30,-30,-30,-30,-30,30,-30,-30,7
3432,-30,-30,-30,30,-30,30,-30,-30,-30,-30,3
7329,-30,-30,-30,-30,-30,-30,-30,-30,-30,30,9
2432,-30,-30,-30,-30,-26,-30,-30,-30,-24,-30,8
9347,-30,-30,-30,-30,-30,-30,-30,-30,11,-30,8
4411,-30,-30,-30,7,-30,-30,-30,-30,-19,-30,3
3889,-30,30,-30,-30,-30,-30,-30,-30,-30,-30,1
8841,-30,-30,-30,-30,-30,30,-30,-30,-30,-30,5
3858,-30,-30,-30,-30,-30,-9,-30,-30,30,-30,8
7856,-30,-30,30,-30,-30,-30,-30,-30,-30,-30,2
2090,-30,-30,-30,-30,-30,-30,-30,30,-30,-30,7
8337,-30,-30,-30,-30,30,-30,-30,-30,-30,-30,4
9380,-30,-30,30,-30,-30,-15,-30,-30,-30,-30,2
8513,-30,30,-30,-30,-30,-30,-30,-30,-30,-30,1
8238,-30,-30,-30,-30,-30,-9,-30,-30,-30,-30,5
3212,-30,-30,-30,-30,30,-30,-30,-30,-30,-30,4
2272,-30,-30,-30,-30,-30,30,-30,-30,-30,-30,5
421,-30,-30,-30,-30,-30,30,-30,-30,-30,-30,5
5244,-30,-30,-30,-30,-30,-13,-30,-30,30,-30,8
3125,-30,-30,-30,-30,-30,-30,30,-30,-30,-30,6
5620,-30,-30,-30,-30,30,-30,-30,-30,-30,-30,4
9777,-30,-30,-30,-30,9,-30,-30,-30,-30,-30,4
3980,-30,-30,-30,-30,30,-30,-30,-30,-30,-30,4
4242,-30,30,-30,-30,-30,-30,-30,-30,-30,-30,1
8568,-30,-30,-30,-30,-30,-30,-30,-30,14,-30,8
2194,-30,-30,-30,-30,-30,-30,-30,30,-30,-30,7
366,-30,-30,-30,-30,-30,20,-30,-30,-30,-30,5
7915,-30,-30,-30,-30,-30,25,-26,-30,-30,-30,5
9024,-30,30,-30,-30,-30,-30,-30,-30,-30,-30,1
3981,-30,-30,-30,-30,-30,0,-3,-30,-30,-30,5
7058,-30,-30,-30,-30,-30,-30,-30,-30,-30,-30,0
8825,-30,30,-30,-30,-30,-30,-30,-30,-30,-30,1
2646,-30,-30,-30,30,-30,-4,-30,-30,-30,-30,3
5571,-30,-30,-30,-30,-30,-30,30,-30,-30,-30,6
3456,-30,-30,-30,30,-30,-30,-30,-30,-30,-30,3
4327,-30,-30,-30,30,-30,-16,-30,-30,-30,-30,3
6767,-30,-30,30,-30,-30,-30,-30,-30,-30,-30,2
8881,-30,-30,30,-14,-30,-30,-30,-30,0,-30,2
3430,-30,-30,-30,-30,-30,-30,30,-30,-30,-30,6
5284,-30,-30,-30,-30,-30,-30,-30,-30,-30,30,9
4998,-30,-30,-30,-30,-30,-30,-30,-30,-30,30,9
1271,-30,-30,-30,-30,-30,-30,21,-30,-30,-30,6
5636,-30,-30,-30,-30,-30,30,-30,-30,-30,-30,5
5412,-30,-30,-30,-30,-30,30,-30,-30,-30,-30,5
6594,-30,-30,-30,30,-30,-11,-30,-30,-30,-30,3
3686,-30,-30,-7,30,-30,-6,-30,-30,-30,-30,3
4712,-30,-30,-30,-30,-30,-30,-30,-30,30,-30,8
7095,-30,30,-30,-30,-30,-30,-30,-30,-30,-30,1
9790,-30,-30,-30,-30,-30,-30,30,-30,-30,-30,6
202,-30,-30,-30,-30,-30,30,-30,-30,-30,-30,5
9877,-30,-30,-30,-30,-30,-30,30,-30,-30,-30,6
7728,-30,-30,-30,-30,-30,6,-30,-30,30,-30,8
4343,-30,30,-30,-30,-30,-30,-30,-30,-30,-30,1
3839,-30,-30,-30,-30,-30,-30,-30,-30,-30,30,9
7037,-30,-30,-30,-30,-30,-30,-30,30,-30,-30,7
232,-30,-30,-30,-30,-30,-30,30,-30,-30,-30,6
9728,-30,-30,-30,-30,-30,-22,-30,-30,30,-30,8
6507,-30,-30,-30,30,-30,-18,-30,-30,-30,-30,3
1101,-30,-30,-30,-30,-30,-30,-30,30,-30,-30,7
3295,-30,-30,-30,-30,25,-30,-30,-30,-30,-30,4
5413,-30,-30,-30,-30,-30,-30,-30,30,-30,-30,7
1851,30,-30,-30,-30,-30,-26,-30,-30,-30,-30,0
8241,-30,-30,-30,-30,-30,-30,-30,-30,-30,-6,9
5126,30,-30,-30,-30,-30,-23,-30,-30,-30,-30,0
9201,30,-30,-30,-30,-30,-27,-30,-30,-30,-30,0
1220,-30,-30,-30,30,-30,-30,-30,-30,-30,-30,3
3391,-30,-30,-26,-30,-30,-30,-30,-30,-30,-30,2
8629,-30,-30,-30,-30,-30,-30,-30,-30,-30,30,9
1958,-30,-30,-30,30,-30,12,-30,-30,-30,-30,3
1275,30,-30,-30,-30,-30,-30,-30,-30,-30,-30,0
6837,-30,-30,30,-30,-30,-24,-30,-30,-30,-30,2
8655,30,-30,-30,-30,-30,-23,-30,-30,-30,-30,0
5072,-30,30,-30,-30,-30,-30,-30,-30,-30,-30,1
3389,30,-30,-30,-30,-30,-30,-30,-30,-30,-30,0
9503,-30,30,-30,-30,-30,-30,-30,-30,-30,-30,1
8205,17,-30,-30,-30,-30,-30,-30,-30,-30,-30,0
4643,-30,-30,-30,-30,30,-30,-30,-30,-30,-30,4
897,30,-30,-30,-30,-30,-30,-30,-30,-30,-30,0
7782,-30,30,-30,-30,-30,-30,-30,-30,-30,-30,1
7054,30,-30,-30,-30,-30,-30,-30,-30,-30,-30,0
8076,-30,-30,-30,-30,-2,8,-30,-30,-30,-30,5
5983,-30,-30,-30,-30,-30,-30,-30,30,-30,-30,7
7641,-30,-30,-30,-30,-30,-30,-30,-30,-30,15,9
2449,-30,-30,-30,-30,-30,-30,30,-30,-30,-30,6
4659,-30,-30,30,-30,-30,-30,-30,-30,-30,-30,2
5221,-30,-30,-30,-30,-30,-30,30,-30,-30,-30,6
2984,-30,-30,30,-30,-30,-30,-30,-30,-30,-30,2
7653,-30,-30,30,-30,-30,-30,-30,-30,-30,-30,2
5075,-30,-30,-30,-30,-30,-30,-30,-24,-30,-30,7
8469,-30,-30,-30,-30,-30,-30,-30,-10,-30,-30,7
3639,30,-30,-30,-30,-30,-30,-30,-30,-30,-30,0
7958,-30,30,-30,-30,-30,-30,-30,-30,-30,-30,1
3276,-30,-30,30,-30,-30,-30,-30,-30,-30,-30,2
891,-30,-30,-30,30,-30,-5,-30,-30,-30,-30,3
1269,-30,-30,-30,-30,21,-30,-30,-30,-30,-30,4
5743,-30,-30,-30,-30,-30,30,-30,-30,-30,-30,5
4356,-30,-30,-30,-30,-30,-30,30,-30,-30,-30,6
6285,-30,-30,-30,-30,-30,-30,-30,30,-30,-30,7
4967,-30,-30,-30,-30,-30,-30,-30,-30,8,-30,8
2919,-30,-30,-30,-30,-30,-30,-30,-30,-30,30,9
3444,30,-30,-30,-30,-30,-30,-30,-30,-30,-30,0
3220,-30,30,-30,-30,-30,-30,-30,-30,-30,-30,1
3490,-30,-30,30,-30,-30,-30,-30,-30,-30,-30,2
9706,-30,-30,-30,20,-30,-9,-30,-30,-30,-30,3
7232,-30,-30,-30,-30,30,-30,-30,-30,-30,-30,4
9154,-30,-30,-30,-30,-30,30,-30,-30,-30,-30,5
7097,-30,-30,-30,-30,-30,-30,30,-30,-30,-30,6
9653,-30,-30,-30,-30,-30,-30,-30,30,-30,-30,7
7928,-30,-30,-30,-30,-30,-30,-30,-30,3,-30,8
1282,-30,-30,-30,-30,-30,-30,-30,-30,-30,30,9
3381,30,-30,-30,-30,-30,-30,-30,-30,-30,-30,0
4019,-30,30,-30,-30,-30,-30,-30,-30,-30,-30,1
1928,-30,-30,30,-30,-30,-30,-30,-30,-30,-30,2
9813,-30,-30,-30,30,-30,-17,-30,-30,-30,-30,3
5527,-30,-30,-30,-30,30,-30,-30,-30,-30,-30,4
2779,-30,-30,-30,-30,-30,30,-30,-30,-30,-30,5
7262,-30,-30,-30,-30,-30,-30,30,-30,-30,-30,6
1440,-30,-30,-30,-30,-30,-30,-30,30,-30,-30,7
8383,-30,-30,-30,-30,-30,-19,-30,-30,28,-30,8
7722,-30,-30,-30,-30,-30,-30,-30,-30,-30,18,9
478,-30,-30,-30,-30,-30,-30,-30,-30,30,-30,8
3207,21,-30,-30,-30,-30,-30,-30,-30,-30,-30,0
6541,-30,-30,-30,-30,-30,30,-30,-30,-30,-30,5
429,-30,-30,-30,-30,-30,-30,30,-30,-30,-30,6
7505,-30,-30,-30,-30,-30,-30,30,-30,-30,-30,6
7763,30,-30,-30,-30,-30,-30,-30,-30,-30,-30,0
2171,-30,-30,-30,-30,-30,-30,-30,-30,30,-30,8
8317,30,-30,-30,-30,-30,-30,-30,-30,-30,-30,0
4468,-30,-30,25,-30,-30,-30,-30,-30,-30,-30,2
5579,-30,-30,-30,30,-30,-7,-30,-30,-30,-30,3
4013,-30,-30,-30,-30,-30,-30,-30,30,-30,-30,7
7092,-30,-30,-30,-30,-30,-30,-30,-30,-30,-4,9
2560,-30,-30,-30,-30,30,-30,-30,-30,-30,-30,4
8828,-30,-30,-30,-30,-30,-30,-30,30,-30,-30,7
296,-30,30,-30,-30,-30,-30,-30,-30,-30,-30,1
4494,-30,-30,-30,-30,-30,-30,-30,-30,-30,30,9
4129,-30,30,-30,-30,-30,-30,-30,-30,-30,-30,1
242,-30,-30,-30,-30,-30,-30,-30,30,-30,-30,7
8621,-30,30,-30,-30,-30,-30,-30,-30,-30,-30,1
5128,-30,-30,-30,-30,23,-8,-30,-30,-30,-30,4
8463,30,-30,-30,-30,-30,-30,-30,-30,-30,-30,0
6246,30,-30,-30,-30,-30,-30,-30,-30,-30,-30,0
3753,-30,-30,-30,-30,30,-30,-30,-30,-30,-30,4
5708,-30,30,-30,-30,-30,-30,-30,-30,-30,-30,1
7303,-30,-30,-30,-30,-30,-30,-30,30,-30,-30,7
4053,-30,-30,-30,-30,-30,30,-30,-30,-30,-30,5
3546,-30,-30,-30,-30,-30,-30,-30,30,-30,-30,7
6777,-30,30,-30,-30,-30,-30,-30,-30,-30,-30,1
1596,-30,-30,-30,30,-30,-7,-30,-30,-30,-30,3
8820,-30,-30,-30,30,-30,-2,-30,-30,-30,-30,3
1853,-30,-30,-30,30,-30,8,-30,-30,-30,-30,3
1523,-30,-30,-30,-30,-30,-30,30,-30,-30,-30,6
2528,-30,-30,-30,-30,-30,-30,30,-30,-30,-30,6
1979,-30,-30,-30,-30,-30,-30,-30,-30,-30,0,9
514,-30,-30,-30,-30,-30,-30,-30,30,-30,-30,7
7839,-30,-30,-30,-30,30,-30,-30,-30,-30,-30,4
9696,-30,-30,-30,30,-30,-23,-30,-30,-30,-30,3
4576,30,-30,-30,-30,-30,-30,-30,-30,-30,-30,0
3049,-30,-30,30,-25,-30,-16,-30,-30,-30,-30,2
1445,-30,-30,-30,-24,-30,30,-30,-30,-30,-30,5
2106,-30,-30,30,-30,-30,-30,-30,-30,-30,-30,2
861,-30,-30,-30,-30,-30,-30,30,-30,-30,-30,6
6888,30,-30,-30,-30,-30,-30,-30,-30,-30,-30,0
6917,-30,-30,-30,-30,-30,-30,-30,-30,3,-30,8
7483,-30,-30,-30,-30,-30,-30,-30,-30,-30,30,9
2386,-30,-30,-30,-30,30,-30,-30,-30,-30,-30,4
2534,-30,-30,-30,30,-30,-30,-30,-30,-30,-30,3
8242,-30,-30,-30,-30,-30,30,-30,-30,-30,-30,5
3337,-30,-30,-30,-30,19,-30,-30,-30,-30,-30,4
7368,-30,-30,-30,-30,-30,-30,-30,-30,30,-30,8
6745,-30,30,-30,-30,-30,-30,-30,-30,-30,-30,1
8272,-30,-30,-30,-30,-30,30,-30,-30,-30,-30,5
1734,-30,-30,-30,-30,-30,-30,-30,-30,-30,30,9
4676,30,-30,-30,-30,-30,-30,-30,-30,-30,-30,0
6959,-30,-30,-30,-30,-30,-30,30,-30,-30,-30,6
1687,-30,-30,-30,-30,30,-30,-30,-30,-30,-30,4
3132,-30,-30,-30,30,-30,-15,-30,-30,-30,-30,3
3209,-30,-30,-30,-30,-30,-30,30,-30,-30,-30,6
5151,-30,-30,-30,30,-30,-4,-30,-30,-30,-30,3
4944,-30,-30,-30,30,-30,-30,-30,-30,-30,-30,3
9224,-30,-30,-30,-30,-30,-30,-30,-30,30,-30,8
8562,-30,30,-30,-30,-30,-30,-30,-30,-30,-30,1
2070,-30,-30,-30,-30,30,-30,-30,-30,-30,-30,4
3829,-30,-30,-30,-30,-30,-30,-30,30,-30,-29,7
726,-30,-30,-30,-30,-30,30,-30,-30,-30,-30,5
9389,-30,-30,-30,-30,-30,-30,-30,30,-30,-30,7
2257,-30,-30,30,-30,-30,-30,-30,-30,-30,-30,2
9674,-30,-30,30,-30,-30,-30,-30,-30,-30,-30,2
6952,30,-30,-30,-30,-30,-30,-30,-30,-30,-30,0
7692,30,-30,-30,-30,-30,-7,-30,-30,-30,-30,0
9289,-30,30,-30,-30,-30,-30,-30,-30,-30,-30,1
8043,-30,-30,-30,-30,-30,-30,-30,30,-30,-30,7
7087,-30,-30,-30,-30,-30,-30,-30,30,-30,-30,7
8457,-30,-30,-30,-30,-30,-30,-30,-30,-30,13,9
5910,-30,-30,-30,-30,-30,30,-30,-30,-30,-30,5
879,-30,-30,-30,-30,-30,-30,-30,-30,-30,30,9
2645,-30,-30,-30,-30,-30,-30,-30,-30,30,-30,8
1889,-30,-30,-30,-30,-30,-30,-30,-30,-30,-20,9
3782,-30,-30,-30,-30,-30,-30,30,-30,-30,-30,6
6429,-30,-30,-30,-30,-30,-30,-30,-30,26,-30,8
9782,-30,-30,-30,-30,-30,-30,-30,-30,17,5,8
261,-30,-30,30,-30,-30,-30,-30,-30,-30,-30,2
1642,-30,-30,-30,30,-30,-21,-30,-30,-30,-30,3
4030,-30,-30,-30,-30,-30,-30,30,-30,-30,-30,6
9120,-30,30,-30,-30,-30,-30,-30,-30,-30,-30,1
3419,-30,-30,30,-30,-30,-30,-30,-30,-30,-30,2
1408,-30,-30,-30,-30,-30,-30,-30,-30,-30,30,9
5816,-30,-30,-30,-30,-30,-30,-30,-30,30,-30,8
6224,-30,-30,-30,-30,-30,-30,-30,-30,-30,30,9
7440,-30,-30,-30,-30,-30,30,-30,-30,-30,-30,5
2814,-30,-30,30,-30,-30,-23,-30,-30,-30,-30,2
8387,-30,-30,-30,-30,-30,-30,30,-30,-30,-30,6
9689,-30,-30,30,-30,-30,-30,-30,-30,-30,-30,2
6453,-30,-30,-30,-30,30,-30,-30,-30,-30,-30,4
7872,-30,-30,-30,-30,-30,-30,-30,-30,21,-30,8
7467,-30,-30,-30,-30,30,-30,-30,-30,-30,-30,4
1600,-30,-30,-30,-30,-30,-30,30,-30,-30,-30,6
992,-30,-30,-30,1,-30,30,-30,-30,-30,-30,5
234,30,-30,-30,-30,-30,-30,-30,-30,-30,-30,0
4773,-30,30,-30,-30,-30,-30,-30,-30,-30,-30,1
6442,-30,-30,-30,-30,-30,30,-30,-30,-30,-30,5
4918,-30,-30,-30,-30,-30,-30,30,-30,-30,-30,6
1862,-30,-30,-30,-30,-30,-30,-30,30,-30,-30,7
7001,-30,-30,-30,-30,-30,-30,-30,-30,21,-30,8
9379,-30,-30,-30,-30,-30,-30,-30,-30,-30,30,9
5602,30,-30,-30,-30,-30,-11,-30,-30,-30,-30,0
502,-30,30,-30,-30,-30,-30,-30,-30,-30,-30,1
416,-30,-30,30,-30,-30,-30,-30,-30,-30,-30,2
9165,-30,-30,-30,26,-30,-6,-30,-30,-30,-30,3
5239,-30,-30,-30,-30,-20,-30,-30,-30,-30,-30,4
3193,-30,-30,-30,-30,-30,30,-30,-30,-30,-30,5
9770,-30,-30,-30,-30,-30,-30,30,-30,-30,-30,6
7812,-30,-30,-30,-30,-30,-30,-30,30,-30,-30,7
5045,-30,-30,-30,-30,-30,-30,-30,-30,30,-30,8
7496,-30,-30,-30,-30,-30,-30,-30,-30,-30,30,9
455,30,-30,-30,-30,-30,-30,-30,-30,-30,-30,0
1069,-30,30,-30,-30,-30,-30,-30,-30,-30,-30,1
6554,-30,-30,30,-30,-30,-30,-30,-30,-30,-30,2
8904,-30,-30,-30,30,-30,-12,-30,-30,-30,-30,3
1486,-30,-30,-30,-30,30,-30,-30,-30,-30,-30,4
6943,2,-30,-30,-30,-30,20,-30,-30,-30,-30,5
3305,-30,-30,-30,-30,-30,-30,30,-30,-30,-30,6
8190,-30,-30,-30,-30,-30,-30,-30,30,-30,-30,7
221,-30,-30,-30,-30,-30,-30,-30,-30,30,-30,8
8613,-30,-30,-30,-30,-30,-30,-30,-30,-30,30,9
5228,-30,-30,-30,-30,-30,-21,-30,30,-30,-30,7
4900,-30,-30,-30,-30,30,-30,-30,-30,-30,-30,4
4409,-30,-30,30,-30,-30,-17,-30,-30,-30,-30,2
9928,30,-30,-30,-30,-30,-30,-30,-30,-30,-30,0
1204,-30,-30,-30,-30,-30,-30,-30,-30,-30,30,9
7801,30,-30,-30,-30,-30,-30,-30,-30,-30,-30,0
8256,-30,30,-30,-30,-30,-30,-30,-30,-30,-30,1
3892,-30,-30,-30,-30,-30,30,-30,-30,-30,-30,5
3967,-30,-30,-30,-30,-30,-30,-30,-30,30,-30,8
49,-30,-30,-30,3,-30,-30,-30,-30,30,-30,8
5656,30,-30,-30,-30,-30,-30,-30,-30,-30,-30,0
5405,-30,-30,30,-30,-30,-30,-30,-30,-30,-30,2
7761,-30,-30,-30,-30,-30,-30,-30,30,-30,-30,7
7142,-30,-30,-30,-30,-30,-19,-30,-30,9,-30,8
9623,-30,-30,-30,-30,30,-30,-30,-30,-30,-30,4
7379,-30,-30,-30,-30,30,-30,-30,-30,-30,-30,4
5871,-30,-30,-30,-30,-30,-30,30,-30,-30,-30,6
231,-30,30,-30,-30,-30,-30,-30,-30,-30,-30,1
5566,30,-30,-30,-30,-30,-30,-30,-30,-30,-30,0
7430,-30,-30,-30,-30,30,-30,-30,-30,-30,-30,4
7324,-30,-30,-30,-30,-30,30,-30,-30,-30,-30,5
9388,-30,-30,-30,30,-30,-2,-30,-30,-30,-30,3
2819,-30,-30,-30,-30,-30,-30,-30,-30,-30,30,9
1808,-30,-30,-30,-30,30,-30,-30,-30,-30,-30,4
4452,-30,-30,30,-30,-30,-14,-30,-30,-30,-30,2
7765,30,-30,-30,-30,-30,-30,-30,-30,-30,-30,0
6809,-30,-30,-30,-30,-30,30,-30,-30,-30,-30,5
998,30,-30,-30,-30,-30,-27,-30,-30,-30,-30,0
2071,-30,30,-30,-30,-30,-30,-30,-30,-30,-30,1
3929,-30,-30,-30,30,-30,-6,-30,-30,-30,-30,3
5002,-30,-30,30,-30,-30,-30,-30,-30,-30,-30,2
8790,-30,-30,-30,-30,-30,-30,-30,-30,-30,30,9
2459,-30,-6,-3,-30,-30,-30,-30,-30,-30,-30,2
537,-30,-30,-30,-30,-30,-30,30,-30,-30,-30,6
1395,30,-30,-30,-30,-30,-30,-30,-30,-30,-30,0
2089,-30,30,-30,-30,-30,-30,-30,-30,-30,-30,1
5865,-30,30,-30,-30,-30,-30,-30,-30,-30,-30,1
2456,-30,-30,-30,-30,-30,30,-30,-30,-16,-30,5
8502,30,-30,-30,-30,-30,-30,-30,-30,-30,-30,0
4645,-30,-30,-30,-30,-18,-30,-30,-30,-30,-30,4
5191,-30,-30,-30,-30,-30,-30,-30,30,-30,-30,7
8211,-30,-30,-30,-30,-30,-30,-30,30,-30,-30,7
4387,-30,-30,-30,-30,-30,-30,30,-30,-30,-30,6
6713,-30,-30,-25,-4,-30,11,-30,-30,-30,-30,5
5988,-30,-30,-30,-30,-30,-30,30,-30,-30,-30,6
6759,30,-30,-30,-30,-30,-30,-30,-30,-30,-30,0
9048,-30,-30,-30,-30,-30,-30,-30,30,-30,-30,7
6642,-30,-30,-30,30,-30,-8,-30,-30,-30,-30,3
9305,-30,-30,-30,-30,-30,30,-30,-30,-30,-30,5
2008,-30,-30,-30,-30,15,-30,-30,-30,-30,-30,4
883,-30,-30,30,-30,-30,-30,-30,-30,-30,-30,2
7,-30,-30,-30,-30,30,-30,-30,-30,-30,-30,4
5795,-30,30,-30,-30,-30,-30,-30,-30,-30,-30,1
2736,-30,-30,-30,-30,-30,-30,-30,-30,30,-30,8
1776,-30,-30,-30,30,-30,19,-30,-30,-30,-30,3
5298,-30,-30,-30,-30,-30,30,-30,-30,-30,-30,5
4938,-30,-30,-30,-30,-30,-30,30,-30,-30,-30,6
8474,-30,-30,-30,-30,-30,-30,-30,30,-30,-30,7
1354,30,-30,-30,-30,-30,-30,-30,-30,-30,-30,0
1509,-30,-30,-30,-30,-30,-30,30,-30,-30,-30,6
6432,-30,-30,-30,-30,-30,-30,-30,30,-30,-30,7
1666,-30,30,-30,-30,-30,-30,-30,-30,-30,-30,1
1487,-30,-30,30,-30,-30,-30,-30,-30,-30,-30,2
4915,-30,-30,-30,-30,-30,30,-30,-30,-30,-30,5
4541,-30,-30,-30,-30,-30,-29,-30,-30,30,-30,8
1986,-30,30,-30,-30,-30,-30,-30,-30,-30,-30,1
1564,-30,-30,-30,-30,-30,-30,-30,-30,-30,26,9
9527,-30,-30,-30,-15,-30,-2,-30,-30,-30,-30,5
695,-30,-30,-30,-30,-30,30,-30,-30,-30,-30,5
2445,-30,-30,30,-30,-30,-30,-30,-30,-30,-30,2
6208,-30,-30,-30,-30,-30,7,-30,-30,-20,-30,5
7515,-30,-30,-30,-30,-30,-30,-30,30,-30,-30,7
4063,-30,-30,-30,-30,-30,-30,30,-30,-30,-30,6
3845,-30,-30,-30,-30,-30,-30,-30,30,-30,-30,7
8526,-30,20,-30,-30,-30,-30,-30,-30,-30,-30,1
5603,-30,-30,-30,-30,30,-30,-30,-30,-30,-30,4
7146,-30,-30,-30,-30,-30,-30,30,-30,-30,-30,6
9692,-30,-30,30,-30,-30,-21,-30,-30,-30,-30,2
5828,-30,-30,-30,-30,-30,-30,-30,-30,-30,-4,9
2793,-18,-30,-30,-12,-30,-29,-30,-30,-30,-30,3
7985,30,-30,-30,-30,-30,-30,-30,-30,-30,-30,0
8459,-30,30,-30,-30,-30,-30,-30,-30,-30,-30,1
3638,-30,-30,30,-30,-30,-30,-30,-30,-30,-30,2
3738,-30,-30,-30,30,-30,4,-30,-30,-30,-30,3
4921,-30,-30,-30,-30,27,-30,-30,-30,-30,-30,4
8855,-30,-30,-30,-30,-30,28,-30,-30,-30,-30,5
3183,-30,-30,-30,-30,-30,-30,30,-30,-30,-30,6
1570,-30,-30,-30,-30,-30,-30,-30,3,-30,-24,7
8002,30,-30,-30,-30,-30,-19,-30,-30,-30,-30,0
5350,-30,30,-30,-30,-30,-30,-30,-30,-30,-30,1
8422,-30,-30,30,-30,-30,-30,-30,-30,-30,-30,2
4823,-30,-30,-30,30,-30,-14,-30,-30,-30,-30,3
8000,-30,-30,-30,-30,30,-30,-30,-30,-30,-30,4
5165,-30,-30,-30,-27,-30,30,-30,-30,-30,-30,5
8328,30,-30,-30,-30,-30,-17,-30,-30,-30,-30,0
8733,-30,30,-30,-30,-30,-30,-30,-30,-30,-30,1
5146,-30,-30,30,-30,-30,-30,-30,-30,-30,-30,2
9311,-30,-30,-30,-27,-30,-4,-30,-30,-25,-30,5
1939,-30,-30,-30,-30,-30,-30,-30,-30,-30,-16,9
7358,-30,30,-30,-30,-30,-30,-30,-30,-30,-30,1
1507,-30,-30,-30,-30,30,-30,-30,-30,-30,-30,4
9140,28,-30,-30,-30,-30,-30,-30,-30,-30,-30,0
5428,-30,-30,-30,-30,-30,-30,-30,-30,-30,30,9
323,-30,-30,-30,-30,-30,30,-30,-30,-30,-30,5
6188,30,-30,-30,-30,-30,-30,-30,-30,-26,-30,0
4377,-30,-30,-30,-30,-30,-6,-30,-30,-14,-30,5
7149,30,-30,-30,-30,-30,-30,-30,-30,-30,-30,0
7202,-30,-30,-30,-30,-30,-30,-30,30,-30,-30,7
8862,-30,-30,-30,-30,-30,-30,-30,-30,-30,1,9
5813,-30,30,-30,-30,-30,-30,-30,-30,-30,-30,1
2334,-30,30,-30,-30,-30,-30,-30,-30,-30,-30,1
3915,-30,-30,30,-25,-30,-30,-30,-30,11,-30,2
7338,-30,-30,-30,-30,-30,-30,-30,-30,-30,30,9
6790,-30,-30,-30,30,-30,11,-30,-30,-30,-30,3
6259,-30,-30,-30,-30,-30,-30,30,-30,-30,-30,6
4958,-30,-30,-30,-30,-30,-30,-30,30,-30,-30,7
1511,-30,-30,30,-30,-30,-18,-30,-30,-30,-30,2
6629,-30,-30,-30,30,-30,-30,-30,-30,-30,-30,3
4348,-30,-30,-30,-30,-30,-2,-30,-30,-30,-30,5
354,-30,30,-30,-30,-30,-30,-30,-30,-30,-30,1
8062,-30,-30,30,-30,-30,-30,-30,-30,-30,-30,2
3319,-30,-30,-30,-30,-30,-30,-30,-30,-30,7,9
124,-30,-30,-30,-30,-30,-12,-30,-30,-30,-30,5
531,-30,-30,-30,-30,-30,10,-30,-30,-30,-30,5
5840,-30,-30,-30,-30,-30,-30,-30,30,-30,-30,7
6342,-30,30,-30,-30,-30,-30,-30,-30,-30,-30,1
4703,-30,-30,-30,-30,-30,-30,-30,30,-30,-30,7
5132,-30,30,-30,-30,-30,-30,-30,-30,-30,-30,1
596,-30,30,-30,-30,-30,-30,-30,-30,-30,-30,1
3054,30,-30,-30,-30,-30,-10,-30,-30,-30,-30,0
6915,-30,-30,-30,30,-30,-16,-30,-30,-30,-30,3
7748,-30,-30,-30,-30,13,-30,-30,-30,-30,-30,4
7511,-30,-30,8,-30,-30,-1,-30,-30,-30,-30,2
7177,-30,-30,-30,-30,-30,-30,30,-30,-30,-30,6
4278,-30,-30,-30,-30,12,-30,-30,-30,-30,-30,4
8749,-30,-30,-30,-30,-30,-30,-30,-30,-30,14,9
5839,-30,-30,-30,-30,21,-30,-30,-30,-30,-30,4
5533,-30,-30,-10,-15,-30,-30,-30,-30,-9,-30,8
4648,-30,-30,-30,-30,-30,-30,-30,30,-30,-30,7
1033,-30,-30,-30,-30,7,-30,-30,-30,-30,-30,4
7594,-30,-30,-30,-30,-30,-30,-30,-30,-30,30,9
6958,-30,30,-30,-30,-30,-30,-30,-30,-30,-30,1
9847,30,-30,-30,-30,-30,-30,-30,-30,-25,-30,0
3947,-30,-30,-30,-30,-30,-30,30,-30,-30,-30,6
8702,-30,-30,-30,-30,-30,2,-30,-30,-30,-30,5
2912,-30,-30,-30,-30,-30,30,-30,-30,-30,-30,5
9372,-30,-30,-30,-30,-30,6,-30,-30,-30,-30,5
3213,-30,-30,-30,-30,-30,8,-30,-30,-30,-30,5
7063,-30,-30,-30,30,-30,0,-30,-30,-30,-30,3
1469,-30,-30,-30,-30,-30,22,-30,-30,-30,-30,5
729,-30,-30,-30,-30,-30,-30,-30,-30,-30,30,9
3032,-30,-30,-30,-30,-30,-30,-30,30,-30,-30,7
9552,-30,-30,-30,-30,30,-30,-30,-30,-30,-30,4
1899,-30,-30,-30,-30,-30,-30,-30,-30,30,-30,8
2960,-30,-30,-30,-30,-30,30,-30,-30,-30,-30,5
9694,-30,-30,-30,-30,-30,-30,-30,-30,-30,30,9
9299,-30,-30,-30,-30,-30,-30,30,-30,-30,-30,6
8045,-30,-30,-30,-30,-30,-30,-30,-30,-30,30,9
569,-30,-30,-30,9,-30,5,-30,-30,-30,-30,3
8368,30,-30,-30,-30,-30,-5,-30,-30,-30,-30,0
885,-30,-30,-30,30,-30,19,-30,-30,-30,-30,3
6034,17,-30,-30,-30,-30,-30,-30,-30,-16,-30,0
9849,-30,-30,-30,-30,-30,-30,-30,-30,-30,30,9
6968,-30,30,-30,-30,-30,-30,-30,-30,-30,-30,1
7960,-30,-30,-30,-30,-30,-30,-30,-30,30,-30,8
1089,-30,30,-30,-30,-30,-30,-30,-30,-30,-30,1
5388,-30,-30,-30,-30,-30,-30,30,-30,-30,-30,6
3469,30,-30,-30,-30,-30,-30,-30,-30,-30,-30,0
8937,30,-30,-30,-30,-30,-29,-30,-30,-30,-30,0
8371,-30,30,-30,-30,-30,-30,-30,-30,-30,-30,1
4828,-30,-30,30,-30,-30,-30,-30,-30,-30,-30,2
8142,-30,-30,-30,30,-30,-4,-30,-30,-30,-30,3
3483,-30,-30,-30,-30,30,-30,-30,-30,-30,-30,4
6776,-30,-30,-30,-30,-30,30,-30,-30,-30,-30,5
2610,-30,-30,-30,-30,-30,-30,30,-30,-30,-30,6
6088,-30,-30,-30,-30,-30,-30,-30,-30,-30,-5,9
6908,-30,-30,-30,-30,-11,-30,-30,-30,-11,-30,4
3321,-30,-30,-30,-30,-30,-30,-30,-30,-30,30,9
1540,30,-30,-30,-30,-30,-19,-30,-30,-30,-30,0
4674,-30,30,-30,-30,-30,-30,-30,-30,-30,-30,1
5800,-30,-30,30,-30,-30,-28,-30,-30,-30,-30,2
1001,-30,-30,-30,30,-30,30,-30,-30,-30,-30,3
7553,-30,-30,-30,-30,30,-30,-30,-30,-30,-30,4
7614,-30,-30,-30,-30,-30,-30,7,-30,-30,-30,6
6994,-30,-30,-30,-30,-30,-30,30,-30,-30,-30,6
4535,-30,-30,-30,-30,-30,-30,-30,30,-30,-30,7
6361,-30,-30,-30,-30,-30,-30,-8,-30,-30,-30,6
5026,-30,-30,-30,-30,-30,-30,-30,-30,-30,30,9
4586,30,-30,-30,-30,-30,-11,-30,-30,-30,-30,0
111,-30,30,-30,-30,-30,-30,-30,-30,-30,-30,1
4834,-30,-30,30,-30,-30,-12,-30,-30,-30,-30,2
4472,-30,-30,-30,30,-30,-1,-30,-30,-30,-30,3
3507,-30,-30,-30,-30,30,-30,-30,-30,-30,-30,4
2395,-30,-30,-30,-30,-30,30,-30,-30,-30,-30,5
6894,-30,-30,-30,-30,-30,-30,30,-30,-30,-30,6
8117,-30,-30,-30,-30,-30,-30,-30,-14,-30,23,9
2923,-30,-30,-30,-30,-30,-30,-30,-30,-6,-30,8
9023,-30,-30,-30,-30,-30,-30,-30,-30,-30,30,9
8346,-30,-30,-30,30,-30,-11,-30,-30,-30,-30,3
193,-30,-30,-30,-30,-30,30,-30,-30,-30,-30,5
5985,-30,-30,-30,30,-30,30,-30,-30,-30,-30,3
3439,-30,-30,30,-30,-30,-30,-30,-30,-30,-30,2
2087,-30,-30,-30,-30,-30,-30,-30,-30,-30,30,9
5936,-30,-30,-30,30,-30,4,-30,-30,-30,-30,3
1930,-30,-30,30,-30,-30,-27,-30,-30,-30,-30,2
8264,-30,30,-30,-30,-30,-30,-30,-30,-30,-30,1
4563,-30,-30,-30,-30,30,-30,-30,-30,-30,-30,4
4048,-30,-30,-30,-30,-30,30,-30,-30,-30,-30,5
2703,-30,-30,-30,-30,-30,30,-30,-30,-30,-30,5
5506,-30,-30,-25,-30,-30,-30,-30,-30,-30,-30,2
7852,-30,-30,-30,1,-30,-16,-30,-30,-30,-30,3
83,-30,-30,30,-30,-30,-21,-30,-30,-30,-30,2
5003,-30,30,-30,-30,-30,-30,-30,-30,-30,-30,1
7579,-30,-30,-30,30,-30,-4,-30,-30,-30,-30,3
6141,-30,-30,-30,-30,-30,-30,-30,-30,-30,-20,9
3670,-30,-30,-30,-30,-30,-30,-30,30,-30,-30,7
9743,-30,-30,30,-30,-30,-30,-30,-30,-30,-30,2
5891,-30,-30,-30,-30,-30,30,-30,-30,-30,-30,5
7605,-30,-30,30,-30,-30,-30,-30,-30,-30,-30,2
9529,-30,-30,-30,-30,-30,-1,-30,-30,-30,-30,5
6825,-30,-30,-30,-30,-30,-30,-30,-30,-30,14,9
494,-30,30,-30,-30,-30,-30,-30,-30,-30,-30,1
8232,-30,-30,-30,-30,-30,-2,-30,-30,-30,-30,5
5038,-30,-30,-30,-30,-30,-30,-30,-30,30,-30,8
2530,-30,-30,-30,-30,-30,-30,-30,-30,-30,30,9
2030,-30,-30,-30,-30,-30,30,-30,-30,-21,-30,5
1838,-30,30,-30,-30,-30,-30,-30,-30,-30,-30,1
7643,30,-30,-30,-30,-30,-30,-30,-30,-30,-30,0
6397,27,-30,-30,-30,-30,-30,-30,-30,-30,-30,0
3081,-30,-30,-30,-30,-30,-30,-30,-30,-30,13,9
9029,-30,-30,-30,-30,-30,-30,-30,19,-30,-30,7
4318,-30,-30,-30,-30,-30,-30,-30,-30,30,-30,8
8763,-30,-30,-30,-30,-30,-30,-30,12,-30,-27,7
4774,-30,-30,-30,-30,-30,30,-30,-30,-30,-30,5
5770,30,-30,-30,-30,-30,-30,-30,-30,-30,-30,0
3377,-30,-30,-30,-30,-30,-30,30,-30,-30,-30,6
3161,-30,-30,-4,-30,-30,-2,-30,-30,-30,-30,5
3384,-30,-30,-30,-30,-30,30,-30,-30,-30,-30,5
8796,-30,-30,-30,-30,-30,-30,-30,-30,-30,1,9
75,-30,-30,-30,-30,30,-30,-30,-30,-30,-30,4
2062,-30,-30,-30,-30,-30,-30,30,-30,-30,-30,6
6007,-30,30,-30,-30,-30,-30,-30,-30,-30,-30,1
4638,-30,-30,30,-30,-30,-16,-30,-30,-30,-30,2
4920,-30,-30,-30,-30,-30,30,-30,-30,-30,-30,5
7736,30,-30,-30,-30,-30,-18,-30,-30,-30,-30,0
1122,-30,-30,-30,-30,-30,-30,-30,30,-30,-30,7
3422,-30,-30,-30,-30,-30,-30,-30,-30,-30,30,9
9448,-30,-30,-30,-30,-30,-30,-30,-30,-30,30,9
8788,28,-30,-30,-30,-30,-19,-30,-30,-30,-30,0
8329,-30,-30,-30,30,-30,-20,-30,-30,-30,-30,3
5780,-30,-30,-30,-30,-30,-30,-30,-30,30,-30,8
6901,-30,-30,-30,-30,-8,-30,-30,-30,-30,-30,4
5361,-30,-30,-30,-30,13,-30,-30,-30,-30,-30,4
394,-30,-30,-30,-30,-30,-27,-30,-30,-30,-30,5
2836,-30,30,-30,-30,-30,-30,-30,-30,-30,-30,1
2986,-30,-30,-30,-30,-30,-30,-30,-30,17,-30,8
8381,-30,-30,-30,-30,-30,-30,30,-30,-30,-30,6
360,-30,-30,-30,-30,-30,30,-30,-30,-19,-30,5
5710,-30,-30,-30,-30,-30,-30,-30,-30,-30,24,9
1371,30,-30,-30,-30,-30,-18,-30,-30,-30,-30,0
5357,30,-30,-30,-30,-30,-9,-30,-30,-20,-30,0
355,30,-30,-30,-30,-30,-4,-30,-30,-30,-30,0
5740,-30,-30,-30,30,-30,-22,-30,-30,-30,-30,3
5416,-30,-30,-30,-30,-30,-30,-30,-30,-30,25,9
7646,-30,30,-30,-30,-30,-30,-30,-30,-30,-30,1
7737,-30,-30,-30,-30,-30,-30,30,-30,-30,-30,6
9719,-30,-30,-30,-30,30,-30,-30,-30,-30,-30,4
3696,-30,-30,30,-30,-30,-27,-30,-30,-30,-30,2
9097,-30,-30,-30,-30,-30,-30,30,-30,-30,-30,6
5025,-30,-30,-30,-30,-30,-30,30,-30,-30,-30,6
646,20,-30,-30,-30,-30,-28,-30,-30,-30,-30,0
3855,-30,-30,-30,-30,30,-30,-30,-30,-30,-30,4
1272,-30,-30,-30,-30,-30,30,-30,-30,-30,-30,5
6826,-30,-30,-30,-30,30,-30,-30,-30,-30,-30,4
4893,-30,30,-30,-30,-30,-30,-30,-30,-30,-30,1
8323,-30,-30,-30,30,-30,0,-30,-30,-30,-30,3
2092,-30,-30,-30,-30,-30,-30,-30,-30,22,-30,8
6077,-30,-30,-30,-30,-30,-30,30,-30,-30,-30,6
9393,-30,-30,-30,30,-30,-13,-30,-30,-30,-30,3
4566,-30,-30,-30,-30,-30,-30,-30,-30,-30,30,9
9955,-30,-30,-30,-30,-30,-30,-30,-30,-30,30,9
4592,-30,-30,-30,-30,-30,30,-30,-30,-30,-30,5
9489,-30,-30,-30,-30,-30,-30,-30,-30,-30,30,9
862,-30,-30,-30,30,-30,-8,-30,-30,-30,-30,3
9376,-30,-30,-30,-30,-30,-30,-30,-30,-30,5,9
4346,-30,-30,-30,-30,-30,-30,-30,-30,11,-30,8
8516,-30,-30,-30,-30,-30,30,-30,-30,-29,-30,5
2588,-30,-30,-30,-30,-30,-30,30,-30,-30,-30,6
7113,-30,-30,-30,-30,30,-30,-30,-30,-30,-30,4
3459,-30,-30,-30,-30,-30,-30,-30,-30,-30,21,9
4701,-30,-30,-30,-30,-30,-30,30,-30,-30,-30,6
1917,-30,-30,30,-30,-30,-30,-30,-30,-30,-30,2
4788,-30,-30,15,-30,-30,-4,-30,-30,-19,-30,2
2668,4,-30,-30,-30,-30,-5,-30,-30,-30,-30,0
6483,-30,-30,-30,-30,-30,-30,-30,-30,-30,27,9
4203,-30,-30,-30,-30,9,-30,-30,-30,-30,-30,4
5863,30,-30,-30,-30,-30,-30,-30,-30,-30,-30,0
9599,-30,30,-30,-30,-30,-30,-30,-30,-30,-30,1
4091,-30,-30,30,-30,-30,-29,-30,-30,-30,-30,2
5722,-30,-30,-30,30,-30,-23,-30,-30,-30,-30,3
7388,-30,-30,-30,-30,30,-26,-30,-30,-30,-30,4
6588,-30,-30,-30,-30,-30,24,-30,-30,-30,-30,5
4439,-30,-30,-30,-30,-30,-30,30,-30,-30,-30,6
3079,-30,-30,-30,-30,-30,-30,-30,30,-30,-30,7
2897,-30,-30,-30,-30,-30,-30,-30,-30,30,-30,8
4227,-30,-30,-30,-30,-30,-30,-30,-30,-30,-30,0
4891,30,-30,-30,-30,-30,-30,-30,-30,-30,-30,0
5287,-30,30,-30,-30,-30,-30,-30,-30,-30,-30,1
98,-30,-30,30,-30,-30,-30,-30,-30,-30,-30,2
4740,-30,-30,-30,-30,-30,-30,-30,-30,-30,-30,0
3093,-30,-30,-30,-19,-30,-30,-30,-30,-30,-30,3
3124,-30,-30,-30,-30,-30,-30,24,-30,-30,-30,6
7079,6,-30,-30,-19,-30,-13,-30,-30,-30,-30,0
766,-30,30,-30,-30,-30,-30,-30,-30,-30,-30,1
4195,-30,-30,30,-30,-30,-30,-30,-30,-30,-30,2
5561,-30,-30,-30,30,-30,-30,-30,-30,-30,-30,3
5928,-30,-30,-30,-30,30,-30,-30,-30,-30,-30,4
5649,-30,-30,-30,-30,-30,30,-30,-30,-30,-30,5
9485,-30,-30,-30,-30,-30,-30,30,-30,-30,-30,6
3647,-30,-30,-30,-30,-30,-30,-30,-30,30,-30,8
1883,-30,-30,-30,-30,-30,-30,-30,-14,-30,-30,7
4832,-30,-5,-15,-30,-30,-5,-30,-30,-24,-30,1
5667,-30,-30,-30,30,-30,-30,-30,-30,-30,-30,3
7680,-30,-30,13,-23,-30,-30,-30,-30,-30,-30,2
9312,-30,-30,-4,-30,-30,-24,-30,-30,-30,-30,2
5814,30,-30,-30,-30,-30,-30,-30,-30,-30,-30,0
7444,-30,-30,-30,-30,-30,-30,-30,30,-30,-30,7
8520,-30,-30,-30,-30,-30,-11,-30,-30,-30,-30,5
7369,-30,-30,-30,-30,-30,-30,-30,-30,-30,30,9
1683,-30,-30,-30,-30,-30,-30,-30,-30,-30,-18,9
4425,-30,-30,-30,-30,-30,-30,30,-30,-30,-30,6
3352,30,-30,-30,-30,-30,-30,-30,-30,-30,-30,0
5490,-30,-30,-30,-30,-30,-30,-30,-30,-30,-30,0
6083,-30,-30,-30,-30,30,-30,-30,-30,-30,-30,4
2725,-30,2,21,-30,-30,-30,-30,-30,-30,-30,2
1173,-30,-30,-30,30,-30,-13,-30,-30,-30,-30,3
5850,-30,-30,30,-30,-30,-30,-30,-30,-30,-30,2
3709,-30,30,-30,-30,-30,-30,-30,-30,-30,-30,1
2047,-30,-30,30,-30,-30,-30,-30,-30,-30,-30,2
5197,-30,-30,-30,30,-30,-30,-30,-30,-30,-30,3
9901,-30,-30,-30,-30,-30,-28,-30,-30,25,-30,8
6401,-30,-30,-30,30,-30,-30,-30,-30,-30,-30,3
3734,-30,-30,30,-30,-30,-30,-30,-30,-30,-30,2
1235,-30,-30,-30,-30,-30,-30,30,-30,-30,-30,6
8942,-30,-30,-30,-30,-30,15,-30,-30,-12,-30,5
2551,-30,-30,-30,-30,-30,-30,30,-30,-30,-30,6
1527,-30,-30,-30,-30,-30,-30,-30,-30,-30,-30,0
3820,-30,-30,30,-30,-30,-30,-30,-30,-30,-30,2
5505,-30,-30,-30,-30,-30,-30,-30,30,-30,-30,7
9812,-30,-30,-30,-30,30,-30,-30,-30,-30,-30,4
8866,-30,-30,-30,-30,-30,-22,-30,-30,30,-30,8
6015,-30,30,-30,-30,-30,-30,-30,-30,-30,-30,1
9148,-30,-30,-30,-30,-30,-30,-30,-30,5,-30,8
2878,30,-30,-30,-30,-30,-30,-30,-30,-30,-30,0
361,-30,-30,-30,-30,-30,30,-30,-30,-30,-30,5
947,-30,-30,-8,30,-30,-30,-30,-30,-30,-30,3
4803,-30,-30,-30,-30,-30,-30,-30,-30,-30,30,9
6937,-30,-30,-30,-30,30,-19,-30,-30,-30,-30,4
1379,-30,30,-30,-30,-30,-30,-30,-30,-30,-30,1
2629,-30,-30,-30,-30,-30,-30,-30,-30,-30,-30,0
4104,-30,-30,30,-15,-30,-30,-30,-30,-30,-30,2
8032,-30,30,-30,-30,-30,-30,-30,-30,-30,-30,1
1691,-30,-30,-30,-30,-30,-30,-30,-30,-30,26,9
9935,-30,-30,-30,-30,-30,-30,30,-30,-30,-30,6
1190,-30,-30,-30,-30,-30,-30,-30,30,-30,-30,7
1510,-30,-30,-30,-30,-30,-30,-30,-30,-30,7,9
584,30,-30,-30,-30,-30,-30,-30,-30,-30,-30,0
4512,-30,-30,-30,-30,30,-11,-30,-30,-30,-30,4
9276,-30,-30,-30,-30,-30,-30,30,-30,-30,-30,6
5578,-30,30,-30,-30,-30,-30,-30,-30,-30,-30,1
6891,-30,-30,-30,-30,-30,-30,-30,30,-30,-30,7
1941,-30,-30,-30,30,-30,-30,-30,-30,-30,-30,3
3150,-30,-30,-30,-30,-30,19,-30,-30,12,-30,5
1885,-30,-30,-30,-30,-30,-30,-30,30,-30,-30,7
5173,-30,-30,30,-30,-30,-30,-30,-30,-30,-30,2
4612,-30,-30,-30,-30,-30,-30,-30,-30,-30,-6,9
6743,-21,-30,-30,-30,-30,-30,6,-30,-30,-30,6
1688,-30,-30,-30,-30,-30,17,-30,-30,-30,-30,5
887,-30,-30,-30,-30,-30,-3,-30,-30,7,-30,8
9413,-30,-30,-30,30,-30,-18,-30,-30,-30,-30,3
1427,-30,-30,-30,-30,-30,-30,-30,-30,-30,24,9
1276,30,-30,-27,-30,-30,-19,-30,-30,-30,-30,0
9882,-30,-30,-30,-30,-30,30,-30,-30,-17,-30,5
3267,-30,-30,-30,-30,-30,-30,-30,30,-30,-30,7
1026,-30,30,-30,-30,-30,-30,-30,-30,-30,-30,1
8870,-30,-30,-30,-30,-30,-30,30,-30,-30,-30,6
4798,-30,30,-30,-30,-30,-30,-30,-30,-30,-30,1
6863,30,-30,-30,-30,-30,-30,-30,-30,-30,-30,0
8860,-30,-30,-30,-30,-30,-30,-30,-30,-30,30,9
7540,-30,-30,-30,30,-30,-30,-30,-30,-30,-30,3
690,-30,-30,-28,30,-30,-26,-30,-30,-30,-30,3
8423,-30,-30,-30,-30,30,1,-30,-30,-30,-30,4
6221,-30,-30,-30,-30,30,-30,-30,-30,-30,-30,4
1429,3,-30,-30,-4,-30,-16,-30,-30,-30,-30,0
8795,-30,-30,-30,-30,-30,-30,30,-30,-30,-30,6
8052,-30,-30,30,-30,-30,-30,-30,-30,-30,-30,2
4596,-30,-30,-30,-20,-30,30,-30,-30,-30,-30,5
1522,-30,-30,-30,-30,30,-30,-30,-30,-30,-30,4
326,-30,-30,30,-30,-30,-30,-30,-30,-30,-30,2
5234,-30,-30,-30,30,-30,-30,-30,-30,-30,-30,3
7363,-30,-30,-30,-30,30,-8,-30,-30,-30,-30,4
4801,-30,-30,-30,-30,-30,-30,30,-30,-30,-30,6
7077,-25,-30,-30,-30,-30,-30,-30,-30,-30,-30,0
2208,30,-30,-30,-30,-30,-23,-30,-30,-30,-30,0
2754,-30,-30,30,-30,-30,-30,-30,-30,-30,-30,2
5088,30,-30,-30,-30,-30,-30,-30,-30,-30,-30,0
9442,-30,30,-30,-30,-30,-30,-30,-30,-30,-30,1
8780,-30,-30,-30,-30,29,-20,-30,-30,-30,-30,4
7535,-30,-30,-30,-9,-30,30,-30,-30,-30,-30,5
6772,-30,-30,-30,-30,-30,-30,30,-30,-30,-30,6
9682,-30,-30,-30,-30,-30,-30,-30,-30,-30,-30,0
6210,-30,-30,-30,-30,-30,25,-30,-30,30,-30,8
3609,-30,-30,-30,-30,-30,-30,-30,-30,-30,30,9
1470,30,-30,-30,-30,-30,-30,-30,-30,-30,-30,0
2658,-30,30,-30,-30,-30,-30,-30,-30,-30,-30,1
3236,-30,-30,30,-30,-30,-30,-30,-30,-30,-30,2
2581,-30,-30,-9,-12,-30,-30,-30,-30,-30,-30,2
6318,-30,-30,-30,-30,6,-15,-30,-29,-30,-30,4
7339,-30,-30,-30,-30,-30,-25,-30,-30,-30,-30,5
1266,-30,-30,-30,-30,-30,-30,30,-30,-30,-30,6
4118,-30,-30,-30,-30,-30,-30,-30,-27,-30,-30,7
5208,-30,-30,-30,-30,-30,-3,-30,-30,30,-30,8
94,30,-30,-30,-30,-30,-28,-30,-30,-30,-30,0
6506,-30,30,-30,-30,-30,-30,-30,-30,-30,-30,1
650,-30,-30,30,-30,-30,-30,-30,-30,-30,-30,2
1504,-30,-30,-30,30,-30,-15,-30,-30,-30,-30,3
4556,-30,-30,-30,-30,-9,-30,-30,-30,-30,-30,4
5478,-30,-30,-30,-30,-30,30,-30,-30,-30,-30,5
4023,-30,-30,-30,-30,-30,-30,30,-30,-30,-30,6
7337,-30,-30,-30,-30,-30,-30,-30,-29,-30,-30,7
6335,-30,-30,-30,-30,-30,-16,-30,-30,30,-30,8
6540,-30,-30,-30,-30,-30,-30,-30,-30,-30,-17,9
2853,-30,-30,-30,30,-30,-21,-30,-30,-30,-30,3
6448,-30,-30,-30,-30,-30,-21,-30,-30,-30,-10,9
9045,-30,30,-30,-30,-30,-30,-30,-30,-30,-30,1
899,-30,-30,-30,30,-30,14,-30,-30,-30,-30,3
8191,-30,-30,-30,-30,-30,-30,-30,30,-30,-30,7
3203,-30,-30,-30,30,-30,-3,-30,-30,-30,-30,3
5065,-30,-30,30,-30,-30,-5,-30,-30,-30,-30,2
8579,-30,-30,-30,-30,-30,-30,-30,-30,30,-30,8
4963,30,-30,-30,-30,-30,-30,-30,-30,-30,-30,0
6527,-30,-30,-30,-30,-30,-30,-30,-30,-30,-30,0
4631,-30,-30,-30,28,-30,17,-30,-30,-30,-30,3
4763,-30,-30,-30,-30,-30,-30,-30,-30,-30,30,9
5820,-30,-30,-30,-30,-30,-30,-30,-30,-30,30,9
6568,17,-30,-30,12,-30,2,-30,-30,-30,-30,0
4997,-30,-30,-30,-30,-30,-30,-30,-30,-30,27,9
9667,-30,30,-30,-30,-30,-30,-30,-30,-30,-30,1
2858,-30,30,-30,-30,-30,-30,-30,-30,-30,-30,1
7575,-30,-30,-30,-30,-30,30,-30,-30,-30,-30,5
756,-30,-30,-30,-30,-30,-30,-30,-30,30,-30,8
4305,-30,-30,-30,-14,-30,-30,-30,-30,30,-30,8
7193,-30,-30,-30,-30,-30,-30,30,-30,-30,-30,6
4307,-30,-30,-30,30,-30,-30,-30,-30,-30,-30,3
4867,-30,-30,30,-30,-30,-30,-30,-30,-30,-30,2
2493,-30,30,-30,-30,-30,-30,-30,-30,-30,-30,1
5700,-30,-30,-30,-30,-30,-30,-30,-30,30,-30,8
5684,-30,-30,-30,11,-30,4,-30,-30,-30,-30,3
6477,-30,-30,30,-30,-30,-30,-30,-30,-30,-30,2
9969,-30,-30,-30,-30,-30,-30,30,-30,-30,-30,6
8057,-30,-30,-30,-29,-30,30,-30,-30,-30,-30,5
2608,-30,-30,-30,-30,-30,-30,30,-30,-30,-30,6
3784,-26,-30,-30,-30,-30,-13,-30,-30,-30,-30,5
5650,-30,-30,-7,-30,-30,-21,-30,-30,-30,-30,2
5973,-30,30,-30,-30,-30,-30,-30,-30,-30,-30,1
5355,30,-30,-30,-30,-30,-30,-30,-30,-25,-30,0
8556,-30,-30,-30,-30,-30,-30,-30,-30,-30,-30,0
3660,-30,-30,-30,30,-30,-30,-30,-30,-30,-30,3
1248,-30,30,-30,-30,-30,-30,-30,-30,-30,-30,1
4739,-30,-30,-30,-30,-30,-30,-30,-30,-30,30,9
8915,-30,-30,30,-30,-30,-30,-30,-30,-30,-30,2
9632,-30,30,-30,-30,-30,-30,-30,-30,-30,-30,1
1558,-30,-30,-30,-30,-30,-30,-30,-30,-30,30,9
1496,-30,-30,-30,-30,-30,-30,30,-30,-30,-30,6
1467,30,-30,-30,-30,-30,-30,-30,-30,-30,-30,0
895,-30,-30,-30,-30,30,-30,-30,-30,-30,-30,4
2963,-30,-30,-30,-30,-30,-30,30,-30,-30,-30,6
1815,-30,30,-30,-30,-30,-30,-30,-30,-30,-30,1
7488,-30,-30,-30,-30,-30,-30,-30,-30,-30,8,9
6063,-30,-30,-30,30,-30,-30,-30,-30,-30,-30,3
2198,-30,-30,-30,-30,-30,-30,-30,-30,-13,-30,8
3404,-30,-30,-30,-30,-30,-30,-30,-30,-30,3,9
3908,-30,-30,30,-9,-30,-30,-30,-30,-30,-30,2
69,-30,-30,-30,-30,-30,-30,-30,-30,-30,30,9
6990,-30,-30,-30,-30,-30,-30,30,-30,-30,-30,6
5396,-30,-30,-30,-30,-30,30,-30,-30,-30,-30,5
8480,-30,-30,-30,-30,-30,-30,-30,-30,30,-30,8
2564,5,-30,-30,-30,-30,-28,-30,-30,-30,-30,0
634,-30,-30,-30,11,-30,-30,-30,-30,-30,-30,3
2144,-30,-30,-30,-30,-30,-30,-30,-30,-30,-30,0
7702,-30,30,-30,-30,-30,-30,-30,-30,-30,-30,1
2051,-30,-30,-30,-30,-30,-30,30,-30,-30,-30,6
1719,-30,30,-30,-30,-30,-30,-30,-30,-30,-30,1
226,30,-30,-30,-30,-30,-18,-30,-30,-30,-30,0
9483,-30,-30,-30,-30,-30,-30,-30,-30,-30,30,9
4107,-30,-30,-30,-30,-30,-30,30,-30,-30,-30,6
3178,-30,-30,30,-6,-30,-30,-30,-30,-30,-30,2
6699,-30,-30,-30,30,-30,-3,-30,-30,-30,-30,3
4069,-30,-30,-30,-30,30,-30,-30,-30,-30,-30,4
2284,-30,-30,30,-30,-30,-9,-30,-30,-30,-30,2
5793,-30,-30,-30,30,-30,-30,-30,-30,-30,-30,3
9676,-30,-30,-30,-30,30,-30,-30,-30,-30,-30,4
6051,-30,-30,-30,-30,30,-30,-30,-30,-30,-30,4
3075,-30,-30,-30,-30,-30,-30,30,-30,-30,-30,6
63,30,-30,-30,-30,-30,-22,-30,-30,-30,-30,0
5957,30,-30,-30,-30,-30,-15,-30,-30,-30,-30,0
7694,-30,-30,30,-30,-30,-30,-30,-30,-30,-30,2
8564,30,-30,-30,-30,-30,-3,-30,-30,-30,-30,0
7869,-30,30,-30,-30,-30,-30,-30,-30,-30,-30,1
577,-30,-30,-30,-30,-30,-30,-30,-30,-30,-30,0
4194,-30,-30,-30,-14,-30,-11,-30,-30,-4,-30,8
638,-30,-30,-30,-30,-30,-30,-30,-30,-30,-30,0
9960,-30,-30,-30,7,-30,19,-30,-30,-30,-30,5
3792,-30,-30,-30,-30,-30,-30,-23,-30,-30,-30,6
367,-30,-30,-30,-30,-30,-30,-30,30,-30,-30,7
3219,-23,-30,-30,-30,-30,-29,-30,-30,-14,-30,8
6421,-30,-30,-30,-30,-30,-18,-30,-30,-30,30,9
2329,30,-30,-30,-30,-30,-30,-30,-30,-30,-30,0
6669,-30,30,-30,-30,-30,-30,-30,-30,-30,-30,1
381,-30,-30,30,-30,-30,4,-30,-30,-30,-30,2
5629,-30,-30,-30,-7,-30,-30,-30,-30,-5,-30,8
7287,-30,-30,-30,-30,30,-30,-30,-30,-30,-30,4
6044,-30,-30,-30,9,-30,16,-30,-30,5,-30,5
3797,-30,-30,-30,-30,-30,-30,30,-30,-30,-30,6
7360,-30,-30,-30,-30,-30,-30,-30,30,-30,-30,7
6462,-30,-30,-30,-30,-30,-30,-30,-30,-10,-30,8
3162,-30,-30,-30,-30,-30,-30,-30,-30,-30,21,9
8035,30,-30,-30,-30,-30,-11,-30,-30,-30,-30,0
2167,-30,30,-30,-30,-30,-30,-30,-30,-30,-30,1
6366,-30,-30,30,-30,-30,-26,-30,-30,-30,-30,2
1229,-30,-30,-30,-30,-30,-12,-30,-30,-27,-30,5
7744,-30,-30,-30,-30,30,-30,-30,-30,-30,-30,4
6005,-30,-30,-30,-30,-30,22,-30,-30,-3,-30,5
4899,-30,-30,-30,-30,-30,-30,30,-30,-30,-30,6
6961,-30,-30,-30,-30,-30,-30,-30,30,-30,-30,7
4637,-13,-30,-30,-30,-30,-30,-30,-30,-16,-30,0
8804,-30,-30,-30,-30,-30,-30,-30,-30,-30,-22,9
1729,-30,-30,-30,-23,-30,-1,-30,-30,-29,-30,5
5316,-30,-30,-30,-30,-30,-30,0,-30,-30,-30,6
1907,-30,-30,-30,-29,-30,30,-30,-30,-30,-30,5
6076,30,-30,-30,-30,-30,-28,-30,-30,-30,-30,0
545,-30,-30,-30,-30,-30,-30,30,-30,-30,-30,6
5554,-30,-30,-30,-30,-30,-30,-30,-30,12,-30,8
8398,-30,-30,-30,-30,-30,-30,-30,-30,-30,30,9
5969,-30,-30,-30,-30,2,-30,-30,-30,-30,-30,4
7020,-30,30,-30,-30,-30,-30,-30,-30,-30,-30,1
5573,-30,-30,-30,-30,-30,-30,-30,-30,-30,18,9
6631,-30,-30,-30,-12,-30,29,-30,-30,-30,-30,5
1453,-30,-30,-30,-30,-30,-6,-30,-30,-27,-30,5
9690,30,-30,-30,-30,-30,-30,-30,-30,-30,-30,0
1916,-30,-30,-30,-30,-30,-30,-30,-30,-30,-8,9
9268,-30,-30,-30,-24,-30,-6,-30,-30,-22,-30,5
6676,-30,-30,-30,-30,-30,-21,-30,-30,-30,-1,9
6774,-30,30,-30,-30,-30,-30,-30,-30,-30,-30,1
3361,-30,-30,-30,-30,30,-30,-30,-30,-30,-30,4
3129,30,-30,-30,-30,-30,-4,-30,-30,-30,-30,0
3802,-30,-30,-30,1,-30,-30,-30,-30,-29,-30,3
8127,-30,-30,-30,15,-30,-17,-30,-30,-30,-30,3
3406,-30,-30,-4,-30,-30,-3,-30,-30,-30,-30,5
9989,-30,30,-30,-30,-30,-30,-30,-30,-30,-30,1
1314,-30,-30,-30,-12,-30,1,-30,-30,-18,-30,5
4670,-30,-30,-30,-30,-15,-30,-30,-30,-30,-30,4
1218,5,-30,-30,-30,-30,-18,-30,-30,-30,-30,0
2562,-30,-30,-30,-30,-30,-30,-30,30,-30,-30,7
6340,-30,-30,-30,-30,-30,-30,30,-30,-30,-30,6
9881,30,-30,-30,-30,-30,-8,-30,-30,-30,-30,0
6018,-30,30,-30,-30,-30,-30,-30,-30,-30,-30,1
2279,-30,-30,-30,-30,-30,-30,-30,30,-30,-30,7
1702,30,-30,-30,-30,-30,-21,-30,-30,-30,-30,0
555,-30,-30,-30,-30,-30,-30,30,-30,-30,-30,6
9641,-30,-30,-30,-30,-30,-30,-30,-30,30,-30,8
4825,-30,-30,-30,-30,-30,-30,-30,-30,-30,24,9
2539,-30,-30,-30,-30,-30,-30,-30,-30,11,-30,8
9479,-30,30,-30,-30,-30,-30,-30,-30,-30,-30,1
6856,-30,-30,-30,-30,-30,-30,-30,30,-30,-30,7
8025,-30,-30,-30,-30,-30,-30,-30,-30,-30,-30,0
750,-30,-30,-30,-30,-30,-30,-30,-30,30,-30,8
8489,-30,-30,-30,-30,-30,-30,4,-30,-30,-30,6
8712,30,-30,-30,-30,-30,-13,-30,-30,-30,-30,0
151,-30,-30,-30,-30,-30,-7,-30,-30,-13,-30,5
6898,-30,30,-30,-30,-30,-30,-30,-30,-30,-30,1
6054,-30,-30,-30,-30,-30,-30,-30,30,-30,-30,7
4722,-30,-30,-30,-30,-30,-30,-30,30,-30,-30,7
771,-30,30,-30,-30,-30,-30,-30,-30,-30,-30,1
5964,-30,-30,-30,30,-30,1,-30,-30,-30,-30,3
863,-30,-30,30,-30,-30,-30,-30,-30,-30,-30,2
3645,-30,-30,-30,-2,-30,2,-30,-30,-30,-30,5
7137,-30,30,-30,-30,-30,-30,-30,-30,-30,-30,1
805,-30,-30,-30,-30,26,-30,-30,-30,-30,-30,4
8282,-30,-30,30,-30,-30,-30,-30,-30,-30,-30,2
2774,28,-30,-30,-30,-30,-1,-30,-30,-30,-30,0
1393,30,-30,-30,-30,-30,-26,-30,-30,-30,-30,0
4445,-30,-30,-30,-30,-30,-30,-30,30,-30,-30,7
7057,-30,-30,-30,-30,-30,-30,-30,-30,30,-30,8
2826,-30,-30,-30,-30,-15,-30,-30,-30,-30,-30,4
5057,-30,-30,-30,-30,-30,-30,21,-30,-30,-30,6
528,-30,-30,-30,-30,26,-30,-30,-30,-30,-30,4
4529,-30,-30,-30,-30,-30,-30,-30,-30,-30,30,9
2639,-30,-30,-30,-19,-30,-8,-30,-30,-30,-30,5
3441,-30,-30,-30,-30,-30,-30,-30,-30,-25,-30,8
6604,-30,-30,-30,-30,11,-30,-30,-30,-30,-30,4
7213,-30,-30,-30,-30,-30,-30,-30,27,-30,-30,7
1894,-30,-30,13,-30,-30,-8,-30,-30,-30,-30,2
8297,-30,-30,-30,-29,-30,30,-30,-30,-30,-30,5
9047,-30,-30,-30,-30,-30,-30,30,-30,-30,-30,6
485,-30,-30,-30,-8,-30,9,-30,-30,-30,-30,5
1751,-30,-30,-30,-30,-30,-30,25,-30,-30,-30,6
7907,-30,-30,-30,-30,-30,-30,-30,-30,-30,29,9
4365,-30,-30,-30,-30,-30,-30,30,-30,-30,-30,6
2362,-30,-30,-30,20,-30,-12,-30,-30,-30,-30,3
6470,-25,-30,-30,-30,-30,-30,-30,-30,-28,-30,0
4414,-30,-30,30,-30,-30,-30,-30,-30,-30,-30,2
5252,-30,-30,-30,-30,-30,-30,-30,-30,-30,-30,0
7859,-30,-30,-30,-30,-30,-30,30,-30,-30,-30,6
7607,-30,-30,-30,-30,-30,-30,-30,-30,-30,30,9
1852,30,-30,-30,-30,-30,-30,-30,-30,-30,-30,0
5993,-30,-30,10,-30,-30,-30,-30,-30,-30,-30,2
5142,-30,-30,-30,-30,-30,0,-30,-30,-30,-30,5
3386,-30,-30,-30,-29,-30,30,-30,-30,-24,-30,5
5171,-30,30,-30,-30,-30,-30,-30,-30,-30,-30,1
6243,-30,-30,-30,-30,-30,-2,-30,-30,-30,-30,5
9942,-30,-30,-30,5,-30,-29,-30,-30,-30,-30,3
6859,-30,-30,-30,-30,-30,-30,-30,-30,-30,10,9
3464,-30,-30,-30,-30,-30,-30,-30,30,-30,-30,7
5500,-30,-30,-30,-4,-30,-30,-30,-30,11,-30,8
6169,-30,-30,-30,-30,-30,-30,-30,30,-30,-30,7
2616,-30,-30,30,-30,-30,-14,-30,-30,-30,-30,2
8994,-30,-30,30,-30,-30,-30,-30,-30,-30,-30,2
4545,-30,-30,-30,-30,-30,12,-30,-30,-23,-30,5
184,-30,-30,-30,-30,-30,-30,-30,30,-30,-30,7
5509,-30,-30,-30,-30,-30,-30,-30,-30,-30,30,9
983,-30,-30,-30,-29,-30,24,-30,-30,-30,-30,5
2237,-30,-30,30,-30,-30,-30,-30,-30,-30,-30,2
5516,-30,30,-30,-30,-30,-30,-30,-30,-30,-30,1
9385,-30,-30,-30,-30,-30,-26,-30,-30,-15,-30,8
4342,-30,30,-30,-30,-30,-30,-30,-30,-30,-30,1
8857,-30,-30,-30,30,-30,-13,-30,-30,-30,-30,3
8993,30,-30,-30,-30,-30,-30,-30,-30,-30,-30,0
3945,-30,30,-30,-30,-30,-30,-30,-30,-30,-30,1
8028,-30,-30,30,-30,-30,-30,-30,-30,-30,-30,2
2109,-30,-30,-30,-30,-30,-30,-30,-30,-30,-30,0
2216,-30,-30,-30,-30,29,-30,-30,-30,-30,-30,4
458,-30,-30,-30,-30,-30,30,-30,-30,-30,-30,5
5079,-30,-30,-30,-30,-30,-30,30,-30,-30,-30,6
223,-30,-30,-30,-30,-30,-30,-30,30,-30,-30,7
4260,30,-30,-30,-30,-30,-30,-30,-30,-30,-30,0
3567,-30,-30,-30,30,-30,-18,-30,-30,-30,-30,3
669,30,-30,-30,-30,-30,-30,-30,-30,-30,-30,0
1760,-30,30,-30,-30,-30,-30,-30,-30,-30,-30,1
8640,-30,-30,30,-30,-30,-18,-30,-30,-30,-30,2
2732,-30,-30,-30,8,-30,-15,-30,-30,-30,-30,3
9142,-30,-30,-30,-30,30,-30,-30,-30,-30,-30,4
5078,-30,-30,-30,-30,-30,30,-30,-30,-30,-30,5
893,-30,-30,-30,-30,-30,-30,30,-30,-30,-30,6
3370,-30,-30,-30,-30,-30,-30,-30,30,-30,-30,7
6534,-6,-30,-30,-30,-30,1,-30,-30,-29,-30,5
5083,-28,-30,-30,8,-30,-24,-30,-30,-30,-30,3
8192,30,-30,-30,-30,-30,-27,-30,-30,-30,-30,0
3017,-30,30,-30,-30,-30,-30,-30,-30,-30,-30,1
3848,-30,-30,30,-21,-30,-2,-30,-30,-30,-30,2
5575,-30,-30,-30,-3,-30,-30,-30,-30,-30,-30,3
6680,-30,-30,-30,-30,21,-30,-30,-30,-30,-30,4
1822,-30,-30,-30,-30,-30,30,-30,-30,-30,-30,5
9426,-30,-30,-30,-30,-30,-30,30,-30,-30,-30,6
4945,-30,-30,-30,-30,-30,-30,-30,30,-30,-30,7
4671,-2,-30,-30,-30,-30,-16,-30,-30,-30,-30,0
7836,-1,-30,-30,-30,-30,-18,-30,-30,-30,-30,0
6555,-30,30,-30,-30,-30,-30,-30,-30,-30,-30,1
903,-30,-30,-9,-17,-30,-25,-30,-30,-30,-30,2
1055,-30,-30,-30,-30,-30,-30,30,-30,-30,-30,6
7448,-30,-30,-30,-30,-30,30,-30,-30,-30,-30,5
5546,-30,-30,-30,30,-30,14,-30,-30,-30,-30,3
4059,30,-30,-30,-30,-30,-30,-30,-30,-30,-30,0
2005,-30,-30,-30,-30,-30,-30,-30,30,-30,-30,7
5149,30,-30,-30,-30,-30,-20,-30,-30,-30,-30,0
9766,-30,-30,-30,-30,21,-30,-30,-30,-30,-30,4
1584,-30,-30,-30,-24,-30,-30,-30,-30,-30,-30,3
2708,-30,-30,-30,-30,30,-28,-30,-30,-30,-30,4
5452,-30,-30,-30,-4,-30,-30,-30,-30,-30,-30,3
8493,-30,-30,-30,-30,-30,-30,30,-30,-30,-30,6
754,-30,-30,-30,-30,-30,-30,-30,30,-30,-30,7
2576,-30,-30,30,-30,-30,-23,-30,-30,-30,-30,2
1025,-30,-30,-30,30,-30,7,-30,-30,-30,-30,3
8601,-30,14,-30,-30,-30,-30,-30,-30,-30,-30,1
9349,-30,-30,30,-30,-30,-30,-30,-30,-30,-30,2
5885,-30,27,-30,-30,-30,-30,-30,-30,-30,-30,1
5889,-30,-30,25,-30,-30,-3,-30,-30,-7,-30,2
7944,-26,-30,-30,-30,-30,-30,-30,-30,-30,-30,0
6317,-30,-30,-30,-30,-30,-30,30,-30,-30,-30,6
5665,30,-30,-30,-30,-30,-30,-30,-30,-30,-30,0
4574,-30,20,-30,-30,-30,-30,-30,-30,-30,-30,1
1479,-30,-30,-30,2,-30,-14,-30,-30,-30,-30,3
4805,30,-30,-30,-30,-30,-30,-30,-30,-30,-30,0
2896,-30,-30,30,-30,-30,-13,-30,-30,-30,-30,2
796,-30,-30,-30,-30,-30,-30,-30,30,-30,-30,7
7463,-30,-30,-30,-30,-30,30,-30,-30,-30,-30,5
4916,-30,-30,-30,-30,-30,-30,-30,30,-30,-30,7
1107,-30,-30,-30,-30,-30,-30,30,-30,-30,-30,6
2181,-30,-30,30,-30,-30,-30,-30,-30,-30,-30,2
1591,-18,-30,-30,-28,-30,-26,-30,-30,-30,-30,0
6093,-30,30,-30,-30,-30,-30,-30,-30,-30,-30,1
3669,-2,-30,-30,-30,-30,-30,-30,-30,-30,-30,0
9237,30,-30,-30,-30,-30,-24,-30,-30,-30,-30,0
5189,-30,-30,-30,-30,-30,-30,30,-30,-30,-30,6
827,30,-30,-30,-30,-30,-20,-30,-30,-30,-30,0
4077,-30,-30,-30,-30,-30,-30,30,-30,-30,-30,6
6563,30,-30,-30,-30,-30,-28,-30,-30,-30,-30,0
1532,-30,-30,30,-30,-30,-15,-30,-30,-30,-30,2
3912,30,-30,-30,-30,-30,-30,-30,-30,-30,-30,0
550,-30,-30,-30,-30,-30,-30,30,-30,-30,-30,6
3317,-30,30,-30,-30,-30,-30,-30,-30,-30,-30,1
7074,-30,-30,-30,-30,-30,30,-30,-30,-8,-30,5
8905,-30,-30,-30,-30,-30,-30,-30,-30,-6,-30,8
3817,-30,-30,-30,-30,30,-30,-30,-30,-30,-30,4
2798,-30,-30,-3,19,-30,-11,-30,-30,-30,-30,3
4738,30,-30,-30,-30,-30,-12,-30,-30,-30,-30,0
2124,-30,30,-30,-30,-30,-30,-30,-30,-30,-30,1
3812,-30,-30,-30,-30,-30,30,-30,-30,-30,-30,5
8029,-30,-30,-30,-30,1,-30,-30,-30,-30,-30,4
2813,-30,-30,-30,-30,30,-17,-30,-30,-30,-30,4
7003,-30,-30,-30,-30,-30,-30,-30,-30,30,-30,8
8542,-30,-30,-30,-30,-30,30,-30,-30,-30,-30,5
4200,-30,-30,-30,-30,-30,-30,-30,30,-30,-30,7
1754,-30,-30,-30,-30,-30,30,-30,-30,-30,-30,5
259,-30,-30,-30,-30,-30,-30,-30,30,-30,-30,7
8074,-30,-30,-30,-30,-30,-13,-30,-30,-25,-30,5
5008,-30,-30,-30,30,-30,-2,-30,-30,-30,-30,3
7932,-30,-30,-30,-30,-2,-30,-30,-30,-30,-30,4
1036,-30,-30,-23,-30,-30,-8,-30,-30,-30,-30,5
4750,-30,-30,-30,-30,-30,-9,-30,-30,-26,-30,5
7913,-30,-30,-30,-30,-30,30,-30,-30,-30,-30,5
9531,-30,-30,30,-30,-30,-30,-30,-30,-30,-30,2
745,15,-30,-30,-30,-30,-30,-30,-30,-30,-30,0
8472,-30,-30,-30,-30,-30,-30,-30,30,-30,-30,7
7314,-30,30,-30,-30,-30,-30,-30,-30,-30,-30,1
4949,-30,-30,-30,-8,-30,20,-30,-30,-29,-30,5
5127,-15,-30,-24,-30,-30,-23,-30,-30,-30,-30,0
4485,-30,30,-30,-30,-30,-30,-30,-30,-30,-30,1
392,30,-30,-30,-30,-30,-30,-30,-30,-30,-30,0
53,-30,-30,-30,-30,-30,-30,-30,30,-30,-30,7
2065,-30,-30,-30,-30,-30,5,-30,-30,-25,-30,5
8491,-30,-30,-30,30,-30,-15,-30,-30,-30,-30,3
6455,-30,-30,-30,-30,-30,-30,30,-30,-30,-30,6
9248,-30,-30,-30,30,-30,-14,-30,-30,-30,-30,3
1529,-30,-30,-30,-30,28,-30,-30,-30,-30,-30,4
4609,-30,-30,-30,-30,-30,-30,-30,30,-30,-30,7
2915,-30,-30,-30,-30,-30,-30,-30,30,-30,-30,7
6030,18,-30,-30,-30,-30,-30,-30,-30,-30,-30,0
1697,-12,-30,-30,-20,-30,-17,-30,-30,-30,-30,0
3573,-30,-30,-30,-17,-30,6,-30,-30,-30,-30,5
6270,-30,-30,-30,-30,30,-30,-30,-30,-30,-30,4
4761,-30,-30,-30,-30,30,-27,-30,-30,-30,-30,4
4707,-30,-30,-30,22,-30,20,-30,-30,-30,-30,3
9074,-30,-30,-30,-30,-30,-13,-30,-30,-21,-30,5
2079,-30,-30,-30,-30,-30,-30,30,-30,-30,-30,6
129,-30,-30,30,-30,-30,-30,-30,-30,-30,-30,2
6940,30,-30,-30,-30,-30,-30,-30,-30,-30,-30,0
7432,-30,30,-30,-30,-30,-30,-30,-30,-30,-30,1
4601,-30,-30,30,-30,-30,-30,-30,-30,-30,-30,2
3813,-30,-30,-30,30,-30,-11,-30,-30,23,-30,3
4827,-30,-30,-30,-30,30,-30,-30,-30,-30,-30,4
9323,-30,-30,-30,-30,-30,30,-30,-30,-30,-30,5
675,-30,-30,-30,-30,-30,-30,30,-30,-30,-30,6
7491,-30,-30,-30,-30,-30,-30,-30,-1,-30,-28,7
5843,-30,-30,-30,-30,-30,-30,-30,-30,30,-30,8
6065,-30,-30,-30,-30,-30,-30,-30,-30,-30,30,9
1701,30,-30,-30,-30,-30,-29,-30,-30,-30,-30,0
4427,-30,30,-30,-30,-30,-30,-30,-30,-30,-30,1
7102,-30,-30,30,-30,-30,-30,-30,-30,-30,-30,2
4663,-30,-30,-30,30,-30,-1,-30,-30,-30,-30,3
7877,-30,-30,-30,-30,30,-30,-30,-30,-30,-30,4
7208,-30,-30,-30,-30,-30,30,-30,-30,-30,-30,5
8581,-30,-30,-30,-30,-30,-30,30,-30,-30,-30,6
568,-30,-30,-30,-30,-30,-30,-30,30,-30,-30,7
5570,-30,-30,-30,-30,-30,30,-30,-30,2,-30,5
1373,-30,-30,-30,-30,-30,-30,-30,-30,-30,30,9
8041,30,-30,-30,-30,-30,-27,-30,-30,-30,-30,0
7332,-30,30,-30,-30,-30,-30,-30,-30,-30,-30,1
938,-30,-30,30,-30,-30,-16,-30,-30,-30,-30,2
4467,-30,-30,-30,30,-30,-30,-30,-30,-30,-30,3
4300,-30,-30,-30,-30,30,-16,-30,-30,-30,-30,4
3038,-30,-30,-30,-30,-30,30,-30,-30,-30,-30,5
8404,-30,-30,-30,-30,-30,-30,30,-30,-30,-30,6
5657,-30,-30,-30,-30,-30,-30,-30,16,-30,-30,7
6207,-30,-30,-30,-30,-30,-30,-30,-30,30,-30,8
8210,-30,-30,-30,-30,-30,-30,-30,-30,-30,-7,9
6805,30,-30,-30,-30,-30,-30,-30,-30,-30,-30,0
564,-30,-30,-30,-30,-30,-30,-30,-30,30,-30,8
6000,-30,-30,-30,30,-30,30,-30,-30,-30,-30,3
4710,-30,-30,-30,-30,-30,-30,-30,-30,-30,30,9
1056,-30,-30,-30,-30,-30,30,-30,-30,-30,-30,5
5847,-30,-30,-30,-30,-30,30,-30,-30,-30,-30,5
7717,-30,-30,30,-30,-30,-30,-30,-30,-30,-30,2
7634,-30,-30,-30,-30,-30,-30,30,-30,-30,-30,6
3569,-30,-30,-30,-24,-30,-30,-30,-30,30,-30,8
2875,-30,-30,-30,-30,30,-30,-30,-30,-30,-30,4
3824,-30,-30,-30,-30,-30,-30,-30,-30,-30,30,9
4178,-30,30,-30,-30,-30,-30,-30,-30,-30,-30,1
8837,-30,-30,-30,-30,-30,-30,-30,-30,-30,7,9
3689,-30,30,-30,-30,-30,-30,-30,-30,-30,-30,1
9329,-30,-30,30,-30,-30,-30,-30,-30,-30,-30,2
2821,-30,-30,-30,30,-30,-7,-30,-30,-30,-30,3
4008,-30,-30,-30,-30,-30,30,-30,-30,-30,-30,5
1301,-30,-30,-30,-30,-30,-30,-30,-30,-30,-3,9
2059,-30,-30,-30,-30,-30,-30,30,-30,-30,-30,6
6916,-30,-30,-30,-30,-30,-30,-30,-30,-30,30,9
3712,-30,30,-30,-30,-30,-30,-30,-30,-30,-30,1
2174,-30,30,-30,-30,-30,-30,-30,-30,-30,-30,1
8015,-30,30,-30,-30,-30,-30,-30,-30,-30,-30,1
8671,-30,-30,30,-30,-30,-30,-30,-30,-30,-30,2
1251,-30,-30,-30,-30,-30,-30,-30,-30,-30,30,9
7559,-30,-30,-30,-30,-30,30,-30,-30,-30,-30,5
7997,-30,-30,-30,-30,-30,-30,30,-30,-30,-30,6
9218,-30,-30,-11,-30,-30,10,-30,-30,-12,-30,5
9113,-30,30,-30,-30,-30,-30,-30,-30,-30,-30,1
9444,-30,-30,29,1,-30,-24,-30,-30,-30,-30,2
8077,30,-30,-30,-30,-30,-29,-30,-30,-30,-30,0
4136,-30,-30,-30,-30,-30,-30,-30,16,-30,-30,7
4621,-30,-30,-30,-30,-30,-30,-30,-30,-30,-30,0
9797,-30,-30,-30,-30,-30,30,-30,-30,-30,-30,5
9927,-30,-30,-30,-30,-30,-7,-30,-30,30,-30,8
2535,-30,-30,30,-30,-30,-30,-30,-30,-30,-30,2
9409,-30,-30,-30,-30,-30,-30,-30,-30,-30,30,9
1610,-30,-30,-30,25,-30,-30,-30,-30,30,-30,8
6609,-30,-30,-30,-30,-30,-30,-30,-30,-30,30,9
663,30,-30,-30,-30,-30,-3,-30,-30,-30,-30,0
4611,-30,-30,-30,-30,30,-30,-30,-30,-30,-30,4
1521,-30,-30,-30,-30,-30,-30,30,-30,-30,-30,6
6059,-30,-30,-30,-30,-30,-30,-30,30,-30,-30,7
2133,-30,30,-30,-30,-30,-30,-30,-30,-30,-30,1
6294,-30,-30,-30,30,-30,-15,-30,-30,-30,-30,3
5044,-30,-30,-30,-30,30,-30,-30,-30,-30,-30,4
9765,-30,-30,-30,-30,-30,30,-30,-30,-30,-30,5
8118,-30,-30,-30,-30,-30,-30,30,-30,-30,-30,6
5432,30,-30,-30,-30,-30,0,-30,-30,-30,-30,0
8997,-30,-30,-30,30,-30,-30,-30,-30,-30,-30,3
110,-30,-30,-30,-30,-30,-30,30,-30,-30,-30,6
9202,-30,-30,-30,-30,-30,-10,-30,-30,30,-30,8
5141,-30,-30,-30,-30,-30,-30,-30,30,-30,-30,7
7181,30,-30,-30,-30,-30,-30,-30,-30,-30,-30,0
9046,-30,-30,-30,-30,30,-30,-30,-30,-30,-30,4
6581,-30,-30,30,-30,-30,-23,-30,-30,-30,-30,2
4646,-30,-30,-30,-30,-30,-30,-30,30,-30,-30,7
1168,-30,-30,-30,-30,30,-30,-30,-30,-30,-30,4
6910,-30,-30,-30,-30,-30,-30,-30,30,-30,-30,7
387,-30,-30,-30,-30,-30,30,-30,-30,-30,-30,5
1847,-30,-30,-30,-30,30,-30,-30,-30,-30,-30,4
1518,-30,-30,-30,30,-30,-16,-30,-30,-30,-30,3
2057,-30,-30,-30,-30,30,-30,-30,-30,-30,-30,4
6452,-30,-30,30,-30,-30,-9,-30,-30,-30,-30,2
1167,-30,-30,-30,-30,-30,-30,-30,-30,30,-30,8
14,-30,30,-30,-30,-30,-30,-30,-30,-30,-30,1
9053,-30,-30,-30,-30,-30,30,-30,-30,-30,-30,5
3448,-30,30,-30,-30,-30,-30,-30,-30,-30,-30,1
9649,-30,-30,30,-30,-30,-30,-30,-30,-30,-30,2
7460,30,-30,-30,-30,-30,-30,-30,-30,-30,-30,0
6811,-30,-30,30,-30,-30,-28,-30,-30,-30,-30,2
6471,-30,-30,-30,-30,-30,30,-30,-30,-30,-30,5
5709,-30,-30,-30,-30,-30,-30,30,-30,-30,-30,6
8304,-30,-30,-30,-30,30,-30,-30,-30,-30,-30,4
1771,-30,-30,-7,30,-30,-6,-30,-30,-30,-30,3
9536,30,-30,-30,-30,-30,-9,-30,-30,-30,-30,0
5676,30,-30,-30,-30,-30,-17,-30,-30,-30,-30,0
5022,30,-30,-30,-30,-30,-30,-30,-30,-30,-30,0
1613,-30,-30,-30,7,-30,7,-30,-30,-30,-30,3
3735,-30,-30,-30,5,-30,-16,-30,-30,-30,-30,3
6584,-30,-30,-30,-30,-30,30,-30,-30,-30,-30,5
2927,-30,-30,-30,-30,-30,-30,-30,30,-30,-30,7
692,30,-30,-30,-30,-30,-29,-30,-30,-30,-30,0
8145,-30,-30,-30,-30,-30,-30,30,-30,-30,-30,6
4110,-30,-30,-30,-30,30,-30,-30,-30,-30,-30,4
8531,-30,-30,-30,-30,-30,-9,-30,-30,30,-30,8
7392,-30,-30,-30,-30,-30,-7,-30,-30,24,-30,8
1140,-30,-30,-30,-30,-30,-30,30,-30,-30,-30,6
2074,-30,-30,-30,30,-30,-4,-30,-30,-30,-30,3
5886,-30,-30,-30,-30,30,-30,-30,-30,-30,-30,4
8745,-30,-30,-30,-30,-30,-30,30,-30,-30,-30,6
8451,-30,-30,-30,-30,-30,-30,-30,-30,-30,30,9
2575,-30,-30,-30,-30,-30,9,-30,-25,-30,-2,5
722,-30,-30,-30,-30,-30,-23,-30,-30,30,-30,8
3991,-30,-30,30,-30,-30,-21,-30,-30,-30,-30,2
8255,-30,-30,-30,-30,-30,-30,-30,30,-30,-30,7
9107,-30,-30,-30,-30,-30,-30,-30,30,-30,-30,7
5944,-30,30,-30,-30,-30,-30,-30,-30,-30,-30,1
6436,30,-30,-30,-30,-30,-30,-30,-30,-30,-30,0
2110,-30,30,-30,-30,-30,-30,-30,-30,-30,-30,1
9240,-30,-30,30,-30,-30,-30,-30,-30,-30,-30,2
917,-30,-30,-30,-15,-30,-30,-30,-30,-30,-30,3
784,-30,-30,-30,-30,30,-30,-30,-30,-30,-30,4
3680,-30,-30,-30,-30,-30,30,-30,-30,-29,-30,5
4252,-30,-30,-30,-30,-30,-30,30,-30,-30,-30,6
7141,-30,-30,-30,-30,-30,-30,-30,30,-30,-30,7
425,-30,-30,-30,-30,-30,-30,-30,-30,30,-30,8
1814,-30,-30,-30,-30,-30,-30,-30,-30,-30,30,9
2028,30,-30,-30,-30,-30,-30,-30,-30,-30,-30,0
6190,-30,30,-30,-30,-30,-30,-30,-30,-30,-30,1
8405,-30,-30,30,-30,-30,-30,-30,-30,-30,-30,2
9963,-30,-30,-30,30,-30,-30,-30,-30,-30,-30,3
4560,-30,-30,-30,-30,30,-30,-30,-30,-30,-30,4
4488,-30,-30,-30,-30,-30,5,-30,-30,-30,-30,5
2510,-30,-30,-30,-30,-30,-30,30,-30,-30,-30,6
3785,-30,-30,-30,-30,-30,-30,-30,30,-30,-30,7
1183,-30,-30,-30,-30,-30,-30,-30,-30,30,-30,8
8638,30,-30,-30,-30,-30,-30,-30,-30,-30,-30,0
6136,-30,30,-30,-30,-30,-30,-30,-30,-30,-30,1
720,-30,-30,30,-30,-30,-30,-30,-30,-30,-30,2
3228,-30,-30,-30,13,-30,-30,-30,-30,-30,-30,3
9874,-30,-30,-30,-30,30,-30,-30,-30,-30,-30,4
5728,-30,-30,-30,-30,-30,30,-30,-30,-30,-30,5
9609,-30,-30,-30,-30,-30,-30,30,-30,-30,-30,6
8843,-30,-30,-30,-30,-30,-30,-30,30,-30,-30,7
7890,-30,-30,-30,-30,-30,-30,-30,-30,30,-30,8
2976,-30,-30,30,-30,-30,-30,-30,-30,-30,-30,2
3725,-30,30,-30,-30,-30,-30,-30,-30,-30,-30,1
2452,-30,-30,-30,-30,-30,-30,-30,30,-30,-30,7
1372,-30,-30,30,-30,-30,-30,-30,-30,-30,-30,2
3678,-30,-30,-30,-30,-30,30,-30,-30,-30,-30,5
4564,30,-30,-30,-30,-30,-30,-30,-30,-30,-30,0
2366,-30,-30,-30,-30,-30,-30,-30,-30,30,-30,8
9542,30,-30,-30,-30,-30,-30,-30,-30,-30,-30,0
7938,-30,-30,30,-30,-30,-30,-30,-30,-30,-30,2
9638,-30,-30,-30,-30,-30,-30,-30,30,-30,-30,7
5911,-30,-30,-30,-30,-30,-30,-30,-30,-30,-30,0
4779,-30,-30,-30,-30,-30,-30,-30,-30,30,-30,8
340,-30,-30,-30,23,-30,4,-30,-30,-30,-30,3
8864,-30,-30,-30,-30,-30,-30,30,-30,-30,-30,6
4906,29,-30,-30,-30,-30,-30,-30,-30,-30,-30,0
3864,-30,-30,30,-30,-30,-30,-30,-30,-30,-30,2
1383,-30,-30,-30,-30,-30,-30,-30,30,-30,-30,7
3710,-30,-30,-30,-30,-30,-30,30,-30,-30,-30,6
2406,-30,-30,-30,-30,-30,-30,30,-30,-30,-30,6
4001,-30,30,-30,-30,-30,-30,-30,-30,-30,-30,1
5425,-30,-30,30,-30,-30,-30,-30,-30,-30,-30,2
9018,-30,-30,-30,-30,-30,4,-30,-30,-17,-30,5
3424,-30,-30,-18,-23,-30,-30,-30,-30,30,-30,8
7894,-30,-30,-30,-30,-30,-30,-30,30,-30,-30,7
3718,-30,-30,-30,-30,-30,-30,-30,30,-30,-30,7
3492,-30,-30,-30,-30,30,-30,-30,-30,-30,-30,4
2749,-30,-30,-30,-30,-30,-30,-30,30,-30,-30,7
3574,-30,-30,-30,-30,-30,-30,-30,30,-30,-30,7
2147,-30,-30,-30,30,-30,-6,-30,-30,-30,-30,3
7335,-30,-30,-30,-30,-30,-30,-30,30,-30,-30,7
1690,-30,-30,-30,-30,30,-30,-30,-30,-30,-30,4
4771,-30,-30,-30,-30,-30,30,-30,-30,-30,-30,5
8252,-30,-30,-30,-30,30,-30,-30,-30,-30,-30,4
7210,-30,-30,3,30,-30,-30,-30,-30,-30,-30,3
1246,-30,-30,-30,30,-30,-23,-30,-30,-30,-30,3
6016,-30,-30,-30,-30,-30,-30,-30,-30,30,-30,8
691,-30,-30,-30,-30,26,-30,-30,-30,-30,-30,4
5635,-30,30,-30,-30,-30,-30,-30,-30,-30,-30,1
3039,-30,30,-30,-30,-30,-30,-30,-30,-30,-30,1
1357,-30,-30,-30,-30,-30,-30,-30,-30,-30,30,9
2642,-30,-30,-30,-30,-30,-30,-30,30,-30,-30,7
6701,-30,-30,-30,-30,23,-30,-30,-14,-30,-30,4
2640,-30,-30,-30,30,-30,-30,-30,-30,-30,-30,3
1660,-30,-30,-30,-30,-30,-30,-30,30,-30,-30,7
2286,-30,-30,-30,30,-30,-30,-30,-30,-30,-30,3
9896,-30,-30,-30,30,-30,-19,-30,-30,-30,-30,3
916,30,-30,-30,-30,-30,-30,-30,-30,-30,-30,0
4408,-30,-30,30,-30,-30,-30,-30,-30,-30,-30,2
4619,-30,-30,-2,-16,-30,-30,-30,-30,-30,-30,2
6456,-30,-30,-19,-30,-30,23,-30,-30,-30,-30,5
4578,-30,-30,-30,-30,-30,-30,30,-30,-30,-30,6
7247,-30,-30,-30,-30,-30,-30,30,-30,-30,-30,6
5502,-30,-30,-30,-20,-30,-5,-30,-30,-30,-30,5
5572,-30,-30,-30,-30,-30,30,-30,-30,-30,-30,5
3851,-30,-30,-8,-30,-30,-30,-30,-30,-30,-30,2
3308,-30,-30,-30,-30,-30,30,-30,-30,-30,-30,5
7078,-30,-30,-30,-30,-30,-30,-30,-30,-30,30,9
1745,-30,-30,-30,-30,-30,-30,-30,-30,-30,30,9
5917,-30,-30,-30,-30,-30,-30,-30,-30,0,-30,8
320,-30,-30,-30,-30,30,-30,-30,-30,-30,-30,4
8966,-30,30,-30,-30,-30,-30,-30,-30,-30,-30,1
185,30,-30,-30,-30,-30,-30,-30,-30,-30,-30,0
3307,-30,-30,-30,-30,-30,-30,30,-30,-30,-30,6
6786,4,-30,-30,-30,-30,-30,-15,-30,-30,-30,0
9805,-30,-30,-30,-30,-30,-30,-30,-30,-30,30,9
9174,-25,-30,-30,-30,-30,-30,30,-30,-30,-30,6
5762,-30,-30,-30,-30,-30,-23,-30,-30,-25,-30,5
8597,-30,-30,-30,-30,-30,-30,-30,-30,30,-30,8
702,-30,-30,-30,-30,-30,30,-30,-30,-30,-30,5
7207,-30,-30,-30,-30,-30,-30,30,-30,-30,-30,6
4275,-30,30,-30,-30,-30,-30,-30,-30,-30,-30,1
9524,-30,30,-30,-30,-30,-30,-30,-30,-30,-30,1
7112,-30,-30,-30,-30,-30,-30,-30,-30,-30,-30,0
1965,-30,-30,-30,-30,-30,-30,-30,-30,30,-30,8
64,-30,-30,-30,-30,-30,-30,-30,-30,-30,30,9
1367,-30,-30,27,-30,-30,-30,-30,-30,-30,-30,2
5340,-30,-30,-30,30,-30,-23,-30,-30,-30,-30,3
8778,-30,-30,-30,-30,-30,30,-30,-30,-30,-30,5
7484,-30,-30,-30,-30,-30,30,-30,-30,-30,-30,5
8036,-30,-30,-30,-30,-30,-30,-30,-30,-30,30,9
173,-30,-30,-30,-30,30,-30,-30,-30,-30,-30,4
501,-30,-30,30,-30,-30,-30,-30,-30,-30,-30,2
1800,-30,30,-30,-30,-30,-30,-30,-30,-30,-30,1
3910,-30,-30,-30,-30,-30,-30,-30,-30,-30,14,9
5844,-30,-30,30,-30,-30,-30,-30,-30,-30,-30,2
8069,-30,-30,-30,-30,-30,-30,-30,-30,-30,30,9
7116,-30,-30,30,-30,-30,-30,-30,-30,-30,-30,2
8709,30,-30,-30,-30,-30,-30,-30,-30,-30,-30,0
3960,-30,-30,-30,-30,-30,-30,5,-30,-30,-30,6
9336,-6,-30,-30,-30,-30,-30,-27,-30,-30,-30,0
6255,-30,-30,-30,-30,30,-30,-30,-30,-30,-30,4
9134,30,-30,-30,-30,-30,-30,-18,-30,-30,-30,0
7389,30,-30,-30,-30,-30,-30,-30,-30,-30,-30,0
4980,-30,30,-30,-30,-30,-30,-30,-30,-30,-30,1
1774,-30,-30,30,-30,-30,-23,-30,-30,-30,-30,2
109,-30,-30,-30,-21,-30,-30,-30,-30,-16,-30,8
247,-30,-30,-30,-30,30,-30,-30,-30,-30,-30,4
7019,-30,-30,-30,-30,-30,-30,-30,-30,-30,-30,0
4371,-30,-30,-30,-30,-30,-30,-30,-30,30,-30,8
8147,-30,-30,-30,-30,-30,-30,-30,-30,-30,30,9
3745,30,-30,-30,-30,-30,-20,-30,-30,-30,-30,0
6245,-30,30,-30,-30,-30,-30,-30,-30,-30,-30,1
999,-30,-30,30,-28,-30,-10,-30,-30,-30,-30,2
4897,-30,-30,-30,30,-30,5,-30,-30,-30,-30,3
8004,-30,-30,-30,-30,-30,-30,-30,12,-30,-30,7
3011,-30,-30,-30,-30,-30,-30,-30,-30,30,-30,8
9883,-30,-30,-30,-30,-30,-30,-30,-30,-30,30,9
7424,30,-30,-30,-30,-30,-30,-30,-30,-30,-30,0
5524,-30,30,-30,-30,-30,-30,-30,-30,-30,-30,1
5751,-30,-30,-28,-30,-30,3,-30,-30,-30,-30,5
7814,-30,-30,-30,30,-30,20,-30,-30,-30,-30,3
7185,-30,-30,-30,-30,30,-30,-30,-30,-30,-30,4
1976,-30,-30,-30,-30,-30,-30,-30,-30,-30,-30,0
6087,-30,-30,-30,-30,-30,-28,-30,-30,30,-30,8
1700,-30,-30,-30,-30,-30,-30,-30,-30,-30,-22,9
8226,-30,-30,-30,-30,-6,-30,-30,30,-30,-30,7
5451,-30,-30,-30,2,-30,-8,-30,-30,-24,-30,3
3396,30,-30,-30,-30,-30,-30,-30,-30,-30,-30,0
9977,-30,-30,-30,30,-30,-29,-30,-30,-30,-30,3
4374,-30,30,-30,-30,-30,-30,-30,-30,-30,-30,1
9987,-30,-30,-30,-30,-30,-30,-30,-30,30,-30,8
8168,-30,-30,-30,-30,-30,-30,-30,-30,-30,-30,0
4045,-30,-30,-30,-30,-30,-30,30,-30,-30,-30,6
6755,19,-30,-30,-30,-30,-2,-30,-30,-30,-30,0
5530,30,-30,-30,-30,-30,-14,-30,-30,-30,-30,0
2384,-30,-30,30,-30,-30,-30,-30,-30,-30,-30,2
156,-30,-30,-30,-30,-30,-30,30,-30,-30,-30,6
9833,-30,-30,-30,-30,-30,-30,-30,-30,30,-30,8
3553,-30,-30,-30,15,-30,-11,-30,-30,-30,-30,3
6880,-30,-30,18,-30,-30,-9,-30,-30,-30,-30,2
6922,-30,-30,-30,-30,-30,-30,-30,-30,30,-30,8
6700,-30,30,-30,-30,-30,-30,-30,-30,-30,-30,1
3251,-30,-30,30,-30,-30,-22,-30,-30,-30,-30,2
9281,30,-30,-30,-30,-30,-30,-30,-30,-30,-30,0
3266,-30,-30,-30,-30,-30,-30,-30,-30,-30,-30,0
6711,-30,30,-30,-30,-30,-30,-30,-30,-30,-30,1
5341,30,-30,-30,-30,-30,-30,-30,-30,-30,-30,0
9961,-30,-30,-30,-30,30,-30,-30,-30,-30,-30,4
7850,-30,-30,-30,-30,30,-5,-30,-30,-30,-30,4
3620,-30,-30,-30,-30,-30,30,-30,-30,-30,-30,5
953,-30,-30,-30,-30,-30,-30,-30,-30,30,-30,8
4386,30,-30,-30,-30,-30,-30,-30,-30,-30,-30,0
6714,-30,-30,-30,-30,-30,-30,30,-30,-30,-30,6
8108,-30,-30,8,-30,-30,-28,-30,-30,-30,-30,2
7454,-30,-30,-30,18,-30,12,-30,-30,-30,-30,3
4745,-30,30,-30,-30,-30,-30,-30,-30,-30,-30,1
6212,-30,-30,-30,-30,-30,30,-30,-30,-30,-30,5
5092,-30,30,-30,-30,-30,-30,-30,-30,-30,-30,1
7048,-30,-30,-30,-30,-30,-30,-30,-30,30,-30,8
8291,-30,-30,-30,-30,-30,30,-30,-30,-30,-30,5
1554,-30,-30,-30,-30,-30,-30,-30,-30,-30,24,9
5240,-30,-30,-30,-30,30,-30,-30,-30,-30,-30,4
1434,30,-30,-30,-30,-30,-30,-30,-30,-30,-30,0
772,-30,-30,-30,-30,-30,-30,-30,-30,-30,-30,0
9779,-30,-30,-30,-30,-30,30,-30,-30,-30,-30,5
1391,-30,-30,-30,-30,-30,-30,-30,-30,30,-30,8
3758,-30,-30,-30,-30,-30,-30,-30,-30,30,-30,8
6896,-30,-30,-30,4,-30,-25,-30,-30,-30,-30,3
7525,-30,-30,-30,-30,-30,-23,-30,-30,-11,-30,8
87,-30,-30,-30,-30,-30,-30,-30,-30,-30,30,9
4130,-30,-30,30,-30,-30,-30,-30,-30,-30,-30,2
5063,-30,-30,-30,-30,-30,-18,30,-30,-30,-30,6
4829,-30,-30,30,-30,-30,-20,-30,-30,-30,-30,2
1903,-30,-30,-30,-30,-30,30,-30,-30,-30,-30,5
5690,-30,-30,-30,-7,-30,-30,-30,-30,-30,-30,3
6172,-30,30,-30,-30,-30,-30,-30,-30,-30,-30,1
3834,-30,-30,-30,-30,-30,-30,-30,-30,-30,-30,0
9818,-30,-30,-30,30,-30,-30,-30,-30,-30,-30,3
9888,4,-30,-30,-30,-30,-30,-30,-30,-30,-30,0
2886,-30,18,-30,-30,-30,-30,-30,-30,-30,-30,1
8623,-30,-30,-30,-30,-30,-30,-30,-30,-30,-30,0
2358,-30,-30,-30,-30,-30,-30,-30,-30,-30,30,9
3558,-30,-30,-30,-30,-30,-30,30,-30,-30,-30,6
6500,30,-30,-30,-30,-30,-30,-30,-30,-30,-30,0
7745,-30,-30,-30,4,-30,-16,-30,-30,-30,-30,3
5047,-30,-30,-30,-30,-30,-30,-30,-30,-30,-11,9
6688,-30,-30,30,-30,-30,-24,-30,-30,-30,-30,2
605,-30,-30,-30,-30,-30,-30,-30,-30,30,-30,8
115,-30,30,-30,-30,-30,-30,-30,-30,-30,-30,1
5867,-30,-30,-30,-30,30,-21,-30,-30,-30,-30,4
9857,-17,-30,-30,-30,-30,-30,-30,-30,-30,-30,0
5518,-30,-30,-30,-30,-30,30,-30,-30,-30,-30,5
9462,-30,-30,30,-30,-30,-30,-30,-30,-30,-30,2
4600,-30,-30,-30,-30,-30,-30,-30,-30,-30,30,9
8403,-30,-30,30,-30,-30,-30,-30,-30,-30,-30,2
4715,-30,-30,-30,-30,-30,30,-30,-30,-30,-30,5
9903,-30,-30,-30,-30,-30,-30,-30,-30,30,-30,8
333,-30,-30,-30,-30,-30,-30,-30,-30,-30,30,9
6372,-30,-30,-30,-30,-30,30,-30,-30,-30,-30,5
5670,30,-30,-30,-30,-30,-13,-30,-30,-30,-30,0
4355,-30,30,-30,-30,-30,-30,-30,-30,-30,-30,1
6511,-30,-30,30,-30,-30,-30,-30,-30,-30,-30,2
8096,-30,-30,-30,-30,26,-30,-30,-30,-30,-30,4
2810,-30,-30,-30,-30,-30,30,-30,-30,-30,-30,5
8440,-30,-30,-30,-30,-30,-30,30,-30,-30,-30,6
1040,30,-30,-30,-30,-30,-30,-30,-30,-30,-30,0
4802,-30,30,-30,-30,-30,-30,-30,-30,-30,-30,1
9332,-30,-30,30,-30,-30,-30,-30,-30,-30,-30,2
6729,-30,-30,-30,30,-30,-11,-30,-30,-30,-17,3
933,-30,-30,-30,-30,30,-30,-30,-30,-30,-30,4
3959,-30,-30,-30,-30,-30,30,-30,-30,-30,-30,5
9008,-30,-30,-30,-30,-30,-30,30,-30,-30,-30,6
6795,-30,-30,-30,-30,-30,-30,-30,30,-30,-30,7
4623,-30,30,-30,-30,-30,-30,-30,-30,-30,-30,1
7541,-30,-30,30,-30,-30,-30,-30,-30,-30,-30,2
5329,-30,-30,-30,30,-30,-30,-30,-30,-30,-30,3
6250,-30,-30,-30,-30,30,-20,-30,-30,-30,-30,4
6256,-30,-30,-30,9,-30,30,-30,-30,-30,-30,5
874,-30,30,-30,-30,-30,-30,-30,-30,-30,-30,1
1109,30,-30,-30,-30,-30,-14,-30,-30,-30,-30,0
6905,-30,-30,-30,-30,25,9,-30,-30,-30,-30,4
7495,-30,-30,-30,-30,-30,30,-30,-30,-30,-30,5
6080,-30,-30,-30,-30,-30,-30,30,-30,-30,-30,6
8053,-30,-30,-30,-30,-30,-30,30,-30,-30,-30,6
6230,-30,-30,-30,30,-30,30,-30,-30,-30,-30,3
6789,-30,-30,-30,-30,30,-10,-30,-30,-30,-30,4
6035,-30,-30,-30,-30,-14,-30,-30,-30,-30,-30,4
5296,-30,-30,30,-30,-30,-30,-30,-30,-30,-30,2
9437,-30,-30,-30,-30,-30,-30,-30,6,-30,-30,7
7813,-30,30,-30,-30,-30,-30,-30,-30,-30,-30,1
2409,30,-30,-30,-30,-30,-30,-30,-30,-30,-30,0
3380,-30,-30,-5,-30,-30,-30,10,-30,-30,-30,6
7134,-30,-30,-30,-30,30,-26,-30,-30,-30,-30,4
3059,-30,-30,-30,-30,-30,-2,-30,-30,-30,-30,5
906,-30,-16,-30,-30,-30,-30,-30,30,-30,-30,7
2914,-30,-30,30,-30,-30,-30,-30,-30,-30,-30,2
1978,-30,-30,-30,30,-30,-30,-30,-30,-30,-30,3
3790,-30,-30,-30,30,-30,-30,-30,-21,-30,-30,3
3064,-30,-30,-30,-30,-30,-30,-30,-30,-30,-30,0
6867,-30,-30,30,-30,-30,-30,-30,-30,-30,-30,2
5692,30,-30,-30,-30,-30,-30,-30,-30,-30,-30,0
3985,-30,-30,-30,-30,-30,-30,-30,-30,-30,-30,0
7609,-30,-30,-30,-30,-30,-30,-30,-30,-30,-20,9
9677,-30,-30,-30,30,-30,26,-30,-30,-30,-30,3
1334,-30,-30,-30,-30,-30,-30,-30,-30,-30,30,9
7738,-30,30,-30,-30,-30,-30,-30,-30,-30,-30,1
9364,-30,-30,-30,-30,-30,30,-30,-30,-30,-30,5
9526,-30,-30,16,-30,-30,-30,-9,-30,-30,-30,2
2357,-30,-30,-30,30,-30,-25,-30,-30,-30,-30,3
2018,-30,-20,-30,-30,-30,-30,-30,-30,-30,-30,1
9567,-30,-30,-30,-30,-30,-30,-30,-30,-30,-30,0
7974,-30,-30,-30,-30,-30,-30,-30,-30,-30,-30,0
7025,-30,-30,-30,-30,30,-30,-30,-30,-30,-30,4
6830,30,-30,-30,-30,-30,-15,-30,-30,-30,-30,0
2256,-30,-30,30,-30,-30,-30,-30,-30,-30,-30,2
9538,-30,-30,-30,-30,30,25,-30,-30,-30,-30,4
5489,30,-30,-30,-30,-30,-30,-30,-30,-30,-30,0
9091,-30,-30,30,-30,-30,-30,-30,-30,-30,-30,2
5992,-30,-30,-30,-30,30,-30,-30,-30,-30,-30,4
6663,-30,-30,-30,-30,-30,-30,-30,30,-30,-30,7
9724,-30,-30,-30,-30,-30,-30,-30,-30,30,-30,8
847,30,-30,-30,-30,-30,-30,-30,-30,-30,-30,0
2628,-30,-30,-30,-20,-30,-30,-30,30,-30,-30,7
6148,30,-30,-30,-30,-30,-20,-30,-30,-30,-30,0
2958,-30,-30,-30,-30,-30,-30,30,-30,-30,-30,6
8569,-30,-30,-30,-30,-30,-30,-30,-30,-30,-10,9
2396,-30,-30,-30,30,-30,30,-30,-30,-30,-30,3
264,-30,-30,30,-30,-30,-30,-30,-30,-30,-30,2
2992,-30,-30,-30,-30,-30,-30,-30,-30,30,-30,8
2587,-30,-30,-30,-30,-30,-30,30,-30,-30,-30,6
5574,-30,-30,-30,-30,-30,-30,-30,-5,-30,-30,7
8302,-30,-30,-30,-30,-30,-30,-17,-30,-30,-30,6
9508,-30,-30,-30,-30,-30,-30,-30,8,-30,-30,7
1638,-30,-30,-30,-30,-30,30,-30,-30,-30,-30,5
6298,-30,30,-30,-30,-30,-30,-30,-30,-30,-30,1
7161,30,-30,-30,-25,-30,-29,-30,-30,-30,-30,0
397,-30,-30,-30,-30,-30,-30,-30,-30,-30,-30,0
74,-30,30,-30,-30,-30,-30,-30,-30,-30,-30,1
9012,-30,-30,-30,-30,-30,-30,30,-30,-30,-30,6
5403,-30,-30,-30,-30,-30,-30,-30,30,-30,-30,7
4312,-30,-30,30,-30,-30,-30,-30,-30,-30,-30,2
469,-30,-30,-30,-30,-30,-30,-30,-30,-30,-2,9
240,-30,-30,-30,-30,-30,-30,-30,30,-30,-30,7
207,-30,-30,-30,-30,-30,-30,-30,-30,-30,-30,0
1037,-30,-30,-30,-30,-30,30,-30,-30,-30,-30,5
9361,-30,-30,-30,-30,-30,-30,-30,-30,30,-30,8
2827,-30,-30,-30,-30,-30,-30,30,-30,-30,-30,6
4830,-30,-30,7,-30,-30,-30,-30,-16,-30,-30,2
8630,-30,-30,-30,-30,-30,-30,30,-30,-30,-30,6
532,-30,-30,30,-30,-30,-30,-30,-30,-30,-30,2
855,-30,-30,-30,-30,-30,-30,-30,-30,6,-30,8
8016,-30,30,-30,-30,-30,-30,-30,-30,-30,-30,1
6497,-30,-30,-30,-30,-30,-30,-30,30,-30,-30,7
7164,-30,-30,-30,-30,-30,30,-30,-30,-30,-30,5
2351,30,-30,-30,-30,-30,-30,-30,-30,-30,-30,0
6590,-30,30,-30,-30,-30,-30,-30,-30,-30,-30,1
1239,-30,30,-30,-30,-30,-30,-30,-30,-30,-30,1
2053,-30,-30,-30,22,-30,30,-30,-30,-30,-30,5
643,-30,-30,-30,-30,-30,-30,-30,-30,-30,-30,0
8296,-30,-30,-30,-30,30,-30,-30,-30,-30,-30,4
7937,-30,-30,-30,-30,-29,-30,-30,-30,-30,-30,4
1135,-30,30,-30,-30,-30,-30,-30,-30,-30,-30,1
3334,-30,-30,-30,-30,-30,12,-30,-30,1,-30,5
4587,-30,-30,-30,-30,-30,-30,30,-30,-30,-30,6
7299,-30,-30,-30,-30,-30,-30,-30,-30,30,-30,8
8687,-30,-30,-30,-30,-30,-22,-30,-30,-30,-30,5
1081,30,-30,-30,-30,-30,-30,-30,-30,-30,-30,0
4428,-30,30,-30,-30,-30,-30,-30,-30,-30,-30,1
27,-30,-30,30,-30,-30,-30,-30,-30,-30,-30,2
4970,-30,-30,-30,-11,-30,-30,-30,-30,-30,-30,3
5376,-30,-30,-30,-30,30,-30,-30,-30,-30,-30,4
4960,-30,-30,-30,-30,-30,30,-30,-30,-30,-30,5
6114,-30,-30,-30,-30,-30,-30,30,-30,-30,-30,6
7517,-30,-30,-30,-30,-30,-30,-30,30,-30,-30,7
4934,-30,-30,-30,-30,-30,30,-30,-30,-15,-30,5
7882,-30,-30,-30,-30,-30,30,-30,-30,-30,-30,5
3988,-30,-30,-30,-30,-30,30,-30,-30,-30,-30,5
6971,-30,30,-30,-30,-30,-30,-30,-30,-30,-30,1
7675,-30,-30,29,-30,-30,-24,-30,-30,-30,-30,2
9474,-30,-30,-30,3,-30,-16,-30,-30,-30,-30,3
6476,-30,-30,-30,-30,30,-30,-30,-30,-30,-30,4
2408,-30,-30,-30,-30,-30,-30,-30,30,-30,-30,7
5810,-30,-30,-30,-30,-30,26,-30,-30,30,-30,8
5442,-30,-30,-30,-30,-30,-30,-30,18,-30,-30,7
923,-30,-30,-30,-30,-30,30,-30,-30,-30,-30,5
7775,-30,30,-30,-30,-30,-30,-30,-30,-30,-30,1
3762,-30,-30,-30,-30,-30,-30,-30,30,-30,-30,7
61,-30,-30,-30,-30,-30,-9,-30,-30,20,-30,8
986,-30,-30,-30,-30,-30,-30,-30,-30,-30,-27,9
7674,-30,-30,-30,-30,-30,-30,-30,-30,-30,22,9
3155,-30,-30,-30,-30,-30,30,-30,-30,30,-30,5
4731,-30,-30,-30,-30,-30,-30,-30,-2,-30,-30,7
7664,-30,-30,-30,-30,-30,30,-30,-30,30,-30,5
4571,-30,-30,-30,-30,30,6,-30,-30,-30,-30,4
5471,-30,30,-30,-30,-30,-30,-30,-30,-30,-30,1
2508,-30,-30,-30,-30,-30,-30,-30,30,-30,-30,7
958,-30,-30,-30,-30,-30,-30,-30,30,-30,-30,7
607,-30,-30,-25,20,-30,-8,-30,-30,-30,-30,3
649,-30,-30,-30,30,-30,-30,-30,-30,-30,-30,3
281,-30,-30,-30,-30,-30,-30,-30,30,-30,-30,7
9860,-30,-30,-30,-30,-30,0,30,-30,-30,-30,6
924,-30,-30,-30,-30,-30,12,-18,-30,-30,-30,5
6733,-30,-30,-30,-30,-30,12,30,-30,-30,-30,6
4440,-30,30,-30,-30,-30,-30,-30,-30,-30,-30,1
7948,-30,-30,-30,-30,-30,-30,-30,-30,-30,30,9
8299,30,-30,-30,-30,-30,-30,-30,-30,-30,-30,0
539,-30,30,-30,-30,-30,-30,-30,-30,-30,-30,1
8782,-30,-30,-30,-30,-30,-30,-30,30,-30,-30,7
2293,-30,-30,-30,-30,-30,-3,19,-30,-30,-30,6
5730,-30,-30,-27,-27,-30,-17,-30,-30,-30,-30,5
2707,-30,-30,30,-30,-30,-30,-30,-30,-30,-30,2
5683,-30,30,-30,-30,-30,-30,-30,-30,-30,-30,1
5055,-30,-30,-30,-30,-30,-30,-30,30,-30,-30,7
1778,-30,30,-30,-30,-30,-30,-30,-30,-30,-30,1
8176,-30,-30,9,1,-30,-17,-30,-30,-30,-30,2
4724,-30,-30,-30,-30,-30,-30,-30,-30,-30,30,9
3966,-30,30,-30,-30,-30,-30,-30,-30,-30,-30,1
7978,-30,-30,-30,-30,-30,-30,-30,30,-30,-30,7
8100,-30,-30,-30,-30,-30,-19,30,-30,-30,-30,6
3196,-30,-30,-30,-30,-30,11,-30,-30,9,-30,5
7585,-30,-30,-30,-30,30,19,-30,-30,-30,-30,4
3163,-30,30,-30,-30,-30,-24,-30,-30,-30,-30,1
357,-30,-30,-30,-30,30,14,-30,-30,-30,-30,4
3482,-30,-30,-30,30,-30,-11,-30,-30,-30,-30,3
5200,-30,-30,-30,-30,-30,-3,26,-30,-30,-30,6
7757,-30,-30,-30,-30,-30,-20,-30,-5,-30,-30,7
6807,-30,-30,-30,-30,-30,30,20,-30,-30,-30,5
9607,-30,30,-30,-30,-30,-30,-30,-30,-30,-30,1
8751,-30,-30,-30,-30,30,-30,-30,-30,-30,-30,4
7817,-30,-30,-30,-30,30,-30,-30,-30,-30,-30,4
4499,-30,-30,-30,-30,-30,-30,-30,30,-30,-30,7
9583,-30,-30,30,-30,-30,-30,-30,-30,-30,-30,2
9991,-30,-30,-30,-30,30,30,-30,-30,-30,-30,4
3272,-30,-30,-30,-30,1,-22,-29,-30,-30,-30,4
6502,30,-30,-30,-30,-30,-30,-30,-30,-30,-30,0
8013,-30,30,-30,-30,-30,-30,-30,-30,-30,-30,1
2874,-30,-30,30,-30,-30,-30,-30,-30,-30,-30,2
8946,-27,-30,-30,14,-30,-28,-30,-30,-30,-30,3
5430,-30,-30,-30,-30,6,-30,-30,-30,-30,-30,4
1102,-30,-30,-30,-3,-30,-12,-30,-30,-30,-30,3
1390,-30,-30,-30,-30,-30,-30,30,-30,-30,-30,6
6204,-30,-30,-30,-30,-30,-30,-30,5,-14,-30,7
8664,-30,-30,-30,-30,-30,11,-30,-30,30,-30,8
2724,-30,-30,-30,-30,-30,-30,-30,-30,-30,-30,0
4729,30,-30,-30,-30,-30,-4,-30,-30,-30,-30,0
4464,-30,18,10,-30,-30,-30,-30,-30,-30,-30,1
9981,-30,-30,30,-30,-30,-29,-30,-30,-30,-30,2
4551,-30,-30,-30,30,-30,-14,-30,-30,-30,-30,3
5979,-30,-30,-30,-30,-11,-29,-30,-30,-30,-30,4
6886,-30,-30,-30,-30,-30,30,-30,-30,-30,-30,5
8301,-30,-30,-30,-30,-30,-30,30,-30,-30,-30,6
5961,-30,-30,-30,-30,-30,-30,-30,-30,-30,-30,0
9521,30,-30,-30,-30,-30,-30,-30,-30,-30,-30,0
482,-30,30,-30,-30,-30,-30,-30,-30,-30,-30,1
6435,-30,-30,-30,-30,-30,-30,-30,-30,-30,-30,0
3760,-30,-30,-25,-5,-30,-26,-30,-30,-30,-30,3
7523,-30,-30,-30,-30,13,-23,-30,-30,-30,-30,4
4884,-30,-30,-30,-30,-30,-15,-30,-9,-30,-30,7
4642,-30,-30,-30,-30,-30,1,-30,-30,-22,-30,5
4728,-30,30,-30,-30,-30,-30,-30,-30,-30,-30,1
6491,-30,-30,-30,30,-30,-6,-30,-30,-30,-30,3
1663,-26,-30,-30,-23,-30,9,-30,-30,-30,-30,5
1483,-30,30,-30,-30,-30,-30,-30,-30,-30,-30,1
2800,-30,-30,-30,-30,-30,-4,-30,-30,-30,-30,5
4816,-30,-30,-30,-30,-30,-30,-30,30,-30,-30,7
282,-30,-30,30,-30,-30,-30,-30,-30,-30,-30,2
3452,-30,30,-30,-30,-30,-30,-30,-30,-30,-30,1
8161,-30,-30,-30,-30,19,-30,-30,-30,-30,-30,4
8591,-30,-30,-30,-30,-30,30,-30,-30,30,-30,5
6999,-30,-30,-30,30,-30,-6,-30,-30,-30,-30,3
8372,-11,-30,-30,-30,-4,-18,-30,-30,-30,-30,4
9019,-30,-30,-30,-30,16,0,-30,-30,-30,-30,4
1259,-30,-30,-14,7,-30,-26,-30,-30,-30,-30,3
1677,14,-30,-30,-30,-30,-11,-30,-30,-30,-30,0
526,-30,-30,-30,-30,-30,14,-30,-26,-19,-30,5
623,-30,-30,-30,-30,-4,8,-30,-30,-30,-30,5
4928,-30,30,-30,-30,-30,-30,-30,-30,-30,-30,1
5625,-30,-30,-8,-30,-30,-16,-30,-30,-30,-30,2
8292,-30,-30,-30,30,-30,6,-30,-30,-30,-30,3
7271,-30,-30,-30,-30,-30,30,-30,-30,-30,-30,5
8243,-30,-30,-30,-30,-30,-30,-30,-30,-30,-30,0
6606,-30,30,-30,-30,-30,-30,-30,-30,-30,-30,1
3557,-30,-30,-30,-30,-30,30,-15,-30,-30,-30,5
177,30,-30,-30,-30,-30,-30,-30,-30,-30,-30,0
2649,-30,30,-30,-30,-30,-30,-30,-30,-30,-30,1
970,30,-30,-30,-30,-30,-30,-30,-30,-30,-30,0
4977,30,-30,-30,-30,-30,-30,-30,-30,-30,-30,0
3728,-30,-30,30,-30,-30,-30,-30,-30,-30,-30,2
8287,-30,-30,-30,-30,-30,-26,-30,-30,-30,-30,5
3535,-30,-30,-30,-30,-30,-14,-30,5,-30,-30,7
5632,-30,30,-30,-30,-30,-30,-30,-30,-30,-30,1
3944,-30,30,-30,-30,-30,-30,-30,-30,-30,-30,1
9698,-30,-30,-30,-30,-21,-20,-30,-30,-30,-30,5
2834,30,-30,-30,-30,-30,-19,-30,-30,-30,-30,0
1550,-30,-30,-30,-30,-6,-30,-30,-30,-30,-30,4
5807,-30,-30,-30,-30,-30,-30,-30,-19,-30,-30,7
3662,-30,-30,-30,30,-30,-5,-30,-30,-30,-30,3
1392,-30,-30,-30,-30,-30,-24,11,-30,-30,-30,6
8428,-30,-30,-30,-30,-28,30,-30,-30,-16,-30,5
9863,30,-30,-30,-30,-30,-30,-30,-30,-30,-30,0
2415,-30,-30,-30,30,-30,-7,-30,-30,-30,-30,3
9566,-30,-30,-30,-30,-30,1,-30,-2,-30,-30,5
1960,-30,-30,-30,-30,-28,-13,-30,-30,-30,-30,5
9172,30,-30,-30,-30,-30,-21,-30,-30,-30,-30,0
6186,-30,-30,-30,-30,-30,-30,30,-30,-30,-30,6
409,-28,-30,-30,-30,-30,-30,-30,-30,-30,-30,0
3940,-30,-30,30,-30,-30,-21,-30,-30,-30,-30,2
7769,-30,-30,-30,-30,-30,-24,30,-30,-30,-30,6
2673,-30,-30,-30,-30,-30,30,-30,-30,-30,-30,5
3320,-30,-30,-30,-30,-30,-30,-30,-30,30,-30,8
7098,-30,-30,-30,-30,-30,-30,-3,-30,-30,-30,6
3146,-30,-30,-30,-30,-30,-30,-30,-30,-30,30,9
3374,30,-30,-30,-30,-30,-30,-30,-30,-30,-30,0
7040,-30,-30,-30,-30,-30,-16,-30,-30,-30,-30,5
2132,30,-30,-30,-30,-30,-20,-30,-30,-30,-30,0
5181,-20,-30,-30,-30,-30,-2,16,-30,-30,-30,6
7291,-30,-30,-30,-30,-30,4,0,-30,-30,-30,5
175,-30,-30,-30,-30,-11,-30,-30,-30,-30,-30,4
908,-30,-30,-19,-30,-26,-19,-30,-30,-30,-30,2
1285,30,-30,-30,-30,-30,-28,-30,-30,-30,-30,0
866,-30,-30,-30,-30,-30,-30,-30,-30,-30,30,9
3479,-30,-30,-30,-30,-30,30,-30,-30,-30,-30,5
554,-30,30,-30,-30,-30,-30,-30,-30,-30,-30,1
9984,-30,-30,-30,30,-30,-30,-30,-30,-30,-30,3
1874,-30,-30,-30,-30,-30,8,-30,-30,-17,-30,5
5318,-30,-30,-30,-30,-30,-30,-7,-30,-30,-30,6
1723,-30,-30,-30,-30,-30,-30,-30,-30,-30,-22,9
6573,-30,-30,-10,30,-30,-30,-30,-30,-30,-30,3
287,30,-30,-30,-30,-30,20,-30,-30,-30,-30,0
939,-15,-30,14,-30,-30,-30,-30,-30,-30,-30,2
5687,-30,-30,-5,-30,-30,-30,-30,-30,-30,-30,2
6574,30,-30,-30,-30,-30,-17,-30,-30,-30,-30,0
4819,-30,30,-30,-30,-30,-30,-30,-30,-30,-30,1
3280,-30,-30,30,-30,-30,-30,-30,-30,-30,-30,2
4726,-30,-30,-30,30,-30,-23,-30,-30,-30,-30,3
253,-30,-30,-30,-30,28,-30,-30,-30,-30,-30,4
2972,-30,-30,-30,1,-30,-2,-30,-30,-30,-30,3
8212,-30,-30,-30,-30,-30,-30,30,-30,-30,-30,6
3326,-30,-30,-30,-30,-30,-30,-30,30,-30,-30,7
840,-30,-30,-30,30,-30,-29,-30,-30,30,-30,3
4389,-30,-30,-30,-30,-30,-30,-30,-30,-30,-30,0
5251,30,-30,-30,-30,-30,-30,-30,-30,-30,-30,0
6484,-30,30,-30,-30,-30,-30,-30,-30,-30,-30,1
9934,-30,-30,30,-30,-30,-30,-30,-30,-30,-30,2
2665,-30,-30,-30,30,-30,-23,-30,-30,-30,-30,3
5326,-30,-30,-30,-30,30,-30,-30,-30,-30,-30,4
3695,-30,-30,-30,-30,-30,-7,-14,-30,-30,-30,5
7311,-30,-30,-30,-30,-30,-30,30,-30,-30,-30,6
7923,-30,-30,-30,-30,-30,-30,-30,30,-30,-30,7
5260,-30,-30,-30,2,-30,-22,-30,-30,30,-30,8
9243,-30,-30,-30,-30,-30,-30,-30,-30,-30,-30,0
7132,26,-30,-30,-30,-30,-30,-30,-30,-30,-30,0
6257,-30,30,-30,-30,-30,-30,-30,-30,-30,-30,1
2577,-30,-30,30,-30,-30,-13,-30,-30,-30,-30,2
2496,-30,-30,-30,30,-30,-30,-30,-30,-30,-30,3
852,-30,-30,-30,-30,30,-24,-30,-30,-30,-30,4
6380,-30,-30,-30,-30,-30,30,-30,-30,-30,-30,5
6816,-30,-30,-30,-30,-30,-30,30,-30,-30,-30,6
9144,-30,-30,-30,-30,-30,-30,-30,30,-30,-30,7
1736,-30,-30,-30,-30,-30,-30,-30,-30,-1,-30,8
2693,-30,-30,-30,-30,-30,-30,-30,-30,-30,-17,9
6847,-30,-30,30,-30,-30,-30,-30,-30,-30,-30,2
8582,-30,30,-30,-30,-30,-30,-30,-30,-30,-30,1
7562,-30,-30,-30,-30,-30,-30,-30,30,-30,-30,7
1650,-30,-30,30,-30,-30,-22,-30,-30,-30,-30,2
1857,-30,-30,-30,-30,-30,18,-30,-30,-30,-30,5
8998,30,-30,-30,-30,-30,-12,-30,-30,-30,-30,0
5761,-30,-30,-30,-30,-30,-30,-30,-30,-5,-30,8
4679,15,-30,-30,-30,-30,-30,-30,-30,-30,-30,0
7989,-30,-30,30,-30,-30,-30,-30,-30,-30,-30,2
6412,-30,-30,-30,-30,-30,-30,-30,30,-30,-30,7
3672,-30,-30,-30,-30,-30,-30,-30,-30,30,-30,8
3021,-30,-30,-30,-10,-30,-15,-30,-30,-6,-30,8
8829,-30,-30,-30,25,-30,-30,-30,-30,-30,-30,3
497,30,-30,-30,-30,-30,-30,-30,-30,-30,-30,0
3497,-30,-30,-30,-30,-30,-30,30,-30,-30,-30,6
4599,30,-30,-30,-30,-30,-30,-30,-30,-30,-30,0
6233,-30,-30,30,-30,-30,-20,-30,-30,-30,-30,2
2633,-30,-30,-30,-30,-30,-30,-30,30,-30,-30,7
8593,-30,-30,-30,-30,-30,-30,30,-30,-30,-30,6
4783,-30,-30,-30,-30,-30,-30,24,-30,-30,-30,6
7665,-30,30,-30,-30,-30,-30,-30,-30,-30,-30,1
6150,-30,-30,30,-30,-30,-30,-30,-30,-30,-30,2
6493,-30,-30,-30,-30,-30,-30,-30,-30,30,-30,8
3859,-30,-30,-30,-30,-30,-30,-30,-30,30,-30,8
7140,-30,-30,-30,-30,-30,-30,-30,30,-30,-30,7
8009,-30,-30,-30,-30,-30,-30,-30,30,-30,-30,7
8125,-30,-30,-30,-30,30,-27,-30,-30,-30,-30,4
7387,-30,-30,-30,-30,-30,-30,-30,30,-30,-30,7
7583,-30,-30,-30,-30,-30,-30,-30,30,-30,-30,7
1974,-30,-30,-30,30,-30,-22,-30,-30,-30,-30,3
9318,-30,-30,-30,-30,-30,-30,-30,30,-30,-30,7
8957,-30,-30,-30,-30,30,-30,-30,-30,-30,-30,4
980,-30,-30,-30,-30,-30,30,-30,-30,-30,-30,5
5536,-30,-30,-30,-30,30,-28,-30,-30,-30,-30,4
3407,-30,-30,-30,30,-30,-30,-30,-30,-30,-30,3
985,-30,-30,-30,30,-30,5,-30,-30,-30,-30,3
6551,-30,-30,-30,30,-30,-30,-30,-30,-15,-30,3
6653,-30,-30,-30,-30,30,-30,-30,-30,-30,-30,4
5433,-30,-30,-30,-30,-30,30,-30,-30,-30,-30,5
2603,-30,-30,-30,-30,30,-30,-30,-30,-30,-30,4
2867,-30,30,-30,-30,-30,-30,-30,-30,-30,-30,1
4562,-30,30,-30,-30,-30,-30,-30,-30,-30,-30,1
3976,-30,-30,-30,-30,-30,-30,-30,-30,-30,30,9
9539,-30,-30,-30,-30,-30,-30,-30,30,-30,-30,7
7625,-30,-30,-30,-30,-30,-30,-30,-30,-30,-30,0
8851,-30,-30,-30,30,-30,-8,-30,-30,-30,-30,3
7336,-30,-30,-30,-30,-30,-30,-30,30,-30,-30,7
2925,-30,-30,-30,30,-30,-30,-30,-30,-30,-30,3
7557,-30,-30,-30,30,-30,-30,-30,-30,-30,-30,3
9280,30,-30,-30,-30,-30,-30,-30,-30,-30,-30,0
2050,-30,-30,30,-30,-30,-30,-30,-30,-30,-30,2
9410,-30,-30,-30,-30,-30,30,-30,-30,-30,-30,5
9440,-30,-30,-30,-16,-30,13,-30,-30,-30,-30,5
7168,-30,-30,-30,-30,-30,-30,30,-30,-30,-30,6
5619,-30,-30,-30,30,-30,-30,-30,-30,-30,-30,3
1537,-30,22,-26,-30,-30,-30,-30,-30,-30,-30,1
721,-30,-30,-30,-30,-30,30,-30,-30,-30,-30,5
2766,-30,-30,30,-30,-30,-30,-30,-30,-30,-30,2
5775,-30,-30,-30,-30,-30,-26,-30,-30,-30,-30,5
3480,-30,-30,-30,-30,-30,-30,-30,-30,-30,30,9
1460,-30,-30,-30,-30,-30,-30,-30,-30,-30,30,9
8136,-30,-30,-30,-30,-30,-30,-30,-30,30,-30,8
343,-30,-30,-30,-30,30,-30,-30,-30,-30,-30,4
5595,-30,30,-30,-30,-30,-30,-30,-30,-30,-30,1
3671,30,-30,-30,-30,-30,-30,-30,-30,-30,-30,0
2492,-30,-30,-30,-30,-30,-30,30,-30,-30,-30,6
5474,-30,-30,-30,3,-30,-30,-30,-30,-19,-30,3
8882,-30,-30,-30,-30,-30,-30,-30,26,-30,-30,7
170,-30,-30,-30,-30,-30,-30,30,-30,-30,-30,6
9293,-30,-30,-30,-30,-30,-30,-30,-30,14,-30,8
6217,-30,-30,-30,-30,-30,-30,-30,-30,30,-30,8
294,-30,-30,-30,-30,-30,30,-30,-30,-30,-30,5
3751,-30,-30,-30,-30,-30,-30,30,-30,-30,-30,6
8093,-30,30,-30,-30,-30,-30,-30,-30,-30,-30,1
3167,-30,30,-30,-30,-30,-30,-30,-30,-30,-30,1
5596,-30,-30,-30,-30,-30,-30,-30,-30,-30,27,9
8078,-30,-30,-30,-30,-30,-30,-30,-30,30,-30,8
677,-30,-30,-30,-30,-30,-30,-30,-30,-30,24,9
1775,-30,-30,30,-30,-30,-30,-17,-30,-30,-30,2
4902,-30,-30,-30,30,-30,-3,-30,-30,-30,-30,3
8627,-30,-30,-30,-30,-30,30,-30,-30,-30,-30,5
8833,-30,-30,-30,-30,-30,30,-30,-30,-30,-30,5
2169,-30,-30,-30,-30,-30,-30,-30,-30,-30,9,9
3754,-30,-30,-30,-30,30,-30,-30,-30,-30,-30,4
1194,-30,-30,30,-30,-30,-30,-30,-30,-30,-30,2
8281,-30,30,-30,-30,-30,-30,-30,-30,-30,-30,1
4812,-30,-30,-30,-30,-30,-30,-30,-30,-30,21,9
708,-30,-30,-30,-30,30,-30,-30,-30,-30,-30,4
1176,-30,-30,-30,-30,-30,-30,-30,-30,-30,30,9
192,-30,30,-30,-30,-30,-30,-30,-30,-30,-30,1
388,-30,-30,-30,30,-30,-30,-30,-30,-30,-30,3
5673,-30,-30,-30,-30,-30,-30,-30,-22,-30,-30,7
5768,-30,-30,30,-30,-30,-30,-30,-30,-30,-30,2
5697,30,-30,-30,-30,-30,-30,-30,-30,-30,-30,0
2680,-30,-30,-30,-30,-30,-30,30,-30,-30,-30,6
6417,30,-30,-30,-30,-30,-30,-30,-30,-30,-30,0
1306,-30,-30,-30,-30,30,-30,-30,-30,-30,-30,4
2778,30,-30,-30,-30,-30,-30,-30,-30,-30,-30,0
8821,-30,-30,-30,-30,-30,-30,30,-30,-30,-30,6
5824,30,-30,-30,-30,-30,-30,-30,-30,-30,-30,0
8369,-30,30,-30,-30,-30,-30,-30,-30,-30,-30,1
6882,-30,-30,30,-30,-30,-21,-30,-30,-30,-30,2
8218,-30,-30,21,30,-30,-30,-30,-30,-30,-30,3
238,-30,-30,-30,-30,17,-30,-30,-30,-30,-30,4
6868,-30,-30,-30,-30,-30,30,-30,-30,-30,-30,5
2899,-30,-30,-30,-30,-30,-30,30,-30,-30,-30,6
417,-30,-30,-30,-30,-30,-30,-30,30,-30,-30,7
3471,-30,-30,-30,-30,-30,-30,-30,-30,30,-30,8
7085,-30,-30,-30,-30,-30,-30,-30,-30,-30,30,9
6762,30,-30,-30,-30,-30,-30,-30,-30,-30,-30,0
9341,-30,30,-30,-30,-30,-30,-30,-30,-30,-30,1
2956,-30,-30,30,-30,-30,-29,-30,-30,-30,-30,2
3847,-30,-30,-30,13,-30,-30,-30,-30,-30,-30,3
7485,-30,-30,-30,-30,30,-30,-30,-30,-30,-30,4
5739,-30,-30,-30,-30,-30,30,-30,-30,-30,-30,5
8729,-30,-30,-30,-30,-30,-30,30,-30,-30,-30,6
5145,-30,-30,-30,-30,-30,-30,-30,30,-30,-30,7
5868,-30,-30,-30,-30,-30,3,-30,-30,30,-30,8
8012,-30,-30,-30,-30,-30,-30,-30,-30,-30,30,9
2172,30,-30,-30,-30,-30,-23,-30,-30,-30,-30,0
5103,-30,30,-30,-30,-30,-30,-30,-30,-30,-30,1
3862,-30,-30,30,-30,-30,-30,-30,-30,-30,-30,2
5033,-30,-30,-30,30,-30,-29,-30,-30,-30,-30,3
3863,-30,-30,-30,-30,30,-30,-30,-30,-30,-30,4
4044,-30,-30,-30,-30,-30,30,-30,-30,-30,-30,5
8122,-30,-30,-30,-30,-30,-30,30,-30,-30,-30,6
5163,-30,-30,-30,-22,-30,-30,-30,14,-30,-30,7
8713,-30,-30,-30,-30,-30,-5,-30,-30,30,-30,8
325,-30,-30,-30,-30,-30,-9,-30,-21,-30,6,9
7494,-30,-30,-30,30,-30,-30,-30,-30,-30,-30,3
9846,-30,-30,-30,-30,-30,-30,-30,-30,30,-30,8
4039,30,-30,-30,-30,-30,-30,-30,-30,-30,-30,0
6168,-30,-30,-30,-30,-30,-30,-30,30,-30,-30,7
6560,-30,30,-30,-30,-30,-30,-30,-30,-30,-30,1
399,-4,-30,-30,-30,-30,-30,-30,-30,-30,-30,0
8060,-30,-30,-30,-30,-30,-30,-30,30,-30,-30,7
5235,-30,-30,-30,-14,-30,30,-30,-30,-30,-30,5
9622,-30,-30,-30,-20,-30,30,-30,-30,-30,-30,5
6241,-30,-30,-30,-30,-30,-30,30,-30,-30,-30,6
8181,-30,-30,-30,-30,-30,-30,-30,-30,-30,24,9
1048,30,-30,-30,-30,-30,-30,-30,-30,-30,-30,0
710,-30,30,-30,-30,-30,-30,-30,-30,-30,-30,1
1562,30,-30,-30,-30,-30,-30,-30,-30,-29,-30,0
5706,30,-30,-24,-30,-30,-30,-30,-30,-30,-30,0
6537,-30,-30,-30,-30,-30,-30,-30,-30,30,-30,8
797,-30,-30,-30,30,-30,-30,-30,-30,-30,-30,3
774,-30,-30,-30,-30,30,-30,-30,-30,-30,-30,4
715,-30,-30,-30,30,-30,-30,-30,-30,-30,-30,3
2637,-30,30,-30,-30,-30,-30,-30,-30,-30,-30,1
6199,-30,-30,-30,-30,-30,30,-30,-30,-30,-30,5
9608,-16,-30,-30,-27,-30,-16,-30,-30,-30,-30,0
8320,30,-30,-30,-30,-30,-30,-30,-30,-30,-30,0
3410,-30,-30,-30,-30,-30,-30,-30,-30,-30,-4,9
5781,-30,-30,-30,-30,-30,30,-30,-30,-30,-30,5
4689,-30,-30,-30,30,-30,-30,-30,-30,-30,-30,3
6226,-30,-30,-30,-30,30,-30,-30,-30,-30,-30,4
6328,-30,-30,-30,-30,-30,-30,-30,-30,-30,30,9
3516,-30,-30,-30,30,-30,-7,-30,-30,-30,-30,3
6407,-30,-30,-30,-30,-30,-30,-30,30,-30,-30,7
6194,-30,-30,-30,-30,-30,-30,30,-30,-30,-30,6
8543,-30,-30,-24,-30,-30,-10,-30,-30,-30,-30,5
8906,-30,-30,30,-30,-30,-30,-30,-30,-30,-30,2
6647,-30,-30,-30,-30,-28,-30,-30,-30,-30,-30,4
4097,-30,-30,-30,-30,-30,30,-30,-30,-30,-30,5
6979,-30,-30,-30,-30,-30,-30,-30,30,-30,-30,7
9512,-30,-30,30,-30,-30,-30,-30,-30,-30,-30,2
2503,-30,-30,-30,-30,-30,-30,30,-30,-30,-30,6
8165,-30,-30,-30,-30,30,-30,-30,-30,-30,-30,4
3222,-30,-30,-30,-30,-30,-30,-30,-30,-30,30,9
9802,-30,-30,-30,-30,23,-30,-30,-30,-30,-30,4
3501,-30,-30,-30,-30,-30,-30,-30,-30,-30,30,9
2582,-30,-30,-30,-30,30,-30,-30,-30,-30,-30,4
2657,-30,30,-30,-30,-30,-30,-30,-30,-30,-30,1
2591,-30,-30,30,-30,-30,-30,-30,-30,-30,-30,2
632,-30,-30,30,-30,-30,-25,-30,-30,-30,-30,2
6201,-30,-30,-30,24,-30,30,-30,-30,-30,-30,5
960,-30,-30,-30,-30,-30,-30,-30,-30,30,-30,8
3909,-30,30,-30,-30,-30,-30,-30,-30,-30,-30,1
707,-30,-30,-30,30,-30,-20,-30,-30,-30,-30,3
4379,-30,-30,30,-30,-30,-30,-30,-30,-30,-30,2
7486,-30,-30,-30,-30,-30,-30,-30,-30,-30,30,9
9418,-30,-30,-30,-30,30,-30,-30,-30,-30,-30,4
8066,-30,-30,-30,30,-30,-12,-30,-30,-30,-30,3
285,-30,-30,-30,-30,-30,-16,-30,-30,30,-30,8
7645,-30,-30,30,-30,-30,-30,-30,-30,-30,-30,2
9569,-30,-30,30,-30,-30,-30,-30,-30,-30,-30,2
7250,-30,30,-30,-30,-30,-30,-30,-30,-30,-30,1
8954,-30,-30,30,-30,-30,-30,-30,-30,-30,-30,2
7062,-30,-30,-30,-30,-30,-30,-30,-30,30,-30,8
5196,-30,-30,-30,-30,-30,-30,30,-30,-30,-30,6
2933,-30,-30,-30,-30,-30,30,-30,-30,-30,-30,5
6531,-30,30,-30,-30,-30,-30,-30,-30,-30,-30,1
7713,-30,-30,-30,-30,-30,-30,30,-30,-30,-30,6
1992,-30,-30,-30,-30,-30,-30,-30,30,-30,-30,7
5338,-30,-30,30,-30,-30,-30,-30,-30,-30,-30,2
1165,-30,30,-30,-30,-30,-30,-30,-30,-30,-30,1
6423,-30,-30,-30,30,-30,-10,-30,-30,-30,-30,3
4806,-30,-30,-30,-30,-30,-30,-30,-30,-30,26,9
9325,-30,-30,-30,30,-30,-4,-30,-30,-30,-30,3
4282,-30,-30,-30,-30,-30,-30,-30,-30,30,-30,8
4681,-30,-30,-30,-30,-30,-30,-30,30,-30,-30,7
9350,-30,-30,-30,-30,-30,30,-30,-30,-30,-30,5
4344,-30,-30,-30,-30,-30,-30,-30,-2,-30,-30,7
7380,30,-30,-30,11,-30,-30,-30,-30,-30,-30,0
4003,-30,-30,-30,-30,-30,-30,-30,-30,-30,-8,9
201,-30,-30,-30,-30,30,-30,-30,-30,-30,-30,4
3564,-30,-30,-30,-30,-30,-30,-30,-30,30,-30,8
1602,-30,-30,-30,-30,-30,-23,-30,-30,-5,-30,8
8888,-30,-30,-30,-30,-30,30,-30,-30,-30,-30,5
6592,30,-30,-30,-30,-30,-30,-30,-30,-30,-30,0
1898,-30,-30,-30,-30,-30,-30,30,-30,-30,-30,6
5014,-30,-30,-30,-30,-30,-30,30,-30,-30,-30,6
6267,-30,-30,-30,30,-30,-15,-30,-30,-30,-30,3
3931,-30,-30,-30,-30,-30,-30,-30,30,-30,-30,7
8683,-30,-30,-30,-30,-30,-30,30,-30,-30,-30,6
9601,-30,-30,-30,-30,-30,-30,-30,-30,-30,30,9
7847,-30,-30,-30,-30,-30,-30,-30,-30,-30,30,9
3644,-30,-30,-30,-30,30,-30,-30,-30,-30,-30,4
5918,-30,-30,-30,-30,-30,-30,-30,-30,30,-30,8
7660,-30,-30,-30,-30,30,-30,-30,-30,-30,-30,4
558,-30,30,-30,-30,-30,-30,-30,-30,-30,-30,1
7662,-11,-30,-30,-30,-30,-23,14,-30,-30,-30,6
5621,-30,-30,-30,-30,-30,-30,18,-30,-30,-30,6
6354,-28,-30,-30,-30,-30,-30,10,-30,-30,-30,6
2662,30,-30,-30,-30,-30,-30,-30,-30,-30,-30,0
5111,-30,30,-30,-30,-30,-30,-30,-30,-30,-30,1
2714,-30,-30,30,-30,-30,-30,-30,-30,-30,-30,2
6239,-30,-30,-30,30,-30,-17,-30,-30,-30,-30,3
2244,-30,-30,-30,-30,30,-30,-30,-30,-30,-30,4
9044,-30,-30,-30,-30,-30,30,-30,-30,-30,-30,5
7522,-30,-30,-30,-30,-30,-30,30,-30,-30,-30,6
5731,-30,-30,-30,-30,-30,-30,-30,30,-30,-30,7
3024,-30,-30,-30,-30,-30,-30,-30,-30,30,-30,8
5049,-30,-30,-30,-30,-30,-30,-30,-30,-30,30,9
1981,30,-30,-30,-30,-30,-30,-30,-30,-30,-30,0
6561,-30,30,-30,-30,-30,-30,-30,-30,-30,-30,1
6247,-30,-30,30,-30,-30,-30,-30,-30,-30,-30,2
5437,-30,-30,-30,30,-30,-30,-30,-30,-30,-30,3
556,-30,-30,-30,-30,5,-3,-30,-30,-30,-30,4
9069,-30,-30,-30,-30,-30,30,-30,-30,-24,-30,5
2097,-30,-30,-30,-30,-30,-30,30,-30,-30,-30,6
9722,-30,-30,-30,-30,-30,-30,-30,30,-30,-30,7
8884,-30,-30,-30,-30,-30,-30,-30,-30,30,-30,8
7796,-30,-30,-30,-30,-30,-30,-30,-30,-30,30,9
6538,30,-30,-30,-30,-30,-30,-30,-30,-30,-30,0
1876,-30,30,-30,-30,-30,-30,-30,-30,-30,-30,1
5218,-30,-30,30,-30,-30,-21,-30,-30,-30,-30,2
851,-30,-30,-30,30,-30,-5,-30,-30,-30,-30,3
718,-30,-30,-30,-30,30,-30,-30,-30,-30,-30,4
8873,-30,-30,-30,-30,-30,30,-30,-30,-30,-30,5
3881,-30,-30,-30,-30,-30,-30,30,-30,-30,-30,6
1410,-30,-30,-30,-30,-30,-30,-30,30,-30,-30,7
4319,-30,-30,-30,-30,-30,-30,-30,-30,30,-30,8
4134,-30,-30,-30,-30,-30,-30,-30,-30,-30,-30,0
5384,-30,-30,-30,-30,-30,-30,-30,30,-30,-30,7
3286,-30,-30,-30,-30,30,-30,-30,-30,-30,-30,4
5879,30,-30,-30,-28,-30,-30,-30,-30,-30,-30,0
8199,-30,-30,-30,-30,30,-30,-30,-30,-30,-30,4
7866,30,-30,-30,-30,-30,-30,-30,-30,-30,-30,0
7310,-30,30,-30,-30,-30,-30,-30,-30,-30,-30,1
6833,-30,-30,-30,-30,-30,-30,-30,30,-30,-30,7
1944,-30,-30,-30,-30,-30,-30,-30,-30,-30,30,9
3067,-30,-30,-30,-30,-30,30,-30,-30,-30,-30,5
7121,-30,30,-30,-30,-30,-30,-30,-30,-30,-30,1
5192,-30,-30,-30,-30,30,-30,-30,-30,-30,-30,4
2894,-30,-30,30,-30,-30,-30,-30,-30,-30,-30,2
4314,-30,-30,-30,-30,-30,-30,-30,-30,18,-1,8
3202,-30,-30,-30,-30,-19,-30,-30,-30,-30,17,9
8006,-30,-30,-30,-30,30,-30,-30,-30,-30,-30,4
9117,-30,-30,-30,20,-30,-30,-30,-30,-30,-30,3
1897,-30,-30,-30,-30,-30,-30,-30,30,-30,-30,7
904,-30,-30,-30,-30,-30,30,-30,-30,30,-30,5
3028,-30,-30,30,-30,-30,-30,-30,-30,-30,-30,2
1009,-30,-30,-30,-30,30,-30,-30,-30,-30,-30,4
2501,-30,-30,-30,-30,30,-30,-30,-30,-30,-30,4
8667,-30,-30,-30,30,-30,-30,-30,-30,-30,-30,3
1949,-30,-30,-30,30,-30,-30,-30,-30,-30,-30,3
8438,-30,-30,-30,-30,-30,-30,30,-30,-30,-30,6
495,-30,-30,-30,-30,-30,-30,-30,-30,-30,30,9
6635,-30,-30,-30,-30,-30,-30,-30,-30,-30,-16,9
5364,-30,-30,-30,-30,-30,30,-30,-30,-30,-30,5
135,-30,-30,-30,-24,-30,-8,-30,-30,-30,-30,5
9087,-30,-30,-30,-30,-30,-30,30,-30,-30,-30,6
1401,-30,-30,-30,-30,-30,-30,-30,30,-30,-30,7
4756,30,-30,-30,-30,-30,-30,-30,-30,-30,-30,0
3879,-30,-30,-30,-30,-30,-30,30,-30,-30,-30,6
1710,-30,-30,-30,-30,-30,-30,-30,-30,30,-30,8
5214,-30,-30,30,-30,-30,-30,-30,-30,-30,-30,2
2964,-30,-30,-30,-30,-30,-30,30,-30,-30,-30,6
3933,-30,-30,-30,30,-30,-12,-30,-29,-30,-30,3
8047,-30,-30,-30,-30,-30,-30,-30,-30,-30,30,9
6838,-30,-30,-30,-13,-30,20,-30,-30,-29,-30,5
496,-30,-30,30,-30,-30,-30,-30,-30,-30,-30,2
4074,-30,-30,-30,-30,-30,-30,-30,-30,-30,19,9
1546,-30,-30,-30,-30,-30,-30,30,-30,-30,-30,6
2578,-30,30,-30,-30,-30,-30,-30,-30,-30,-30,1
5351,-30,-30,-30,-30,-30,-30,-30,30,-30,-30,7
6494,-30,-30,-30,-30,30,-30,-30,-30,-30,-30,4
2969,-30,-30,-30,-30,-30,-30,-30,-30,30,-30,8
3810,-30,-30,-30,-30,-30,-30,-30,-30,30,-30,8
1881,-30,-30,-30,-30,-30,-30,-30,-30,-30,30,9
3699,30,-30,-30,-30,-30,-30,-30,-30,-30,-30,0
858,-30,-30,-30,-6,-30,-30,-30,-30,-12,-30,3
4380,-30,-30,-30,30,-30,-6,-30,-30,-30,-30,3
169,-30,-30,-30,-30,-30,-30,-30,-30,-30,30,9
8283,30,-30,-30,-30,-30,-30,-30,-30,-30,-30,0
801,-30,-30,-30,-30,-30,30,-30,-30,-30,-30,5
8721,-30,-30,30,-30,-30,-30,-30,-30,-30,-30,2
3034,-30,-30,-30,-30,-24,-30,-30,-30,-30,4,9
1645,-30,-30,-30,-30,30,-30,-30,-30,-30,-30,4
1417,-30,30,-30,-30,-30,-30,-30,-30,-30,-30,1
4229,30,-30,-30,-30,-30,-30,-30,-30,-30,-30,0
9739,-30,-30,-30,30,-30,-30,-30,-30,-30,-30,3
6102,-30,-30,-30,-30,-30,-30,-30,30,-30,-30,7
3629,-30,-30,-30,-30,-30,30,-30,-30,-30,-30,5
9013,-30,-30,-30,-30,-30,16,-30,-30,30,-30,8
3103,-30,-30,-30,-30,-30,-30,-30,30,-30,-30,7
3200,-30,-30,-30,-30,-30,-30,-30,30,-30,-30,7
2982,-30,-30,-30,-30,-30,-30,-30,-30,30,-30,8
8106,-30,-30,30,-30,-30,-30,-30,-30,-30,-30,2
8681,-30,-30,-30,-30,-30,-30,-30,-30,-30,21,9
806,-30,-30,-30,-30,-30,-30,-30,30,-30,-30,7
6418,-30,30,-30,-30,-30,-30,-30,-30,-30,-30,1
2924,-30,-30,30,-30,-30,-30,-30,-30,-30,-30,2
298,-30,-30,-30,-30,-30,-30,30,-30,-30,-30,6
2385,-30,-30,-30,-30,-7,-30,-30,-30,-30,-30,4
9313,-30,-30,28,-27,-30,-18,-30,-30,-30,-30,2
7549,-30,-30,-30,-30,-30,30,-30,-30,-30,-30,5
6523,-30,-30,30,-30,-30,-30,-30,-30,-30,-30,2
2266,-30,-30,-30,30,-30,-30,-30,-30,-30,-30,3
2532,-30,-30,-30,-30,-30,-30,30,-30,-30,-30,6
1493,-30,-30,-30,-30,-30,-30,30,-30,-30,-30,6
7880,-30,-30,-30,-30,-30,30,-30,-30,-30,-30,5
4226,30,-30,-30,-30,-30,-30,-30,-30,-30,-30,0
5272,30,-30,-30,-16,-30,-30,-30,-30,-30,-30,0
5039,-30,-30,30,-30,-30,-30,-30,-30,-30,-30,2
5276,-30,-30,-30,-30,-30,-30,-30,-30,30,-30,8
898,-30,30,-30,-30,-30,-30,-30,-30,-30,-30,1
3531,-30,-30,-30,-30,-30,-30,30,-30,-30,-30,6
4292,-30,30,-30,-30,-30,-30,-30,-30,-30,-30,1
3403,30,-30,-30,-30,-30,-30,-30,-30,-30,-30,0
3197,-30,-30,-30,-30,30,-30,-30,-30,-30,-30,4
6782,-30,-30,-30,30,-30,-30,-30,-30,-30,-30,3
3913,-30,30,-30,-30,-30,-30,-30,-30,-30,-30,1
6939,-30,-30,-30,-30,-30,-30,30,-30,-30,-30,6
5046,-30,30,-30,-30,-30,-30,-30,-30,-30,-30,1
6487,-30,-30,-30,-30,-30,-30,-30,-30,-30,30,9
1999,30,-30,-30,-30,-30,-30,-30,-30,-30,-30,0
5727,-30,30,-30,-30,-30,-30,-30,-30,-30,-30,1
1249,-30,-30,-30,-30,30,-30,-30,-30,-30,-30,4
7409,-30,-30,-30,-30,-30,30,-30,-30,-30,-30,5
3552,-30,-30,-30,-30,-30,-30,13,-30,-30,-30,6
9546,-30,-30,-30,-30,-30,-30,-30,30,-30,-30,7
5818,-30,-30,-30,5,-30,-30,-30,-30,30,-30,8
1802,-30,-30,-30,-30,-30,-30,-30,-14,-30,12,9
4947,-30,30,-30,-30,-30,-30,-30,-30,-30,-30,1
4254,-30,-30,30,-30,-30,-29,-30,-30,-30,-30,2
3767,-30,-30,-30,30,-30,-29,-30,-30,-30,-30,3
7206,-30,-30,-30,-30,30,-30,-30,-30,-30,-30,4
6046,-30,-30,-30,-30,-30,30,-30,-30,-30,-30,5
5137,-30,-30,-30,-30,-30,-30,30,-30,-30,-30,6
3550,-30,-30,-30,-30,-30,-30,-30,30,-30,-30,7
2765,30,-30,-30,-30,-30,-30,-30,-30,-30,-30,0
3241,-30,30,-30,-30,-30,-30,-30,-30,-30,-30,1
8237,-30,-30,30,-30,-30,-30,-30,-30,-30,-30,2
770,-30,-30,-30,30,-30,-28,-30,-30,-30,-30,3
468,-30,-30,-30,-30,30,-30,-30,-30,-30,-30,4
7838,-30,-30,-30,-30,-30,30,-30,-30,-30,-30,5
2353,-30,-30,-30,-30,-30,2,30,-30,-30,-30,6
4570,-30,-30,-30,-30,-30,-30,-30,30,-30,-30,7
2472,-30,-30,-30,-30,-30,-30,-30,-30,-6,-30,8
9593,-30,-30,-30,-30,-30,-30,-30,-30,-30,30,9
6933,-30,-30,-30,-30,-30,-30,-30,-30,30,-30,8
6980,-30,-30,-30,-30,30,-30,-30,-30,-30,-30,4
2317,30,-30,-30,-30,-30,-30,-30,-30,-30,-30,0
7628,30,-30,-30,-30,-30,-30,-30,-30,-30,-30,0
1044,-30,-30,-30,-30,-30,-30,-30,30,-30,-30,7
5419,-30,-30,30,-30,-30,-30,-30,-30,-30,-30,2
342,-30,-30,-30,-30,30,-11,-30,-30,-30,-30,4
4527,-30,-30,-30,30,-30,-16,-30,-30,-30,-30,3
4165,-30,-30,-30,-30,-30,-30,-30,-18,19,-30,8
968,-30,-30,-30,-30,-30,-27,30,-30,-30,-30,6
2016,-30,-30,-30,-30,-30,30,30,-30,-30,-30,5
990,-30,-30,-30,30,-30,13,-30,-30,-30,-30,3
8588,-30,-30,30,-30,-30,-30,-30,-30,-30,-30,2
3119,-30,-30,-30,-30,-30,-30,29,-30,-30,-30,6
3115,-30,-30,-30,30,-30,-9,-30,-30,-30,-30,3
1240,-30,-30,-30,30,-30,5,-30,-30,-30,-30,3
1806,-28,-30,-30,-30,-30,-30,30,-30,-30,-30,6
8940,-30,30,-30,-30,-30,-30,-30,-30,-30,-30,1
3126,-30,-30,-30,-30,30,-30,-30,-30,-30,-30,4
628,-30,-30,-30,-30,-30,-30,-30,30,-30,-30,7
8436,-30,-30,-30,24,-30,-30,-30,-30,30,-30,8
2788,30,-30,-30,-30,-30,-30,-30,-30,-30,-30,0
6962,-30,-30,-30,30,-30,-9,-30,-30,-30,-30,3
402,-30,30,-30,-30,-30,-30,-30,-30,-30,-30,1
4101,-30,-30,-30,-30,-30,-30,-30,-30,-30,30,9
8573,30,-30,-30,-30,-30,-30,-30,-30,-30,-30,0
1980,-30,30,-30,-30,-30,-30,-30,-30,-30,-30,1
9872,-30,-30,-30,-30,-30,-30,-30,-30,-30,30,9
5152,-30,30,-30,-30,-30,-30,-30,-30,-30,-30,1
8603,-30,-30,30,-30,-30,-30,-30,-30,-30,-30,2
7459,-30,-30,-30,-30,-30,-30,-30,30,-30,-30,7
8662,30,-30,-30,-30,-30,-30,-30,-30,-30,-30,0
5941,-30,30,-30,-30,-30,-30,-30,-30,-30,-30,1
1261,-28,-30,-30,-24,-30,-30,-30,-2,-30,-30,7
5718,-30,-30,-30,-30,-30,-21,-30,-30,30,-30,8
4581,-30,-30,26,-30,-30,-30,-30,-30,-30,-30,2
7144,-30,-30,-30,-30,-30,-30,-30,-30,-30,30,9
5501,-30,-30,30,-30,-30,-21,-30,-30,-30,-30,2
4024,-30,-30,-30,-30,-30,-30,-30,-18,-30,-30,7
7285,-30,-30,-30,-30,-30,-27,30,-30,-30,-30,6
7684,-30,-30,-30,-30,-30,30,-30,-30,-30,-30,5
4149,-30,-30,-30,-30,-30,30,-30,-30,-25,-30,5
6869,-30,-30,-30,-30,-30,-30,-30,-30,-30,-3,9
5622,-30,-30,-30,-30,-30,-30,-30,-30,-30,-12,9
8022,-30,-30,-30,-30,-30,-4,-30,-30,23,-30,8
9404,-30,-30,30,-30,-30,-30,-30,-30,-30,-30,2
9452,-30,-30,-30,-30,-30,-30,-30,-30,-30,30,9
1217,-30,30,-30,-30,-30,-30,-30,-30,-30,-30,1
8319,-30,-30,-30,17,-30,-8,-30,-30,-30,-30,3
3688,-22,-30,30,-30,-30,-30,-30,-30,-30,-30,2
8484,-30,-30,-30,30,-30,-19,-30,-30,-30,-30,3
6611,-30,-30,-30,-30,21,-5,-30,-30,-30,-30,4
4530,-30,-30,-30,-5,-30,-30,-30,-30,-30,-30,3
8522,-30,30,-30,-30,-30,-30,-30,-30,-30,-30,1
5837,-30,-30,-30,-30,-30,-30,-30,-30,-30,-6,9
2187,30,-30,-30,-30,-30,-30,-30,-30,-30,-30,0
4197,-30,-30,-30,-30,-30,-30,-30,-30,-30,-6,9
9616,-30,-30,-30,30,-30,-8,-30,-30,-30,-30,3
1756,-30,-30,-30,-30,-30,-4,30,-30,-30,-30,6
2699,-30,-30,-30,-30,-30,-30,-30,-30,-17,-30,8
5556,-30,-30,-30,-30,-30,-30,-30,25,-30,-30,7
2114,30,-30,-30,-30,-30,-30,-30,-30,-30,-30,0
853,-30,30,-30,-30,-30,-30,-30,-30,-30,-30,1
4589,30,-30,-30,-30,-30,-30,-30,-30,-30,-30,0
2877,-30,-30,-30,-30,-30,30,-30,-30,-30,-30,5
6843,-30,-30,-30,-30,-30,-30,-30,-30,-30,-30,0
1825,-30,-30,21,-30,-30,-12,-30,-30,-30,-30,2
7582,-30,-30,-30,-30,-30,-30,-30,30,-30,-30,7
1861,-30,-30,-30,-30,-30,-30,-30,-30,-30,-15,9
52,30,-30,-30,-30,-30,-30,-30,-30,-30,-30,0
5598,-30,30,-30,-30,-30,-30,-30,-30,-30,-30,1
4881,-30,-30,30,-30,-30,-30,-30,-30,-30,-30,2
6002,-30,-30,-30,30,-30,6,-30,-30,-30,-30,3
2094,-30,-30,-30,-30,30,-30,-30,-30,-30,-30,4
1655,-30,-30,-30,-30,-30,30,-30,-30,-30,-30,5
8309,-30,-30,-30,-30,-30,-30,30,-30,-30,-30,6
3108,-30,-30,-30,-30,-30,-30,-30,30,-30,-30,7
6945,-30,-30,-30,-18,-30,-30,-30,-30,-24,-30,3
283,-30,-30,-30,-30,-30,-30,-30,-30,-30,30,9
3273,22,-30,-30,-6,-30,-13,-30,-30,-30,-30,0
5348,-30,30,-30,-30,-30,-30,-30,-30,-30,-30,1
4156,-30,-30,30,-30,-30,-30,-30,-30,-30,-30,2
5306,-30,-30,-30,-18,-30,-30,-30,-30,-30,-30,3
8878,-30,-30,-30,-30,10,-30,-30,-30,-30,-30,4
9357,-30,-30,-30,-30,-30,30,-30,-30,30,-30,5
1513,-30,-30,-30,-30,-30,-30,30,-30,-30,-30,6
5257,-30,-30,-30,-30,-30,-30,-30,-5,-30,-5,7
405,-30,-30,-30,-30,-30,-30,-30,-30,30,-30,8
2356,-30,-30,-30,-30,-30,-30,-30,-30,-30,17,9
9834,30,-30,-30,-30,-30,-30,-30,-30,-30,-30,0
1962,-30,30,-30,-30,-30,-30,-30,-30,-30,-30,1
2822,-30,-30,5,-7,-30,-26,-30,-30,-30,-30,2
8877,-30,-30,-30,30,-30,-30,-30,-30,-30,-30,3
1634,-30,-30,-30,-30,-30,-30,-30,-30,-30,-30,0
8707,-30,-30,-30,-30,-30,30,-30,-30,-30,-30,5
9554,-30,-30,-30,-30,-30,-30,30,-30,-30,-30,6
4534,-30,-30,-30,-30,-30,-30,-30,30,-30,-30,7
5872,13,-30,-30,-30,-30,-30,-30,-30,30,-30,8
7999,-30,-30,-30,-30,-30,-30,-30,-30,-30,30,9
8544,-30,30,-30,-30,-30,-30,-30,-30,-30,-30,1
5249,-30,-30,-30,-30,-30,-30,-30,30,-30,-30,7
8486,-30,-30,-30,-30,30,-30,-30,-30,-30,-30,4
570,-1,-30,-30,-30,-30,-30,-30,-30,18,-30,8
4776,-30,30,-30,-30,-30,-30,-30,-30,-30,-30,1
4046,-30,-30,-30,-3,-30,30,-30,-30,-30,-30,5
2081,-30,-30,-30,-30,-30,-30,30,-30,-30,-30,6
401,-30,-30,-30,-30,-30,30,-30,-30,-30,-30,5
647,-30,-30,-30,-30,-30,-30,-30,30,-30,-30,7
5896,-30,-30,30,-30,-30,-30,-30,-30,-30,-30,2
6738,-13,-30,-30,-30,-30,-30,-30,-30,-30,-30,0
1712,-30,-30,-30,-30,-30,-30,30,-30,-30,-30,6
7114,-30,-30,-30,30,-30,-30,-30,-30,-30,-30,3
3836,-30,-30,-30,30,-30,-30,-30,-30,-10,-30,3
4504,-27,-30,-30,-30,-30,-30,-30,-30,30,-30,8
640,-30,-30,-30,-30,-30,-30,30,-30,-30,-30,6
2468,-30,-30,-30,-7,-30,30,-30,-30,-30,-30,5
2173,-30,-30,-30,-30,12,-30,-30,-30,-30,-30,4
5232,30,-30,-30,-30,-30,-30,-30,-30,-30,-30,0
9072,-30,-30,-30,-30,-30,-30,-30,-30,-30,30,9
1238,-30,30,-30,-30,-30,-30,-30,-30,-30,-30,1
6074,-30,-30,-30,-30,-30,-30,-30,-30,-30,-30,0
773,-30,-30,30,-30,-30,-16,-30,-30,-30,-30,2
9242,-30,-30,-30,-30,-30,-30,-30,-30,-30,9,9
7418,-30,30,-30,-30,-30,-30,-30,-30,-30,-30,1
9614,-30,-30,-30,-30,-30,29,-30,-30,-30,-30,5
230,-30,-30,-30,-30,-30,-30,-30,-30,-30,-30,0
7741,-30,-30,-30,30,-30,-26,-30,-30,-30,-30,3
8967,-30,-30,30,-30,-30,-30,-30,-30,-30,-30,2
8156,-30,-30,30,-30,-30,-30,-30,-30,-30,-30,2
1414,-30,-30,-30,30,-30,-30,-30,-30,-30,-30,3
1842,30,-30,-30,-30,-30,-30,-30,-30,-30,-30,0
6381,-30,-30,-30,-30,-30,-30,30,-30,-30,-30,6
7953,-30,-30,-30,-30,-30,-30,-30,-30,-30,-30,0
8734,-30,-30,-30,-9,-30,-30,-30,-30,30,-30,8
5058,-30,-30,-30,-30,-30,-30,-30,30,-30,-30,7
1824,-30,-30,-30,-30,-30,-30,30,-30,-30,-30,6
7441,-30,-30,-30,-30,-30,-30,-30,-30,-30,30,9
5373,30,-30,-30,-30,-30,-30,-30,-30,-30,-30,0
3027,-18,-30,-30,-30,-30,-30,-30,-30,-30,-30,0
8719,-30,-30,-30,-30,-30,-30,-30,-30,30,-30,8
3936,-30,30,-30,-30,-30,-30,-30,-30,-30,-30,1
3561,-30,-30,-30,-30,30,-30,-30,-30,-30,-30,4
1245,30,-30,-30,-30,-30,-30,-30,-30,-30,-30,0
5118,-30,-30,-30,-30,-30,-30,30,-30,-30,-30,6
8402,-30,30,-30,-30,-30,-30,-30,-30,-30,-30,1
7042,-30,-30,30,-30,-30,-30,-30,-30,-30,-30,2
2726,-30,-30,-30,-30,-30,-30,30,-30,-30,-30,6
42,-30,-30,-30,-30,-30,-30,-30,-30,-30,30,9
1971,-30,-30,30,-30,-30,-30,-30,-30,-30,-30,2
6413,-30,-30,30,-30,-30,-4,-30,-30,-30,-30,2
7086,-30,-30,-30,23,-30,-30,-30,-30,-30,-30,3
1457,-30,-30,-30,-30,-30,30,-30,-30,-30,-30,5
7802,-30,-30,-30,-30,-30,30,-30,-30,-30,-30,5
907,-30,30,-30,-30,-30,-30,-30,-30,-30,-30,1
1565,20,-30,-30,-30,-30,-30,-19,-30,-30,-30,0
6589,-30,-30,-30,-30,-30,-30,-30,30,-30,-30,7
5935,-30,-30,-30,-30,-30,-30,-30,12,-30,-30,7
120,-30,-30,-30,-30,-30,-30,-30,-30,-30,30,9
5172,-30,-30,-30,-30,-30,-30,30,-30,-30,-30,6
176,-30,-30,30,-30,-30,-30,-30,-30,-30,-30,2
918,-30,-30,-30,-30,-30,-30,-30,-30,-30,30,9
8239,-30,-30,-30,-30,30,-30,-30,-30,-22,-30,4
6603,-30,-30,-30,-30,-30,-30,-30,30,-30,-30,7
8159,3,-30,-30,-30,-30,-30,-30,-30,-30,-30,0
7595,-30,-30,30,-30,-30,-30,-30,-30,-30,-30,2
3292,-30,-30,-30,30,-30,-30,-30,-30,30,-30,3
8577,-30,-30,-30,-30,29,-30,-30,-30,-30,-30,4
4002,30,-30,-30,-30,-30,-30,-30,-30,-30,-30,0
7718,30,-30,-30,-30,-30,-30,-30,-30,-30,-30,0
6876,-28,-30,-30,-30,-30,-30,-30,-30,23,-30,8
9166,16,-30,-30,-30,-30,-30,-30,-30,-13,-30,0
1798,-2,-30,-30,-30,-30,-30,-30,-30,-10,-30,0
8344,-30,-30,-30,-30,-30,30,-30,-30,-30,-30,5
6474,-30,30,-30,-30,-30,-30,-30,-30,-30,-30,1
4388,-30,-30,-30,30,-30,-30,-30,-30,-30,-30,3
4655,-30,-30,-30,-30,-30,-30,-30,30,-30,-30,7
7570,-30,-30,-30,-30,-12,-22,-30,-30,-30,-30,4
6146,-30,-30,-30,-30,-30,-30,-30,-30,-30,30,9
7456,-30,-30,-30,-30,-30,-30,-30,-30,-10,-30,8
7789,-30,-30,-30,-30,-30,-30,-30,-30,30,-30,8
4987,-30,-30,-30,-30,-30,-30,-30,-30,-30,30,9
6696,30,-30,-30,-30,-30,-30,-30,-30,-30,-30,0
8787,-30,-30,-30,-30,-30,-30,-30,-30,-30,30,9
1377,-30,-30,-30,-30,-30,-30,-30,-30,30,-30,8
7519,-30,-30,-30,-30,-30,-30,-30,-30,-30,30,9
5339,30,-30,-30,-30,-30,-30,-30,-30,-30,-30,0
7049,-30,-30,30,-30,-30,-30,-30,-30,-30,-30,2
4994,-30,-30,-30,-30,-30,-30,30,-30,-30,-30,6
139,-30,-30,-30,-30,-30,30,-30,-30,-30,-30,5
8879,-30,-30,-30,-30,-30,-30,30,-30,-30,-30,6
212,-30,-30,-30,-30,-30,-30,-30,30,-30,-30,7
9464,-30,-30,-30,-30,-26,-30,-30,-30,-30,-30,4
7016,-30,-30,-30,-30,-30,-30,-30,1,-30,-30,7
4081,-30,-30,-30,-30,-30,30,-30,-30,-30,-30,5
9106,-30,-30,-30,-30,-23,-30,-30,-30,-30,-30,4
4323,-30,30,-30,-30,-30,-30,-30,-30,-30,-30,1
3116,-30,-30,-30,30,-30,-30,-30,-30,-30,-30,3
40,-30,-30,-30,-30,-30,30,-30,-30,-30,-30,5
3581,-30,-30,-30,30,-30,-22,-30,-30,-30,-30,3
994,-30,30,-30,-30,-30,-30,-30,-30,-30,-30,1
8055,-30,-30,30,-30,-30,-30,-30,-30,-30,-30,2
3262,-30,-30,-30,30,-30,-19,-30,-30,-30,-30,3
2815,-30,-30,-30,-30,30,11,-30,-30,-30,-30,4
8063,-30,-30,-30,-18,-30,30,-30,-30,-30,-30,5
8300,-30,-30,-30,-30,-30,-30,30,-30,-30,-30,6
5116,-30,30,-30,-30,-30,-30,-30,-30,-30,-30,1
1174,-30,-30,30,-30,-30,-30,-30,-30,-30,-30,2
3174,-30,-30,-30,30,-30,1,-30,-30,-30,-30,3
4335,-30,-30,-30,-30,30,-2,-30,-30,-30,-30,4
4264,-30,-30,-30,-30,-30,-30,30,-30,-30,-30,6
8746,30,-30,-30,-30,-30,-30,-30,-30,-30,-30,0
8776,-30,30,-30,-30,-30,-30,-30,-30,-30,-30,1
7053,-30,-30,30,-29,-30,-30,-30,-30,-30,-30,2
3341,-30,-30,-30,-30,30,30,-30,-30,-30,-30,4
6587,-30,-30,-30,-30,-30,30,-30,-30,-30,-30,5
6273,-30,-30,-30,-30,-30,-30,30,-30,-30,-30,6
1209,-30,-30,-30,-30,-30,-30,-30,30,-30,-30,7
7008,-30,-30,-30,-30,-30,30,-30,-30,17,-30,5
7550,-30,30,-30,-30,-30,-30,-30,-30,-30,-30,1
5882,-30,-30,-30,-30,-30,-30,-30,30,-30,-30,7
7255,-30,-30,30,-30,-30,-14,-30,-30,-30,-30,2
9465,-30,-30,-30,-30,30,-12,-30,-30,-30,-30,4
6721,-30,30,-30,-30,-30,-30,-30,-30,-30,-30,1
4221,-30,-30,-30,-30,18,-30,-30,-30,-30,-30,4
8602,-30,30,-30,-30,-30,-30,-30,-30,-30,-30,1
1884,-30,-30,-30,-30,30,-28,-30,-30,-30,-30,4
3395,-30,-30,-30,-30,-30,-30,-30,-30,-30,-30,0
3691,-30,-30,-30,-30,-30,-30,30,-30,-30,-30,6
7353,-30,-30,-30,-30,-30,14,-30,-30,30,-30,8
3332,-30,-30,-30,-30,30,-4,-30,-30,-30,-30,4
4211,-30,-30,-30,-30,-30,-12,-30,-30,-30,-30,5
818,-30,-30,-30,30,-30,-3,-30,-30,-30,-30,3
9167,-30,-30,-30,-25,-30,-30,-30,-30,-30,-30,3
1375,-30,-30,-30,-30,-30,2,-30,-30,26,-30,8
9033,-30,-30,-30,-30,-30,16,-30,-30,-30,-30,5
6831,-30,-30,-30,30,-30,2,-30,-30,-30,-30,3
5864,-30,-30,-30,30,-30,5,-30,-30,-30,-30,3
2436,-30,-30,-30,-30,-30,30,-30,-30,-30,-30,5
4969,-30,-30,-30,-30,-30,-30,30,-30,-30,-30,6
6924,-30,-30,-30,-30,-30,-30,-30,30,-30,-30,7
1871,30,-30,-30,-30,-30,-30,-30,-30,-30,-30,0
3809,-30,-30,-30,-30,-30,-30,30,-30,-30,-30,6
5203,-30,30,-30,-30,-30,-30,-30,-30,-30,-30,1
7174,-30,-30,-30,-30,-30,-30,30,-30,-30,-30,6
5138,-30,-30,-30,-30,-30,30,-30,-30,4,-30,5
529,-30,-30,-30,-30,-30,-30,-30,30,-30,-30,7
8856,30,-30,-30,-30,-30,-30,-30,-30,-30,-30,0
8143,-30,30,-30,-30,-30,22,-30,-30,-30,-30,1
8468,-30,-30,-30,-18,-30,3,-30,-30,-30,-30,5
5233,30,-30,-30,-30,-30,2,-30,-30,-30,-30,0
4502,-30,-30,-30,-30,-30,14,-30,-30,30,-30,8
5495,-30,-30,-30,-30,-30,1,-30,-30,-19,-30,5
8800,30,-30,-30,-30,-30,-30,-30,-30,-30,-30,0
1321,-30,30,-30,-30,-30,-30,-30,-30,-30,-30,1
587,-30,-30,-30,-30,-30,30,-30,-30,-30,-30,5
7204,-30,-30,-30,-30,-30,30,-30,-30,30,-30,5
9924,-30,-30,-30,-30,30,-14,-30,-30,-29,-30,4
3911,-30,-30,-8,-30,-30,-30,-30,-30,-30,-30,2
8099,-30,-30,-30,30,-30,30,-30,-30,-30,-30,3
611,-30,-30,-30,-30,-30,-30,-30,-30,-30,2,9
7258,-30,-30,-30,-30,-30,-30,-30,30,-30,-30,7
5883,-30,-30,-30,-30,-30,-30,30,-30,-30,-30,6
423,-30,-30,-30,-30,-30,-30,-30,-30,-30,-5,9
9597,-30,30,-30,-30,-30,24,-30,-30,-30,-30,1
4629,-30,-30,-30,-30,-30,-30,-30,-30,-30,30,9
2729,25,-30,-30,-30,-30,10,-30,-30,-30,-30,0
6463,-30,-30,-30,-30,-30,-2,30,-30,-30,-30,6
6384,-30,-30,-30,-30,-30,-30,-30,30,-30,-30,7
265,-30,30,-30,-30,-30,16,-30,-30,-30,-30,1
8736,-30,-30,30,-30,-30,-30,-30,-30,-30,-30,2
4898,-30,-30,-30,30,-30,-7,-30,-30,-30,-30,3
1100,-30,-30,-30,-30,-30,-30,-30,-14,-30,-30,7
4027,-30,-30,30,-30,-30,-30,-30,-30,-30,-30,2
4446,-30,-30,-30,-30,11,30,-30,-30,-30,-30,5
1989,-30,-30,-30,-30,-30,30,-30,-30,-30,-30,5
2091,-30,-30,-30,-30,-30,30,-30,-30,-30,-30,5
3431,-30,-30,-30,30,-30,-30,-30,-30,-30,-30,3
9761,-30,-30,-30,-30,-30,-30,-30,30,-30,-30,7
8617,-30,-30,-30,-23,-30,30,-30,-30,-30,-30,5
7089,-30,-30,-30,30,-30,-30,-30,-30,-30,-30,3
4477,-30,10,-30,-30,-30,-30,-30,-30,-30,-30,1
4557,-30,-30,-30,-30,-30,30,-30,-30,-30,-30,5
5978,-30,-30,30,-30,-30,-30,-30,-30,-30,-30,2
1257,-30,-30,30,-30,-30,-30,-30,-30,-30,-30,2
1219,-30,-30,-30,30,-30,23,-30,-30,-30,-30,3
3290,30,-30,-30,-30,-30,-30,-30,-30,-30,-30,0
5009,-30,-30,30,-30,-30,-30,-30,-30,-30,-30,2
7038,-30,-30,-30,-30,-30,-30,-30,-30,-30,-30,0
1421,-30,-30,-30,-30,30,-20,-30,-30,-30,-30,4
7447,-30,-30,-30,-30,-30,-30,-30,-30,-30,24,9
8228,-30,-30,-30,-27,-30,-30,-30,30,-30,-30,7
2546,-3,-30,-30,-30,-30,-10,-30,-30,-30,-30,0
7364,-30,-30,-25,-30,-30,-30,-30,3,-30,-30,7
2298,-30,-30,-30,-30,-30,-30,-30,30,-30,-30,7
4579,-30,-30,-30,-30,-3,-4,-30,-30,-30,-30,4
6643,-30,-30,-30,-30,-30,-30,-30,-30,-30,18,9
4785,-30,-30,-30,-30,-30,-30,-30,-30,-30,30,9
2054,-30,-30,30,-30,-30,-30,-30,-30,-30,-30,2
257,-30,-30,-30,30,-30,-12,-30,-30,-30,-30,3
8703,-30,-30,-30,-30,-30,-30,-30,-30,-30,30,9
8609,-30,-30,-30,-30,-30,-30,-30,-30,30,-30,8
3773,-30,-30,-30,30,-30,13,-30,-30,-30,-30,3
7088,-30,-30,-30,-30,-30,30,-30,-30,30,-30,5
4041,-30,-30,-30,-30,-30,-27,30,-30,-30,-30,6
8557,-30,-30,-30,-30,-30,-30,-30,30,-30,-30,7
9339,3,-30,-30,-30,-30,12,1,-30,-30,-30,5
6079,30,-30,-30,-30,-30,-30,-30,-30,-30,-30,0
6814,-30,21,5,-30,-30,-30,-30,-30,-30,-30,1
3378,-30,-30,30,-30,-30,-30,-30,-30,-30,-30,2
633,-30,-30,-30,30,-30,4,-30,-30,-30,-30,3
6887,-30,-30,-30,-30,30,-30,-30,-30,-30,-30,4
8845,-30,-30,-30,-30,-30,30,-30,-30,-30,-30,5
7295,-30,-30,-30,-30,-30,-30,30,-30,-30,-30,6
6242,-30,-30,-30,-30,-30,-30,-30,30,-30,-30,7
7963,30,-30,-30,-30,-30,-30,-30,-30,-30,-30,0
5389,-30,-30,-30,-30,-30,-30,-30,-30,-30,30,9
5268,30,-30,-30,-30,-30,-30,-30,-30,-30,-30,0
1607,-30,29,-30,-30,-30,-30,-30,-30,-30,-30,1
134,-30,-30,15,16,-30,-9,-30,-30,-30,-30,3
2186,-30,-30,-30,30,-30,-7,-30,-30,-30,-30,3
9184,-30,-30,-30,-30,30,-19,-30,-30,-30,-30,4
653,-30,-30,-30,-30,-30,30,-30,-30,-30,-30,5
1010,-30,-30,-30,-30,-30,-30,30,-30,-30,-30,6
5358,-30,-30,-30,-30,-30,-30,-30,20,-30,-30,7
5946,30,-30,-5,-30,-30,-30,-30,-30,-30,-30,0
4465,-30,-30,-30,-30,-30,-30,-30,-30,-30,30,9
9355,30,-30,-30,-30,-30,-30,-30,-30,-30,-30,0
783,-30,30,-30,-30,-30,-30,-30,-30,-30,-30,1
2170,-30,-30,30,-22,-30,4,-30,-30,-30,-30,2
5701,-30,-30,-30,30,-30,-3,-30,-30,-30,-30,3
8456,-30,-30,-30,-30,30,14,-30,-30,-30,-30,4
142,-30,-30,-30,-30,-30,30,-30,-30,-30,-30,5
6753,-30,-30,-30,-30,-30,-30,30,-30,-30,-30,6
6269,-30,-30,-30,-30,-30,-30,-30,-14,-30,-30,7
2055,17,-30,-30,-30,-30,-30,-30,-30,-30,-30,0
966,-30,-30,-30,-30,-30,-30,-30,-30,-30,30,9
5538,30,-30,-30,-30,-30,-30,-30,-30,-30,-30,0
3442,30,-30,-30,-30,-30,-30,-30,-30,-30,-30,0
662,-30,-30,-30,-30,-30,-30,-30,30,-30,-30,7
6842,-30,-30,30,-30,-30,-19,-30,-30,-30,-30,2
3585,-30,-30,-30,-30,-30,-30,30,-30,-30,-30,6
6092,-30,-30,-30,-30,-30,30,-30,-30,-30,-30,5
6001,-30,-30,-30,-30,-30,30,-30,-30,-30,-30,5
4682,-30,-30,-21,30,-30,-16,-30,-30,-30,-30,3
7056,-30,-30,-30,-30,-30,-30,-30,30,-30,-30,7
6740,11,-30,-30,-30,-30,-14,-30,-30,-30,-30,0
144,-30,-30,-30,-30,-30,-30,30,-30,-30,-30,6
9374,-30,-30,-30,-30,-30,-30,30,-30,-30,-30,6
6185,-30,-30,6,-30,-30,-30,30,-30,-30,-30,6
9363,-30,-30,-30,-30,-30,-30,30,-30,-30,-30,6
7421,-30,-30,-30,-30,30,-7,-30,-30,-30,-30,4
9427,-30,-30,-30,30,-30,-21,-30,-30,-30,-30,3
921,-30,-30,-30,-30,-30,-30,-30,-30,30,-30,8
7284,-4,-30,-30,-8,-30,-30,-30,-30,9,-30,8
7547,-30,-30,-30,30,-30,7,-30,-30,-30,-30,3
6084,30,-30,-30,-30,-30,-30,-30,-30,-30,-30,0
8160,-30,30,-30,-30,-30,-30,-30,-30,-30,-30,1
9976,-30,-30,-30,-30,-30,-30,-30,-30,-30,30,9
8529,30,-30,-3,-30,-30,-30,-30,-30,-30,-30,0
4954,-30,-30,-30,22,-30,10,-30,-30,-30,-30,3
912,-30,-30,-30,-30,30,-30,-30,-30,-30,-30,4
834,-30,30,-30,-30,-30,-30,-30,-30,-30,-30,1
723,-30,-30,-30,-30,-30,-30,-30,-30,-30,30,9
838,-30,30,-30,-30,-30,-30,-30,-30,-30,-30,1
8514,-30,-30,30,-30,-30,-30,-30,-30,-30,-30,2
5522,-30,-30,-30,-30,26,-11,-30,-30,-30,-30,4
5997,30,-30,-30,-30,-30,-30,-30,-30,-30,-30,0
934,-30,30,-30,-30,-30,-30,-30,-30,-30,-30,1
1098,-30,-30,-30,30,-30,-12,-30,-30,-30,-30,3
6835,-16,-30,-30,-30,-30,-30,-30,-30,-30,-30,0
1407,-30,-30,30,-30,-30,-29,-30,-30,-30,-30,2
7396,-30,-30,-30,-30,-30,-30,-30,-30,-30,30,9
7891,-30,-30,30,-30,-30,-30,-30,-30,-30,-30,2
4908,-30,-30,-30,-30,-30,-30,-30,30,-30,-30,7
3628,-30,-30,-30,-30,30,-30,-30,-30,-30,-30,4
5735,-30,-30,30,-13,-30,-30,-30,-30,-30,-30,2
3502,-30,-30,-30,-30,-30,-30,30,-30,-30,-30,6
9085,-30,-30,-30,-30,-30,30,-30,-30,-30,-30,5
3769,-30,-30,-30,-30,-30,30,-30,-30,-30,-30,5
1782,-17,-30,-30,-30,-30,-30,-30,-30,-30,-30,0
3713,-30,-30,-30,-30,-30,-30,-30,-30,-30,-15,9
5521,-30,30,-30,-30,-30,-30,-30,-30,-30,-30,1
2974,-30,30,-30,-30,-30,-30,-30,-30,-30,-30,1
8715,-30,-30,-30,-30,-30,30,-30,-30,-30,-30,5
9265,-30,-30,-30,-30,-30,-30,-30,-30,-30,10,9
422,-30,-30,-30,-30,-30,-30,30,-30,-30,-30,6
8953,23,-30,-30,-30,-30,-30,-30,-30,-17,-30,0
4862,-30,-30,30,-30,-30,9,-30,-30,-30,-30,2
1500,-30,-30,-30,-30,-30,-30,-30,-30,-30,30,9
2093,-30,-30,-30,-30,30,-30,-30,-30,-30,-30,4
6741,-30,-30,-30,30,-30,-30,-30,-30,-30,-30,3
1127,-30,30,-30,-30,-30,-30,-30,-30,-30,-30,1
2859,-30,-30,-30,-30,-30,-30,-30,-30,-30,30,9
8902,30,-30,-30,-30,-30,-9,-30,-30,-30,-30,0
6134,-30,-30,-30,-30,-30,-30,-30,-30,-30,30,9
2392,-30,-30,-30,-1,-30,-30,-30,-30,-21,-30,3
4720,-30,-30,-30,-30,-30,-30,30,-30,-30,-30,6
2318,-30,-30,-30,-22,-30,-7,-30,-30,-30,-30,5
8180,-30,-30,-30,-30,-30,-30,-30,30,-30,-30,7
5543,30,-30,-30,-30,-30,-30,-30,-30,-30,-30,0
6129,-30,30,-30,-30,-30,-30,-30,-30,-30,-30,1
8376,30,-30,-30,-30,-30,-30,-30,-30,-30,-30,0
11,-30,-30,-30,-30,-30,30,-30,-30,-30,-30,5
2930,1,-30,-30,-30,-30,-8,-30,-30,-30,-30,0
4143,-30,-30,30,30,-30,-6,-30,-30,-30,-30,2
3791,-30,-30,-30,-30,-30,-30,-30,30,-30,-30,7
4652,-30,-30,-30,-30,-30,-30,-30,15,-30,-30,7
4797,30,-30,-30,-30,-30,-30,-30,-30,-30,-30,0
7657,-30,30,-30,-30,-30,-30,-30,-30,-30,-30,1
9814,-30,-30,30,-30,-30,-27,-30,-30,-30,-30,2
6004,-30,-30,-30,30,-30,-30,-30,-30,-30,-30,3
8510,-30,-30,-30,-30,30,-30,-30,-30,-30,-30,4
2136,-30,-30,-30,-30,-30,30,-30,-30,-30,-30,5
1626,-30,-30,-30,-30,-30,-30,30,-30,-30,-30,6
9517,-30,-30,-30,-30,-30,-30,-30,30,-30,-30,7
2360,-30,-30,-30,-30,-30,-30,-30,-30,30,-30,8
9155,-30,-30,-30,-30,-30,-30,-30,-30,-30,30,9
4076,30,-30,-30,-30,-30,-12,-30,-30,-30,-30,0
7902,-30,30,-30,-30,-30,-30,-30,-30,-30,-30,1
5302,-30,-30,-9,21,-30,-30,-30,-30,-30,-30,3
5955,-30,-30,-30,30,-30,-30,-30,-30,-30,-30,3
3882,-30,-30,-30,-30,30,-30,-30,-30,-30,-30,4
5371,-30,-30,-30,-30,-30,30,-30,-30,-30,-30,5
1821,-30,-30,-30,-30,-30,-30,-30,-30,30,-30,8
5456,-30,-30,-30,-30,-30,-30,-30,-30,-30,30,9
6316,30,-30,-30,-30,-30,-29,-30,-30,-30,-30,0
1753,-30,30,-30,-30,-30,-30,-30,-30,-30,-30,1
3232,-30,-30,30,-22,-30,-30,-30,-30,-30,-30,2
5074,-30,-30,-30,30,-30,-25,-30,-30,-30,-30,3
3101,-30,-30,-30,-30,30,-30,-30,-30,-30,-30,4
4644,-30,-30,-30,-30,-30,30,-30,-30,-30,-30,5
6291,-30,-30,-30,-30,-30,-30,30,-30,-30,-30,6
7865,-30,-30,-30,-30,-30,-30,-30,30,-30,-30,7
5106,-30,-30,-30,-30,-30,-30,-30,-30,30,-30,8
6682,-30,-30,-30,-30,-30,-30,-30,-30,-30,30,9
9433,-30,-30,30,-30,-30,-30,-30,-30,-30,-30,2
9768,-30,30,-30,-30,-30,-30,-30,-30,-30,-30,1
1624,-30,-30,-30,-11,-30,-18,-30,-30,-30,-30,3
2843,-30,30,-30,-30,-30,-30,-30,-30,-30,-30,1
3400,-30,-30,-30,30,-30,20,-30,-30,-30,-30,3
3048,-30,-30,-30,-30,-30,-30,-30,-30,-30,30,9
2276,-30,-30,-30,-30,-27,-30,-30,-30,-30,-30,4
5031,-30,-30,-30,-30,-30,-30,-30,-30,30,-30,8
1152,-30,-30,-30,-30,-30,-30,-30,-30,-30,-30,0
896,-30,-30,-30,30,-30,-30,-30,-30,-30,-30,3
5498,-30,-30,-30,-30,-30,-30,-30,30,-30,-30,7
1715,30,-30,-30,-30,-30,-30,-30,-30,-30,-30,0
6026,-30,-30,-30,-30,-30,-30,-30,30,-30,-30,7
9098,-30,-30,-30,-30,-30,-30,-30,30,-30,-30,7
3438,-30,-30,-30,-30,-30,30,-30,-30,-30,-30,5
7918,-30,-30,-30,-30,-30,-30,-30,30,-30,-30,7
1869,-30,-30,-30,-30,-30,-30,-30,-30,-30,-30,0
9499,-30,-30,-30,-30,-30,-30,-30,-30,-30,30,9
7277,-30,-30,-30,-30,30,-30,-30,-30,-30,-30,4
870,-30,-30,-30,-30,-30,-30,-30,30,-30,-30,7
2213,30,-30,-30,-30,-30,-30,-30,-30,-30,-30,0
1675,-30,-30,-30,30,-30,-30,-30,-30,-30,-30,3
346,-30,-30,-30,-30,30,-30,-30,-30,-30,-30,4
2515,-30,30,-30,-30,-30,-30,-30,-30,-30,-30,1
7611,-30,-30,-30,-30,-30,30,-30,-30,-30,-30,5
2290,-30,-30,-30,-30,-30,-21,-30,-30,30,-30,8
5769,-30,30,-30,-30,-30,-30,-30,-30,-30,-30,1
2154,-30,-30,-30,-30,30,-30,-30,-30,-30,-30,4
9123,-30,-30,-30,-30,-30,-30,-30,-30,30,-30,8
7500,-30,-30,-30,-30,30,-30,-30,-30,-30,-30,4
9659,-30,30,-30,-30,-30,-30,-30,-30,-30,-30,1
140,-30,-30,-30,-30,-30,-30,-30,-30,30,-30,8
3763,-30,-30,-30,-30,-30,-30,30,-30,-30,-30,6
2007,-30,-30,-16,-30,-30,-30,30,-30,-30,-30,6
2750,-30,-30,-30,-30,30,-30,-30,-30,-30,-30,4
5679,-30,-30,-30,-30,-30,-30,30,-30,-30,-30,6
1478,-9,-30,-30,-30,-30,-12,-30,-30,-30,-30,0
3348,-30,-30,-30,-30,-30,30,-30,-30,-18,-30,5
2414,-30,-30,-30,-30,-30,30,-30,-30,3,-30,5
6936,-30,-30,-30,30,-30,30,-30,-30,-30,-30,3
8111,-30,-30,-30,30,-30,30,-30,-30,-30,-30,3
377,-30,-30,-30,-30,-30,30,-30,-30,-18,-30,5
3052,-30,-30,-30,-30,-30,-30,-30,30,-30,-30,7
2150,-30,-30,30,-30,-30,-30,-30,-30,-30,-30,2
5264,-30,-30,-30,-30,-30,-30,-30,-30,-30,-30,0
2887,-30,-30,-30,-30,-30,-30,-30,-30,-30,30,9
8963,-30,-30,-30,-30,-30,-30,30,-30,-30,-30,6
8657,-30,-30,-30,-30,-30,-30,-30,-30,-30,30,9
9605,-30,-30,30,-30,-30,-30,-30,-30,-30,-30,2
50,-30,-30,-30,-30,-30,-30,30,-30,-30,-30,6
8972,-30,-30,30,-30,-30,-30,-30,-30,-30,-30,2
3842,-30,30,-30,-30,-30,-30,-30,-30,-30,-30,1
7892,-30,-30,30,-30,-30,-30,-30,-30,-30,-30,2
7666,30,-30,-30,-30,-30,-30,-30,-30,-30,-30,0
7036,-30,-30,-30,4,-30,-30,-30,-30,17,-30,8
2970,-30,-30,-30,30,-30,-30,-30,-30,-30,-30,3
6459,-30,-30,-30,-30,-30,-8,-30,-30,-30,-30,5
2572,-30,-30,-30,30,-30,13,-30,-30,-30,-30,3
5677,30,-30,-30,-30,-30,-29,-30,-30,-30,-30,0
755,-30,-30,-30,-9,-30,-30,-30,-30,28,-30,8
8171,-30,-30,-30,-30,-30,-30,-30,30,-30,-30,7
5486,-30,-30,-30,-30,30,-30,-30,-30,-30,-30,4
8918,-30,-30,-30,-30,-30,-30,-30,-30,-30,30,9
857,-30,-30,-30,21,-30,28,-30,-30,-30,-30,5
9297,30,-30,-30,-30,-30,-12,-30,-30,-30,-30,0
4238,-30,-30,-30,-30,-30,-30,-30,-30,-30,30,9
5311,-30,-30,-30,-30,-30,-30,-30,30,-30,-30,7
331,30,-30,-30,-30,-30,4,-30,-30,-30,-30,0
8772,30,-30,-30,-30,-30,-30,-30,-30,-30,-30,0
6454,-30,-30,-30,-30,30,-30,-30,-30,-30,-30,4
8546,-30,-30,-30,-30,-30,-30,30,-30,-30,-30,6
7298,30,-30,-30,-30,-30,-23,-30,-30,-30,-30,0
7321,-30,-30,-30,-30,-30,-30,-30,-30,-30,30,9
7612,-30,30,-30,-30,-30,-30,-30,-30,-30,-30,1
1085,-30,-30,-30,-30,-30,-30,30,-30,-30,-30,6
955,-30,-30,30,-30,-30,-25,-30,-30,-30,-30,2
3805,-30,-30,-30,-30,-30,-30,-30,30,-30,-30,7
4636,-30,-30,-30,-30,-30,-30,30,-30,-30,-30,6
6137,-30,-30,-30,-30,-30,-30,-30,-30,12,-30,8
126,-30,-30,-30,0,-30,2,-30,-30,-30,-30,5
8680,-30,-30,-30,-30,-30,30,-30,-30,-30,-30,5
4591,-30,-30,30,-30,-30,-30,-30,-30,-30,-30,2
9138,-30,30,-30,-30,-30,-30,-30,-30,-30,-30,1
6069,-30,-30,-30,-30,-30,-27,-30,-30,28,-21,8
1559,-30,-30,-30,30,-30,-17,-30,-30,-30,-30,3
541,-30,-30,-30,-30,-30,-7,-30,-30,-3,-30,8
350,-30,-30,-30,-30,-30,-30,30,-30,-30,-30,6
131,-30,30,-30,-30,-30,-30,-30,-30,-30,-30,1
8726,30,-30,-30,-30,-30,-29,-30,-30,-30,-30,0
9461,-30,-30,-21,-30,-30,-30,-30,-30,-30,-30,2
2098,-30,30,-30,-30,-30,-30,-30,-30,-30,-30,1
3457,-30,-30,-30,-30,30,-30,-30,-30,-30,-30,4
4573,30,-30,-30,-30,-30,-30,-30,-30,-30,-30,0
9705,-30,9,-30,-30,-30,-30,-30,-30,-30,-30,1
8084,-30,-30,-26,-30,-30,-2,-30,-30,-30,-30,5
4653,-30,-30,-30,30,-30,-2,-30,-30,-30,-30,3
6385,-30,-30,-30,-30,9,-30,-30,-30,-30,-30,4
6021,-30,-30,-30,-30,-30,30,-30,-30,-25,-30,5
622,-30,-30,-30,-30,-30,-30,29,-30,-30,-30,6
3984,-30,-30,-30,-30,-30,-30,-30,30,-30,-30,7
4854,-29,-30,-5,-30,-30,-30,-30,-30,-30,-30,2
6636,-30,-30,-30,-30,-30,-10,-30,-30,-30,-20,5
1482,30,-30,-30,-30,-30,-28,-30,-30,-30,-30,0
4352,-30,-30,-30,-30,-30,-30,-30,-30,-30,-30,0
4170,-30,-30,30,-30,-30,-20,-30,-30,-30,-30,2
4989,-30,-30,-30,30,-30,-17,-30,-30,-30,-30,3
1080,-30,-30,-30,-30,-1,-30,-30,-30,-30,-30,4
4568,-30,-30,-30,-30,-30,30,-30,-30,-30,-30,5
4737,-30,-30,-30,-30,-30,-30,30,-30,-30,-30,6
5859,-30,-30,-30,-30,-30,-30,-30,30,-30,-30,7
6072,-30,-30,-30,-30,-30,6,-30,-30,-6,-30,5
872,-30,-30,-30,-30,-30,-9,-30,-30,-30,-30,5
2281,30,-30,-30,-30,-30,-30,-30,-30,-30,-30,0
6638,-30,-9,-30,-30,-30,-30,-30,-30,-30,-30,1
8755,-30,-30,15,-30,-30,-12,-30,-30,-30,-30,2
561,-30,-30,-30,30,-30,-27,-30,-30,-30,-30,3
6441,-30,-30,-30,-30,30,-17,-30,-30,-30,-30,4
6276,-30,-30,-30,-30,-30,30,-30,-30,-30,-30,5
4567,-30,-30,-30,-30,-30,-30,30,-30,-30,-30,6
9565,-30,-30,-30,-30,-30,-30,-30,-23,-30,-30,7
4454,-30,-30,-24,-30,-30,3,-30,-30,-15,-30,5
6935,-30,-30,-30,-30,-30,-30,-30,-30,-30,-16,9
1886,-30,-30,-30,-30,-30,-27,-30,-30,-30,-30,5
6903,-30,-30,-30,-30,-30,-30,30,-30,-30,-30,6
6607,-30,-30,-30,-30,29,-30,-30,-30,-30,-30,4
8722,-30,-30,-30,-30,-30,-30,-30,21,-30,-30,7
759,-30,-30,-30,-30,-30,-30,30,-30,-30,-30,6
7502,-30,-30,30,-30,-30,-30,-30,-30,-30,-30,2
4647,-30,-30,-30,30,-30,-30,-30,-30,-30,-30,3
286,-30,-30,-30,-30,-25,-30,-30,-30,-30,-30,4
7504,-30,-30,-30,-30,-30,-30,-30,-30,30,-30,8
9767,-30,-30,-30,-30,-30,-30,-30,30,-30,-30,7
3260,-30,-30,-30,-30,-30,16,-30,-30,-9,-30,5
844,-30,-30,-30,-30,-30,-30,30,-30,-30,-30,6
7580,-30,-30,-30,-30,-30,-30,-30,-30,-30,30,9
3356,-30,-30,-30,-30,-30,14,-30,-30,28,-30,8
5580,-30,-30,-30,30,-30,-30,-30,-30,-30,-30,3
6179,-30,-30,30,-30,-30,-30,-30,-30,-30,-30,2
8379,-30,-30,30,-30,-30,-23,-30,-30,-30,-30,2
7854,-30,-30,-30,-30,-30,4,-30,-30,-28,-30,5
761,-30,-30,-30,-30,30,-30,-30,-30,-30,-30,4
9217,-30,-30,-30,-30,-30,-30,-30,-30,-6,-30,8
6336,-30,-30,-30,-28,-30,5,-30,-30,-30,-30,5
1287,-30,-30,-30,-30,-30,-30,30,-30,-30,-30,6
9791,-30,-30,-30,-30,-30,30,-30,-30,-30,-30,5
6550,26,-30,-30,-30,-30,-30,-30,-30,-30,-30,0
6698,-30,-30,30,-30,-30,-25,-30,-30,-30,-30,2
3041,30,-30,-30,-30,-30,-30,-30,-30,-30,-30,0
9162,-30,-30,-30,-30,-30,-30,-30,-30,-14,-30,8
1561,-30,21,-30,-30,-30,-30,-30,-30,-30,-30,1
7184,-30,-30,30,-30,-30,-20,-30,-30,-30,-30,2
3261,-30,-30,-30,-30,-30,-30,-30,3,-30,-30,7
7165,-30,-30,-30,-30,-30,-30,28,-30,-30,-30,6
7151,-30,-30,-30,-30,-30,-7,-30,-30,-5,-30,8
780,-30,-30,30,-30,-30,-26,-30,-30,-30,-30,2
8185,-30,-22,-30,-30,-30,-30,-30,-30,-30,-30,1
5447,30,-30,-30,-30,-30,-27,-30,-30,-30,-30,0
3821,-30,-30,-30,-30,-30,-30,30,-30,-30,-30,6
7783,-30,-30,-30,-30,-30,30,-30,-30,-30,-30,5
3642,-30,-30,30,-30,-30,-30,-30,-30,-30,-30,2
2928,-30,-30,-30,-30,-30,-30,-30,-30,-30,30,9
2997,-30,-30,-30,-30,-30,-30,-30,24,-30,-30,7
4585,-30,-30,-30,-30,-30,30,-30,-30,-30,-30,5
8511,-30,-30,-30,30,-30,-7,-30,-30,-30,-30,3
9160,-30,-30,-30,-30,-30,-30,-30,-30,-30,30,9
2075,-30,-30,-15,-27,-30,-30,-30,-30,-30,-30,2
4131,-30,-30,-30,-30,-30,-30,-30,30,-30,-30,7
9402,-30,-18,-30,-30,-30,-30,-30,-30,-30,-30,1
338,-30,-30,-30,-30,-30,-17,-30,-30,-30,-30,5
1277,-30,-30,-30,30,-30,-30,-30,-30,-30,-30,3
9983,-30,-30,-30,-30,-30,30,-30,-30,-3,-30,5
4034,-30,-3,-30,-30,-30,-30,-30,-30,-30,-30,1
697,-30,-30,-30,-30,-30,-30,-30,-30,-30,21,9
5256,-30,-30,-30,-30,-30,30,-30,-30,-30,-30,5
8665,-30,-30,-30,-30,-30,30,-30,-30,-30,-30,5
2458,30,-30,-30,-30,-30,-30,-30,-30,-30,-30,0
82,-30,-12,-30,-30,-30,-30,-30,-30,-30,-30,1
7367,-30,-21,-30,-30,-30,-30,-30,-30,-30,-30,1
3554,-30,-30,-30,-30,-30,-30,-30,-30,-30,-30,0
22,5,-30,-30,-30,-30,-9,-30,-30,-16,-30,0
6558,-30,-30,30,-30,-30,-19,-30,-30,-30,-30,2
5960,-30,-30,-30,-30,-30,-30,17,-30,-30,-30,6
5309,30,-30,-30,-30,-30,-25,-30,-30,-30,-30,0
3766,-30,-30,-30,-30,20,-21,-30,-30,-30,-30,4
2096,-30,-30,-30,-30,-30,30,-30,-30,-30,-30,5
6659,30,-30,-30,-30,-30,-23,-30,-30,-30,-30,0
116,-30,-30,30,0,-30,-30,-30,-30,-30,-30,2
2748,-30,-27,30,-30,-30,-20,-30,-30,-30,-30,2
5696,-30,-30,-30,-30,-30,2,-30,-30,-30,-30,5
8193,-30,-30,-27,-30,-30,-30,29,-30,-30,-30,6
7726,-30,-30,-30,-30,-30,-30,-30,30,-30,-30,7
3655,-30,-30,-30,-30,-30,30,-30,-30,-30,-30,5
7810,-30,-30,-30,-30,-30,-30,-30,-30,-30,30,9
3176,-30,-30,-30,-30,-30,-30,-30,-30,-30,30,9
9269,-30,-30,-30,30,-30,-27,-30,-30,-30,-30,3
9469,30,-30,-30,-30,-30,-30,-30,-30,-30,-30,0
1346,-30,-30,-30,30,-30,-27,-30,-30,-30,-30,3
6265,-30,30,-30,-30,-30,-30,-30,-30,-30,-30,1
6160,-30,-30,-30,-30,30,-30,-30,-30,-30,-30,4
6518,-30,-30,-30,-30,30,-30,-30,-30,-30,-30,4
8133,30,-30,-30,-30,-30,-30,-30,-30,-30,-30,0
794,-30,-30,-30,-30,30,-30,-30,-30,-30,-30,4
1643,-30,-30,-30,-30,-30,-30,-30,-30,-30,28,9
1473,25,-30,-30,-30,-30,-30,-30,-30,-30,-30,0
1474,-30,-15,-30,-30,-30,-30,-30,-30,-30,-30,1
8454,-30,-30,30,-30,-30,-30,-30,-30,-30,-30,2
5209,-30,-30,-19,-10,-30,-9,-30,-30,-30,-30,5
6766,-30,-30,-30,-30,-30,21,-30,-30,-30,-30,5
8261,-30,-30,-30,-30,-30,-30,27,-30,-30,-30,6
4580,-30,-30,-30,-30,-30,-30,-30,-30,-30,-30,0
4493,-23,-30,-30,-30,-30,-20,-30,-30,-27,-30,5
1929,30,-30,-30,-30,-30,-30,-30,-30,-30,-30,0
3827,-30,-19,-30,-30,-30,-30,-30,-30,-30,-30,1
1664,-30,-30,30,-30,-30,-30,-30,-30,-30,-30,2
4084,-30,-30,-23,-20,-30,-30,-30,-30,-30,-30,3
6988,-30,-30,-30,-30,-30,19,-30,-30,-30,-30,5
5108,-30,-30,-13,-30,-30,-11,7,-30,-30,-30,6
8999,-30,-30,-30,-30,-30,-30,-30,10,-30,-30,7
7959,12,-30,-30,-30,-30,-13,-30,-30,-20,-30,0
2324,-30,-30,-30,-30,-30,-30,-30,-30,-30,-28,9
1835,30,-30,-30,-30,-30,-17,-30,-30,-30,-30,0
9642,-30,-30,-30,-30,-30,-30,-30,-30,-30,-30,0
3423,-30,-30,4,-30,4,-30,-30,-30,-30,-30,2
125,-30,-30,18,-7,-30,-26,-30,-30,-30,-30,2
6358,-30,-30,-30,-30,-30,12,-30,-30,-30,-30,5
96,-30,-30,-23,-30,-30,-16,-1,-30,-30,-30,6
1006,-30,-30,-30,-30,-30,-30,-30,-12,-30,-30,7
6251,-30,-30,-30,-30,-30,-25,-30,-30,-30,-30,5
4672,-30,-30,-30,-30,-30,-30,-30,-30,-30,19,9
6010,-30,-30,-30,-30,-30,-30,-30,-30,-30,30,9
841,-30,-30,-30,-30,-30,-30,-30,-30,-30,-30,0
4332,30,-30,-30,-30,-30,-17,-30,-30,-30,-30,0
7254,-30,-30,-30,-30,-30,-30,-30,-30,-30,28,9
782,30,-30,-30,-30,-30,-15,-30,-30,-30,-30,0
5971,-30,23,-30,-30,-30,-30,-30,-30,-30,-30,1
5319,-30,-30,-30,-30,-30,30,-30,-30,-30,-30,5
4951,-30,-30,-30,-30,-30,10,-30,-30,-13,-30,5
3215,30,-30,-30,-30,-30,-30,-30,-30,-30,-30,0
4029,30,-30,-30,-30,-30,-30,-30,-30,-30,-30,0
7986,-30,-30,-30,-30,-30,-30,-30,-30,-30,-19,9
4213,-30,-30,-24,-4,-30,-13,-30,-30,-30,-30,3
8690,-30,-30,30,-30,-30,-30,-30,-30,-30,-30,2
1526,-30,-30,-30,-30,-30,-30,-30,-11,-30,-30,7
6203,-30,-30,-30,-30,-30,5,-30,-30,-1,-30,5
8700,-30,-30,-30,-30,30,-10,-30,-30,-30,-30,4
8433,-30,-30,-30,-30,-30,-30,30,-30,-30,-30,6
4559,-30,30,-30,-30,-30,-30,-30,-30,-30,-30,1
9966,30,-30,-30,-30,-30,-23,-30,-30,-30,-30,0
5744,-30,-30,-30,-30,30,-30,-30,-30,-30,-30,4
7588,-30,-30,-30,-30,-30,-30,-30,-30,-30,-10,9
2289,-30,-30,-30,-30,30,-5,-30,-30,-30,-30,4
1623,-30,-30,27,-30,-8,-30,-30,-30,-30,-30,2
3195,30,-30,-30,-30,-30,-30,-30,-30,-30,-30,0
7468,-30,-30,-30,-30,-30,30,-30,-30,-30,-30,5
5328,30,-30,-30,-30,-30,-26,-30,-30,-30,-30,0
8090,-30,30,-30,-30,-30,-30,-30,-30,-30,-30,1
9673,-30,-30,-30,-30,-30,-30,9,-30,-30,-30,6
3702,-30,-30,-30,-30,-30,-30,-30,-30,-30,30,9
5938,-26,-30,-23,6,-30,-13,-30,-30,-30,-30,3
6985,-30,-30,30,-30,-30,-30,-30,-30,-30,-30,2
6154,-30,-30,-30,-30,-30,-30,-30,-30,-30,23,9
6797,-30,-6,-30,-30,-30,-30,-30,-30,-30,-30,1
1555,-30,-30,-30,-30,-30,-30,-30,-30,-30,-30,0
9557,16,-30,-30,-30,-30,-24,-30,-30,-30,-30,0
1578,-30,-30,-30,-30,-30,-30,-30,-30,2,-30,8
6347,-30,-12,-30,-30,-30,-30,-30,-30,-30,-30,1
7980,-27,-30,-30,-30,-30,-4,-30,-30,7,-30,8
9637,-30,-30,-30,-30,-30,-30,-30,-30,-30,-30,0
7706,-30,-30,-30,-30,-30,-30,-30,-30,-30,-30,0
1551,-30,-30,-30,-30,-30,-30,19,-30,-30,-30,6
7223,-25,-30,0,-8,-30,-5,-30,-30,-30,-30,2
3050,-30,-30,-30,-30,-30,-30,30,-30,-30,-30,6
944,30,-30,-30,-30,-30,-25,-30,-30,-30,-30,0
3661,-30,-30,-30,-30,-30,-30,-30,-24,-30,-30,7
8246,-30,-30,30,-30,-30,-19,-30,-30,-30,-30,2
368,-10,-30,-30,-30,21,-19,-30,-30,-30,-30,4
215,-30,13,-30,-30,-30,-30,-30,-30,-30,-30,1
7065,-30,-30,-30,-30,-30,-30,-30,-25,-30,-30,7
4287,30,-30,-30,-30,-30,-12,-30,-30,-30,-30,0
9678,-30,-30,-30,-30,-30,-30,15,-30,-30,-30,6
1830,-30,-30,-30,-30,-30,-20,-30,-30,-30,-30,5
9996,-30,7,-30,-30,-30,-30,-30,-30,-30,-30,1
2571,-30,-30,3,-30,-30,-30,-30,-30,-30,-30,2
2140,-30,-30,-30,-30,-30,29,-30,-30,-30,-30,5
1017,-27,-30,-30,-30,-30,3,-30,-30,-30,-30,5
3168,-30,-7,-30,-30,-30,-30,-30,-30,-30,-30,1
9734,-30,-30,-30,-30,-30,-30,-30,-30,-30,-30,0
2544,-30,-30,30,-30,-30,-30,-30,-30,-30,-30,2
6846,-30,-30,-30,-30,-30,2,-30,-30,-18,-30,5
9331,-30,-30,-30,-30,-30,-30,-30,-30,-30,-30,0
826,-30,-30,-30,-30,-30,-30,-30,-30,-30,-30,0
7272,-30,-30,-30,-30,-30,5,-30,-30,4,-30,5
793,-30,-30,-30,-30,-30,-30,-30,-12,-30,-30,7
189,-30,-30,-30,-30,-30,-30,-30,-30,-30,-30,0
4866,-30,-30,-30,-30,-30,-4,-8,-30,-30,-30,5
5188,-30,-30,30,-30,-30,-30,-30,-30,-30,-30,2
8725,-30,-30,-30,-30,-30,-30,-30,-30,-30,26,9
3956,-30,-30,-18,30,-30,-25,-30,-30,-30,-30,3
2961,30,-30,-30,-30,-30,-30,-30,-30,-30,-30,0
9620,-30,-5,-30,-30,-30,-30,-30,-30,-2,-30,8
7716,-30,-30,30,-30,-30,-30,-30,-30,-30,-30,2
3187,-30,-30,-30,30,-30,-30,-30,-30,-20,-30,3
6402,-30,-30,-30,-30,30,-30,-30,-30,-30,-30,4
5894,-30,-30,-30,-30,-30,30,-30,-30,-30,-30,5
1868,-30,-30,-30,-30,-30,-30,30,-30,-30,-30,6
1466,-30,-30,-30,-30,-30,-30,-30,30,-30,-30,7
790,-30,-30,-30,-30,-30,-30,-30,-30,30,-30,8
9855,-30,-30,-30,-30,-30,-30,-30,-30,-30,30,9
2444,30,-30,-30,-30,-30,-27,-30,-30,-30,-30,0
6605,-30,30,-30,-30,-30,-30,-30,-30,-30,-30,1
356,-30,-30,-12,-30,-30,-30,-14,-30,-30,-30,2
5204,-30,-30,-10,30,-30,-17,-30,-30,-30,-30,3
7032,-30,-30,-30,-30,30,-30,-30,-30,-30,-30,4
6382,-30,-30,-30,-30,-30,30,-30,-30,-30,-30,5
576,-30,-30,-30,-30,-30,-30,30,-30,-30,-30,6
848,-30,-30,-30,-30,-30,-30,-30,30,-30,-30,7
8978,-30,-30,-30,-30,-30,-30,-30,-30,30,-30,8
2911,-30,-30,-30,-30,-30,-30,-30,-20,-30,10,9
6562,30,-30,-30,-30,-30,-30,-30,-30,-30,-30,0
233,-30,16,-30,-30,-30,-30,-30,-30,-30,-30,1
8499,-30,-30,30,-30,-30,-30,-30,-30,-30,-30,2
5089,-30,-30,-30,30,-30,-16,-30,-30,-30,-30,3
7300,-30,-30,-30,-30,30,-30,-30,-30,-30,-30,4
6697,-30,-30,-30,-30,-30,30,-30,-30,-30,-30,5
9195,-30,-30,-30,-30,-30,-30,30,-30,-30,-30,6
6403,-30,-30,-30,-30,-30,-30,-30,30,-30,-30,7
3514,-30,-30,-30,-30,-30,-30,-30,-30,30,-30,8
4523,-30,-30,-30,-30,-30,-30,-30,-30,-30,30,9
2300,-30,-30,-30,-30,-30,-30,-30,-30,30,-30,8
8584,-30,-30,-30,-30,-30,-30,-30,-30,-30,5,9
2158,-30,-30,-30,-30,-30,30,-30,-30,-30,-30,5
3164,-30,-30,-30,-30,-30,-30,-30,30,-30,-30,7
293,30,-30,-30,-30,-30,-27,-30,-30,-30,-30,0
7987,-30,-30,-30,30,-30,-13,-30,-30,-30,-30,3
6111,-30,30,-30,-30,-30,-30,-30,-30,-30,-30,1
6783,-30,-30,-30,-30,-30,-30,30,-30,-30,-30,6
7834,-30,-30,-30,-30,-30,-30,-30,-30,-5,-30,8
8419,-30,-30,-30,-30,30,-30,-30,-30,-30,-30,4
603,-30,30,-30,-30,-30,-30,-30,-30,-30,-30,1
5564,-30,-30,-30,-30,-30,30,-30,-30,-30,-30,5
3627,-30,-30,-30,-30,-30,-30,30,-30,-30,-30,6
2536,-30,-30,-30,-30,30,1,-30,-30,-30,-30,4
8684,-30,-30,30,-30,-30,-30,-30,-30,-30,-30,2
2916,-30,-30,-30,-30,-30,-30,-30,26,-30,-30,7
5589,-30,-30,-30,-30,-30,-30,-30,-30,14,-30,8
1997,-30,30,-30,-30,-30,-30,-30,-30,-30,-30,1
8039,-30,-30,-30,26,-30,-5,-30,-30,-30,-30,3
5294,-30,-30,-30,-30,-1,-30,-30,-30,-12,-30,4
8333,-30,-30,-30,30,-30,-7,-30,-30,-30,-30,3
626,-30,-30,-30,-30,30,-30,-30,-30,-30,-30,4
1035,-30,-30,-30,-30,-30,-30,-30,16,-30,-30,7
5607,-30,-30,30,-30,-30,-30,-30,-30,-30,-30,2
451,30,-30,-30,-30,-30,-25,-30,-30,-30,-30,0
3701,-30,-30,-30,-30,-30,30,-30,-30,-30,-30,5
3140,30,-30,-30,-30,-30,-30,-30,-30,-30,-30,0
2619,-30,-30,-30,-30,-30,-30,-30,-30,4,-30,8
2423,-30,-30,-30,-30,-30,-30,-30,-30,-30,-30,0
7323,-30,-30,30,-30,-30,-30,-30,-30,-30,-30,2
5648,-30,-30,-30,30,-30,-1,-30,-30,-30,-30,3
6871,-30,-30,30,-30,-30,-30,-30,-30,-30,-30,2
3698,-30,-30,-30,30,-30,-14,-30,-30,-30,-30,3
5958,-30,-30,-30,-30,-30,30,-30,-30,-30,-30,5
2019,-30,-30,-30,-30,-30,30,-30,-30,-30,-30,5
5130,-30,-30,-30,-30,-30,-30,-30,30,-30,-30,7
6377,-30,-30,-30,-30,-30,-30,-30,-30,-23,-30,8
7910,-13,-30,-30,-30,19,-7,-30,-30,-30,-30,4
7214,-30,-30,-30,-30,-30,-30,-30,-30,-30,30,9
6075,-30,-30,-30,-30,-30,-30,-30,-30,-30,6,9
4865,-30,-30,-30,-30,-30,-30,-30,11,-30,-30,7
2479,-30,-30,25,-30,-30,-30,-30,-30,-30,-30,2
6345,-30,30,-30,-30,-30,-30,-30,-30,-30,-30,1
811,-30,-30,-30,-30,-30,-30,-30,-28,-30,-16,9
981,30,-30,-30,-30,-30,-30,-30,-30,-30,-30,0
9715,-30,-30,-30,-30,-30,-30,-30,30,-30,-30,7
2226,-30,-30,-30,-30,-30,-30,-30,-30,30,-30,8
932,-30,-30,-30,19,-30,-17,-30,-30,-30,-30,3
7613,-30,-30,-30,-30,30,-30,-30,-30,-30,-30,4
4218,-30,-30,-30,-30,-30,-17,-30,-30,-30,-30,5
1641,-30,-30,-30,-30,-30,-30,30,-30,-30,-30,6
4704,-30,-30,-30,30,-30,-28,-30,-30,-30,-30,3
2677,-30,-30,-30,-30,-30,-6,-30,-30,-19,-30,5
6300,30,-30,-30,-30,-30,-30,-30,-30,-30,-30,0
7747,-30,-30,-30,-30,-30,-30,-30,-30,-30,0,9
4790,-30,-30,-30,-30,-30,-30,30,-30,-30,-30,6
2224,-30,-30,30,-30,-30,-21,-30,-30,-30,-30,2
3599,-30,-30,-30,-30,-30,-30,-30,-30,-30,-30,0
436,30,-30,-30,-30,-30,-30,-30,-30,-30,-30,0
6213,-30,28,-30,-30,-30,-30,-30,-30,-30,-30,1
9119,30,-30,-30,-30,-30,-30,-30,-30,-30,-30,0
3247,-30,-30,-30,-30,-30,-30,30,-30,-30,-30,6
788,-30,-30,30,-30,-30,-30,-30,-30,-30,-30,2
5789,-30,-30,-30,30,-30,-4,-30,-30,-30,-30,3
2872,-14,-30,-30,-30,-30,-30,-30,-30,23,-30,8
1747,-30,-30,-30,-30,-30,-30,-30,-30,-30,-7,9
5904,30,-30,-30,-30,-30,-30,-30,-30,-30,-30,0
5107,-30,-30,-30,-30,-30,-30,-30,30,-30,-30,7
1644,-30,-30,30,-30,-30,-30,-30,-30,-30,-30,2
4412,-30,-30,-30,30,-30,0,-30,-30,-30,-30,3
7275,-30,-30,-30,-30,30,-30,-30,-30,-30,-30,4
3614,-30,-30,-30,-30,-30,30,-30,-30,-30,-30,5
6828,-30,-30,-30,-30,-30,30,-30,-30,-30,-30,5
8634,-30,-30,30,-30,-30,-30,-30,-30,-30,-30,2
1784,-30,-30,-30,-30,-30,-27,-30,-30,-5,-30,8
6037,-30,-30,-30,-30,-30,30,-30,-30,-30,-30,5
7480,-30,-30,-30,-30,17,-30,-30,-30,-30,-30,4
548,-30,-30,-30,-30,-30,-30,30,-30,-30,-30,6
4537,-30,-30,-30,-30,-30,-30,30,-30,-30,-30,6
481,-30,-30,-30,-30,-30,-30,30,-30,-30,-30,6
9477,-30,-30,-30,-30,-30,-30,-30,30,-30,-30,7
1961,-30,-30,-30,-30,-30,-30,-30,-30,-30,21,9
5758,-30,26,-30,-30,-30,-30,-30,-30,-30,-30,1
9962,-30,-30,-30,-30,-30,-30,-30,-30,30,-30,8
8061,-30,-30,16,-30,-30,-30,-30,-30,-30,-30,2
2957,-30,30,-30,-30,-30,-30,-30,-30,-30,-30,1
1589,-30,-30,-30,-30,-30,30,-30,-30,-30,-30,5
609,-30,-30,-3,1,-30,-30,-30,-30,-30,-30,3
3538,-30,-30,-30,-30,30,-30,-30,-30,-30,-30,4
492,-30,-30,-30,-30,-30,-30,-30,30,-30,-30,7
5914,-30,-30,-30,-30,-30,-30,-30,-30,-30,14,9
7577,-30,-30,-30,-30,30,-30,-30,-30,-30,-30,4
6479,30,-30,-30,-30,-30,-30,-30,-30,-30,-30,0
8880,30,-30,-30,-30,-30,-30,-30,-30,-30,-30,0
7064,17,-30,-30,-30,-30,-17,-30,-30,-30,-30,0
5853,-30,30,-30,-30,-30,-30,-30,-30,-30,-30,1
4369,-30,-27,30,-30,-30,-30,-30,-30,-30,-30,2
2531,-30,-30,-30,30,-30,-30,-30,-30,-30,-30,3
203,-30,-30,-30,-30,-30,-30,-30,-30,-30,-30,0
104,-30,-30,-30,-30,-30,-6,-30,-30,19,-30,8
395,-30,-30,-30,-5,-30,-30,4,-30,-30,-30,6
5531,-30,-30,-30,-30,-30,-30,-30,11,4,-30,7
1699,-11,-30,-30,-30,-30,-30,-30,-30,25,-30,8
7569,-30,-30,-30,-30,-30,-30,-30,-30,-30,26,9
6639,30,-30,-30,-30,-30,-27,-30,-30,-30,-30,0
4068,-30,30,-30,-30,-30,-30,-30,-30,-30,-30,1
2282,-30,-30,30,-30,-30,-30,-30,-30,-30,-30,2
2328,-30,-30,-30,30,-30,8,-30,-30,-30,-30,3
5457,-30,-30,-30,-30,30,-30,-30,-30,-30,-30,4
7091,-30,-30,-30,30,-30,30,-30,-30,-30,-30,3
3681,-30,-30,-30,-30,-30,-30,30,-30,-30,-30,6
1990,-30,-30,-30,-30,-30,-30,-30,30,-30,-30,7
9908,-30,-30,-30,-30,-30,-30,-30,-30,30,-30,8
3397,-30,-30,-30,-30,-30,-30,-30,-30,-30,30,9
7961,1,-30,-30,-30,-30,-25,-30,-30,-30,-30,0
8769,-30,30,-30,-30,-30,-30,-30,-30,-30,-30,1
9171,-30,-30,30,-30,-30,-30,-30,-30,-30,-30,2
8194,-30,-30,-30,30,-30,-30,-30,-30,-30,-30,3
393,-30,-30,-30,-30,-30,-28,-30,-30,-30,-30,5
829,-30,-30,-30,-30,-30,30,-30,-30,-30,-30,5
2704,-30,-30,-30,-30,-30,-30,30,-30,-30,-30,6
8095,-30,-30,-30,-30,-30,-30,-30,-30,-30,30,9
7710,30,-30,-30,-30,-30,-30,-30,-30,-30,-30,0
93,-30,30,-30,-30,-30,-30,-30,-30,-30,-30,1
9190,-30,-30,-30,30,-30,-30,-30,-30,-30,-30,3
4985,-30,30,-30,-30,-30,-30,-30,-30,-30,-30,1
6486,-30,-30,-30,-30,-30,30,-30,-30,-26,-30,5
23,-30,30,-30,-30,-30,-30,-30,-30,-30,-30,1
5984,-30,-30,-30,-30,-30,-10,-30,-30,-30,-30,5
6398,11,-30,-30,-30,-13,-30,-30,-30,-30,-30,0
4764,-30,-30,-30,-30,-30,-30,-30,-30,-30,30,9
7514,-30,-30,-30,-30,-30,-30,-30,-30,30,-30,8
5265,-19,-30,-30,-30,-29,-30,-30,-30,-30,-30,0
8182,8,-30,-30,-30,-30,-30,30,-30,-30,-30,6
5919,6,-30,-30,-30,-30,-25,-30,-30,-30,-30,0
6469,29,-30,-30,-30,-30,-5,-30,-30,-30,-30,0
8155,-30,30,-30,-30,-30,-30,-30,-30,-30,-30,1
3333,-30,30,-30,-30,-30,-30,-30,-30,-30,-30,1
9951,-30,-30,-30,-30,-30,-30,-30,-30,-30,30,9
7130,-30,-30,7,-30,-30,-21,-30,-30,-30,-30,2
9525,-1,-30,-30,-30,-30,-30,30,-30,-30,-30,6
3978,-24,-30,-30,-30,-30,-23,-27,-30,-30,-30,5
9785,-5,-30,-30,-30,-30,-30,-30,-30,-29,-30,0
9507,-30,-30,-30,-30,-30,-30,-30,5,-30,-30,7
4320,-30,-30,-30,-30,-30,-30,-30,-30,-30,-30,0
4787,-30,-30,30,-30,-30,-27,-30,-30,-30,-30,2
5028,-30,-30,-30,-30,-30,-30,-30,-30,-30,30,9
4141,-30,-30,-30,-30,-30,-30,-30,5,-30,-30,7
9880,30,-30,-30,-30,-30,-30,-30,-30,-30,-30,0
1836,-30,-30,-10,-20,-30,-15,-30,-30,-30,-30,2
2333,-30,30,-30,-30,-30,-30,-30,-30,-30,-30,1
3635,30,-30,-30,-30,-30,-29,-30,-30,-30,-30,0
5558,-25,-30,-30,-24,-30,-10,-30,-30,-30,-30,5
6040,-30,-30,-30,-30,-30,-30,-15,-30,-30,-30,6
8694,30,-30,-30,-30,-30,-24,-30,-30,-30,-30,0
6918,-30,30,-30,-30,-30,-30,-30,-30,-30,-30,1
5562,-30,-30,30,-30,-30,-30,-30,-30,-30,-30,2
5763,-30,-30,-30,30,-30,-6,-30,-30,-30,-30,3
7750,-30,-30,-30,-30,30,30,-30,-30,-30,-30,4
5015,-30,-30,-30,-30,-30,30,-30,-30,-30,-30,5
1111,-30,-30,-30,-30,-30,-7,30,-30,-30,-30,6
7755,-30,-30,-30,-30,-30,-30,-30,30,-30,-30,7
4384,-30,-30,-30,-30,-30,-6,-30,-30,14,-30,8
2066,-30,-30,-30,-30,-30,-30,-30,-30,-30,-30,0
6508,30,-30,-30,-30,-30,-30,-30,-30,-30,-30,0
2470,-30,-30,-30,-30,-30,-30,-7,-30,-30,-30,6
7754,-30,-30,30,-30,-30,-30,-30,-30,-30,-30,2
6110,-30,-30,-30,30,-30,0,-30,-30,-30,-30,3
4214,-30,-30,-30,-30,30,-30,-30,-30,-30,-30,4
1686,-30,-30,-30,-30,-30,30,-30,-30,-30,-30,5
382,-30,-30,-30,-30,-30,-30,30,-30,-30,-30,6
1530,-30,-30,-30,-30,-30,-30,-30,30,-30,-30,7
4042,-30,-30,-30,-30,-30,-30,-30,-30,10,-30,8
1397,-30,-30,-30,-30,-30,-30,-30,-30,-30,-7,9
4462,30,-30,-30,-30,-30,-30,-30,-30,-30,-30,0
8580,-30,30,-30,-30,-30,-30,-30,-30,-30,-30,1
9473,-30,-30,30,-30,-30,-30,-30,-30,-30,-30,2
7007,-30,-30,-20,30,-30,-11,-30,-30,-30,-30,3
9748,-30,-30,-30,-30,19,-28,-30,-30,-30,-30,4
2624,-30,-30,-30,-30,-30,30,-30,-30,-30,-30,5
6504,-30,-30,-30,-30,-30,30,-28,-30,-30,-30,5
3771,-30,-30,-30,-30,-30,-30,-30,30,-30,-30,7
5671,-30,-30,-30,-30,-30,-8,-30,-30,30,-30,8
5698,-30,-30,-30,-30,-30,-30,-30,-30,-30,30,9
2738,-30,-30,-30,-30,-30,-30,-30,-30,30,-30,8
6549,-30,-30,-30,-30,-30,-30,30,-30,-30,-30,6
9183,-30,-30,-30,-30,-30,30,-30,-30,-30,-30,5
9787,-30,-30,-30,-30,-30,-30,-30,-30,-30,30,9
813,-30,-30,-30,-30,-30,-30,-30,30,-30,-30,7
7654,30,-30,-30,-30,-30,-30,-30,-30,-30,-30,0
5547,-30,-30,30,-30,-30,-30,-30,-30,-30,-30,2
101,-30,-30,-30,18,-30,6,-30,-30,-30,-30,3
6466,-30,-30,-30,-30,30,-30,-30,-30,-30,-30,4
2288,-30,-30,-30,-29,-30,-30,-30,-30,-30,-30,3
4476,-30,-30,-30,-30,-30,-1,-30,-30,30,-30,8
410,-30,-30,-30,-30,-30,30,-30,-30,-30,-30,5
4538,-30,30,-30,-30,-30,-30,-30,-30,-30,-30,1
3145,-17,-30,-30,-30,-30,30,-30,-30,-30,-30,5
419,-30,-30,30,-30,-30,-30,-30,-30,-30,-30,2
6303,-30,-30,-27,30,-30,-30,-30,-30,-30,-30,3
4930,30,-30,-30,-30,-30,-30,-30,-30,-30,-30,0
7868,-30,30,-30,-30,-30,-30,-30,-30,-30,-30,1
3624,-30,-30,30,-30,-30,-30,-30,-30,-30,-30,2
2525,-30,30,-30,-30,-30,-30,-30,-30,-30,-30,1
7398,-30,-30,-30,30,-30,-19,-30,-30,-30,-30,3
4289,-30,-30,30,-30,-30,-30,-30,-30,-30,-30,2
9561,-30,-30,-30,-30,-30,-30,30,-30,-30,-30,6
915,-30,-30,-30,-30,-30,30,-30,-30,-30,-30,5
4210,-30,-30,-30,30,-30,30,-30,-30,-30,-30,3
5672,30,-30,-30,-30,-30,-27,-30,-30,-30,-30,0
6024,-30,-30,-30,-30,-30,-30,-30,30,-30,-30,7
2865,-30,-30,30,-30,-30,-30,-30,-30,-30,-30,2
2043,-30,-30,-30,-30,-30,-30,-30,30,-30,-30,7
9799,-30,-30,-30,-30,30,-30,-30,-30,-30,-30,4
2126,-30,-30,-30,-30,-30,-30,30,-30,-30,-30,6
6009,-30,-30,-30,-30,-30,-14,-30,-30,-30,-30,5
295,30,-30,-30,-30,-30,-23,-30,-30,-30,-30,0
5399,-30,-30,-30,-30,-30,30,-30,-30,-30,-30,5
7857,-30,-30,-30,-30,-30,-30,-30,-30,-30,-8,9
7362,-22,-30,-30,-30,-30,-14,-30,-30,-30,-30,5
7350,-30,-30,-30,-30,-30,30,-30,-30,-17,-30,5
9636,-30,-30,-30,-30,-30,-30,-30,-30,-30,-30,0
1108,-30,-30,-30,-30,-30,30,-30,-30,-30,-30,5
927,-30,-30,-30,-16,-30,4,-30,-30,-30,-30,5
2622,-30,30,-30,-30,-30,-30,-30,-30,-30,-30,1
2747,-30,-30,-30,-30,-30,-30,-30,30,-30,-30,7
5455,-30,-30,-30,-30,30,18,-30,-30,-30,-30,4
4392,-30,-30,-30,-30,-30,-30,-30,30,-30,-30,7
1746,-30,-30,-30,-30,-30,-30,30,-30,-30,-30,6
6391,-30,-30,-30,-30,-30,30,-30,-30,-30,-30,5
6627,-30,-30,-30,-30,30,-9,-30,-30,-30,-30,4
2077,30,-30,-30,-30,-30,-25,-30,-30,-30,-30,0
1465,30,-30,-30,-30,-30,-30,-30,-30,-30,-30,0
4927,-30,-30,-30,-30,-30,-20,12,-30,-30,-30,6
9198,-30,-30,-30,-30,-30,-30,17,-30,-30,-30,6
2034,-30,-30,30,-30,-30,-30,-30,-30,-30,-30,2
7689,30,-30,-30,-30,-30,-30,-30,-30,-30,-30,0
3440,-30,-30,-30,-30,-30,-30,26,-30,-30,-30,6
8275,-30,-30,-30,30,-30,-6,-30,-30,-30,-30,3
1864,-30,-30,-30,-30,-30,-30,-30,30,-30,-30,7
7835,-30,-30,-30,-30,-30,-30,-30,30,-30,-30,7
8395,-30,-30,-30,-30,30,0,-30,-30,-30,-30,4
7366,-30,-30,-30,-30,-24,20,-30,-30,-30,-30,5
6280,-30,-30,-30,30,-30,-6,-30,-30,-30,-30,3
9553,-30,-30,-30,-30,-30,-30,-30,-30,-30,30,9
6687,-30,-30,30,-30,-30,-30,-30,-30,-30,-30,2
5073,-30,-30,-30,-30,-30,-30,-30,-30,30,-30,8
4709,-30,-30,-30,-30,-30,-30,-30,-30,-30,23,9
3013,-30,-30,-30,-30,-30,-30,30,-30,-30,-30,6
3986,30,-30,-30,-30,-30,-30,-30,-30,-30,-30,0
5841,-30,-30,-30,-30,-30,-13,-30,-30,-30,-20,5
2107,-30,-30,-30,-30,-30,30,-30,-30,-30,-30,5
8162,-30,-30,-30,30,-30,4,-30,-30,-30,-30,3
3296,-30,-30,-30,-14,-30,-30,-30,-30,30,-30,8
3045,-30,-30,-30,-30,-30,-30,-30,-30,9,-30,8
7215,-30,-30,-30,-30,-30,-30,-30,30,-30,-30,7
4276,-30,30,-30,-30,-30,-30,-30,-30,-30,-30,1
6404,-30,-30,-30,-30,30,-30,-30,-30,-30,-30,4
2516,30,-30,-30,-30,-30,-28,-30,-30,-30,-30,0
3130,-30,-30,-30,-30,30,-28,-30,-30,-30,-30,4
5975,-30,-30,-30,-30,-30,-30,-30,-30,30,-30,8
8498,-30,-30,-30,-30,-30,30,-30,-30,-30,-30,5
7616,-30,-30,30,-30,-30,-30,-30,-30,-30,-30,2
2424,-30,-30,-30,30,-30,-23,-30,-30,-30,-30,3
3053,-30,-30,-30,-30,-30,-30,-30,-30,-30,-26,9
683,30,-30,-30,-30,-30,-30,-30,-30,-30,-30,0
1374,-30,30,-30,-30,-30,-30,-30,-30,-30,-30,1
7560,-30,-30,-30,-30,-30,-30,-30,-30,-30,7,9
7988,-30,30,-30,-30,-30,-30,-30,-30,-30,-30,1
3030,-30,-30,-30,-30,-30,30,-30,-30,-30,-30,5
483,-30,30,-30,-30,-30,-30,-30,-30,-30,-30,1
9602,-30,-30,-30,-30,-30,-30,-30,30,-30,-30,7
4661,-30,-30,-30,-30,30,0,-30,-30,-30,-30,4
3830,-30,-30,-30,-30,-30,-5,-30,-30,30,-30,8
4026,-30,-30,-30,-30,-30,-30,30,-30,-30,-30,6
2259,-30,-30,30,-30,-30,-30,-30,-30,-30,-30,2
7804,-30,29,-30,-30,-30,-30,-30,-30,-30,-30,1
8926,-30,-30,-30,-30,-30,-5,30,-30,-30,-30,6
8865,-30,-30,-30,-30,-30,-30,-30,-30,30,-30,8
7658,-30,-30,-30,-30,-30,7,-30,-30,30,-30,8
2367,-21,-30,0,-30,-30,-30,-30,-30,-30,-30,2
291,-30,-2,-30,-30,-30,-18,-30,-30,-30,-30,1
1972,-30,-30,30,-30,-30,-30,-30,-30,-30,-30,2
362,-30,-30,-30,-30,-30,-30,-30,-30,-30,-30,0
9481,-30,-30,-30,-30,30,21,-30,-30,-30,-30,4
1793,-30,-30,-30,-30,-30,-30,-30,30,-30,-30,7
3001,-30,-30,-30,-30,-30,-10,-30,-30,30,-30,8
7427,-30,-30,-30,-30,-30,-30,-30,-30,-30,-15,9
2946,30,-30,-30,-30,-30,-15,-30,-30,-30,-30,0
5610,-30,30,-30,-30,-30,-30,-30,-30,-30,-30,1
9666,-30,-30,30,-30,-30,-30,-30,-30,-30,-30,2
3572,-30,-30,-21,20,-30,-30,-30,-30,-30,-30,3
1298,3,-30,-30,-30,-10,-14,-30,-30,-30,-30,0
8373,-30,-30,-30,-30,-30,-15,27,-30,-30,-30,6
8056,-30,-30,-30,-30,-30,-30,-30,30,-30,-30,7
2378,-30,-30,-30,-30,-30,30,-30,-30,-12,-30,5
7981,-30,-30,-30,-30,-30,-30,-30,-11,-30,-30,7
9210,30,-30,-30,-30,-30,-30,-30,-30,-30,-30,0
6064,-30,30,-30,-30,-30,-30,-30,-30,-30,-30,1
5134,-30,-30,30,-30,-30,-30,-30,-30,-30,-30,2
7874,-30,-30,-30,3,-30,-14,-30,-30,-30,-30,3
7328,-30,-30,-30,-30,30,-20,-30,-30,-30,-30,4
9825,-30,-30,-30,-30,-30,-25,-30,30,-30,-30,7
5756,-30,-30,-30,-30,-30,10,-30,-30,30,-30,8
7620,-30,-30,-30,-30,-30,-30,-30,-30,-30,-30,0
6626,-30,30,-30,-30,-30,-30,-30,-30,-30,-30,1
9326,-30,-30,-30,-30,30,-30,-30,-30,-30,-30,4
758,-30,-30,-30,-30,-30,30,-30,-30,-30,-30,5
3525,-30,-30,-30,30,-30,10,-30,-30,-30,-30,3
1494,-30,-30,-24,-30,-30,-30,-30,-30,-27,-30,2
1499,26,-30,-30,-30,-30,-30,-30,-30,-30,-30,0
7155,-30,-30,-30,-30,-30,-30,-30,-30,-30,-30,0
8314,-30,-30,-30,-30,-30,30,-30,-30,-30,-30,5
3756,-18,-30,-30,-30,9,-3,-30,-30,-30,-30,4
4420,-30,-30,-30,-28,-30,-6,-30,-30,-30,-30,5
6323,7,-30,-30,-30,10,-30,-30,-30,-30,-30,4
3443,-30,-30,-30,-30,-30,-1,-30,-30,-12,-30,5
3113,-30,-30,-30,-30,30,13,-30,-30,-30,-30,4
1516,-30,-30,-30,-30,-30,-30,30,-30,-30,-30,6
5563,-30,-30,-30,-30,-30,-30,-30,30,-30,-30,7
2871,30,-30,-27,-30,-30,-30,-30,-30,-30,-30,0
2920,-30,-30,-30,-30,-30,-30,-30,30,-30,-30,7
8018,-30,-30,-30,-30,-30,-30,-30,30,-30,-30,7
6379,-30,30,-30,-30,-30,-30,-30,-30,-30,-30,1
1840,-30,-30,12,-30,-30,-30,16,-30,-30,-30,6
8322,-30,-30,-30,-30,-30,-30,-30,-30,-30,-14,9
4330,-30,30,-30,-30,-30,-30,-30,-30,-30,-30,1
3957,-30,-30,-26,-8,-30,-10,-30,-30,-30,-30,3
7946,-30,-30,-30,-30,-30,-30,30,-30,-30,-30,6
7762,-29,-30,30,-30,-30,-28,-30,-30,-30,-30,2
5519,-30,-30,-30,5,-30,-30,-30,-30,-26,-30,3
1221,-30,-30,-30,-30,-30,-19,-30,-30,18,-30,8
8126,-30,-30,30,-30,-30,-30,-30,-30,-30,-30,2
3420,-30,-30,-30,-30,-30,-19,-30,-30,-30,-30,5
332,-30,-30,-30,-30,-30,-30,-30,-30,30,-30,8
3667,-30,-30,-30,-30,-30,-30,-30,-30,-30,30,9
4255,-30,-30,-30,-30,-30,30,-30,-30,-30,-30,5
7731,-30,-30,-30,-30,-30,2,-30,-30,30,-30,8
8432,-30,-30,-30,-30,-30,30,-30,-30,-25,-30,5
3297,-30,-30,-30,-30,-30,-30,-30,30,-30,-30,7
9251,-30,30,-30,-30,-30,-30,-30,-30,-30,-30,1
6195,-30,-30,-30,-30,-30,-30,-30,30,-30,-30,7
2868,-30,30,-30,-30,-30,-8,-30,-30,-30,-30,1
3364,-30,30,-30,-30,-30,-30,-30,-30,-30,-30,1
2003,30,-30,-30,-30,-30,-30,-30,-30,-30,-30,0
4095,-30,-30,-30,30,-30,3,-30,-30,-30,-30,3
8245,-30,-30,-30,-30,-4,-13,-30,-30,-30,-30,4
6780,-30,-30,30,-30,-30,-30,-30,-30,-30,-30,2
6718,-30,-30,16,-30,-30,-30,27,-30,-30,-30,6
5421,-30,-30,-30,-30,30,-20,-30,-30,-30,-30,4
6061,-30,-30,-30,-30,-30,-30,-30,30,-30,-30,7
2347,-30,-30,-30,-30,-16,-30,-30,-30,-30,-30,4
9205,-30,-30,30,-30,-30,-30,-30,-30,-30,-30,2
219,-30,-30,-30,1,-30,-20,-30,-9,-30,-30,3
269,-30,-30,-30,-30,-10,4,-30,-30,-30,-30,5
2026,-30,-30,30,-30,-30,-30,-30,-30,-30,-30,2
9290,-30,-30,-30,-30,-30,-30,-30,-30,-30,30,9
157,-30,-30,30,-30,-30,-30,-30,-30,-30,-30,2
8020,-30,-30,-30,-11,-30,-30,-30,30,-30,-30,7
752,-30,-30,-30,-30,-27,-30,-30,-30,-30,-30,4
9560,-30,-30,30,-30,-30,-30,-30,-30,-30,-30,2
6099,-30,30,-30,-30,-30,-8,-30,-30,-30,-30,1
2655,-30,-30,-30,-30,-30,-30,30,-30,-30,-30,6
6183,-30,-30,-2,-30,-30,-12,30,-30,-30,-30,6
1577,-30,-30,-30,-30,-30,30,-30,-30,-30,-30,5
6754,-30,-30,-30,30,-30,10,-30,-30,-30,-30,3
5912,-30,-30,-30,-30,29,16,-30,-30,-30,-30,4
5812,-30,-30,-30,-30,-30,-7,-30,-30,-8,-30,5
5857,-30,-30,-30,-30,-30,30,-30,-30,-30,-30,5
9262,-30,-30,-30,-30,-30,-30,-30,19,-30,-30,7
210,-30,-30,-30,-30,-30,-30,30,-30,-30,-30,6
4616,-30,-30,-30,-30,-30,-30,-30,-30,-30,-4,9
9591,23,-30,-30,-30,-30,6,-30,-30,-30,-30,0
5851,-30,-30,-30,-30,-30,-30,30,-30,-30,-30,6
3939,-30,-30,-30,22,-30,-30,-30,-30,-30,-30,3
4992,30,-30,-30,-30,-30,-29,-30,-30,-30,-30,0
792,-30,-30,-30,-30,-30,-7,-30,-30,-30,-30,5
2084,-30,30,-30,-30,-30,-30,-30,-30,-30,-30,1
3068,-30,-30,-30,-30,-30,-30,30,-30,-30,-30,6
15,30,-30,-30,-30,-30,-30,-30,-30,-30,-30,0
3073,30,-30,-30,-30,-30,-30,-30,-30,-30,-30,0
2273,-30,30,-30,-30,-30,-30,-30,-30,-30,-30,1
8385,-30,-30,30,-30,-30,-30,-30,-30,-30,-30,2
3783,-30,-30,-30,30,-30,-30,-30,-30,-30,-30,3
3560,-30,-30,-30,-30,2,-30,-30,-30,-30,-30,4
7860,-30,-30,-30,-30,-30,30,-30,-30,-30,-30,5
9226,-30,-30,-30,-30,-30,-30,30,-30,-30,-30,6
8448,-30,-30,-30,-30,-30,-30,-30,30,-30,-30,7
4144,30,-30,-30,-30,-30,-30,-30,-30,-30,-30,0
6719,-30,30,-30,-30,-30,-30,-30,-30,-30,-30,1
9758,-30,-30,30,-30,-29,-30,-30,-30,-30,-30,2
8932,-30,-30,-30,16,-30,-3,-30,-30,-30,-30,3
8606,-30,-30,-30,-30,30,-30,-30,-30,-30,-30,4
2145,-30,-30,-30,-30,-30,-26,-30,30,-30,-30,7
575,-30,-30,-30,-30,-30,4,-30,-30,30,-30,8
1020,-30,-30,-30,-30,-30,-30,-30,-30,-30,-30,0
1799,30,-30,-30,-30,-30,-28,-30,-30,-30,-30,0
6392,-30,30,-30,-30,-30,-30,-30,-30,-30,-30,1
2835,-30,-30,30,-30,-30,-30,-30,-30,-30,-30,2
5806,-30,-30,-30,25,-30,-6,-30,-30,-30,-30,3
9778,-30,-30,-30,-30,30,-30,-30,-30,-30,-30,4
7426,-30,-30,-30,-30,-30,-30,-30,30,-30,-30,7
8037,-30,-30,30,-30,-30,-30,-30,-30,-30,-30,2
2104,-30,-30,-30,-30,-30,30,-30,-30,-30,-30,5
6820,-30,30,-30,-30,-30,-30,-30,-30,-30,-30,1
1873,-30,-30,-30,-30,-30,-30,30,-30,-30,-30,6
3693,-30,-30,-30,-30,30,-30,-30,-30,-30,-30,4
9335,-30,-30,-30,30,-30,10,-30,-30,-30,-30,3
2232,-30,-30,-30,-30,-30,-30,-30,-30,-30,4,9
7453,-30,-30,-30,-30,-30,-30,-30,-30,-30,-30,0
148,30,-30,-30,-30,-30,-30,-30,-30,-30,-30,0
4114,-30,-30,-30,-30,-30,-23,-30,-30,-30,-15,9
4522,-30,-30,-30,-30,-30,-30,-30,-30,-30,30,9
5485,-30,-16,-30,-30,-30,-30,-30,-30,-30,-30,1
8631,-30,-30,-23,-30,-30,-30,30,-30,-30,-30,6
5084,-30,-30,-30,-30,14,-30,-30,-30,-30,-30,4
4154,-30,-30,-30,-30,-30,-18,-30,-30,-30,-30,5
8976,-30,-30,-30,-30,-30,-30,30,-30,-30,-30,6
8349,-30,-30,30,-30,-30,-30,-30,-30,-30,-30,2
2502,17,-30,-30,-30,-30,-30,-30,-30,-30,-30,0
5462,-30,-30,-30,-30,-30,-15,-30,-30,-30,-21,5
832,-30,-30,-30,-30,-30,30,-30,-30,30,-30,5
9196,-30,-30,-30,-30,-30,-30,30,-30,-30,-30,6
1618,-30,-30,-30,-30,-30,30,-30,-30,-30,-30,5
6431,-30,-30,-30,-30,-30,-30,-30,0,-30,-30,7
7898,30,-30,-30,-30,-30,-30,-30,-30,-30,-30,0
7415,30,-30,-30,-30,-30,-19,-30,-30,-30,-30,0
8421,-30,30,-30,-30,-30,-30,-30,-30,-30,-30,1
4182,-30,-30,-30,-30,-30,-16,-30,30,-30,-30,7
3246,-30,-30,-30,-30,17,-30,-30,-30,-30,-30,4
2450,-30,-30,-30,30,-30,-30,-30,-30,-30,-30,3
7027,-30,-30,30,-30,-30,-30,-30,-30,-30,-30,2
8578,-30,-30,-30,-30,30,-30,-30,-30,-30,-30,4
8248,-30,30,-30,-30,-30,-30,-30,-30,-30,-30,1
2634,-30,-30,-30,10,-30,-13,-30,-30,-30,-30,3
4673,-30,-30,-30,-30,-30,-30,-30,30,-30,-30,7
4322,-30,-30,-30,-30,-30,-30,30,-30,-30,-30,6
7962,-30,-30,-30,-30,30,-30,-30,-30,-30,-30,4
586,-30,-30,-30,-30,-30,-30,-30,30,-30,-30,7
2228,-30,-30,-30,-30,-30,-30,-30,30,-30,-30,7
5484,-30,-30,-30,-30,-30,-30,-30,30,-30,-30,7
6934,-30,-30,-30,-30,-30,-30,-30,-30,-30,-27,9
8861,-30,-30,-30,-30,-30,30,-30,-30,-22,-30,5
8437,-30,-30,-30,-30,-30,-30,-30,-30,-30,-30,0
6289,-30,-30,-30,19,-30,16,-30,-30,-30,-30,3
3513,-30,-30,-30,-30,-30,2,-30,-30,-30,-30,5
9986,-30,-30,30,-30,-30,-30,-30,-30,-30,-30,2
7090,-30,-30,-30,-30,-30,-30,10,-30,-30,-30,6
1444,-30,-30,-30,30,-30,2,-30,-30,-30,-30,3
2733,-30,-30,-30,-30,-30,30,-30,-30,-30,-30,5
9600,-30,-30,-30,-30,-30,30,-30,-30,30,-30,5
1146,30,-30,-30,-30,-30,-22,-30,-30,-30,-30,0
8478,-30,-30,-30,-30,-30,30,-30,-30,-30,-30,5
674,-30,-30,-30,-30,-30,-30,-30,-30,-30,-30,0
2419,-30,-30,-30,-30,-30,-26,-30,30,-30,-30,7
4971,-30,30,-30,-30,-30,-30,-30,-30,-30,-30,1
562,-30,-30,-30,30,-30,-4,-30,-30,-30,-30,3
8797,-30,30,-30,-30,-30,-30,-30,-30,-30,-30,1
5680,-30,-30,-30,-30,-30,-30,-30,30,-30,-30,7
1432,-30,-30,-30,-30,-30,-30,-30,-9,-30,-30,7
4219,-30,-30,-30,-30,-30,-30,30,-30,-30,-30,6
1093,-30,-30,30,-30,-30,-28,-30,-30,-30,-30,2
9631,30,-30,-30,-30,-30,-1,-30,-30,-30,-30,0
1355,-30,-30,-30,-30,-30,-30,-30,-30,-30,-30,0
9532,-30,30,-30,-30,-30,-30,-30,-30,-30,-30,1
8431,-30,-30,-30,-30,-30,-26,-30,30,-30,-30,7
768,-30,-30,-30,30,-30,19,-30,-30,-30,-30,3
3301,-30,-30,-30,30,-30,11,-30,-30,-30,-30,3
8005,-30,-30,-30,-30,-30,-30,-30,-28,-30,-30,7
3819,-30,30,-30,-30,-30,-30,-30,-30,-30,-30,1
415,-30,-30,-30,-30,-30,-30,30,-30,-30,-30,6
5035,-30,-30,-30,-30,30,-4,-30,-30,-30,-30,4
4846,-30,-30,-27,-20,-30,-21,-30,-30,-30,-30,3
7799,-30,-30,-30,-30,-30,-30,-30,-30,-30,24,9
2402,-30,-30,-30,-30,-30,-30,-30,-30,30,-30,8
1227,-30,-30,30,-30,-30,-30,-30,-30,-30,-30,2
5216,-30,18,-30,-30,-30,-30,-30,-30,-30,-30,1
666,-30,-30,-30,-30,-30,4,-30,-30,30,-30,8
9128,-30,-30,-30,-30,-30,-30,30,-30,-30,-30,6
2773,-30,-30,-30,-30,-30,-30,-30,-30,-30,-30,0
1535,-30,30,-30,-30,-30,-30,-30,-30,-30,-30,1
8374,-30,-30,-30,-30,-30,30,-30,-30,-30,-30,5
976,-30,-30,-30,-30,-30,30,-30,-30,-30,-30,5
3899,-30,-30,-30,-30,-30,-30,30,-30,-30,-30,6
3706,-30,-30,-30,-30,-30,30,-30,-30,-29,-30,5
3828,30,-30,-30,-30,-30,-23,-30,-30,-30,-30,0
9321,-30,30,-30,-30,-30,-30,-30,-30,-30,-30,1
9651,-30,-30,30,-30,-30,-30,-30,-30,-30,-30,2
2808,-30,-30,-30,30,-30,-30,-30,-30,-30,-30,3
6686,-30,-30,-30,-30,-2,-30,-30,-30,-30,-30,4
6006,-30,-30,-30,-30,-30,30,-30,-30,-30,-30,5
4087,-30,-30,-30,-30,-30,-30,30,-30,-30,-30,6
2299,-30,-30,-30,-30,-30,-30,-30,30,-30,-30,7
1363,13,-30,-30,-30,-30,-2,-30,-30,-30,-30,0
5279,-30,-30,-30,-30,-30,-30,-30,-30,-30,-30,0
6841,30,-30,-30,-30,-30,-30,-30,-30,-30,-30,0
5217,-30,30,-30,-30,-30,-30,-30,-30,-30,-30,1
168,-30,-30,30,-30,-30,-30,-30,-30,-30,-30,2
7630,-30,-30,-20,30,-30,-30,-30,-30,-30,-30,3
6919,-30,-30,-30,-30,30,-30,-30,-30,-30,-30,4
9842,-30,-30,-30,-30,-30,30,-30,-30,-30,-30,5
5090,-30,-30,-30,-30,-30,-30,30,-30,-30,-30,6
7896,-30,-30,-30,-30,-30,-30,-30,30,-30,-30,7
9838,-30,-30,-30,-30,-30,-20,-30,-30,-14,-30,8
2218,-30,-30,-30,-30,-30,-30,-30,-30,-30,-12,9
3493,30,-30,-30,-30,-30,-30,-30,-30,-30,-30,0
235,-30,30,-30,-30,-30,-30,-30,-30,-27,-30,1
3,-30,-30,30,-30,-30,-30,-30,-30,-30,-30,2
4470,-30,-30,-30,30,-30,-30,-30,-30,-30,-30,3
3300,-30,-30,-30,-30,-3,-30,-30,-30,-30,-30,4
2265,-30,-30,-30,-30,-30,30,-30,-30,-30,-30,5
1794,-30,-30,-30,-30,-30,-30,30,-30,-30,-30,6
6495,-30,-30,-30,-30,-30,-30,-30,30,-30,-30,7
18,-2,-30,-30,-30,-30,4,-30,-30,-30,-30,5
4821,-30,-30,-30,-24,-30,-30,-30,-30,-30,-11,9
8827,-30,-30,-30,-30,-30,-30,30,-30,-30,-30,6
7094,-30,-30,-30,-30,-30,-30,-30,-30,-30,24,9
3414,-30,-30,-30,-30,-30,-30,-30,30,-30,-30,7
9407,30,-30,-30,-30,-30,-4,-30,-30,-30,-30,0
2455,-30,-30,30,-30,-30,-30,-30,-30,-30,-30,2
3350,-30,-30,-30,30,-30,-30,-30,-30,-30,-30,3
1195,-30,-30,-30,-30,-8,-30,-30,-30,-30,-30,4
1689,-30,-30,-30,10,-30,-30,-30,-30,-24,-30,3
1333,-3,-30,-30,-17,-30,-30,-30,-30,-30,-30,0
5994,-30,-30,-30,-30,-30,30,-30,-30,-30,-30,5
5177,-30,26,-30,-30,-30,-30,-30,-30,-30,-30,1
7732,-30,-30,-30,30,-30,-29,-30,-30,-30,-30,3
9443,30,-30,-30,-30,-30,-30,-30,-30,-30,-30,0
9751,-30,-3,-30,-30,-30,-30,-30,-30,-30,-30,1
1711,-30,-30,30,-30,-30,-30,-30,-30,-30,-30,2
433,-30,30,-30,-30,-30,-30,-30,-30,-30,-30,1
1856,-30,-30,-30,30,-30,-23,-30,-30,-30,-30,3
6667,-30,-30,20,-30,-30,-30,-30,-30,-30,-30,2
1066,30,-30,-30,-30,-30,-26,-30,-30,-30,-30,0
962,-30,-30,-30,-30,-30,-30,-30,30,-30,-30,7
5,-30,-30,30,-16,-30,-30,-30,-30,-30,-30,2
1385,-30,-30,-30,-30,-30,-30,30,-30,-30,-30,6
2127,-30,-30,-30,-30,30,-30,-30,-30,-30,-30,4
5613,30,-30,-30,-30,-30,-21,-30,-30,-30,-30,0
3084,-30,-30,-30,-30,-30,30,-30,-30,-30,-30,5
6948,-30,-30,-30,-30,-30,-30,-30,-30,-30,30,9
3240,-30,-30,-30,-30,-30,-30,-30,-30,-30,30,9
6974,-30,-30,-30,-30,-30,-30,-30,-30,30,-30,8
8590,-30,-30,-30,-30,-30,-30,-30,-30,-30,30,9
8693,-30,-30,-30,-30,-30,30,-30,-30,-30,-30,5
2189,-30,-30,-17,30,-30,-6,-30,-30,-30,-30,3
8031,-30,30,-30,-30,-30,-30,-30,-30,-30,-30,1
8847,-30,-30,-30,-30,-30,-30,-30,30,-30,-30,7
1725,-30,-30,-30,-30,16,-30,-30,-30,-30,-30,4
1360,-30,-30,-30,-30,-30,-30,-30,30,-30,-30,7
9664,30,-30,-30,-30,-30,-21,-30,-30,-30,-30,0
3306,30,-30,-30,-30,-30,-30,-30,-30,-30,-30,0
8565,-30,-30,-30,-30,-30,-30,30,-30,-30,-30,6
24,-30,-30,-30,-30,-30,-30,30,-30,-30,-30,6
7188,-30,-30,-30,-30,-30,-30,29,-30,-30,-30,6
246,-30,-30,-30,30,-30,-11,-30,-30,-30,-30,3
3433,-30,-30,-30,-17,-30,-30,-30,30,-30,-30,7
6613,-30,-30,-30,-30,-30,-30,-30,-30,-30,-4,9
5959,-30,-30,30,-30,-30,-30,-30,-30,-30,-30,2
8740,-30,-30,-30,-30,-30,-11,-30,-30,-30,-30,5
8188,-30,-30,-30,-30,-30,-30,-30,-30,-30,-24,9
5117,-30,-30,-30,-30,-30,-30,-30,-30,30,-30,8
5931,-30,-30,-30,-23,-30,-30,-30,30,-30,-30,7
6390,-30,30,-30,-30,-30,-30,-30,-30,-30,-30,1
7584,-30,-30,-30,-30,-30,-30,-30,-30,-30,-30,0
1728,22,-30,-30,-30,-30,-10,-30,-30,-30,-30,0
3932,-30,-30,-30,-30,18,-25,-30,-30,-30,-30,4
7624,-8,-30,-30,-30,-30,-17,-30,-30,-30,-30,0
7678,-30,-30,-30,-23,-30,30,-30,-30,-30,-30,5
3610,-30,-30,30,-30,-30,-30,-30,-30,-30,-30,2
8753,-30,-30,-30,30,-30,-30,-30,-30,-30,-30,3
5773,-30,-30,-30,-30,-30,-30,-30,-30,-30,30,9
1744,30,-30,-30,-30,-30,-17,-30,-30,-30,-30,0
7482,-30,30,-30,-30,-30,-30,-30,-30,-30,-30,1
3582,-30,-30,-30,-30,-30,-30,-30,-30,-30,30,9
1437,-30,30,-30,-30,-30,-30,-30,-30,-30,-30,1
8417,-30,-30,-30,-30,-30,30,-30,-30,-30,-30,5
8130,-30,30,-30,-30,-30,-30,-30,-30,-30,-30,1
7552,-30,-30,-30,-14,-30,-30,-30,30,-30,-30,7
4486,-30,-30,-30,-30,-30,-30,30,-30,-30,-30,6
583,-30,30,-30,-30,-30,-30,-30,-30,-30,-30,1
2805,-30,-30,30,-30,-30,-30,-30,-30,-30,-30,2
602,-30,30,-30,-30,-30,-30,-30,-30,-30,-30,1
7487,-30,-30,-30,-30,-30,-30,30,-30,-30,-30,6
4706,-23,-30,-30,-30,-30,-20,-30,-30,-30,-30,5
7636,30,-30,-30,-30,-30,-30,-30,-30,-30,-30,0
6911,-30,30,-30,-30,-30,-30,-30,-30,-30,-30,1
7261,-30,-30,30,-30,-30,-30,-30,-30,-30,-30,2
9456,-30,-30,-30,30,-30,11,-30,-30,-30,-30,3
9944,-30,-30,-30,-30,30,-22,-30,-30,-30,-30,4
114,-30,-30,-30,-12,-30,-3,-30,-30,-30,-30,5
1709,-30,-30,-30,-30,-30,-30,30,-30,-30,-30,6
9657,-30,-30,-30,-30,-30,-30,-30,30,-30,-30,7
4807,-30,-30,-30,-30,-30,-30,-30,-30,30,-30,8
4765,-30,-30,-30,-30,-30,-30,-30,-30,-30,19,9
8938,30,-30,-30,-30,-30,-3,-30,-30,-30,-30,0
1595,-30,30,-30,-30,-30,-30,-30,-30,-30,-30,1
2758,-30,-30,30,-30,-30,-30,-30,-30,-30,-30,2
8773,-30,-30,-30,30,-30,-30,-30,-30,-30,-30,3
668,-30,-30,-30,-30,30,-30,-30,-30,-30,-30,4
7242,-30,-30,-30,-30,-30,14,-30,-30,-30,-30,5
4895,-30,-30,-30,-30,-30,-30,30,-30,-30,-30,6
4811,-30,-30,-30,-30,-30,-30,-30,30,-30,-30,7
3524,-30,-30,-30,-30,-30,-30,-30,-30,30,-30,8
6229,30,-30,-30,-30,-30,-10,-30,-30,-30,-30,0
3186,-30,30,-30,-30,-30,-30,-30,-30,-30,-30,1
2832,-30,-30,30,-30,-30,-30,-30,-30,-30,-30,2
9235,-30,-30,-30,30,-30,-30,-30,-30,-30,-30,3
9992,-30,-30,-30,-30,-30,30,-30,-30,-30,-30,5
3652,-30,-30,-30,-30,-30,-30,30,-30,-30,-30,6
6371,-30,-30,-30,-30,-30,-30,-30,30,-30,-30,7
2605,-30,-30,-30,-30,-30,-30,-30,-30,30,-30,8
8214,-30,30,-30,-30,-30,-30,-30,-30,-30,-30,1
4873,30,-30,-30,-30,-30,-30,-30,-30,-30,-30,0
2966,-30,-30,-30,-30,30,-30,-30,-30,-30,-30,4
7544,-30,-30,-30,-30,-30,-9,-30,-30,-30,-30,5
8945,-30,-30,-30,-30,-30,-30,30,-30,-30,-30,6
6050,-30,-30,-30,-30,-30,-30,30,-30,-30,-30,6
739,-30,-30,-30,30,-30,-5,-30,-30,-30,-30,3
2249,-30,-30,-30,-30,30,-30,-30,-30,-30,-30,4
8321,-30,-30,-30,-30,30,-30,-30,-30,-30,-30,4
6341,-18,-30,30,-7,-30,-14,-30,-30,-30,-30,2
4313,-30,-30,-30,-30,-30,-30,-30,-30,30,-30,8
5448,-30,30,-30,-30,-30,-30,-30,-30,-30,-30,1
5858,30,-30,-30,-30,-30,-17,-30,-30,-30,-30,0
4582,-30,-30,-30,-30,-30,-30,30,-30,-30,-30,6
1290,-30,-30,-30,-30,30,-30,-30,-30,-30,-30,4
614,-30,-30,-30,-30,-30,-30,-30,-30,-30,30,9
105,-30,-30,-30,-30,-30,-30,-30,30,-30,-30,7
4613,-30,-30,30,-30,-30,-26,-30,-30,-30,-30,2
1915,-30,-30,-30,-30,-30,-30,-30,-30,-30,30,9
8758,-30,-30,30,-30,-30,-30,-30,-30,-30,-30,2
7162,30,-30,-30,-30,-30,-30,-30,-30,-30,-30,0
9213,-30,-30,-30,-30,-30,-30,-30,-30,-30,30,9
3814,-30,-30,-30,1,-30,-30,-30,-30,12,-30,8
9929,-30,-30,-30,30,-30,-23,-30,-30,-30,-30,3
7685,-30,-30,-30,-30,-30,-30,-30,-30,-30,30,9
9137,-30,30,-30,-30,-30,-30,-30,-30,-30,-30,1
6851,-30,-30,-30,-30,-30,30,-30,-30,-30,-30,5
8823,-29,-30,24,-30,-30,-18,-30,-30,-30,-30,2
5210,-30,-30,-30,18,-30,2,-30,-30,-30,-30,3
4818,-30,30,-30,-30,-30,-30,-30,-30,-30,-30,1
9147,-30,-30,-30,-30,-30,-30,30,-30,-30,-30,6
9454,-30,-30,-30,-30,-30,-30,-30,30,-30,-30,7
6367,-30,-30,-30,-30,-30,6,-30,-30,-10,-30,5
6145,-30,-30,-30,-30,-30,-30,-30,30,-30,-30,7
5515,-30,-30,-30,-30,-30,-30,-30,-30,30,-30,8
7751,-30,-30,-30,-30,30,-30,-30,-30,-30,-30,4
5124,30,-30,-30,-30,-30,-14,-30,-30,-30,-30,0
1003,-30,-30,30,-30,-30,-30,-30,-30,-30,-30,2
618,-30,-30,-30,-30,-30,-30,-30,-30,-30,-17,9
9660,30,-30,-30,-30,-30,-30,-30,-30,-30,-30,0
8389,-30,-30,30,-30,-30,-18,-30,-30,-30,-30,2
8195,-30,-30,-30,-30,30,-30,-30,-30,-30,-30,4
161,-30,-30,-30,-30,-30,-30,-30,30,-30,-30,7
5821,-30,-30,-30,-30,-30,-30,-30,-30,30,-30,8
8756,30,-30,-30,-30,-30,-30,-30,-30,-30,-30,0
8530,-30,-30,-30,-30,-30,-30,-30,30,-30,-30,7
4331,30,-30,-30,-30,-30,-9,-30,-30,-30,-30,0
8336,-30,-30,-30,-30,-30,-30,30,-30,-30,-30,6
810,-30,-30,-30,-30,-30,-30,-30,-30,-30,30,9
2368,-30,-30,-30,30,-30,21,-30,-30,-30,-30,3
2688,-30,-30,30,-30,-30,-16,-30,-30,-30,-30,2
592,-30,-30,-30,-30,30,-30,-30,-30,-30,-30,4
8710,-30,-30,-30,-30,-30,-20,-30,-30,30,-30,8
7381,-30,-30,-30,-30,-30,-30,23,-30,-30,-30,6
8934,30,-30,-30,-30,-30,-30,-30,-30,-30,-30,0
1515,-30,-30,-30,-30,-30,30,-30,-30,-30,-30,5
503,-30,-30,-30,-30,-30,-30,-30,30,-30,-30,7
2545,-30,-30,-30,-17,-30,-1,-30,-30,-30,-30,5
3091,-30,30,-30,-30,-30,-30,-30,-30,-30,-30,1
9204,30,-30,-30,-30,-30,-30,-30,-30,-30,-30,0
5945,-30,-30,-30,-30,-30,-30,-30,-30,30,-30,8
7807,-30,30,-30,-30,-30,-30,-30,-30,-30,-30,1
3626,-30,-30,-30,-30,-30,-30,14,-30,-30,-30,6
3373,-30,-30,-30,-30,-30,-30,-30,30,-30,-30,7
1859,-30,-30,30,-23,-30,-15,-30,-30,-30,-30,2
4183,-30,-30,-30,-30,-30,-30,-30,-30,-30,30,9
3822,-30,-30,-30,-30,-30,-30,-30,30,-30,-30,7
2971,-30,-30,-30,-30,-30,-30,-30,-30,-30,30,9
268,-30,-30,-30,-30,-30,30,-30,-30,-30,-30,5
1389,-30,-30,-30,-30,-30,-30,30,-30,-30,-30,6
1998,-30,-30,-30,-30,-30,30,-30,-30,-30,-30,5
5852,-30,-30,30,-30,-30,-30,-30,-30,-30,-30,2
2203,-30,-30,-30,-30,-30,-30,30,-30,-30,-30,6
6875,-30,-30,30,-30,-30,-28,-30,-30,-30,-30,2
1966,-30,-30,-30,-30,-30,-30,-30,-30,30,-30,8
5559,-30,30,-30,-30,-30,-30,-30,-30,-30,-30,1
321,-30,-30,-30,-30,-30,-30,-30,30,-30,-30,7
3029,-30,-30,-30,-30,-30,30,-30,-30,-30,-30,5
9476,-30,-30,-30,-30,-30,14,-30,-30,-30,-30,5
3606,-30,-30,-30,-30,-30,-30,-30,30,-30,-30,7
1791,-30,-30,-30,30,-30,11,-30,-30,-30,-30,3
7957,-30,-30,-30,-30,-30,30,-30,-30,-30,-30,5
1145,30,-30,-30,-30,-30,-26,-30,-30,-30,-30,0
1013,-30,30,-30,-30,-30,-30,-30,-30,-30,-30,1
4603,-30,30,-30,-30,-30,-30,-30,-30,-30,-30,1
5777,-30,-30,-30,30,-30,17,-30,-30,-30,-30,3
6572,-30,-30,-30,-30,-30,-30,-30,-30,30,-30,8
5576,-30,-30,-30,-30,30,-30,-30,-30,-30,-30,4
5017,-30,-30,-30,-30,-30,-30,-30,-30,-30,30,9
1236,-30,-30,-30,-30,30,-30,-30,-30,-30,-30,4
5366,-30,-30,-30,-18,-30,30,-30,-30,-30,-30,5
5299,-30,30,-30,-30,-30,-30,-30,-30,-30,-30,1
4964,-30,-30,-30,-30,-30,-30,-30,-30,30,-30,8
7725,-30,-30,-30,-30,-30,-30,30,-30,-30,-30,6
8853,-30,-30,-30,-30,-30,-30,-30,-30,30,-30,8
778,-30,-30,-30,-30,-30,-30,-30,-30,-30,-2,9
9749,30,-30,-30,-30,-30,-19,-30,-30,-30,-30,0
3005,-30,30,-30,-30,-30,-30,-30,-30,-30,-30,1
3776,-30,-30,30,-23,-30,-16,-30,-30,-30,-30,2
5394,-30,-30,-30,30,-30,23,-30,-30,-30,-30,3
3566,-30,-30,-30,-30,30,-30,-30,-30,-30,-30,4
1452,-30,-30,-30,-30,-30,30,-30,-30,-30,-30,5
2177,-30,-30,-30,-30,-30,-30,30,-30,-30,-30,6
2745,-30,-30,-30,-30,-30,-30,-30,30,-30,-30,7
1670,-30,-30,-30,-30,-30,-20,-30,-30,1,-30,8
5855,-30,-30,-30,-30,-30,-30,-30,-30,-30,30,9
6778,30,-30,-30,-30,-30,-30,-30,-30,-30,-30,0
8011,-30,30,-30,-30,-30,-30,-30,-30,-30,-30,1
5529,-30,-30,30,-30,-30,-30,-30,-30,-30,-30,2
3616,-30,-30,-30,24,-30,-30,-30,-30,-30,-30,3
8148,-30,-30,-30,-30,30,-30,-30,-30,-30,-30,4
8081,-30,-30,-30,-30,-30,30,-30,-30,-30,-30,5
1027,-30,-30,-30,-30,-30,-30,30,-30,-30,-30,6
3607,-30,-30,-30,-30,-30,-30,-30,30,-30,-30,7
837,-30,-30,-30,-30,-30,4,-30,-30,30,-30,8
9898,-30,-30,-30,-30,-30,-30,-30,-30,-30,30,9
6966,30,-30,-30,-30,-30,-30,-30,-30,-30,-30,0
6983,-30,30,-30,-30,-30,-30,-30,-30,-30,-30,1
2948,-30,-30,30,-30,-30,-30,-30,-30,-30,-30,2
6657,-30,-30,-30,30,-30,-30,-30,-30,-26,-30,3
9200,-30,-30,-30,-30,30,-30,-30,-30,-30,-30,4
4345,-30,-30,-30,-30,-30,30,-30,-30,-30,-30,5
8832,-30,-30,-30,-30,-30,-30,30,-30,-30,-30,6
1887,-30,-30,-30,-30,-30,-30,-30,30,-30,-30,7
3731,-30,-30,-30,-30,-30,30,-30,-30,16,-30,5
198,-30,-30,-30,-30,-30,-30,-30,-30,-30,30,9
4495,-30,-30,-30,30,-30,-16,-30,-30,-30,-30,3
132,-30,-30,-30,-30,-30,30,-30,-30,-30,-30,5
8990,-30,-30,-30,30,-30,-19,-30,-30,-30,-30,3
5010,-30,-30,30,-30,-30,-30,-30,-30,-30,-30,2
4361,-30,-30,-30,-30,-30,-30,-30,-30,-30,30,9
1092,-30,-30,-30,30,-30,-28,-30,-30,-30,-30,3
7429,-30,-30,30,-30,-30,-30,-30,-30,-30,-30,2
9272,-30,5,-30,-10,-30,-4,-30,-30,-30,-30,1
2131,-30,-30,-30,-30,30,-30,-30,-30,-30,-30,4
7947,-30,-30,-30,-30,-30,30,-30,-30,-30,-30,5
8889,-30,-30,-30,-30,-30,30,-30,-30,-30,-30,5
9709,-30,-30,30,-30,-30,-29,-30,-30,-30,-30,2
9214,-30,-30,-30,30,-30,3,-30,-30,-30,-30,3
7478,-30,-30,30,-30,-30,-30,-30,-30,-30,-30,2
9185,-30,30,-30,-30,-30,-30,-30,-30,-30,-30,1
2105,-30,-30,-30,30,-30,-21,-30,-30,-30,-30,3
319,-30,-30,-30,-30,-30,-30,-30,-30,-30,30,9
2973,-30,-30,-30,-30,-30,-30,-30,30,-30,-30,7
2497,-30,-30,30,-30,-30,-30,-30,-30,-30,-30,2
5261,-30,30,-30,-30,-30,-30,-30,-30,-30,-30,1
8509,-30,-30,30,-30,-30,-30,-30,-30,-30,-30,2
1313,-30,-30,-30,-30,-30,-28,-30,-30,30,-30,8
1967,-30,-30,-30,-30,-30,-30,-30,-30,-30,30,9
9178,-30,30,-30,-30,-30,-30,-30,-30,-30,-30,1
9832,-30,-30,-30,-30,-30,-30,-30,-30,30,-30,8
4794,-30,-30,-30,-30,-30,-30,-30,-30,23,-30,8
2015,-30,-30,-30,-30,-30,-30,-30,30,-30,-30,7
8533,-30,-30,-30,-30,-30,15,-30,-30,18,-30,8
5390,-30,30,-30,-30,-30,-30,-30,-30,-30,-30,1
816,30,-30,-30,-30,-30,-30,-30,-30,-30,-30,0
2752,30,-30,-30,-30,-30,-30,-30,-30,-30,-30,0
5449,-30,-30,-30,-30,-30,-30,30,-30,-30,-30,6
7677,-30,-30,-30,-30,-30,-30,-30,30,-30,-30,7
383,-30,-30,-30,-30,-30,-30,-30,30,-30,-30,7
8949,-30,-30,-30,-30,-30,-30,-30,-30,-17,-30,8
1867,-30,-30,-30,-30,-30,-30,-30,3,-30,-30,7
5267,-30,-30,-30,-30,-30,30,-30,-30,-29,-30,5
5104,30,-30,-30,-30,-30,-30,-30,-30,-30,-30,0
8434,-30,-30,-30,-30,-30,-30,30,-30,-30,-30,6
6014,-30,30,-30,-30,-30,-30,-30,-30,-30,-30,1
7240,-30,-30,-30,-30,-30,30,-30,-30,-30,-30,5
8824,-30,-30,-30,-30,-30,-30,-30,-22,-30,-30,7
4441,-30,-30,-30,-30,30,-30,-30,-30,-30,-30,4
7359,-30,-30,-30,-30,-30,-30,30,-30,-30,-30,6
4162,-30,30,-30,-30,-30,-30,-30,-30,-30,-30,1
3177,-30,-30,30,-30,-30,-30,-30,-30,-30,-30,2
2199,-30,-30,-30,-30,-30,30,-30,-30,-30,-30,5
6765,30,-30,-30,-30,-30,-30,-30,-30,-30,-30,0
8893,-30,-30,-30,-30,-30,-30,-30,30,-30,-30,7
4856,-30,-30,-30,-30,-30,-30,-30,-30,-30,30,9
4892,-30,-30,-30,-30,-30,-30,-30,-30,-30,30,9
2227,30,-30,-30,-30,-30,-30,-30,-30,-30,-30,0
1231,-30,-30,-30,30,-30,5,-30,-30,-30,-30,3
7024,-30,-30,-30,-30,30,-30,-30,-30,-30,-30,4
9411,-30,-30,-30,-30,30,-30,-30,-30,-30,-30,4
1970,-30,-30,-30,-30,-30,-30,-30,-30,30,-30,8
6117,-30,-30,-30,-30,1,-30,-30,-30,-30,-30,4
4421,-30,30,-30,-30,-30,-30,-30,-30,-30,-30,1
8743,-30,-30,-30,-27,-30,-30,-30,-30,30,-30,8
5166,-30,-30,-30,-30,-30,-30,30,-30,-30,-30,6
995,-30,-30,-30,-30,-30,30,-30,-30,-30,-30,5
9153,-30,-30,-30,-30,-30,-30,-30,-30,-30,30,9
513,30,-30,-30,-30,-30,-30,-30,-30,-30,-30,0
7279,30,-30,-30,-30,-30,-30,-30,-30,-30,-30,0
7470,30,-30,-30,-30,-30,-30,-30,-30,-30,-30,0
472,-30,-30,-30,30,-30,-30,-30,-30,-30,-30,3
8550,-30,-30,-30,-30,-30,-30,-30,30,-30,-30,7
4302,-30,30,-30,-30,-30,-30,-30,-30,-30,-30,1
8,-30,-30,-30,-30,-30,-30,30,-30,-30,-30,6
6756,-30,-30,-30,-30,30,-30,-30,-30,-30,-30,4
5114,-30,-30,-30,-30,-30,-30,30,-30,-30,-30,6
8992,30,-30,-30,-30,-30,-30,-30,-30,-30,-30,0
9796,-30,-30,-30,-30,30,-30,-30,-30,-30,-30,4
7069,-30,-30,-30,-30,-30,30,-30,-30,-30,-30,5
871,-30,-30,-30,-30,30,-30,-30,-30,-30,-30,4
1913,-30,30,-30,-30,-30,-30,-30,-30,-30,-30,1
7028,-30,-30,-30,30,-30,-30,-30,-30,-30,-30,3
8184,-30,-30,-30,-30,-30,-30,-30,-30,7,-30,8
6748,-30,-30,-30,-30,-30,-30,30,-30,-30,-30,6
8364,-30,-30,-30,30,-30,-30,-30,-30,-30,-30,3
3151,-30,-30,-30,-30,-30,-30,-30,-30,-30,-30,0
5719,-30,-30,-30,-30,-30,-30,-30,-30,-30,30,9
9151,-30,-30,-30,-30,-30,30,-30,-30,-30,-30,5
8560,-30,-30,-30,-30,-30,-30,-30,-30,-30,27,9
7083,-30,-30,-30,24,-30,-30,-30,-30,-30,-30,3
2654,-30,-30,-30,-30,-30,-30,-30,30,-30,-30,7
4800,-30,-30,-30,-30,-30,-30,-30,-30,30,-30,8
8173,-30,-30,-30,-30,-30,30,-30,-30,-10,-30,5
7021,-30,-30,-30,-30,-30,-30,30,-30,-30,-30,6
9285,-30,-30,-30,-30,30,-30,-30,-30,-30,-30,4
608,-30,-30,-30,-30,-30,-30,-30,30,-30,-30,7
5289,-30,-30,-30,-30,-30,-30,30,-30,-30,-30,6
2417,-30,-30,30,-30,-30,-30,-30,-30,-30,-30,2
4990,-30,-30,30,-30,-30,-30,-30,-30,-30,-30,2
1214,30,-30,-30,-30,-30,-30,-30,-30,-30,-30,0
9806,-30,-30,-30,-30,-30,-30,-30,-30,-30,30,9
5000,-30,-30,-30,-30,30,-30,-30,-30,-30,-30,4
5494,30,-30,-30,-30,-30,-28,-30,-30,-30,-30,0
8589,-30,30,-30,-30,-30,-30,-30,-30,-30,-30,1
2847,-30,-30,30,-30,-30,-30,-30,-30,-30,-30,2
1216,-30,-30,-30,30,-30,3,-30,-30,-30,-30,3
8508,-30,-30,-30,-30,30,-30,-30,-30,-30,-30,4
5317,-30,-30,-30,-30,-30,30,-30,-30,-30,-30,5
1676,-30,-30,-30,-30,-30,-30,30,-30,-30,-30,6
3335,-30,-30,-30,-30,-30,-30,-30,30,-30,-30,7
9245,-30,-30,-30,-30,-30,-29,-30,-30,30,-30,8
1893,-30,-30,-30,-30,-30,-30,-30,-30,-30,30,9
5738,30,-30,-30,-30,-30,-26,-30,-30,-30,-30,0
4066,-30,30,-30,-30,-30,-30,-30,-30,-30,-30,1
8737,-30,-30,30,-30,-30,-30,-30,-30,-30,-30,2
4932,-30,-30,-30,30,-30,19,-30,-30,-30,-30,3
890,-30,-30,-30,-30,30,-30,-30,-30,-30,-30,4
1289,-30,-30,-30,-30,-30,30,-30,-30,-30,-30,5
1571,-30,-30,-30,-30,-30,-30,26,-30,-30,-30,6
3578,-30,-30,-30,-30,-30,-30,-30,30,-30,-30,7
1211,-30,-30,-30,-30,-30,-30,-30,-30,27,-30,8
2882,-30,-30,-30,-30,-30,-30,-30,-30,-30,30,9
4265,30,-30,-30,-30,-30,-30,-30,-30,-30,-30,0
99,-30,30,-30,-30,-30,-30,-30,-30,-30,-30,1
5508,-30,-30,30,-30,-30,-30,-30,-30,-30,-30,2
6792,-30,-30,-30,30,-30,-4,-30,-30,-30,-30,3
3190,-30,-30,-30,-30,30,-3,-30,-30,-30,-30,4
1130,-30,-30,-30,-30,-30,30,-30,-30,-30,-30,5
589,-30,-30,-30,-30,-30,-30,30,-30,-30,-30,6
8324,-30,-30,-30,-30,-30,-30,-30,30,-30,-30,7
9051,-24,-30,-30,-30,-30,-30,-30,-30,30,-30,8
4122,-30,-30,-30,-30,-30,-30,-30,-30,-30,30,9
8901,-30,-30,-30,-30,-30,-30,30,-30,-30,-30,6
7687,-30,-30,-30,-30,30,-30,-30,-30,-30,-30,4
6695,-30,-30,30,-30,-30,-30,-30,-30,-30,-30,2
8343,-30,-30,-30,-30,-30,-30,30,-30,-30,-30,6
7780,-30,-30,-30,-30,30,-30,-30,-30,-30,-30,4
8483,-30,-30,-30,-30,-30,-18,-30,30,-30,-30,7
2379,-30,-30,-30,-30,-30,30,-30,-30,-30,-30,5
4696,-30,-30,-30,-30,-30,30,-30,-30,-30,-30,5
6116,-30,-30,-30,-30,-1,-30,-30,-30,-30,-30,4
4506,-30,-30,-30,-30,-30,-30,-30,30,-30,-30,7
6970,-30,-30,30,-30,-30,-30,-30,-30,-30,-30,2
7603,-30,-30,-30,-30,-30,-30,-30,-30,-30,30,9
2943,-30,-30,-30,30,-30,-26,-30,-30,-30,-30,3
9681,-30,-30,-30,-30,-30,-30,-30,-30,-30,-13,9
4394,-30,-30,-30,30,-30,28,-30,-30,-30,-30,3
3141,-30,-30,-30,-30,-30,7,-30,-30,30,-30,8
5742,-30,-30,30,-30,-30,-30,-30,-30,-30,-30,2
1041,30,-30,-30,-30,-30,-30,-30,-30,-30,-30,0
8798,-30,-30,-30,-30,-30,-30,-30,-30,-30,30,9
3519,-30,-30,-30,-30,-30,30,-30,-30,-30,-30,5
3223,-30,-30,-30,-30,-30,-30,30,-30,-30,-30,6
3721,30,-30,-30,-30,-30,-30,-30,-30,-30,-30,0
4849,-30,30,-30,-30,-30,-30,-30,-30,-30,-30,1
2326,30,-30,-30,-30,-30,-30,-30,-30,-30,-30,0
3496,-30,-30,-30,-30,-30,-30,30,-30,-30,-30,6
4857,-30,-30,-30,-30,-30,30,-30,-30,-30,-30,5
3588,-30,-30,-30,30,-30,-1,-30,-30,-30,-30,3
7127,-30,-30,-30,-30,-30,30,-30,-30,-30,-30,5
4519,-30,-30,-30,30,-30,-9,-30,-30,-30,-30,3
8363,-30,-30,-30,-30,-30,-30,-30,-30,30,-30,8
839,30,-30,-30,-30,-30,-30,-30,-30,-30,-30,0
1667,30,-30,-30,-30,-30,-27,-30,-30,-30,-30,0
9820,-30,-30,-30,30,-30,-4,-30,-30,-30,-30,3
5275,-30,-30,-30,-30,30,-30,-30,-30,-30,-30,4
3527,-30,30,-30,-30,-30,-30,-30,-30,-30,-30,1
1189,-30,-30,-30,-30,-30,30,-10,-30,-30,-30,5
4548,-30,-30,-30,30,-30,28,-30,-30,-30,-30,3
6989,30,-30,-30,-30,-30,-30,-30,-30,-30,-30,0
2484,-30,-30,-30,-30,-30,-30,-30,-30,30,-30,8
3345,-30,-30,-30,17,-30,-30,-30,-30,-30,-30,3
7014,30,-30,-30,-30,-30,-30,-30,-30,-30,-30,0
8947,-30,-30,-30,-30,-30,-30,30,-30,-30,-30,6
2143,-30,-30,30,-30,-30,-22,-30,-30,-30,-30,2
1587,-30,-30,-30,-30,-30,-30,-30,30,-30,-30,7
4717,-30,-30,-30,-30,-30,-30,-30,-30,30,-30,8
2857,-30,30,-30,-30,-30,-30,-30,-30,-30,-30,1
2002,-30,-30,-30,-30,-30,-30,-30,30,-30,-30,7
3631,-30,30,-30,-30,-30,-30,-30,-30,-30,-30,1
5895,-30,-30,-30,30,-30,13,-30,-30,-30,-30,3
222,-30,-30,-30,-30,-30,-30,-30,-30,30,-30,8
351,-30,-30,-30,-30,-30,30,-30,-30,-30,-30,5
37,-30,-30,-30,-30,30,-30,-30,-30,-30,-30,4
3630,-30,-30,30,-30,-30,-30,-30,-30,-30,-30,2
4400,30,-30,-30,-30,-30,-30,-30,-30,-30,-30,0
9309,-30,-30,-30,-30,-30,-30,-30,-30,-30,-30,0
9009,-30,-30,-30,-30,-30,-30,-30,30,-30,-30,7
8815,-30,-30,-30,-30,-30,-30,30,-30,-30,-30,6
9343,-30,-30,-30,-30,-30,-30,-30,30,-30,-30,7
3102,-30,-30,-30,-30,30,-30,-30,-30,-30,-30,4
2906,-30,30,-30,-30,-30,-30,-30,-30,-30,-30,1
7099,-30,-30,-30,-30,-30,-30,30,-30,-30,-30,6
9362,-30,-30,30,-27,-30,-30,-30,-30,-30,-30,2
7833,-30,-30,-30,-30,-30,-30,30,-30,-30,-30,6
6032,-30,-30,-30,-30,-30,-30,-30,30,-30,-30,7
5929,-30,30,-30,-30,-30,-30,-30,-30,-30,-30,1
659,-30,-30,-30,-30,-30,-30,-30,-30,-30,9,9
8903,-30,-30,-30,-30,-30,-30,-30,-30,30,-30,8
1162,30,-30,-30,-30,-30,-30,-30,-30,-30,-30,0
6505,-30,-30,-30,-30,-30,-30,30,-30,-30,-30,6
179,-30,-30,-30,-30,-30,-30,-30,-30,-30,-18,9
5194,-30,-30,-30,-30,30,-30,-30,-30,-30,-30,4
6513,-30,-30,-30,-30,-30,-30,-30,-30,-30,30,9
299,-30,-30,-30,-30,-30,-30,-30,-30,-30,30,9
1592,-11,-30,-30,-30,-30,-30,30,-30,-30,-30,6
9947,-30,-30,30,-30,-30,-20,-30,-30,-30,-30,2
2460,-30,-30,-30,30,-30,0,-30,-30,-30,-30,3
6865,-30,-30,-30,-30,-30,-30,-30,30,-30,-30,7
7156,-30,30,-30,-30,-30,-30,-30,-30,-30,-30,1
7749,-30,-30,-30,-30,-30,-30,-30,-30,-30,30,9
4067,-30,-30,30,-30,-30,-26,-30,-30,-30,-30,2
7039,-30,-30,25,-30,-30,-25,-30,-30,-30,-30,2
6271,-30,-30,-30,-30,-30,30,-30,-30,-30,-30,5
2541,-30,-30,-30,30,-30,30,-30,-30,-30,-30,3
7529,-30,-30,-30,-30,-30,-30,-30,30,-30,-30,7
4847,-30,-30,-30,-30,-30,-30,-30,-30,30,-30,8
3818,30,-30,-30,-30,-30,-30,-30,-30,-30,-30,0
7640,-30,30,-30,-30,-30,-30,-30,-30,-30,-30,1
7566,-30,-30,30,-30,-30,-30,-30,-30,-30,-30,2
7756,-30,-30,-30,30,-30,-11,-30,-30,-30,-30,3
465,-30,-30,-30,-30,23,-30,-30,-30,-30,-30,4
3245,-30,-30,-30,-30,-30,-30,-30,30,-30,-30,7
6346,-30,-30,-30,-30,-30,-30,-30,-30,30,-30,8
910,-30,-30,-30,-30,-30,-30,-30,-30,-30,7,9
8231,30,-30,-30,-30,-30,-30,-30,-30,-30,-30,0
2283,-30,30,-30,-30,-30,-30,-30,-30,-30,-30,1
1376,-30,-30,30,-28,-30,-30,-30,-30,-30,-30,2
4810,-30,-30,-30,30,-30,-27,-30,-30,-30,-30,3
6219,-30,-30,-30,-30,30,-18,-30,-30,-30,-30,4
3484,-30,-30,-30,-30,-30,-9,-30,29,-30,-30,7
258,-30,-30,-30,-30,-30,-30,-30,-30,30,-30,8
6376,-30,-30,-30,-30,-30,-30,-30,-30,-30,-26,9
3256,30,-30,-30,-30,-30,-20,-30,-30,-30,-30,0
565,-30,30,-30,-30,-30,-30,-30,-30,-30,-30,1
3503,-30,-30,-30,-30,-30,2,-30,-30,-30,-30,5
2151,-30,-30,-30,-30,-30,-30,-30,-30,30,-30,8
8001,-30,-30,-30,-30,-30,-30,-30,-30,-30,-7,9
7803,-30,-30,-30,-30,-30,-30,-30,-30,30,-30,8
4808,-30,-30,-30,-30,-30,-30,-30,-30,-30,30,9
1029,-30,-30,30,-30,-30,-30,-30,-30,-30,-30,2
3376,-30,-30,-30,-30,-30,-30,30,-30,-30,-30,6
9563,-30,30,-30,-30,-30,-30,-30,-30,-30,-30,1
8285,-30,-30,-30,30,-30,6,-30,-30,-30,-30,3
2656,-30,-30,-30,-30,-30,30,-30,-30,-30,-30,5
3833,-30,-30,-30,-30,30,-13,-30,-30,-30,-30,4
3723,-30,-30,-30,-30,-30,-30,-30,-30,30,-30,8
7897,-30,-30,30,-30,-30,-30,-30,-30,-30,-30,2
1164,-30,-30,-30,-30,-30,-7,30,-30,-30,-30,6
9826,-30,-30,-30,-30,30,30,-30,-30,-30,-30,4
6931,-30,-30,-30,30,-30,-9,-30,-30,-30,-30,3
4035,-30,-30,-30,-30,30,16,-30,-30,-30,-30,4
4167,-30,-30,-30,-30,-30,30,-30,-30,-30,-30,5
6067,-30,-30,-30,-30,-30,-30,-30,-30,-30,0,9
5222,-30,-30,30,-30,-30,-30,-30,-30,-30,-30,2
3462,30,-30,-30,-30,-30,-30,-30,-30,-30,-30,0
9431,-30,-30,-30,20,-30,1,-30,-30,-30,-30,3
2993,-30,-30,-30,-30,-30,-30,-30,-30,-30,30,9
4852,-30,-30,-30,-30,-30,-19,-30,-30,-30,-30,5
4876,-30,-30,-30,-30,-30,-30,-30,-30,-30,-15,9
9420,-30,-30,-30,-30,-30,-30,-30,14,-30,-30,7
7385,-30,-30,-30,30,-30,-10,-30,-30,-30,-30,3
2569,-30,-30,-30,-30,-30,-30,-30,-30,30,-30,8
78,-30,-30,-30,-30,-30,-30,-30,30,-30,-30,7
1019,-30,-30,-30,-30,30,-11,-30,-30,-30,-30,4
1210,-30,-30,-30,-30,30,-17,-30,-30,-30,-30,4
523,-30,-30,-30,-30,-30,-30,-30,-30,-30,29,9
8658,-30,-30,-30,-30,-30,-30,-30,-30,30,-30,8
7652,-30,-30,-30,-30,-30,30,-30,-30,-30,-30,5
5125,-30,-30,-30,-30,-30,-23,-30,-30,-5,-30,8
5161,-30,-30,30,-30,-30,-30,-30,-30,-30,-30,2
7539,-30,-30,-30,-30,-30,-20,30,-30,-30,-30,6
9463,-30,-30,-30,-30,-30,-30,30,-30,-30,-30,6
3611,-30,-30,30,-30,-30,-30,-30,-30,-30,-30,2
3003,-30,-30,-30,30,-30,-11,-30,-30,-30,-30,3
9586,-30,30,-30,-30,-30,-30,-30,-30,-30,-30,1
1727,-30,-30,-30,30,-30,-11,-30,-30,-30,-30,3
4630,-30,-30,30,-30,-30,-30,-30,-30,-30,-30,2
9177,-30,-30,-30,-30,-30,-2,-30,12,-30,-30,7
5027,-30,-30,-30,30,-30,-17,-30,-30,-30,-30,3
7013,-30,30,-30,-30,-30,-30,-30,-30,-30,-30,1
1058,-30,-30,-30,-30,-30,-30,-30,-30,-30,30,9
1181,30,-30,-30,-30,-30,-30,-30,-30,-30,-30,0
4215,-30,30,-30,-30,-30,-7,-30,-30,-30,-30,1
979,-30,30,-30,-30,-30,-26,-30,-30,-30,-30,1
613,-30,-30,-30,30,-30,-28,-30,-30,-30,-30,3
6122,-30,-30,-30,-30,-30,30,-30,-30,-30,-30,5
5381,30,-30,-30,-30,-30,-30,-30,-30,-30,-30,0
7730,-30,-30,-30,-30,-30,-11,-30,-30,-30,-30,5
3025,-30,-30,-30,-30,-30,-30,-30,-30,30,-30,8
1792,-30,30,-30,-30,-30,-30,-30,-30,-30,-30,1
373,-30,-30,-30,-30,-30,30,-30,-30,-30,-30,5
6769,-30,30,-30,-30,-30,-30,-30,-30,-30,-30,1
1904,-30,-30,-30,-30,30,-8,-30,-30,-30,-30,4
6640,-30,-30,-30,-30,-30,-30,30,-30,-30,-30,6
7886,30,-30,-30,-30,-30,-21,-30,-30,-30,-30,0
220,30,-30,-30,-30,-30,-30,-30,-30,-30,-30,0
8835,-30,-30,-30,-30,30,-30,-30,-30,-30,-30,4
8338,-30,-30,-30,-30,-30,-30,-30,-30,-30,25,9
1331,-30,30,-30,-30,-30,-30,-30,-30,-30,-30,1
8645,-30,-30,-30,-30,-30,-30,30,-30,-30,-30,6
7773,-30,-30,-30,-30,-30,-30,30,-30,-30,-30,6
8750,-30,-30,-30,-30,-30,-4,-30,-30,-30,-30,5
8008,30,-30,-30,-30,-30,-30,-30,-30,-30,-30,0
9807,-30,-30,-30,-30,-30,-7,-30,30,-30,-30,7
8153,-30,-30,-30,-30,-30,-30,30,-30,-30,-30,6
3287,-30,30,-30,-30,-30,-30,-30,-30,-30,-30,1
3451,-30,30,-30,-30,-30,-30,-30,-30,-30,-30,1
4191,30,-30,-30,-30,-30,-15,-30,-30,-30,-30,0
334,-30,30,-30,-30,-30,-30,-30,-30,-30,-30,1
8170,-30,-30,10,-30,-30,-3,-30,-30,-30,-30,2
6232,-30,-30,-30,-9,-30,23,-30,-30,-30,-30,5
8494,3,-30,-30,-30,2,-21,-30,-30,-30,-30,0
5021,-30,-30,24,-30,-30,-30,-30,-30,-30,-30,2
8392,-30,-30,-30,-30,-30,-8,-30,-30,-8,-30,5
2120,-30,-30,-30,30,-30,20,-30,-30,-30,-30,3
1576,-30,-30,-30,-30,11,-5,-30,-30,-30,-30,4
9219,-30,-30,-30,-30,-30,30,-30,-30,-30,-30,5
6599,22,-30,-30,-30,-30,-30,-15,-30,-30,-30,0
8728,-30,-30,30,-30,-30,-30,-30,-30,-30,-30,2
9540,7,-30,-30,-30,-30,-8,-30,-30,-30,-30,0
9624,-30,30,-30,-30,-30,4,-30,-30,-30,-30,1
5400,-30,-30,30,-30,-30,-30,-30,-30,-30,-30,2
9514,-30,-30,30,-30,-30,-30,-30,-30,-30,-30,2
6262,-30,-30,-30,-30,-30,4,-30,-30,-30,-30,5
8360,-30,-30,-30,-30,-30,-30,30,-30,-30,-30,6
807,-30,-30,2,-30,-30,13,-30,-30,-30,-30,5
2258,-30,-30,-30,-30,-30,-29,-30,-27,-30,-30,7
1398,-30,-30,-30,0,-30,-19,-30,-30,-30,-30,3
701,-30,-7,-30,-30,-30,-12,-30,-30,-30,-30,1
4552,-21,-30,-30,-30,-13,-5,-30,-30,-30,-30,5
8496,-30,-30,-30,30,-30,2,-30,-30,-30,-30,3
522,-30,-30,-30,-30,-30,-30,-30,-30,-30,-26,9
3044,-30,-30,-30,-30,-30,-30,30,-30,-30,-30,6
6654,-30,30,-30,-30,-30,-30,-30,-30,-30,-30,1
9115,-30,-30,-28,-30,-30,-30,-30,-30,-30,-30,2
3036,-30,-30,18,-30,-30,3,-30,-30,-30,-30,2
4199,-30,-30,-30,-30,30,-30,-30,-30,-30,-30,4
8065,-30,-30,-30,-30,18,-30,-30,-30,-30,-30,4
9230,-30,-30,-30,-30,-30,30,-30,-30,-30,-30,5
5545,-30,-30,-30,-30,-30,-30,-30,-20,-30,-30,7
4754,30,-30,-30,-30,-30,-30,-30,-30,-30,-30,0
2512,30,-30,-30,-30,-30,-28,-30,-30,-30,-30,0
9959,-30,30,-30,-30,-30,-30,-30,-30,-30,-30,1
7764,-30,-30,-30,-30,-30,4,30,-30,-30,-30,6
5658,-30,-30,-30,-30,-30,0,30,-30,-30,-30,6
5892,-30,-30,-30,-30,-30,6,-30,-30,30,-30,8
700,-30,-30,30,-29,-30,-2,-30,-30,-30,-30,2
7586,-30,-30,-10,-30,-30,-30,-30,9,-30,-30,7
5439,-30,-30,-25,-30,-30,-30,-30,-12,-30,-30,7
358,-30,-30,-30,-30,-30,1,-30,-30,-30,-30,5
6399,-30,-30,-30,-30,30,-12,-30,-30,-30,-30,4
4943,-30,-30,30,-30,-30,-30,-30,-30,-30,-30,2
7129,-30,30,-30,-30,-30,-30,-30,-30,-30,-30,1
9817,-30,-30,-30,-30,-30,-30,30,-30,-30,-30,6
7498,-21,30,-30,-30,-30,-30,-30,-30,-30,-30,1
8594,23,-30,-30,-30,-30,-14,-30,-30,-30,-30,0
2630,-30,-30,-30,-30,-30,-30,30,-30,-30,-30,6
5860,-30,-30,-30,-30,-30,-30,-30,-30,-30,24,9
4362,-30,-30,-30,-30,-30,-1,-30,-30,29,-30,8
10,-30,-30,-30,18,-30,-30,-30,-30,-30,-30,3
290,-30,-30,-30,-30,-30,-30,-30,-30,-30,-7,9
1330,-30,-30,-30,-30,-30,-30,30,-30,-30,-30,6
9011,-30,-30,-30,30,-30,30,-30,-30,-30,-30,3
2477,30,-30,-30,-30,-30,-22,-30,-30,-30,-30,0
3640,-30,30,-30,-30,-30,-30,-30,-30,-30,-30,1
5024,-30,-30,30,-30,-30,-30,-30,-30,-30,-30,2
8936,-30,-30,-22,29,-30,-30,-30,-30,-30,-30,3
2959,-30,-30,-30,-30,27,-30,-30,-30,-30,-30,4
1129,-30,-30,-30,-30,-30,30,-30,-30,-30,-30,5
6964,-30,-30,-30,-30,-30,-30,30,-30,-30,-30,6
2598,-30,-30,-30,-30,-30,-30,-30,30,-30,-30,7
5905,-30,-30,-30,-30,-30,-6,-30,-30,-2,-30,8
4237,-30,-30,-30,-30,-25,-11,-30,-30,-30,-30,5
8600,30,-30,-30,-30,-30,-23,-30,-30,-30,-30,0
9979,-30,-30,-30,-30,-30,-30,-30,-30,-25,-30,8
7317,-30,-30,30,-30,-30,-26,-30,-30,-30,-30,2
8699,-30,-30,-30,29,-30,-30,-30,-30,-30,-30,3
5786,-30,-30,-30,-30,1,-30,-30,-30,-30,-30,4
4536,-30,-30,-30,-30,-30,20,-30,-30,-30,-30,5
9559,-30,-30,-30,-30,-30,-30,30,-30,-30,-30,6
4901,-30,-30,-30,-30,-30,-30,-30,30,-30,-30,7
4786,-30,-30,-30,-30,-30,7,-30,-30,-4,-30,5
5368,-30,-30,-30,-30,-18,-28,-30,-30,-30,-15,9
3563,30,-30,-30,-30,-30,-30,-30,-30,-30,-30,0
8682,-30,30,-30,-30,-30,-30,-30,-30,-30,-30,1
67,-30,-30,30,-8,-30,-30,-30,-30,-30,-30,2
6173,-30,-30,-23,30,-30,-30,-30,-30,-30,-30,3
2374,-30,-30,-30,-30,15,-30,-30,-30,-30,-30,4
7412,-30,-30,-30,-30,-30,12,-30,-30,-30,-30,5
4660,-30,-30,-30,-30,-30,-30,30,-30,-30,-30,6
7768,-30,-30,-30,-30,-30,-30,-30,30,-30,-30,7
3309,-30,-30,-30,-30,-30,8,-30,-30,-6,-30,5
2702,-30,-30,-30,-30,-30,-30,-30,-30,-30,30,9
6703,-30,30,-30,-30,-30,-30,-30,-30,-30,-30,1
6923,-30,-30,-30,-30,-30,-30,30,-30,-30,-30,6
353,-30,-30,-30,-30,-30,-30,-30,-30,-6,-30,8
208,-30,-30,-30,-30,-30,-30,-30,-30,-30,30,9
4235,-30,-30,-30,-30,-30,-30,-30,-30,-30,30,9
2695,30,-30,-30,-30,-30,-30,-30,-30,-30,-30,0
8701,-30,30,-30,-30,-30,-30,-30,-30,-30,-30,1
7787,-30,-30,30,-30,-30,-30,-30,-30,-30,-30,2
7976,-30,-30,-30,-30,8,-30,-30,-30,-30,-30,4
4475,-30,-30,-30,-30,15,-30,-30,-30,-30,-30,4
443,-30,-30,-30,30,-30,-30,-30,-30,-30,-30,3
8660,-30,-30,-30,-30,-30,-30,-30,30,-30,-30,7
5242,-30,-30,-30,-30,26,-30,-30,-30,-30,-30,4
1819,-30,-30,-30,-30,-12,-30,-30,-30,-30,-30,4
2403,-30,-30,-30,-30,3,-30,-30,-30,-30,-30,4
8268,30,-30,-30,-30,-30,-30,-30,-30,-30,-30,0
3148,-30,-30,-17,30,-30,-30,-30,-30,-30,-30,3
585,-30,-30,-30,-30,-30,-5,-30,-30,-7,-30,5
1468,-30,-30,-30,-30,-30,-30,-30,30,-30,-30,7
9110,-30,-30,-30,-30,-30,30,-30,-30,-30,-30,5
8767,-30,-30,-7,-30,-30,-3,-30,-30,-30,-30,5
9686,-30,-30,30,-30,-30,-30,-30,-30,-30,-30,2
8121,-30,30,-30,-30,-30,-30,-30,-30,-30,-30,1
8370,-30,-30,-30,-30,-30,-30,-30,30,-30,-30,7
6394,-30,-30,-30,-30,-30,30,-30,-30,-30,-30,5
1845,-30,-30,-30,30,-30,-6,-30,-30,-30,-30,3
7925,-30,-30,-30,-30,-30,-30,-30,-30,-26,-23,9
1863,-30,-30,-30,-30,-30,30,-30,-30,-30,-30,5
4555,-30,-30,30,-30,-30,-12,-30,-30,-30,-30,2
2315,-30,-30,-30,-30,-30,30,-30,-30,-30,-30,5
4148,-30,30,-30,-30,-30,-30,-30,-30,-30,-30,1
9892,-30,30,-30,-30,-30,-30,-30,-30,-30,-30,1
9412,-30,-30,-30,-30,-30,-30,30,-30,-30,-30,6
4691,-30,-30,25,-30,-30,-30,-30,-30,-30,-30,2
4297,-30,30,-30,-30,-30,-30,-30,-30,-30,-30,1
8909,-30,-30,-11,30,-30,-24,-30,-30,-30,-30,3
5098,-30,-30,-30,-30,-30,-10,-30,-30,-7,-30,8
6373,-30,-30,-30,-30,-30,-30,30,-30,-30,-30,6
9958,-30,-30,-30,-30,-28,-27,-30,-30,-30,-30,5
4161,-30,-30,30,-30,-30,-18,-30,-30,-30,-30,2
9648,-30,-30,-30,-30,-30,-30,30,-30,-30,-30,6
3918,-30,-30,30,-30,-30,-5,-30,-30,-30,-30,2
5450,-30,-30,-30,-30,-30,30,-30,-30,-25,-30,5
538,-30,-30,-30,-30,-30,30,-30,-30,-30,-30,5
9815,30,-30,-30,-30,-30,-30,-30,-30,-30,-30,0
432,-30,-30,30,-30,-30,-30,-30,-30,-30,-30,2
6580,-30,-30,-30,-30,-30,-30,-30,-30,-21,-30,8
6147,30,-30,-30,-30,-30,-30,-30,-30,-30,-30,0
9862,-30,-30,-30,-30,-30,-30,30,-30,-30,-30,6
3841,-30,-30,-30,1,-30,-30,-30,-30,-30,-30,3
8761,-30,30,-30,-30,-30,-30,-30,-30,-30,-30,1
4861,-30,-30,-30,-30,-28,-30,-30,-3,-30,-30,7
72,-30,-30,-30,-30,-30,-30,-30,-30,-30,30,9
5105,-30,30,-30,-30,-30,-30,-30,-30,-30,-30,1
7650,-30,-30,-30,-30,-30,-30,-30,-30,-30,30,9
8547,-30,-30,30,-30,-30,-30,-30,-30,-30,-30,2
44,-30,-30,-30,-30,-30,-30,30,-30,-30,-30,6
9571,-30,-30,-30,-30,-30,-30,-30,30,-30,-30,7
8396,-30,-30,-30,-30,-30,-30,30,-30,-30,-30,6
2904,-30,-30,-30,-30,-30,-30,30,-30,-30,-30,6
3997,-30,-30,-30,-30,-30,7,-30,-30,-12,-30,5
2354,-30,-30,-30,-30,-30,-30,-30,30,-30,-30,7
8691,-30,-30,-30,-30,30,-30,-30,-30,-30,-30,4
4368,-30,-30,-30,-30,-30,-30,-30,-30,-30,30,9
6177,-30,-30,30,-30,-30,-25,-30,-30,-30,-30,2
8235,-30,30,-30,-30,-30,-30,-30,-30,-30,-30,1
1404,-30,-30,-30,30,-30,-30,-30,-30,-30,-30,3
9257,-30,-30,-30,17,-30,-30,-30,-30,-30,-30,3
9920,30,-30,-30,-30,-30,-30,-30,-30,-30,-30,0
1451,-30,-30,-30,-30,-30,30,-30,-30,-18,-30,5
8950,-30,-30,-30,-30,-30,30,-30,-30,-30,-30,5
693,-30,-30,-30,-30,-30,30,-30,-30,-3,-30,5
4549,30,-30,-30,-30,-30,-30,-30,-30,-30,-30,0
8030,-30,-30,-19,30,-30,-30,-30,-30,-30,-30,3
8876,-30,-30,-30,-30,-30,-30,-30,30,-30,-30,7
4883,-30,-30,-30,-30,-30,-30,-30,-30,-30,30,9
9095,-30,-30,-30,-30,-30,-30,-30,30,-30,-30,7
929,30,-30,-30,-30,-30,-29,-30,-30,-30,-30,0
4814,-30,-30,30,-30,-30,-30,-30,-30,-30,-30,2
4925,-30,-30,-30,-30,-30,-30,-30,30,-30,-30,7
2901,-30,-30,-30,-30,-30,-30,-30,-30,-30,30,9
3058,-30,30,-30,-30,-30,-30,-30,-30,-30,-30,1
6293,-30,-30,-30,-30,-30,-30,-30,6,-30,-30,7
5301,-30,-30,-30,-30,-30,-30,-30,-30,30,-30,8
3509,30,-30,-30,-30,-30,-30,-30,-30,-30,-30,0
2274,-30,-30,-13,30,-30,-30,-30,-30,-30,-30,3
9188,-30,-30,-30,-30,-30,30,-30,-30,-16,-30,5
2364,-30,-30,-14,30,-30,-26,-30,-30,-30,-30,3
5212,-30,-30,-30,-30,-30,-30,30,-30,-30,-30,6
5591,30,-30,-30,-30,-30,-26,-30,-30,-30,-30,0
8116,-30,30,-30,-30,-30,-30,-30,-30,-30,-30,1
549,-30,-30,30,-30,-30,-30,-30,-30,-30,-30,2
4683,-30,-30,-30,-30,-30,-30,-30,-30,-30,-30,0
8269,-30,-30,-30,-30,26,-30,-30,-30,-30,-30,4
3952,-30,-30,-30,-30,-30,30,-30,-30,-30,-30,5
8471,-30,-30,-30,-30,-30,-30,30,-30,-30,-30,6
3736,-30,-30,-30,-30,-30,-30,-30,-2,-30,-30,7
4479,-30,-30,-30,-30,-30,-30,-30,-30,30,-30,8
1839,-30,-30,-30,-30,-30,-30,-30,-30,-30,30,9
4193,30,-30,-30,-30,-30,-10,-30,-30,-30,-30,0
1000,-30,30,-30,-30,-30,-30,-30,-30,-30,-30,1
3294,-30,-30,30,0,-30,-6,-30,-30,-30,-30,2
2447,-30,-30,-30,30,-30,-7,-30,-30,-30,-30,3
760,-1,-30,-30,-30,-8,-30,-30,-30,-30,-30,0
4880,-30,-30,-30,-30,-30,30,-30,-30,-30,-30,5
6490,-30,-30,-30,-30,-30,-25,30,-30,-30,-30,6
5198,-30,-30,-30,-30,-30,14,-30,5,-30,-30,5
396,-30,-30,-30,-30,-30,-18,-30,-30,30,-30,8
2648,-30,-30,-30,-30,-30,-30,-30,-30,-30,-27,9
9912,30,-30,-30,-30,-30,-20,-30,-30,-30,-30,0
8935,-30,30,-30,-30,-30,-30,-30,-30,-30,-30,1
2860,-30,-30,30,-26,-30,-30,-30,-30,-30,-30,2
9157,-30,-30,-30,30,-30,5,-30,-30,-30,-30,3
3042,-28,-30,-30,-30,-30,-6,-30,-30,-30,-30,5
9982,-30,-30,-30,-30,-30,2,-30,0,-30,-30,5
7131,-30,-30,-30,-30,-30,10,-30,-30,-4,-30,5
8109,-30,-30,-30,-30,-30,-30,-30,-30,-30,-30,0
5748,-29,-30,-30,-30,-30,-30,30,-30,-30,-30,6
1695,-30,-30,-30,-30,-30,-30,-30,-30,-30,-26,9
1790,-30,-30,30,-30,-30,-22,-30,-30,-30,-30,2
8839,30,-30,-30,-30,-30,-30,-30,-30,-30,-30,0
216,-30,-30,-30,-30,-30,-30,-30,-30,-30,8,9
1413,-30,-30,-30,-30,-30,-28,-30,-11,-30,-30,7
1187,-30,-30,-30,-30,-30,-5,-30,-30,30,-30,8
672,-30,-30,-30,-30,-30,-30,-30,-30,-30,-30,0
9683,-30,-30,30,-30,-30,-30,-30,-30,-30,-30,2
374,-30,-30,-30,-30,-30,-30,-30,-30,-30,-20,9
7166,-30,-30,-30,-26,-30,-9,-30,-30,-30,-30,5
1182,-30,-30,-30,-30,-30,-30,-30,-30,-30,8,9
7825,-30,-30,-30,30,-30,-12,-30,-30,-30,-30,3
6770,30,-30,-30,-30,-30,-25,-30,-30,-30,-30,0
1260,30,-30,-30,-30,-30,-22,-30,-30,-30,-30,0
901,-30,30,-30,-30,-30,11,-30,-30,-30,-30,1
1212,30,-30,-30,-30,-30,-30,-30,-30,-30,-30,0
3857,-30,-30,-30,-30,1,-30,-30,-30,-30,-30,4
2742,-30,-30,18,30,-30,-9,-30,-30,-30,-30,3
2247,-30,-30,-30,-30,-30,-30,30,-30,-30,-30,6
5315,-30,-30,-30,30,-30,-23,-30,-30,-30,-30,3
9127,-30,-30,-30,-30,-30,30,-30,-30,-30,-30,5
8213,-30,-30,-30,30,-30,-11,-30,-30,-30,-30,3
5420,30,-30,-30,-30,-30,-30,-30,-30,-30,-30,0
6012,-30,-30,-30,30,-30,-3,-30,-30,-30,-30,3
8500,-30,-30,-30,-30,30,-1,-30,-30,-30,-30,4
4174,-30,30,-30,-30,-30,-30,-30,-30,-30,-30,1
1071,-30,-30,-30,-30,-30,30,-30,-30,-30,-30,5
6879,-30,-30,-30,30,-30,-8,-30,-30,-30,-30,3
3281,30,-30,-30,-30,-30,-23,-30,-30,-30,-30,0
8240,-30,-30,-30,-30,-30,-13,-30,-30,18,-30,8
7331,-30,-30,-30,30,-30,-16,-30,-30,-30,-30,3
8619,30,-30,-30,-30,-30,-28,-30,-30,-30,-30,0
8921,-14,-30,-30,-30,-30,-30,30,-30,-30,-30,6
4965,-30,30,-30,-30,-30,-21,-30,-30,-30,-30,1
1854,-30,-30,-30,-30,-30,-30,-30,20,-30,-30,7
8771,-30,-30,-30,-30,-30,-30,-30,-30,17,-30,8
4112,30,-30,-30,-30,-30,-30,-30,-30,-30,-30,0
9247,-30,-30,-30,-30,-30,-30,-30,1,-30,-9,7
3234,-30,-30,30,-30,-30,-27,-30,-30,-30,-30,2
9494,-30,-30,-30,-30,-30,-30,30,-30,-30,-30,6
4583,-30,-30,-30,-30,-30,-30,-30,5,-30,-30,7
191,-30,30,-30,-30,-30,-30,-30,-30,-30,-30,1
3518,-30,-30,-30,-30,-30,-30,-30,-30,-30,15,9
7382,-30,-30,-30,-30,-30,-20,30,-30,-30,-30,6
6543,-30,-30,-30,-30,-30,-30,-30,-30,-30,-5,9
5347,-30,-30,-30,-30,-30,29,-30,-30,-30,-30,5
490,-30,-30,-30,-30,-30,-30,-30,-30,-30,-11,9
8586,-30,-30,-30,-30,-30,-30,-30,-30,-30,-13,9
390,-30,-30,-30,-30,-30,-30,30,-30,-30,-30,6
5290,-30,-30,-30,-30,-30,-30,-30,-26,-30,-30,7
3258,-30,30,-30,-30,-30,-30,-30,-30,-30,-30,1
9726,-30,-30,30,6,-30,-15,-30,-30,-30,-30,2
6464,-30,-30,-30,-30,-30,30,-30,-30,-30,-30,5
4324,-30,-30,-30,30,-30,13,-30,-30,-30,-30,3
6991,-30,-30,-30,-30,-30,-30,-30,30,-30,-30,7
3975,-30,-30,-30,-30,-30,-11,-30,-30,30,-30,8
6395,30,-30,-30,-30,-30,-30,-30,-30,-30,-30,0
413,-30,30,-30,-30,-30,-30,-30,-30,-30,-30,1
3149,-30,-30,30,-30,-30,-30,-30,-30,-30,-30,2
791,-30,-30,-30,-30,30,-30,-30,-30,-30,-30,4
1076,-30,-30,-30,-30,-30,30,-30,-30,-30,-30,5
9079,-30,-30,-30,-30,-30,-30,30,-30,-30,-30,6
2537,-30,-30,-30,-30,-30,-30,-30,30,-30,-30,7
8467,-30,-30,-30,-30,-30,-28,-30,-30,30,-30,8
2433,-30,-30,-30,-30,-30,-30,-30,-30,-30,30,9
1896,30,-30,-30,-30,-30,-20,-30,-30,-30,-30,0
9181,-30,30,-30,-30,-30,-30,-30,-30,-30,-30,1
8265,-30,-30,-30,30,-30,-30,-30,-30,-30,-30,3
471,-30,-30,-30,-30,30,-30,-30,-30,-30,-30,4
2393,-30,-30,-30,-30,-30,30,-30,-30,-30,-30,5
6362,-30,-30,-30,-30,-30,-30,30,-30,-30,-30,6
1284,-30,-30,-30,-30,-30,-30,-30,30,-30,-30,7
7920,-30,-30,-30,-30,-30,30,-30,-30,-10,-30,5
619,30,-30,-30,-30,-30,-30,-30,-30,-30,-30,0
1605,-30,30,-30,-30,-30,-30,-30,-30,-30,-30,1
3435,-30,-30,-30,30,-30,-30,-30,-30,-30,-30,3
7411,-30,-30,-30,-30,30,-30,-30,-30,-30,-30,4
8549,-30,-30,-30,-30,-30,-30,-30,30,-30,-30,7
3865,-30,-30,-30,-30,-30,-30,-30,-30,30,-30,8
2221,-30,-30,-30,-30,-30,-30,-30,-30,-30,30,9
4405,-30,-30,-30,-30,-30,-30,-30,30,-30,-30,7
3235,-30,-30,-30,-30,-30,30,-30,-30,-30,-30,5
1294,-30,-30,-30,-30,-30,30,-30,-30,-30,-30,5
9697,-30,30,-30,-30,-30,-30,-30,-30,-30,-30,1
5976,-30,-30,-30,-30,-30,-30,-30,-30,-30,30,9
1247,-30,-30,-30,-30,-30,-30,-30,-30,-30,30,9
3673,-30,-30,-30,-30,-30,-30,-30,30,-30,-30,7
9905,-30,30,-30,-30,-30,-30,-30,-30,-30,-30,1
1919,30,-30,-30,-30,-30,-30,-30,-30,-30,-30,0
1574,30,-30,-30,-30,-30,-27,-30,-30,-30,-30,0
4752,-30,-30,-30,-30,-30,30,-30,-30,-30,-30,5
3074,-30,-30,-30,-30,-30,-30,-30,-30,-30,30,9
2621,-30,-30,-30,-30,-30,-30,-30,30,-30,-30,7
8611,-30,30,-30,-30,-30,-30,-30,-30,-30,-30,1
6878,-30,-30,-30,-30,-30,-30,-30,30,-30,-30,7
8152,-30,-30,30,-4,-30,-30,-30,-30,-30,-30,2
9923,-30,-30,30,-1,-30,-30,-30,-30,-30,-30,2
3387,-30,-30,-30,30,-30,-30,-30,-30,-30,-30,3
1875,-30,-30,-24,-30,-30,-30,30,-30,-30,-30,6
1651,-30,-30,-30,-30,-30,-14,-30,-30,30,-30,8
3870,-30,-30,-28,30,-30,-30,-30,-30,-30,-30,3
8129,-30,-30,30,-30,-30,-30,-30,-30,-30,-30,2
9918,30,-30,-30,-30,-30,-30,-30,-30,-30,-30,0
4096,30,-30,-30,-30,-30,-30,-30,-30,-30,-30,0
2464,-30,-30,-30,-30,-30,-30,30,-30,-30,-30,6
9468,-30,30,-30,-30,-30,-30,-30,-30,-30,-30,1
4000,-30,-30,-30,-30,-30,-30,-30,30,-30,-30,7
8340,-30,-30,-30,-30,-30,30,-30,-30,-30,-30,5
7006,-30,-30,-30,-30,-30,24,-30,-30,-30,-30,5
6932,-30,-30,-30,-30,-30,-30,30,-30,-30,-30,6
3749,-30,-30,30,-30,-30,-30,-30,-30,-30,-30,2
573,-30,-30,-30,-30,-30,-30,-30,-30,-30,30,9
5434,-30,-30,-30,-30,30,-30,-30,-30,-30,-30,4
1549,-30,-30,-30,-30,-30,-30,-30,-30,30,-30,8
6668,-30,-30,-30,-30,-30,-30,-30,-30,30,-30,8
1243,-30,-30,-30,-30,-30,-30,-30,30,-30,-30,7
8298,-30,30,-30,-30,-30,-30,-30,-30,-30,-30,1
6533,30,-30,-30,-30,-30,-30,-30,-30,-30,-30,0
2840,-30,-30,-30,-30,-30,-30,-30,-30,30,-30,8
2671,-30,-30,-30,-30,-30,-30,-30,30,-30,-30,7
5876,-30,-30,-30,-30,-30,-30,-30,30,-30,-30,7
7862,-30,-30,-30,-30,-30,30,-30,-30,-30,-30,5
7667,-30,-30,-30,-30,-30,-30,-30,-30,30,-30,8
5901,-30,-30,-30,-30,-30,30,-30,-30,-30,-30,5
9639,-30,-30,16,30,-30,-30,-30,-30,-30,-30,3
499,-30,-30,-30,-30,30,-30,-30,-30,-30,-30,4
2134,-30,-30,-30,-30,-30,-30,30,-30,-30,-30,6
802,-30,30,-30,-30,-30,-30,-30,-30,-30,-30,1
5783,-30,30,-30,-30,-30,-30,-30,-30,-30,-30,1
1766,-30,-30,-30,-30,-30,30,-30,-30,-30,-30,5
84,-30,-30,-30,-30,-30,30,-30,-30,-30,-30,5
1488,30,-30,-30,-30,-30,-30,-30,-30,-30,-30,0
4743,-30,-30,-30,-30,-30,-30,-30,30,-30,-30,7
9695,-30,-30,30,-19,-30,-30,-30,-30,-30,-30,2
5926,-30,-30,-27,-3,-30,-30,-30,-30,-30,-30,3
7576,-30,-30,-30,-30,-30,-30,30,-30,-30,-30,6
4128,-30,-30,-30,-30,30,-30,-30,-30,-30,-30,4
563,-30,30,-30,-30,-30,-30,-30,-30,-30,-30,1
9995,-30,-30,-14,-30,-30,-30,-30,-30,-30,-30,2
6942,-30,-30,-30,-30,30,-30,-30,-30,-30,-30,4
3413,-30,30,-30,-30,-30,-30,-30,-30,-30,-30,1
991,-30,-30,-30,-30,-30,30,-30,-30,-30,-30,5
7884,-30,-30,-30,-30,30,-30,-30,-30,-30,-30,4
6113,-30,-30,30,-30,-30,-30,-30,-30,-30,-30,2
209,30,-30,-30,-30,-30,-19,-30,-30,-30,-30,0
534,-30,-30,-30,-30,30,-30,-30,-30,-30,-30,4
967,-30,-30,-30,-30,-30,24,-30,-30,30,-30,8
8443,-30,-30,-30,-30,-30,-30,30,-30,-30,-30,6
3427,-30,30,-30,-30,-30,-30,-30,-30,-30,-30,1
5052,-30,-30,-30,-30,-30,-30,-30,-30,-30,30,9
1267,30,-30,-30,-30,-30,-30,-30,-30,-30,-30,0
1332,-30,-30,30,-30,-30,-30,-30,-30,-30,-30,2
4031,-30,-30,-30,-30,-30,30,-30,-30,-30,-30,5
8666,-30,-30,-30,-30,-30,-30,30,-30,-30,-30,6
1312,-30,-30,-30,-30,-30,-30,-30,-30,-30,30,9
7831,-30,-30,-30,30,-30,-30,-30,-30,-30,-30,3
7708,-30,-30,-30,-30,-30,-30,30,-30,-30,-30,6
8487,-30,-30,-30,30,-30,-30,-30,-30,-30,-30,3
2526,-30,-30,-30,-30,-30,-30,30,-30,-30,-30,6
1741,30,-30,-30,-30,-30,-30,-30,-30,-30,-30,0
6128,-30,30,-30,-30,-30,-30,-30,-30,-30,-30,1
6310,-30,-30,30,-30,-30,-30,-30,-30,-30,-30,2
4509,-30,-30,-30,30,-30,-30,-30,-30,-30,-30,3
328,-30,-30,-30,-30,30,-30,-30,-30,-30,-30,4
454,-30,-30,-30,-30,-30,30,-30,-30,-30,-30,5
6192,-30,-30,-30,-30,-30,-30,30,-30,-30,-30,6
5018,-30,-30,-30,-30,-30,-30,-30,30,-30,-30,7
5344,-30,-30,-16,-30,-30,1,-30,-30,-13,-30,5
732,-30,-30,-30,-30,-30,-30,-30,-30,-30,30,9
8103,30,-30,-30,-30,-30,-30,-30,-30,-30,-30,0
3070,-30,30,-30,-30,-30,-30,-30,-30,-30,-30,1
2870,-30,-30,30,-30,-30,-28,-30,-30,-30,-30,2
1324,-30,-30,-30,30,-30,-30,-30,-26,-30,-30,3
4080,-30,-30,-30,-30,30,-30,-30,-27,-30,-30,4
5314,-30,-30,-30,-30,-30,9,-30,-30,-30,-30,5
804,-30,-30,-30,-30,-30,-30,30,-30,-30,-30,6
1505,-30,-30,-30,-30,-30,-30,-30,30,-30,-30,7
2268,-30,-30,-30,-30,-30,-30,-6,-30,30,-30,8
2242,-30,-30,-30,-30,-30,-30,-30,-30,-30,30,9
1007,30,-30,-30,-30,-30,-30,-30,-30,-30,-30,0
9062,-30,0,-30,-30,-30,-30,-30,-30,-30,-30,1
5652,-30,-30,30,-30,-30,-30,-30,-30,-30,-30,2
3800,-30,-30,-30,30,-30,-30,-30,-30,-30,-30,3
5951,-30,-30,-30,-30,-30,30,-30,-30,-30,-30,5
1982,-30,-30,-30,-30,-30,-30,30,-30,-30,-30,6
2816,-30,-30,-30,-30,-30,-30,-30,30,-30,-30,7
3495,-30,-30,-30,-30,-30,-30,-30,-30,30,-30,8
3279,-30,30,-30,-30,-30,-30,-30,-30,-30,-30,1
3697,30,-30,-30,-30,-30,-30,-30,-30,-30,-30,0
949,-30,-30,-30,-30,-30,-30,-30,-30,-30,2,9
2156,-30,-30,-30,30,-30,-4,-30,-30,-30,-30,3
1050,-30,-30,-30,-30,-30,-30,-30,30,-30,-30,7
950,-30,-30,-30,-25,-30,30,-30,-30,-30,-30,5
9395,-30,30,-30,-30,-30,-30,-30,-30,-30,-30,1
9973,-30,-30,-30,-30,-30,-12,-30,-30,30,-30,8
8874,-30,-30,-30,-30,-30,-30,30,-30,-30,-30,6
670,-30,-30,-30,-30,-30,-30,-30,-30,-30,1,9
4565,30,-30,-30,-30,-30,-13,-30,-30,-30,-30,0
199,-30,-30,-30,-30,30,-30,-30,-30,-30,-30,4
9484,-30,30,-30,-30,-30,-30,-30,-30,-30,-30,1
1411,-30,-30,-30,-30,-30,-30,-30,-30,-30,30,9
5766,-30,-30,-28,30,-30,-14,-30,-30,-30,-30,3
881,-30,-30,-30,-30,-30,-30,-30,-30,30,-30,8
3328,-30,-30,-30,-30,30,-30,-30,-30,-30,-30,4
2103,-30,-30,-30,-30,30,-30,-30,-30,-30,-30,4
1492,-30,-30,-30,-30,-30,-30,-30,30,-30,-30,7
2287,30,-30,-30,-30,-30,-30,-30,-30,-30,-30,0
6449,-30,30,-30,-30,-30,-30,-30,-30,-30,-30,1
9478,-30,-30,-30,-30,-30,-30,-30,-30,-30,30,9
7926,-30,-30,30,-30,-30,-30,-30,-30,-30,-30,2
4471,-30,-30,-30,-30,-30,-30,-30,-30,25,-30,8
1431,-30,-30,-30,-30,-30,-30,-30,30,-30,-30,7
1829,-30,-30,-30,-30,-30,-30,-30,-30,30,-30,8
6175,-30,-30,30,-30,-30,-30,-30,-30,-30,-30,2
5140,-30,-30,-30,30,-30,-30,-30,-30,-30,-30,3
9878,-30,-30,-30,-30,-30,-30,-30,-30,-30,30,9
1139,-30,-30,-30,-30,-30,-30,30,-30,-30,-30,6
4905,19,-30,-30,-30,-30,-30,-30,-30,-30,-30,0
2485,-30,-30,-30,-30,-30,-30,30,-30,-30,-30,6
6675,-30,-30,-24,-30,-30,-30,-30,-30,-30,-30,2
4376,-30,-30,-30,-30,-30,30,-30,-30,-30,-30,5
6070,-30,-30,-30,30,-30,-30,-30,-30,-30,-30,3
6685,-30,-30,0,19,-30,-30,-30,-30,-30,-30,3
4851,-30,-30,-30,30,-30,-23,-30,-30,-30,-30,3
3362,-30,-30,-30,-30,-30,-30,-30,-30,-30,30,9
8566,-30,-30,-30,-30,-30,-30,-30,-30,1,-30,8
7735,-30,30,-30,-30,-30,-30,-30,-30,-30,-30,1
877,-30,30,-30,-30,-30,-30,-30,-30,-30,-30,1
5927,30,-30,-30,-30,-30,-30,-30,-30,-30,-30,0
5297,-30,-30,-30,-30,-30,-30,30,-30,-30,-30,6
2024,-30,30,-30,-30,-30,-30,-30,-30,-30,-30,1
8794,30,-30,-30,-30,-30,-27,-30,-30,-30,-30,0
9652,30,-30,-30,-30,-30,-30,-30,-30,-30,-30,0
8692,-30,-30,-30,-30,-30,-30,30,-30,-30,-30,6
3152,-30,-30,30,-30,-30,-30,-30,-30,-30,-30,2
941,-30,30,-30,-30,-30,-30,-30,-30,-30,-30,1
4755,-30,30,-30,-30,-30,-30,-30,-30,-30,-30,1
867,-30,-30,-30,30,-30,-9,-30,-30,-30,-30,3
3062,-30,-30,27,-30,-30,-30,-30,-30,-30,-30,2
6499,-30,-30,-30,-30,-30,-30,-30,30,-30,-30,7
982,-30,-30,-30,-30,-30,-30,-30,30,-30,-30,7
9491,-30,-30,-30,-30,-30,-30,-30,-30,30,-30,8
9585,-30,-30,-30,-30,-30,30,-30,-30,-4,-30,5
7481,-30,-30,-30,-30,-30,-30,-30,30,-30,-30,7
8244,-30,-30,-30,-30,-30,-30,-30,-30,30,-30,8
9271,-30,-30,-30,-30,30,-30,-30,-30,-30,-30,4
9351,-30,-30,-30,-30,-30,-30,30,-30,-30,-30,6
2321,30,-30,-30,-30,-30,-24,-30,-30,-30,-30,0
1616,-30,-30,30,-30,-30,-30,-30,-30,-30,-30,2
7530,30,-30,-30,-30,-30,-30,-30,-30,-30,-30,0
9859,-30,-30,-30,-30,-30,-30,-30,30,-30,-30,7
256,30,-30,-30,-30,-30,-13,-30,-30,-30,-30,0
9260,-30,-30,-30,30,-30,-25,-30,-30,-30,-30,3
5802,-30,-30,-30,-30,-30,-30,30,-30,-30,-30,6
6684,-30,-30,-30,-30,-30,-30,-30,-30,30,-30,8
2913,-30,-30,-30,-30,-30,-30,-30,-8,-30,-30,7
6060,-30,30,-30,-30,-30,-30,-30,-30,-30,-30,1
5020,-30,-30,-30,25,-30,-30,-30,-30,-30,-30,3
8167,-30,-30,-30,-30,-30,-30,-30,-30,-30,30,9
3893,-30,-30,-30,-30,-30,-30,-30,-30,-30,30,9
8894,-30,-30,-30,30,-30,-30,-30,-30,-30,-30,3
5186,-30,-30,-30,-30,-30,26,-30,-24,-30,-30,5
5900,-30,-30,30,-30,-30,-30,-30,-30,-30,-30,2
4962,-30,-30,-30,-30,30,-30,-30,-30,-30,-30,4
3069,-30,-30,-30,-30,-30,-30,-30,-30,-30,30,9
2985,-30,-30,-30,-30,30,-30,-30,-30,-30,-30,4
9422,-30,-30,-30,30,-30,-30,-30,-30,-30,-30,3
3562,-30,-30,-30,-30,-30,-30,30,-30,-30,-30,6
9788,-30,-30,30,-30,-30,-30,-30,-30,-30,-30,2
7531,-30,-30,30,-30,-30,-30,-30,-30,-30,-30,2
4336,-30,-30,-30,-30,-30,30,-30,-30,-30,-30,5
6987,-30,-30,-30,24,-30,-30,-30,-30,-30,-30,3
7753,-30,-30,30,-30,-30,-30,-30,-30,-30,-30,2
9798,-30,-30,-30,-30,-30,30,-30,-30,-17,-30,5
7696,-30,-30,-30,-11,-30,30,-30,-30,-30,-30,5
6011,-30,-30,-30,-30,-30,-30,-30,-30,-30,24,9
4979,-30,-30,-30,-30,30,-30,-30,-30,-30,-30,4
5006,-30,30,-30,-30,-30,-30,-30,-30,-30,-30,1
1366,-30,-30,-30,-30,-30,-30,-30,30,-30,-30,7
7123,-30,-30,30,-30,-30,-30,-30,-30,-30,-30,2
4158,30,-30,-30,-30,-30,-30,-30,-30,-30,-30,0
7266,-30,30,-30,-30,-30,-30,-30,-30,-30,-30,1
8306,-30,-30,30,14,-30,-29,-30,-30,-30,-30,2
5577,-30,-30,-30,30,-30,-30,-30,-30,-30,-30,3
5832,-30,-30,-30,-30,-7,-30,-30,-23,-30,-30,4
90,-30,-30,-30,-30,-30,30,-30,-30,-22,-30,5
4716,-30,-30,-30,-30,-30,-30,20,-30,-30,-30,6
6171,-30,-30,-30,-30,-30,-30,-30,30,-30,-30,7
2803,-30,-30,-30,-30,-30,-30,-30,-30,30,-30,8
9052,-30,-30,-30,-30,-30,-30,-30,-30,-30,30,9
8253,30,-30,-30,-30,-30,-22,-30,-30,-30,-30,0
5465,-30,30,-30,-30,-30,-30,-30,-30,-30,-30,1
6810,-30,-30,30,-30,-30,-27,-30,-30,-30,-30,2
6652,-30,-30,-30,30,-30,-30,-30,-25,-30,-30,3
1425,-30,-30,-30,-30,30,-28,-30,-29,-30,-30,4
6992,-30,-30,-30,-30,-30,30,-30,-30,-30,-30,5
5581,-30,-30,-30,-30,-30,-30,24,-30,-30,-30,6
964,-30,-30,-30,-30,-30,-30,-30,30,-30,-30,7
4685,-30,-30,-30,-30,-30,-30,-30,-30,-2,-30,8
7676,-30,-30,-30,-30,-30,-30,-30,-30,-30,30,9
1170,30,-30,-30,-30,-30,-23,-30,-30,-30,-30,0
5231,-30,30,-30,-30,-30,-30,-30,-30,-30,-30,1
3449,-30,-30,30,-30,-30,-30,-30,-30,-30,-30,2
7864,-30,-30,-30,30,-30,-30,-30,-30,-30,-30,3
1137,-30,-30,-30,-30,30,-30,-30,-9,-30,-30,4
4975,-30,-30,-30,-30,-30,30,-30,-30,-19,-30,5
7567,-30,-30,-30,-30,-30,-30,30,-30,-30,-30,6
3312,-30,-30,-30,-30,-30,-30,-30,30,-30,-30,7
5372,-30,-30,-30,-30,-30,-1,-30,-30,30,-30,8
267,-30,-30,-30,-30,-30,-30,-30,-30,-30,30,9
1200,-30,30,-30,-30,-30,-30,-30,-30,-30,-30,1
3194,30,-30,-30,-30,-30,-30,-30,-30,-30,-30,0
3935,-30,30,-30,-30,-30,-30,-30,-30,-30,-30,1
8445,-30,-30,30,-30,-30,11,-30,-30,-30,-30,2
4241,-30,-30,-30,-30,-30,-30,-30,-30,-30,-30,0
6779,-30,-30,-30,-30,-30,30,-30,-30,-30,-30,5
1933,-30,-30,-30,30,-30,-30,-30,-30,-30,-30,3
3111,-30,-30,-30,-30,30,-30,-30,-6,-30,-30,4
1502,-30,-30,-30,-30,26,15,-30,-30,-30,-30,4
7434,26,-30,-30,-30,-30,-30,-30,-30,-30,-30,0
3099,30,-30,-30,-30,-30,-27,-30,-30,-30,-30,0
9458,-30,-30,-30,-30,-30,-30,30,-30,-30,-30,6
5380,-30,-30,-30,-30,-30,-30,-30,-30,-29,-30,8
9628,-30,-30,-30,-30,-30,-30,30,-30,-30,-30,6
7701,-30,-30,-30,-30,-30,-30,30,-30,-30,-30,6
1749,-30,-30,-30,-30,-30,30,-30,-30,-30,-30,5
2465,-30,-30,-30,-30,-30,-30,-30,-30,-30,27,9
6078,-21,-30,16,-30,-30,-5,-30,-30,-30,-30,2
5823,-30,-30,-30,30,-30,-30,-30,-30,-30,-30,3
8518,-30,-30,-30,-30,17,-30,-30,-30,-30,-30,4
7642,-30,-30,-30,-30,-30,-30,-30,-21,-30,-30,7
1279,-30,-30,-30,-30,-30,-30,-30,-30,-30,-11,9
4869,-30,-30,-30,-30,-30,-18,-30,-30,-17,-30,8
4657,-30,-30,-30,-30,-3,-30,-30,-30,-30,-30,4
8501,6,-30,-30,-30,-30,-30,-30,-30,-30,-30,0
9179,-30,-30,-30,-30,-30,-30,-30,30,-30,-30,7
7899,-30,-30,-30,-30,-30,-30,-30,-30,-30,-30,0
8528,-30,-30,-30,-30,-30,30,-30,-30,-30,-30,5
3285,-30,-30,-30,-30,-30,-30,-30,5,-30,-30,7
9551,-30,-30,30,-30,-30,-30,-30,-30,-30,-30,2
9789,-30,-30,-30,30,-30,-30,-30,-30,-30,-30,3
8595,-30,30,-30,-30,-30,-30,-30,-30,-30,-30,1
5374,-30,-30,-30,-30,-19,-30,-30,-30,-30,-30,4
5950,-30,-30,-30,-30,30,-30,-30,-30,-30,-30,4
803,30,-30,-30,-30,-30,-30,-30,-30,-30,-30,0
456,-30,-30,-30,-30,-30,-30,-30,-30,-30,30,9
5565,-30,-30,-30,-30,-30,-30,-30,-30,-30,5,9
7841,-30,-30,-30,-30,-30,-30,30,-30,-30,-30,6
369,-30,30,-30,-30,-30,-30,-30,-30,-30,-30,1
3838,-30,-30,-30,-30,-30,-30,-30,-30,30,-30,8
5555,-30,-30,-30,30,-30,-13,-30,-30,-30,-30,3
3239,-30,-30,-30,30,-30,-30,-30,-30,-30,-30,3
1490,-30,-30,-30,-30,-30,-30,-30,15,-30,-30,7
6808,-30,-30,-30,30,-30,-30,-30,-30,-30,-30,3
3963,-30,-30,-30,-30,-30,-30,-30,-30,-30,30,9
7373,-30,-30,-30,-30,-30,0,-30,-30,30,-30,8
5487,-30,-30,-30,-30,-30,-6,-30,-30,15,-30,8
2737,-30,-30,-30,-30,30,8,-30,-30,-30,-30,4
8735,-30,-30,-30,-30,-30,-30,-30,30,-30,-30,7
6272,-30,-30,-30,-30,-30,-30,-30,30,-30,-30,7
2855,-30,-30,-30,-30,-30,-30,30,-30,-30,-30,6
1582,-30,-30,30,-30,-30,-30,-30,-30,-30,-30,2
5834,-30,30,-30,-30,-30,-30,-30,-30,-30,-30,1
4375,-30,-30,-30,-30,-30,-30,-30,-30,-30,-30,0
3198,-30,-30,-30,-30,-30,-30,-30,-30,-22,-30,8
5053,-30,-30,-30,-30,-30,-30,-30,30,-30,-30,7
6090,-30,-30,-30,-30,-30,-14,-30,-30,30,-30,8
2550,-30,-30,-30,-30,-30,-28,-30,-30,30,-30,8
3875,-30,-30,-30,-30,-30,-30,-30,8,-30,-30,7
5643,-30,-30,30,-30,-30,-14,-30,-30,-30,-30,2
1046,-30,-30,30,-30,-30,-30,-30,-30,-30,-30,2
424,-30,-30,-30,30,-30,-20,-30,-30,-30,-30,3
8134,-30,-30,-30,-30,-30,-30,-30,-30,-30,30,9
1147,-30,-30,-30,30,-30,-30,-30,-30,-30,-30,3
4489,-30,-30,-30,30,-30,-9,-30,-30,-30,-30,3
714,-30,-30,-30,-30,-30,30,-30,-30,-30,-30,5
8425,-30,-30,-30,-30,-30,30,-30,-30,-30,-30,5
6672,30,-30,-30,-30,-30,-30,-30,-30,-30,-30,0
7635,-30,-30,-30,-30,-30,-30,-30,30,-30,-30,7
8150,-30,-30,-30,-6,-18,-30,-30,-30,-30,-30,3
5491,-30,-30,-30,-30,-30,30,-30,-30,-30,-30,5
8331,-30,-30,-30,-30,-30,-30,16,-30,-30,-30,6
8460,-30,-30,-30,-30,-30,30,-30,-30,-30,-30,5
1517,-30,30,-30,-30,-30,-30,-30,-30,-30,-30,1
5689,-30,-30,-30,-30,30,-30,-30,-30,-30,-30,4
1531,-30,30,-30,-30,-30,-30,-30,-30,-30,-30,1
9316,-30,-3,-30,-30,-30,-30,-30,-30,-19,-30,1
9511,-30,-30,30,-30,-30,-30,-30,-30,-30,-30,2
842,-30,-30,-30,-30,-30,-5,-30,-30,-9,-30,5
1761,-30,-30,27,-30,-30,-30,-30,-30,-30,-30,2
6437,-30,-30,-30,-30,-30,-30,30,-30,-30,-30,6
1252,-30,30,-30,-30,-30,-30,-30,-30,-30,-30,1
1781,-30,-30,-30,-30,-30,30,-30,-30,-30,-30,5
3938,30,-30,-20,-30,-30,-30,-30,-30,-30,-30,0
5915,-30,30,-30,-30,-30,-30,-30,-30,-30,-30,1
2335,-30,-30,30,-30,-30,-30,-30,-30,-30,-30,2
1560,-30,-30,-30,30,-30,-23,-30,-30,-30,-30,3
7861,-30,-30,-30,-30,30,-7,-30,-30,-30,-30,4
5387,-30,-30,-30,-30,-30,30,-30,-30,-30,-30,5
4513,-30,-30,-30,-30,-30,-30,30,-30,-30,-30,6
3925,-30,-30,-30,-30,-30,-30,-30,30,-30,-30,7
464,-30,-30,-30,-30,-30,-3,-30,-30,-9,-30,5
7476,-30,-30,-30,-6,-30,-30,-30,-30,-30,-30,3
3371,30,-30,-30,-30,-30,-29,-30,-30,-30,-30,0
6211,-30,25,-19,-30,-30,-30,-30,-30,-30,-30,1
2888,-30,-30,30,-30,-30,-30,-30,-30,-30,-30,2
7449,-30,-30,-30,-14,-30,11,-30,-30,-30,-30,5
4606,-30,-30,-30,-30,30,-13,-30,-30,-30,-30,4
5646,-30,-30,-30,-30,-30,30,-30,-30,-30,-30,5
4608,-30,-30,-30,-30,-30,-30,30,-30,-30,-30,6
7047,-30,-30,-30,-30,-30,-30,-30,30,-30,-30,7
5560,-30,-30,-30,-30,-30,-27,-30,-30,-25,-30,8
2486,-30,-30,-30,-30,-10,-30,-30,-30,-30,-30,4
3928,30,-30,-30,-30,-30,-20,-30,-30,-30,-30,0
2890,-30,15,-30,-30,-30,-30,-30,-30,-30,-30,1
9034,-30,-30,30,-30,-30,-30,-30,-30,-30,-30,2
1931,-30,-30,-30,-30,-30,-7,-30,-30,-4,-30,8
7851,-30,-30,-30,-30,30,-30,-30,-30,-30,-30,4
4416,-30,-30,-30,-30,-30,30,-30,-30,-30,-30,5
41,-30,-30,-30,-30,-30,-30,25,-30,-30,-30,6
9808,-30,-30,-30,-30,-30,-30,-30,30,-30,-30,7
5337,-30,-30,-30,-30,-30,30,-30,-30,-30,-30,5
9058,-30,-30,-30,-30,-30,-30,-30,-30,30,-30,8
7260,30,-30,-30,-30,-30,-30,-30,-30,-30,-30,0
9109,-30,-30,-30,-30,-30,-30,30,-30,-30,-30,6
9436,30,-30,-30,-30,-30,-30,-30,-30,-30,-30,0
6334,-30,-30,-30,-30,-30,-30,-30,-6,-30,-30,7
963,-30,-30,30,-30,-30,-30,-30,-30,-30,-30,2
5899,-30,-30,-30,12,-30,-5,-30,-30,-30,-30,3
8101,-30,-30,-30,-30,-30,-30,-30,30,-30,-30,7
6408,-30,-30,-30,-30,-30,-30,-30,-30,-30,30,9
8208,-30,-30,-30,-30,30,-30,-30,-30,-30,-30,4
7984,-30,-30,-30,-30,-30,-30,-30,30,-30,-30,7
9001,-30,30,-30,-30,-30,-30,-30,-30,-30,-30,1
2593,-30,-30,-30,-30,-30,-30,-30,-30,-30,-12,9
5940,-30,30,-30,-30,-30,-30,-30,-30,-30,-30,1
9769,-30,-30,-30,-30,-30,-30,-30,30,-30,-30,7
5061,-30,30,-30,-30,-30,-30,-30,-30,-30,-30,1
4086,-30,-30,-30,-30,-9,-6,-30,-30,-30,-30,5
9663,30,-30,-30,-30,-30,-20,-30,-30,-30,-30,0
7670,30,-30,-30,-30,-30,-30,-30,-30,-30,-30,0
3282,-30,30,-30,-30,-30,0,-30,-30,-30,-30,1
3877,-30,-30,-30,-30,-30,-1,-30,4,-30,-30,7
32,-30,-30,-30,-30,-30,30,-30,-30,-30,-30,5
8608,-30,-30,-30,-30,-30,-20,-30,0,-30,-30,7
5734,-30,20,-30,-30,-30,-30,-30,-30,-30,-30,1
1585,-30,-30,-30,30,-30,6,-30,-30,-30,-30,3
3244,-30,-30,-30,-12,-30,-4,-30,-30,-30,-30,5
6956,-30,-30,-30,30,-30,-27,-30,-30,-30,-30,3
1464,-30,30,-30,-30,-30,-30,-30,-30,-30,-30,1
3559,-30,-30,-30,-30,-30,-30,30,-30,-30,-30,6
686,-30,-30,-30,-30,-30,-30,-30,-30,-30,13,9
3634,-30,-30,-30,-30,-30,-25,-30,30,-30,-30,7
7201,-30,30,-30,-30,-30,-30,-30,-30,-30,-30,1
2762,-30,-30,-13,11,-30,-3,-30,-30,-30,-30,3
7493,30,-30,-27,-30,-30,-28,-30,-30,-30,-30,0
5568,-30,-30,-18,-21,-30,-29,-30,-13,-30,-30,7
4507,-30,-30,-30,-30,-30,-30,30,-30,-30,-30,6
5007,30,-30,-30,-30,-30,-30,-30,-30,-30,-30,0
5131,-30,-30,-30,-30,-30,-30,-30,-30,30,-30,8
5651,-30,-30,-30,-30,-30,-30,-30,-30,-30,30,9
6764,-30,-30,-30,-30,-19,-30,-30,-30,-30,-30,4
9353,-30,-30,-30,30,-30,-7,-30,-30,-30,-30,3
4526,-30,-30,-30,-30,-30,30,-30,-30,-30,-30,5
4496,-30,-30,-30,-30,10,-12,-30,-30,-30,-30,4
3360,-30,-30,-30,-30,-30,4,-30,-30,-19,-30,5
5525,-30,30,-30,-30,-30,-30,-30,-30,-30,-30,1
5230,-30,-30,-30,-30,-30,30,-30,-30,-30,-30,5
3590,-30,-30,-30,-30,-30,-30,-30,-30,-30,30,9
3860,-27,-30,-30,-30,-30,-22,-30,-30,-30,-30,5
7990,-30,-30,-30,-30,-30,-30,30,-30,-30,-30,6
7383,-30,-30,-30,-30,-30,-30,-13,-30,-30,-30,6
7889,-30,-30,-30,26,-30,-30,-30,-30,-8,-30,3
7022,-30,-30,-30,-10,-30,-30,-30,-30,30,-30,8
1268,-30,30,-30,-30,-30,-30,-30,-30,-30,-30,1
4303,-30,-30,-30,-30,30,-30,-30,-30,-30,-30,4
7906,-30,-30,-30,-30,-30,-19,-30,12,-30,-30,7
5480,-30,-30,-30,-30,-30,30,-30,-30,-30,-30,5
2854,-30,-30,30,-30,-30,-30,-30,-30,-30,-30,2
1547,30,-30,-30,-30,-30,-30,-30,-30,-30,-30,0
3179,30,-30,-30,-30,-30,-25,-30,-30,-30,-30,0
7794,-30,30,-30,-30,-30,-30,-30,-30,-30,-30,1
2481,-30,-30,-30,-30,-30,-30,-30,30,-30,-30,7
8178,-30,-30,-30,-30,-30,-30,-30,-30,27,-30,8
8583,-30,-30,-30,-30,-30,-30,-30,-30,-30,-30,0
8688,-30,-30,-30,-30,-30,-30,30,-30,-30,-30,6
5998,-30,-30,-30,-30,-30,-21,-30,-30,-20,-30,8
1094,-30,-30,-30,-30,-30,3,-30,-30,-12,-30,5
5193,-30,-30,30,-30,-30,-30,-30,-30,-30,-30,2
8996,-30,-30,-30,-9,-30,17,-30,-30,-30,-30,5
6938,-30,-30,-30,-30,-30,7,-30,-30,-30,-30,5
8278,-30,30,-30,-30,-30,-30,-30,-30,-30,-30,1
5655,-30,-30,-28,-30,-30,-17,-30,-30,-30,-30,5
7548,-30,-30,-30,-30,-30,-30,-30,-30,-30,30,9
7534,-30,-30,-30,-30,-30,30,-30,-30,-30,-30,5
1341,-30,-30,30,-30,-30,-30,-30,-30,-30,-30,2
4460,30,-30,-30,-30,-30,-30,-30,-30,-30,-30,0
8040,-30,30,-30,-30,-30,-30,-30,-30,-30,-30,1
1110,-30,-30,30,-30,-30,-23,-30,-30,-30,-30,2
7290,-30,-30,-30,30,-30,-11,-30,-30,-30,-30,3
8912,-30,-30,-30,-30,17,-30,-30,-30,-30,-30,4
2278,-30,-30,-30,-30,-30,30,-30,-30,-30,-30,5
6930,-30,-30,-30,-30,-30,-30,30,-30,-30,-30,6
580,-30,-30,-30,-30,-30,-30,-30,23,-30,-30,7
2711,-30,-30,-30,-30,-30,30,-30,-30,23,-30,5
3035,-30,-30,-30,-30,-30,-30,-30,-28,-30,-30,7
973,30,-30,-30,-30,-30,-21,-30,-30,-30,-30,0
7355,-30,30,-30,-30,-30,-30,-30,-30,-30,-30,1
1418,-30,-30,-30,7,-30,-9,-30,-30,-30,-30,3
9324,-30,-30,-30,30,-30,-7,-30,-30,-30,-30,3
9606,-30,-30,-30,-30,28,-30,-30,-30,-30,-30,4
4217,18,-30,-30,-30,-30,-22,-30,-30,-30,-30,0
7186,-30,-30,-30,-30,-30,8,-12,-30,-30,-30,5
2614,-30,-30,-30,-30,-30,-30,-30,30,-30,-30,7
6095,-30,-30,-30,-30,-30,-30,-30,-30,30,-30,8
5123,-30,-30,-30,-30,-30,-30,-30,-30,-30,-3,9
9735,30,-30,-30,-30,-30,-18,-30,-30,-30,-30,0
341,-30,30,-30,-30,-30,-30,-30,-30,-30,-30,1
2031,-30,-30,-30,25,-30,-26,-30,-30,-30,-30,3
1788,-30,-30,-30,30,-30,-8,-30,-30,-30,-30,3
740,-30,-30,-30,-30,-30,-12,-30,-30,-30,-30,5
557,-30,-30,-30,-30,-30,15,30,-30,-30,-30,6
9725,-30,-30,-30,-30,-30,15,30,-30,-30,-30,6
4753,-30,-30,-30,-30,-30,5,-30,-30,-30,-30,5
4266,-30,-30,-30,-30,-30,30,-30,-30,-6,-30,5
1160,-30,-30,-30,-30,-30,11,-30,-30,-30,-30,5
8415,-30,-30,-30,-30,-30,-30,-30,-30,-30,-30,0
9579,-30,-30,-30,-30,-30,-30,-30,-30,-30,-24,9
8010,-30,-30,-30,-30,-30,3,30,-30,-30,-30,6
5248,-30,30,-30,-30,-30,-30,-30,-30,-30,-30,1
9994,-30,-30,-30,-30,-30,-4,-30,-30,-30,-30,5
4293,30,-30,-30,-30,-30,-30,-30,-30,-30,-30,0
9671,-30,-30,-30,-30,-25,-26,-30,-30,-30,-30,4
684,-30,-30,-30,-30,-30,-30,-30,-30,-30,-30,0
9333,-30,-30,-30,30,-30,-7,-30,-30,-30,-30,3
1735,-30,-30,-30,-30,-30,-30,-30,-22,-30,-30,7
4422,-30,-30,-30,-30,-30,-30,-30,-30,-16,-30,8
3437,-16,-30,-30,-30,-30,-30,-30,-30,-30,-30,0
7224,-30,-30,-30,-30,-30,-30,-30,-9,-30,-30,7
6579,-30,-30,-30,-30,-30,30,-30,-30,-30,-30,5
1352,-30,-30,-30,-30,-30,15,-30,-30,30,-30,8
9132,-30,-30,-30,-30,-30,30,-30,-30,-30,-30,5
7518,-30,-30,-7,27,-30,-12,-30,-30,-30,-30,3
9071,28,-30,-26,-30,-30,-30,-30,-30,-30,-30,0
9216,-20,-30,-15,30,-30,-18,-30,-30,-30,-30,3
4956,30,-30,-30,-30,-30,-7,-30,-30,-30,-30,0
6998,-30,-30,-30,-30,-30,30,-30,-30,-30,-30,5
6414,-30,-30,-30,-30,-30,30,-30,-30,-8,-30,5
5600,-30,-30,-30,-30,-30,-10,30,-30,-30,-30,6
6123,30,-30,-30,-30,-30,-30,-30,-30,-30,-30,0
1157,-19,-30,-30,11,-30,-30,-30,-30,-30,-30,3
6982,-30,-30,-30,-30,-30,-30,-30,-30,30,-30,8
8930,-30,30,-30,-30,-30,-30,-30,-30,-30,-30,1
8768,30,-30,-30,-30,-30,-27,-30,-30,-30,-30,0
1888,-30,-30,-30,30,-30,-30,-30,-30,-30,-30,3
8441,30,-30,-30,-30,-30,-30,-30,-30,-30,-30,0
2955,-30,-30,-30,-30,-30,-30,-30,-30,-30,-30,0
5989,-30,-30,-30,-30,-30,-30,-30,30,-30,-30,7
835,-30,-30,-30,-30,15,-26,-30,-30,-30,-30,4
2252,-30,-30,-30,-30,-30,-30,-30,-30,-30,-30,0
8258,19,-30,-30,-11,-30,-28,-30,-30,-30,-30,0
5454,-30,-30,-30,-30,-30,-30,-30,-30,-30,16,9
8222,8,-30,-30,-30,-30,30,-30,-30,-30,-30,5
3206,-30,-30,-30,-30,-30,-30,-30,-1,-30,-30,7
7631,-30,30,-30,-30,-30,-30,-30,-30,-30,-30,1
8505,-30,-30,-30,-30,-30,-30,-30,-30,-30,-30,0
4249,-30,30,-30,-30,-30,-30,-30,-30,-30,-30,1
9595,-30,-30,-30,-30,-30,-30,23,-30,-30,-30,6
8351,-30,-30,-30,-30,-30,-30,30,-30,-30,-30,6
6325,-30,-30,-30,-30,-30,30,-30,-30,-30,-30,5
9092,-30,-30,-30,-30,-30,-19,13,-30,-30,-30,6
2270,30,-30,-30,-30,-30,-28,-30,-30,-30,-30,0
5360,-30,-30,-30,-30,-30,30,-30,-30,1,-30,5
543,-30,-30,-30,-30,-30,-8,-30,-23,-30,-30,5
9854,-30,-30,-30,-30,-30,30,1,-30,-30,-30,5
9131,-30,-30,-30,-30,-30,-30,-30,-30,-30,-30,0
9392,-30,-30,-30,-30,-30,-30,-30,-30,-30,30,9
4521,-30,-30,-30,-30,-30,-30,-30,-30,-30,30,9
1184,-30,-30,-30,-30,-30,30,-30,-30,-30,-30,5
7226,-30,-30,-30,30,-30,13,-30,-30,-30,-30,3
4889,-30,-30,-30,-30,-30,-30,-30,6,-30,-18,7
3543,-30,-30,-30,-30,30,-30,-30,-30,-30,-30,4
828,-30,-30,-30,30,-30,-14,-30,-30,-30,-30,3
4385,30,-30,-30,-30,-30,-30,-30,-30,-30,-30,0
1141,-30,-30,-30,-30,-30,-30,-30,-30,-30,-17,9
9358,-30,-30,-30,-30,-30,30,30,-30,-30,-30,5
2818,-30,-30,-30,-30,-30,-19,30,-30,-30,-30,6
1319,-30,30,-30,-30,-30,18,-30,-30,-30,-30,1
795,-30,30,-30,-30,-30,-30,-30,-30,-30,-30,1
8355,-30,-30,-30,30,-30,5,-30,-30,-30,-30,3
9643,-30,-30,30,-30,-30,-30,-30,-30,-30,-30,2
2817,-30,30,-30,-30,-30,-30,-30,-30,-30,-30,1
7108,30,-30,-30,-30,-30,-30,-30,-30,-30,-30,0
3584,30,-30,-30,-30,-30,-28,-30,-30,-30,-30,0
864,-30,30,-30,-30,-30,-30,-30,-30,-30,-30,1
7554,-30,-30,30,-4,-30,-30,-30,-30,-14,-30,2
5225,-30,-30,-30,30,-30,18,-30,-30,-30,-30,3
1201,-30,-30,-30,-30,30,-30,-30,-30,-30,-30,4
2391,-30,-30,-30,-30,-30,-30,-30,30,-30,-30,7
7942,-30,-30,-30,-30,-30,-30,-30,-30,30,-30,8
7282,-30,-30,-30,-30,10,-30,-30,-30,-30,-30,4
3853,30,-30,-30,-30,-30,-30,-30,-30,-30,-30,0
9488,-30,30,-30,-30,-30,-30,-30,-30,-30,-30,1
8779,-30,-30,-30,-30,-30,-30,-30,-30,30,-30,8
9207,-30,-30,-30,30,-30,-10,-30,-30,-30,-30,3
8249,-30,-30,-30,-30,30,-30,-30,-30,-30,-30,4
7820,-30,-30,-30,-30,-30,30,-30,-30,-27,-30,5
3231,-30,-30,-30,-30,-30,-30,30,-30,-30,-30,6
5169,-30,-30,-30,-30,-30,-30,-30,30,-30,-30,7
7318,-30,-30,-30,-30,-30,-30,-30,-30,18,-30,8
6020,30,-30,-30,-30,-30,-21,-30,-30,-30,-30,0
8559,-30,30,-30,-30,-30,-30,-30,-30,-30,-30,1
9645,-30,-30,30,-30,-30,-30,-30,-30,-14,-30,2
6304,-30,-30,-30,30,-30,-20,-30,-30,-30,-30,3
3593,-30,-30,-30,-30,30,-30,-30,-30,-30,-30,4
4450,-30,-30,-30,-30,-30,-30,-30,30,-30,-30,7
7509,-30,-30,-30,-30,-30,-24,-30,-30,30,-30,8
2032,-30,-30,-30,-30,-30,-30,-30,-30,-30,30,9
5205,-3,-30,-30,-30,-30,-30,-30,-30,-30,-30,0
3592,-30,-30,-30,-30,-30,-30,-30,-30,30,-30,8
6547,-30,-30,-30,30,-30,10,-30,-30,-30,-30,3
9088,-30,-30,-30,-30,-30,-30,-30,-30,-30,11,9
3659,-30,-30,-30,-30,-30,30,-30,-30,-30,-30,5
1015,-30,-30,-30,-30,-30,30,-30,-30,-30,-30,5
5409,-30,-30,-15,-30,-30,23,-30,-30,6,-30,5
9211,-30,-30,-30,-30,-30,-30,30,-30,-30,-30,6
6086,-30,-30,-30,-30,-30,30,-30,-30,28,-30,5
5937,-30,-30,-30,-30,-30,-8,-30,-30,12,-30,8
4395,-30,30,-30,-30,-30,-30,-30,-30,-30,-30,1
467,-30,-30,-30,-30,-30,-30,-30,30,-30,-30,7
8391,-30,30,-30,-30,-30,-30,-30,-30,-30,-30,1
8592,-30,-30,-30,-30,-30,-30,-30,30,-30,-30,7
9592,-30,-30,-30,30,-30,-30,-30,-30,-30,-30,3
7699,-30,-30,-30,-30,-30,30,-30,-30,-30,-30,5
4442,-30,-30,-30,-30,-30,-30,30,-30,-30,-30,6
9124,-30,-30,-30,-30,-30,-30,-30,-30,-30,6,9
5121,-30,30,-30,-30,-30,-30,-30,-30,-30,-30,1
6434,-30,30,-30,-30,-30,-30,-30,-30,-30,-30,1
9792,-30,30,-30,-30,-30,-30,-30,-30,-30,-30,1
9337,-30,-30,11,-30,-30,-30,-30,-30,-27,-30,2
1358,-30,30,-30,-30,-30,-30,-30,-30,-30,-30,1
5720,-30,-30,30,-30,-30,-30,-30,-30,-30,-30,2
9263,30,-30,-30,-30,-30,-30,-30,-30,-30,-30,0
7929,-30,-30,-30,-30,-30,-30,-30,30,-30,-30,7
2418,-30,-30,-30,-30,-30,-30,-30,30,-30,-30,7
2566,-30,-30,-30,-30,-30,30,-30,-30,-30,-30,5
5517,-30,-30,-30,-30,-30,11,-30,-30,30,-30,8
5535,-30,-30,30,-30,-30,-19,-30,-30,-14,-30,2
6897,-30,-30,-30,-30,-30,30,-30,-30,-30,-30,5
4917,-30,-30,-30,-30,-30,-5,-30,-30,29,-30,8
4280,-30,-30,-30,-30,-30,-30,-30,-30,-30,-30,0
1541,-30,-30,-30,-30,-30,-30,-30,30,-30,-30,7
931,-30,-30,-30,30,-30,17,-30,-30,-30,-30,3
7627,-30,-30,-30,-30,30,-26,-30,-30,-30,-30,4
925,-30,-30,-30,-30,-30,-30,30,-30,-30,-30,6
8812,-30,-30,-30,-30,-30,-8,-24,-30,-30,-30,5
9627,-30,-30,-30,-30,-30,-30,-30,30,-30,-30,7
2994,30,-30,-30,-30,-30,-30,-30,-30,-30,-30,0
8378,-30,-30,-30,-30,30,14,-30,-30,-30,-30,4
8922,-30,-30,-30,-30,-30,-30,-30,-30,30,-30,8
9848,-30,-30,-30,-30,-30,-30,-30,30,-30,-30,7
4942,-30,-30,-30,-30,-30,-30,-30,30,-30,-30,7
8536,-30,-30,-30,-30,-30,30,-30,-30,-28,-30,5
5475,-30,-30,-30,-30,30,-30,-30,-30,-30,-30,4
2873,-30,-30,-30,30,-30,3,-30,-30,-30,-30,3
9644,-30,-30,-30,-30,2,30,-30,-30,-30,-30,5
8207,-30,-30,8,-25,-30,-30,-30,-30,30,-30,8
971,-30,-30,-30,-30,-30,-30,-30,-30,30,-30,8
1011,-30,30,-30,-30,-30,-30,-30,-30,-30,-30,1
9238,-30,-30,-30,-30,-30,30,-30,-30,-30,-30,5
9256,-30,30,-30,-30,-30,-30,-30,-30,-30,-30,1
7492,-30,-30,-30,-30,-30,-30,-30,-30,-30,-30,0
4274,-30,-30,30,-27,-30,-30,-30,-30,3,-30,2
1678,-30,-30,-30,30,-30,10,-30,-30,-30,-30,3
1077,-30,-30,-30,30,-30,30,-30,-30,-30,-30,3
1134,-30,-30,-30,-30,-30,-30,14,-30,-30,-30,6
6039,-30,-30,-30,-30,-30,-30,-30,30,-30,-30,7
7639,19,-30,-30,-30,-30,-30,-30,-30,-30,-30,0
6465,-30,-30,-30,-30,-30,-30,30,-30,-30,-30,6
911,-30,-30,-30,-30,-30,-30,-30,-30,30,-30,8
1880,30,-30,-30,-30,-30,-30,-30,-30,-30,-30,0
4152,-30,-30,-30,30,-30,-30,-30,-30,-30,-30,3
6426,-30,-30,-30,-30,-11,-30,-30,-30,-30,-30,4
4073,-30,-30,-30,-30,-30,-30,-30,30,-30,-30,7
6071,-30,-30,-30,-30,-30,-30,-22,-30,-14,-30,8
6967,-30,-30,-30,-30,-30,-30,-30,-30,5,-30,8
1673,-30,-30,-30,-30,-30,-30,-30,30,-30,-30,7
9670,-30,-30,-30,-30,-30,-30,-30,30,-30,-30,7
6062,-30,30,-30,-30,-30,-30,-30,-30,-30,-30,1
3170,30,-30,-30,-30,-30,-10,-30,-30,-30,-30,0
9493,-30,30,-30,-30,-30,-30,-30,-30,-30,-30,1
1086,-30,-30,-30,-30,-30,-30,-30,30,-30,-30,7
8822,-30,-30,-30,-30,-30,-30,-30,-30,30,-30,8
1370,-30,-30,-30,-30,-30,-30,-30,-30,-30,-30,0
9596,30,-30,-30,-30,-30,-30,-30,-30,-30,-30,0
3365,-30,30,-30,-30,-30,-30,-30,-30,-30,-30,1
8908,18,-30,-15,-30,-30,-20,-30,-30,-30,-30,0
2573,-30,-30,-30,-30,-30,-30,-30,-30,18,5,8
6965,-30,-30,-30,-30,30,-30,-30,-30,-30,-30,4
3603,-30,-30,-30,-30,-30,30,-30,-30,-30,-30,5
5321,-30,-30,-30,-30,-30,-30,30,-30,-30,-30,6
9970,-30,-30,-30,-30,-30,-30,-30,30,-30,-30,7
2319,-30,-30,-30,-30,-30,14,-30,-30,30,-30,8
7244,30,-30,-30,-30,-30,-30,-30,-30,-30,-30,0
4340,-30,30,-30,-30,-30,-6,-30,-30,-30,-30,1
7145,-30,-30,14,-30,-30,10,-30,-30,-30,-30,2
1832,-30,-30,-30,24,-30,-30,-30,-30,-28,-30,3
3172,-30,-30,-30,-30,30,-8,-30,-30,-30,-30,4
7070,-30,-30,-30,-30,-30,-30,-30,30,-30,-30,7
4686,-30,-30,-30,-30,-30,-5,-30,-30,30,-30,8
7018,-30,-30,-30,-30,-30,-30,-30,-30,-30,-30,0
7263,-30,-30,-30,-30,-30,-30,-30,18,-30,-30,7
7394,-30,-30,-30,-30,-30,-30,-30,-30,30,-30,8
3703,-30,-30,-30,-30,-30,-30,30,-30,-30,-30,6
4705,-30,-30,-30,-30,28,-30,-30,-30,-30,-30,4
2796,-30,30,-30,-30,-30,-30,-30,-30,-30,-30,1
1706,-21,-30,-30,-30,-30,-5,-30,-30,-30,-30,5
7568,-30,-30,-30,-30,-30,27,-30,-30,-30,-30,5
1364,-30,-30,-30,-30,-30,30,-30,-30,-16,-30,5
8274,-30,-30,-30,-30,7,-30,-30,-30,-30,-30,4
2325,-30,-30,-30,-30,30,-30,-30,-30,-30,-30,4
2206,-30,-30,-30,-30,-30,-17,-30,30,-30,-30,7
5922,30,-30,-30,-30,-30,-30,-30,-30,-30,-30,0
4484,-30,30,-30,-30,-30,-30,-30,-30,-30,-30,1
5086,-30,-30,-30,-30,-30,-30,-30,-30,-30,7,9
2801,-30,-30,30,-30,-30,-30,-30,-30,-30,-30,2
3291,-30,-30,-30,-27,-30,-30,-30,-30,30,-30,8
2775,-30,-30,-30,-30,-30,-30,-30,30,-30,-30,7
9589,-30,-30,-30,-30,-30,-3,-30,-30,30,-30,8
6444,-30,-30,30,-22,-30,-30,-30,-30,-30,-30,2
1070,-30,-30,-30,-30,-30,-30,30,-30,-30,-30,6
7316,30,-30,-30,-30,-30,-30,-30,-30,-30,-30,0
6419,-30,-30,-30,-30,-30,-30,6,-30,-30,-30,6
2083,-30,-30,-30,-14,-30,-30,-20,-30,-30,-30,3
9381,-30,-30,-30,6,-30,30,-30,-30,-30,-30,5
6386,-30,-30,-30,-30,-30,8,-30,-30,19,-30,8
7697,-30,-30,-30,-30,-30,3,-30,-30,-30,-30,5
7703,-30,-30,-30,-30,-30,-30,-30,-30,-30,-17,9
8411,-30,30,-30,-30,-30,-30,-30,-30,-30,-30,1
9401,-30,-30,-30,-30,-19,-19,-2,-30,-30,-30,6
4904,30,-30,-30,-30,-30,-30,-30,-30,-30,-30,0
1197,-30,-30,-30,-30,-30,-30,30,-30,-30,-30,6
4124,-30,30,-30,-30,-30,-30,-30,-30,-30,-30,1
7878,30,-30,-30,-30,-30,-30,-30,-30,-30,-30,0
9635,30,-30,-30,-30,-30,-30,-30,-30,-30,-30,0
1733,-30,-30,-30,-30,-30,-30,30,-30,-30,-30,6
4817,-7,-30,-9,-30,-30,-14,-30,-30,-30,-30,0
9241,-30,30,-30,-30,-30,-30,-30,-30,-30,-30,1
7596,-30,30,-30,-30,-30,-30,-30,-30,-30,-30,1
9759,-30,-30,-30,-30,-30,-30,-30,30,-30,-30,7
2342,-30,-30,-30,-30,-30,-30,-30,30,-30,-30,7
8410,-30,-30,-30,-30,-30,-30,-30,-30,-6,-30,8
5308,-30,-30,-30,-30,18,-30,-30,-30,-30,-30,4
7845,-30,-30,-30,-30,-30,-30,30,-30,-30,-30,6
9926,30,-30,-30,-30,-30,-30,-30,-30,-30,-30,0
6214,-30,-30,-30,-30,-30,-30,-30,30,-30,-30,7
4777,30,-30,-30,-30,-30,-30,-30,-30,-30,-30,0
171,-30,-30,-30,30,-30,0,-30,-30,-30,-30,3
6313,-30,-30,-30,-30,-30,-30,30,-30,-30,-30,6
3868,-30,-30,-30,-30,-30,20,-30,-30,30,-30,8
70,-30,-30,-30,-30,-30,-30,-30,30,-30,-30,7
8789,-30,30,-30,-30,-30,-30,-30,-30,-30,-30,1
5295,-30,-30,-30,-2,-30,-10,-30,-30,-30,-30,3
311,-30,-30,30,-30,-30,-30,-30,-30,-30,-30,2
6119,-30,-30,-30,-30,30,-30,-30,-30,-30,-30,4
6529,-30,-30,-30,-30,-30,-30,-30,-30,-30,-23,9
6666,-30,-30,-30,-30,30,-30,-30,-30,-30,-30,4
5753,-30,-30,16,-30,-30,11,-30,-30,-30,-30,2
3409,-30,-30,-30,-30,15,-30,18,-30,-30,-30,6
8641,-30,-30,-30,-30,30,-30,-30,-30,-30,-30,4
4270,-30,30,-30,-30,-30,-30,-30,-30,-30,-30,1
880,-30,-30,-30,-30,-30,-30,-30,30,-30,-30,7
4687,-30,-30,-15,-11,-30,-30,-30,-30,-30,-30,3
7968,-30,-30,-30,-30,-30,-30,30,-30,-30,-30,6
2710,-30,-30,-30,-30,-30,-30,30,-30,-30,-30,6
364,30,-30,-30,-30,-30,-23,-30,-30,-30,-30,0
8420,-30,30,-30,-30,-30,-30,-30,-30,-30,-30,1
3643,-30,-30,7,-27,-30,-30,-30,-30,-3,-30,2
254,-30,-30,-30,30,-30,-30,-30,-30,-6,-30,3
6155,-30,-30,-30,-30,30,-30,-30,-30,-30,-30,4
5849,-30,-30,-30,-30,-30,30,-30,-30,-30,-30,5
2932,-30,-30,-30,-30,-30,-30,30,-30,-30,-30,6
3019,-30,-30,-30,-30,-30,-30,-30,30,-30,-30,7
3775,-30,-30,-30,-30,-30,20,-30,-30,30,-30,8
7115,-30,-30,-30,-30,-30,-30,-30,-30,-30,0,9
8470,30,-30,-30,-30,-30,-16,-30,-30,-30,-30,0
3804,-30,30,-30,-30,-30,-30,-30,-30,-30,-30,1
9885,-30,-30,30,-30,-30,-23,-30,-30,-30,-30,2
3924,-30,-30,-30,30,-30,-24,-30,-30,-30,-30,3
8985,-30,-30,-30,-30,0,-30,-30,-30,-30,-30,4
4168,-30,-30,-30,-30,-30,30,-30,-30,-6,-30,5
4912,-30,-30,-30,-30,-30,-30,30,-30,-30,-30,6
