sample_index,Class_0,Class_1,Class_2,Class_3,Class_4,Class_5,Class_6,Class_7,Class_8,Class_9,predicted_label
2425,-30,-30,-30,-30,-30,-30,-30,-30,-30,30,9
3834,-30,-30,30,-30,-30,-30,-30,-30,-30,-30,2
7717,-30,30,-30,-30,-30,-30,-30,-30,-30,-30,1
3384,-30,30,-30,-30,-30,-30,-30,-30,-30,-30,1
4470,-30,-30,-30,-30,-30,-30,2,-30,-30,-30,6
9747,-30,30,-30,-30,-30,-30,-30,-30,-30,-30,1
2794,-30,-30,-30,-30,-30,-30,-30,-30,-30,-30,0
1979,-30,-30,-30,-30,-17,-30,30,-30,-30,-30,6
5436,-30,-30,-30,-30,-30,30,-30,-30,-30,-30,5
4828,-30,-30,-30,-30,-30,-30,-30,30,-30,-30,7
5767,-30,-30,-30,-30,-30,-30,-25,-30,-30,-30,6
9761,-30,-30,-30,-30,-30,30,-30,-30,-30,-30,5
1802,-30,-30,-30,-30,-30,-30,-30,-30,-2,-30,8
5045,-30,-30,-30,30,-30,-30,-30,-30,-30,-30,3
4948,-30,-30,-30,-30,30,-30,-30,-30,-30,-30,4
7067,-30,30,-30,-30,-30,-30,-30,-30,-30,-30,1
3801,-30,-30,30,-30,-30,-30,-6,-30,-30,-30,2
7905,-30,-30,-23,-30,-30,-30,-8,-30,-30,-30,6
2982,-30,-30,-30,-30,-30,-30,-30,-30,30,-30,8
5130,30,-30,-30,-30,-30,-30,-30,-30,-30,-30,0
8511,-30,-30,-23,-30,-30,-30,-30,-30,-30,-30,2
3885,-30,-30,-30,-30,-30,-9,-30,30,-30,-30,7
1320,-30,-30,-30,-30,-30,-30,-30,30,-30,-30,7
630,-30,-30,-30,-30,-30,-30,-30,-30,-30,-30,0
9291,-30,30,-30,-30,-30,-30,-30,-30,-30,-30,1
5965,-30,-30,-30,-30,-21,-30,-18,-30,-30,-30,6
7072,-30,-30,-30,-30,4,-30,30,-30,-30,-30,6
9018,14,-30,-30,-30,-30,-30,-30,-30,-30,-30,0
2604,-30,-30,-30,-30,-30,-30,-30,-30,-30,14,9
3426,-30,-30,-30,-30,-30,-30,-30,-30,-30,-30,0
4682,-30,-30,-30,-30,-30,-30,-30,-30,30,-30,8
5812,-30,-30,-30,-30,-30,-30,-30,-30,30,-30,8
9083,-30,-23,-30,30,-30,-30,-30,-30,-30,-30,3
6180,-30,-30,-30,30,-30,-30,-30,-30,-30,-30,3
117,-30,-30,-30,-30,-30,-30,-30,-30,26,-30,8
663,7,-30,-30,-30,-30,-30,-26,-30,-30,-30,0
7809,-30,-30,-30,-30,-30,-30,-30,30,-30,-30,7
2110,-30,-30,-30,-30,-30,30,-30,-30,-30,-30,5
7030,-30,-30,-30,-30,-30,-30,-30,30,-30,-30,7
5660,-30,-30,-30,-30,-30,-30,-30,-30,-30,30,9
6613,25,-30,-30,-30,-30,-30,-10,-30,-30,-30,0
7450,-30,30,-30,-30,-30,-30,-30,-30,-30,-30,1
1435,-30,-30,-30,-30,-2,-30,-30,-30,-30,-30,4
9213,-30,-30,-30,-30,-30,-30,-30,-30,-30,30,9
2124,-30,-30,-30,-30,30,-30,30,-30,-30,-30,4
5993,-30,-30,-30,-30,-30,-30,-30,-27,-30,15,9
5898,-30,-30,22,-30,-30,-30,-11,-30,-30,-30,2
9203,-30,30,-30,-30,-30,-30,-30,-30,-30,-30,1
3611,-30,-30,-30,-30,-4,-30,-30,-30,-30,-30,4
1500,-30,-30,4,-30,-30,-30,24,-30,-30,-30,6
8684,-30,-30,4,-30,-30,-30,-13,-30,-30,-30,2
9644,-30,-30,-30,-30,-30,-30,-23,-30,-30,-30,6
4867,-30,-30,-30,-30,-30,30,-30,-30,-30,-30,5
9487,-30,-30,-30,-30,-30,-30,-5,-30,-1,-30,8
1878,-30,-30,14,-30,-30,-30,-30,-30,-30,-30,2
7277,-30,-30,25,-30,-30,-30,-14,-30,-30,-30,2
3735,-30,-30,-30,-30,-30,-30,-30,-30,30,-30,8
8087,-30,-30,-30,-30,-15,-30,30,-30,-30,-30,6
4436,-30,-30,-30,-30,-30,-30,-30,-30,30,-30,8
1554,30,-30,-30,-30,-30,-30,-30,-30,-30,-30,0
7150,-30,-30,-30,-30,-30,-30,-30,30,-30,-30,7
9770,-30,-30,-30,-30,-30,-30,-30,-30,-30,-30,0
9223,-30,-30,-30,-30,-30,-30,-30,-30,30,-30,8
6675,-30,-30,-30,-30,-30,30,-30,-30,-30,-30,5
4367,-30,30,-30,-30,-30,-30,-30,-30,-30,-30,1
6770,-30,6,-30,-13,-30,-30,-30,-30,-30,-30,1
3136,-30,-30,-30,-30,-30,-30,-30,-30,-30,-30,0
9128,-30,-30,-30,-3,-30,-30,-30,-30,-30,-30,3
1511,-30,-30,-30,-30,-30,-30,-30,-26,-30,-30,7
4600,-30,-30,-30,-30,-30,-30,-30,-30,30,-30,8
4165,-30,-30,-30,-30,-30,-30,-30,30,-30,-30,7
644,30,-30,-30,-30,-30,-30,-30,-30,-30,-30,0
4923,-30,-30,-17,-30,-30,-30,-4,-30,-30,-30,6
3313,-30,-30,-30,-30,-30,-30,30,-30,-30,-30,6
7003,-30,-30,-23,-30,-20,-30,-30,-30,-30,-30,4
3868,-30,-30,-30,30,-30,-30,-30,-30,-30,-30,3
3095,-30,30,-30,-30,-30,-30,-30,-30,-30,-30,1
2390,-30,-30,30,-30,-30,-30,-30,-30,-30,-30,2
79,-30,-30,-30,-30,-30,-30,-30,-30,30,-30,8
2367,-30,-30,-30,-30,11,-30,-4,-30,-30,-30,4
7349,-30,23,-30,-30,-30,-30,-30,-30,-30,-30,1
8729,-30,-30,-30,-30,-30,-30,-30,-30,30,-30,8
3962,-30,-30,-30,-30,-30,26,-30,-30,-30,-30,5
9874,-30,-30,-30,-30,-30,-30,-30,-30,-30,30,9
2001,-30,-30,-30,-30,-30,30,-30,-30,-30,-30,5
1274,30,-30,-30,-30,-30,-30,-30,-30,-30,-30,0
6560,-30,-30,-30,30,-30,-30,-30,-30,-30,-30,3
2577,-30,-30,15,-30,-30,-30,-25,-30,-30,-30,2
7238,30,-30,-30,-30,-30,-30,-30,-30,-30,-30,0
7917,-30,-30,0,-30,-30,-30,-17,-30,-30,-30,2
2807,-30,-30,-30,-30,-30,30,-30,-30,-30,-30,5
6552,-30,-30,-30,30,-30,-30,-30,-30,-30,-30,3
1155,-30,-30,-25,-30,-30,-30,30,-30,-30,-30,6
2303,-30,-30,-30,-30,-30,-30,-30,30,-30,-30,7
6971,-30,30,-30,-30,-30,-30,-30,-30,-30,-30,1
3685,-30,-30,-30,-30,-30,-30,-30,-30,30,-30,8
3759,30,-30,-30,-30,-30,-30,-30,-30,-30,-30,0
2626,-30,30,-30,-30,-30,-30,-30,-30,-30,-30,1
7753,-30,-30,-25,-30,-30,-30,-30,-30,-30,-30,2
6390,-30,-30,30,-30,-30,-30,-30,-30,-30,-30,2
9398,-30,-30,-30,30,-30,-30,-30,-30,-30,-30,3
4650,-30,-30,-30,-30,-9,-30,30,-30,-30,-30,6
5361,-30,-30,-30,-30,-30,-30,-30,30,-30,-30,7
1276,-30,-30,-30,-30,-30,-30,30,-30,-30,-30,6
1730,-30,-30,-30,-30,-30,-30,-30,30,-30,-30,7
4377,-30,-30,-30,-30,-30,-30,-30,-30,30,-30,8
3137,-30,-30,-30,-30,-30,30,-30,-30,-30,-30,5
1820,-30,-30,-30,-30,-30,-30,-30,-21,-30,-30,7
7672,-30,-30,-30,-30,-30,-30,-30,-30,-30,30,9
8121,-30,-30,-30,-30,30,-30,1,-30,-30,-30,4
2421,-30,-30,-30,-30,-30,-30,-30,-30,-30,-30,0
2029,-30,-30,-30,-30,-30,30,-30,-30,-30,-30,5
2677,-30,-30,-30,-30,-30,-30,-30,30,-30,-30,7
6986,30,-30,-30,-30,-30,-30,-15,-30,-30,-30,0
6270,-30,-30,-30,-30,-30,30,-30,-30,-30,-30,5
5154,-30,-30,30,-30,-30,-30,-15,-30,-30,-30,2
9155,-30,-30,-30,-30,-30,-30,-30,-30,30,-30,8
5732,-30,-30,-30,-30,-30,-30,20,-30,-30,-30,6
554,-30,-30,-30,-30,-30,-11,-30,1,-30,-30,7
8262,-30,-30,-30,-30,-30,-30,-27,-30,30,-30,8
8568,30,-30,-30,-30,-30,-30,-30,-30,-30,-30,0
5408,30,-30,-30,-30,-30,-30,-30,-30,-30,-30,0
7153,-30,-30,-30,-30,-30,-30,-30,-30,-30,30,9
4461,-30,-30,-30,-30,-30,-30,-30,-30,-30,30,9
7441,-30,-30,-30,4,-30,-30,-30,-30,-30,-30,3
5843,30,-30,-30,-30,-30,-30,-30,-30,-30,-30,0
1589,-30,-30,-30,-30,-30,-30,-30,-30,30,-30,8
4712,-30,-30,-30,-30,9,-30,21,-30,-30,-30,6
806,-30,30,-30,-30,-30,-30,-30,-30,-30,-30,1
1480,-30,-30,-30,-30,-30,30,-30,-30,-30,-30,5
9546,-30,-30,-30,-30,6,-30,-30,-30,-30,-30,4
5279,-30,30,-30,-30,-30,-30,-30,-30,-30,-30,1
2250,-30,-30,-30,-30,-30,-30,-30,-30,-30,30,9
9727,-30,30,-30,-30,-30,-30,-30,-30,-30,-30,1
2114,-30,-30,-30,-30,-30,-30,-20,-30,30,-30,8
3074,-30,-30,-30,-30,-30,-30,-30,-30,-30,-30,0
9263,-30,-30,30,-30,-30,-30,6,-30,-30,-30,2
1768,-30,30,-30,-30,-30,-30,-30,-30,-30,-30,1
5765,-30,-30,-23,-30,-30,-30,11,-30,-30,-30,6
4714,-30,-30,-30,-30,-30,30,-30,-30,-30,-30,5
2811,-30,30,-30,-30,-30,-30,-30,-30,-30,-30,1
8237,-30,-30,-11,-30,-30,-30,4,-30,-30,-30,6
2418,30,-30,-30,-30,-30,-30,-30,-30,-30,-30,0
4486,30,-30,-30,-30,-30,-30,-30,-30,-30,-30,0
2134,-30,30,-30,-30,-30,-30,-30,-30,-30,-30,1
8017,-30,-30,-30,-30,-30,-30,-12,-30,-30,-30,6
305,-30,30,-30,-30,-30,-30,-30,-30,-30,-30,1
6009,-30,-30,-30,30,-30,-30,-30,-30,-30,-30,3
8072,-30,-30,30,-30,-30,-30,-30,-30,-30,-30,2
2422,-30,-30,20,-30,-30,-30,-3,-30,-30,-30,2
3263,-30,-30,-30,-30,-30,-30,30,-30,-30,-30,6
8999,-30,-30,-16,-30,-30,-30,0,-30,-30,-30,6
5289,-30,30,-30,-30,-30,-30,-30,-30,-30,-30,1
757,-30,-30,-30,-6,-30,-30,-7,-30,-30,-30,3
5782,-30,-30,-30,-30,-30,30,-30,-30,-30,-30,5
1293,-29,-30,-30,-30,-30,-30,-17,-30,-30,-30,6
706,-30,-30,-30,-30,16,-30,-30,-30,-30,-30,4
8335,-30,-30,-30,-30,-30,-30,-30,30,-30,-30,7
1015,-30,-30,-30,-30,-30,-30,-30,-30,-30,30,9
6307,-30,-30,-30,30,-30,-30,-30,-30,-30,-30,3
6415,-30,-30,-30,-30,-30,-30,-30,-8,-30,-30,7
4849,-30,-30,30,-30,-30,-30,-27,-30,-30,-30,2
7940,-30,-30,-30,30,-30,-30,-30,-30,-30,-30,3
9589,-30,-30,-30,-30,-30,-30,-30,-30,-30,30,9
3630,30,-30,-30,-30,-30,-30,-30,-30,-30,-30,0
7461,-30,-30,-30,-30,-30,-30,-30,-30,-30,30,9
4302,-30,-30,-25,-30,-30,-30,-30,-30,-30,-30,2
5787,-30,-30,-30,-30,-30,-30,-30,-18,-30,-30,7
7762,-30,-30,-30,-30,30,-30,-30,-30,-30,-30,4
5706,-30,-30,30,-30,-30,-30,-23,-30,-30,-30,2
600,-26,-30,-30,-30,-30,-30,-18,-30,-30,-30,6
9914,-30,-30,-30,-30,-30,30,-30,-30,-30,-30,5
1857,-30,-30,-30,-30,30,-30,-30,-30,-30,-30,4
2131,-30,30,-30,-30,-30,-30,-30,-30,-30,-30,1
7215,-30,-30,30,-30,-30,-30,-30,-30,-30,-30,2
7513,-30,-15,-30,-30,-30,-30,-30,-30,-30,-30,1
8874,-30,-30,-30,27,-30,-30,-30,-30,-30,-30,3
2209,30,-30,-30,-30,-30,-30,-30,-30,-30,-30,0
4195,-30,-30,-30,-30,-30,-30,-30,-30,-30,30,9
8680,-30,30,-30,-30,-30,-30,-30,-30,-30,-30,1
5948,30,-30,-30,-30,-30,-30,-30,-30,-30,-30,0
6578,-30,-30,-30,-30,-30,-30,-30,-30,-30,30,9
8368,-30,-30,-30,-30,-30,-30,-30,-30,-30,-30,0
656,-30,-30,-30,-30,-30,-30,-28,-30,-30,-30,6
8557,-30,-30,-30,-30,-30,-30,-30,30,-30,-30,7
9771,-30,-30,-30,-30,-30,-30,-30,-30,-30,30,9
7757,-30,-30,-30,-30,-30,-30,-30,-30,-30,30,9
207,-30,-30,-30,-30,30,-30,-30,-30,-30,-30,4
8291,-30,-30,-30,-30,30,-30,-30,-30,-30,-30,4
1654,-30,-30,-30,-30,-30,-30,-30,30,-30,-30,7
4854,-30,30,-30,-11,-30,-30,-30,-30,-30,-30,1
8714,-30,-30,30,-30,-30,-30,-30,-30,-30,-30,2
349,-30,23,-30,-30,-30,-30,-30,-30,-30,-30,1
6252,-30,-30,22,-30,-30,-30,-3,-30,-30,-30,2
678,-30,-30,-30,30,-30,-30,-30,-30,-30,-30,3
8572,-30,-30,30,-30,-30,-30,-28,-30,-30,-30,2
8730,-30,-30,-30,-30,-30,-30,-30,-30,30,-30,8
3733,-30,-30,-30,0,-30,-30,-30,-30,-30,-30,3
7332,-11,-30,-30,-30,-30,-30,-12,-30,-30,-30,0
1384,-30,30,-30,-30,-30,-30,-30,-30,-30,-30,1
3342,-30,30,-30,-30,-30,-30,-30,-30,-30,-30,1
1781,30,-30,-30,-30,-30,-30,-26,-30,-30,-30,0
7597,-30,-30,13,-30,-30,-30,-30,-30,-30,-30,2
3217,-30,-30,-30,-30,-30,-30,-30,-30,-30,30,9
3305,-30,-30,30,-30,-30,-30,-3,-30,-30,-30,2
3543,-30,-30,-30,-30,30,-30,1,-30,-30,-30,4
5453,24,-30,-30,-30,-30,-30,-17,-30,-30,-30,0
5153,-30,-30,-30,-30,-30,-30,-30,30,-30,-30,7
2130,-30,-30,-30,-30,-30,-30,-30,-30,-30,30,9
5569,-30,-30,-30,-30,-30,-30,-30,-30,4,-30,8
9175,-30,-30,-30,-30,30,-30,-30,-30,-30,-30,4
2555,-30,30,-30,-30,-30,-30,-30,-30,-30,-30,1
6645,-30,-30,-30,-30,-30,-30,-30,-30,30,-30,8
56,-30,-30,-30,-30,3,-30,-30,-30,-30,-30,4
5007,-30,30,-30,-30,-30,-30,-30,-30,-30,-30,1
4042,-30,-30,-30,30,-30,-30,-30,-30,-30,-30,3
1749,-30,30,-30,-30,-30,-30,-30,-30,-30,-30,1
5968,-30,-30,-30,-30,-30,-30,-30,-30,14,-30,8
3022,-30,-30,-30,-30,-30,-30,-30,30,-30,-30,7
5613,-30,-30,14,-30,-23,-30,-30,-30,-30,-30,2
9859,-30,-30,-30,-30,-30,-30,-30,-30,30,-30,8
5259,-30,-30,-30,-30,-30,-30,-30,-30,-30,-18,9
9653,-30,-30,-30,-30,-30,-30,28,-30,-30,-30,6
8387,30,-30,-30,-30,-30,-30,-30,-30,-30,-30,0
3250,-30,-30,-30,-30,-30,-30,-30,30,-30,-30,7
6508,-30,-30,-30,-30,-30,-30,-30,30,-30,-30,7
6564,-30,-30,-30,-30,-30,-30,30,-30,-30,-30,6
1905,-30,-30,-3,-30,-30,-30,5,-30,-30,-30,6
3609,-30,-30,-30,-30,-30,-30,-30,30,-30,-30,7
5542,30,-30,-30,-30,-30,-30,-16,-30,-30,-30,0
2007,-30,-30,-30,-30,-30,-30,-30,30,-30,-30,7
3775,-30,-30,-30,-30,-30,-30,-30,-30,30,-30,8
3912,-30,-30,-30,-30,-30,-30,-30,-30,-30,30,9
2178,-30,-30,23,-30,-30,-30,-4,-30,-30,-30,2
7128,-30,-30,-30,-30,-30,-30,-30,-30,-30,30,9
6299,30,-30,-30,-30,-30,-30,-30,-30,-30,-30,0
6724,-30,-30,-30,-30,-30,30,-30,-30,-30,-30,5
1769,-30,30,-30,-30,-30,-30,-30,-30,-30,-30,1
5038,-30,-30,-30,-30,-30,-30,-30,-30,-30,-30,0
7421,-30,-30,30,-30,-30,-30,-30,-30,-30,-30,2
2057,-30,-30,-30,-30,-30,5,-30,-30,-30,-30,5
7204,-30,-30,-30,-30,-28,-30,-30,-30,-30,-30,4
6014,-30,-30,-30,-30,-30,-30,-30,-30,-30,30,9
1228,-30,-30,12,-30,-30,-30,-30,-30,-30,-30,2
3909,-30,-30,30,-30,-30,-30,-30,-30,-30,-30,2
7660,-30,-30,-30,-30,-30,-30,-30,-30,30,-30,8
104,-30,-30,-30,-30,-30,-30,30,-30,-30,-30,6
2354,-30,-30,-30,-30,30,-30,-30,-30,-30,-30,4
8027,-30,-30,-4,-30,-30,-30,-1,-30,-30,-30,6
736,-30,-30,-30,-30,-20,-30,-30,-30,-30,-30,4
4626,-30,-30,-30,-30,-30,-30,-30,-30,-30,30,9
3224,-30,-30,-30,-30,-30,-30,-30,30,-30,-30,7
7711,-30,-30,-30,-30,-20,-30,-30,-30,-30,-30,4
1400,-30,-30,-30,-30,-30,30,-30,-30,-30,-30,5
6902,-30,-30,-30,-30,-30,-4,-30,-30,-30,-30,5
8667,-30,-30,-17,-30,-12,-30,27,-30,-30,-30,6
4404,-30,-30,-30,-30,-30,-30,-30,-30,30,-30,8
432,-30,-30,-30,-30,-30,30,-30,-30,-30,-30,5
7259,-30,-30,30,-30,-30,-30,-12,-30,-30,-30,2
5065,-30,-30,-30,30,-30,-30,-30,-30,-30,-30,3
9668,30,-30,-30,-30,-30,-30,-30,-30,-30,-30,0
9482,-30,-30,-30,-30,-30,-30,-21,-30,-30,-30,6
2916,-30,-30,-30,-30,-30,-30,-30,-30,30,-30,8
9769,30,-30,-30,-30,-30,-30,-10,-30,-30,-30,0
523,30,-30,-30,-30,-30,-30,-30,-30,-30,-30,0
888,-30,-30,-30,-30,-25,-30,-7,-30,-30,-30,6
5265,-30,-30,-30,-2,-30,-30,-30,-30,-30,-30,3
2360,-30,-30,-30,-30,-30,-30,-15,-30,30,-30,8
5604,-30,-30,-30,-30,-30,-30,-30,-18,-30,-9,9
1846,-30,-30,-30,-30,-30,-30,1,-30,-30,-30,6
8003,-30,30,-30,-30,-30,-30,-30,-30,-30,-30,1
4177,-30,-30,-30,-30,-30,-30,-25,-30,-30,-30,6
4776,30,-30,-30,-30,-30,-30,-30,-30,-30,-30,0
7698,-30,-30,30,-30,-30,-30,-30,-30,-30,-30,2
482,-30,-30,-30,30,-30,-30,-30,-30,-30,-30,3
8359,30,-30,-30,-30,-30,-30,-30,-30,-30,-30,0
1527,-30,-30,-30,-30,-30,-30,-30,-30,30,-30,8
7996,-30,-30,-30,30,-30,-30,-30,-30,-30,-30,3
8630,-30,-30,-30,-30,-30,-30,-30,30,-30,-30,7
5625,-30,-30,-30,-30,30,-30,-30,-30,-30,-30,4
6232,30,-30,-30,-30,-30,-30,-30,-30,-30,-30,0
7967,-30,30,-30,-30,-30,-30,-30,-30,-30,-30,1
764,-30,-30,-28,-30,-30,-30,10,-30,-30,-30,6
5254,-30,-30,-30,-10,-30,-30,-30,-30,-30,-30,3
2000,30,-30,-30,-30,-30,-30,-30,-30,-30,-30,0
822,-30,-30,-30,-30,30,-30,23,-30,-30,-30,4
339,-30,-30,-25,-30,-30,-30,-7,-30,-30,-30,6
4151,-30,-30,-30,-30,-30,-30,-30,30,-30,-30,7
6366,-30,-30,-30,-30,-30,-30,-30,-30,-30,-29,9
8112,-30,-30,-30,-30,-30,-30,-30,-30,-30,-30,0
4975,-30,-30,-30,-30,-30,1,-30,-30,-30,-30,5
8147,-30,-30,-30,-30,-30,-30,-30,-30,-30,30,9
5493,-30,-30,-30,-30,-30,30,-30,-30,-30,-30,5
9983,-30,-30,-30,-14,-30,-30,-30,-30,-30,-30,3
42,-30,-30,-30,-30,-30,30,-30,-30,-30,-30,5
348,-30,-30,-30,-30,-30,30,-30,-30,-30,-30,5
4346,-30,30,-30,-30,-30,-30,-30,-30,-30,-30,1
7220,-30,-30,-30,-30,-30,-30,-30,-30,-30,30,9
8500,-30,-30,-30,-30,-30,-30,-30,-30,30,-30,8
578,-30,-30,-30,27,-30,-30,-30,-30,30,-30,8
5631,-30,-30,-30,30,-30,-30,-30,-30,-30,-30,3
8998,-30,-30,-30,30,-30,-30,-30,-30,-30,-30,3
5014,-30,-30,3,-30,-30,-30,21,-30,-30,-30,6
2267,-30,-30,-30,-30,-30,-30,-25,-30,30,-30,8
9728,30,-30,-30,-30,-30,-30,-30,-30,-30,-30,0
4687,30,-30,-30,-30,-30,-30,-30,-30,-30,-30,0
6229,-30,-30,30,-30,-5,-30,-30,-30,-30,-30,2
3029,-30,-30,-30,-30,-30,-30,-30,-30,-30,30,9
8098,-30,-30,-30,-30,-30,-18,-30,29,-30,-30,7
5460,-30,-30,-30,-30,-30,-30,-30,-10,-30,-30,7
9542,-30,30,-30,-30,-30,-30,-30,-30,-30,-30,1
792,-30,-25,-30,-21,-30,-30,-30,-30,-30,-30,3
2452,-30,-30,-16,-30,-30,-30,-30,-30,-30,-30,2
2649,-30,-30,1,-30,-30,-30,30,-30,-30,-30,6
3475,-30,-30,30,-30,-30,-30,-14,-30,-30,-30,2
9279,-30,-30,0,-30,30,-30,-30,-30,-30,-30,4
6095,-30,-30,-30,-30,-30,-30,-30,-22,-30,-30,7
6263,-30,30,-30,-30,-30,-30,-30,-30,-30,-30,1
5168,-30,-30,-30,-30,-30,-30,30,-30,-30,-30,6
4103,-30,-30,-30,-30,1,-30,-21,-30,-30,-30,4
4010,-30,-30,-30,-30,-30,-30,-26,-30,1,-30,8
8673,-30,-30,30,-30,-30,-30,-24,-30,-30,-30,2
8942,2,-30,-30,-30,-30,-30,-25,-30,-30,-30,0
3662,-30,-30,-30,-30,-30,30,-30,-30,-30,-30,5
8626,-30,-30,-30,-30,-21,-30,30,-30,-30,-30,6
5319,-30,-30,8,-30,-30,-30,27,-30,-30,-30,6
9834,-30,-30,-30,-30,-30,-22,-30,30,-30,-30,7
1729,-30,-30,-30,-30,-30,-30,-30,30,-30,-30,7
7002,-30,-30,-30,-30,-30,-30,-30,30,-30,-30,7
5651,-30,-30,-30,30,-30,-30,-30,-30,-26,-30,3
7257,-30,-30,-30,30,-30,-30,-30,-30,-30,-30,3
9865,-30,-30,-30,-30,-30,-30,-30,-30,-30,-30,0
2286,-30,-30,-30,-30,-30,-30,30,-30,-30,-30,6
9599,-30,-30,-30,-30,-30,-30,-30,30,-30,-30,7
4262,-30,30,-30,8,-30,-30,-30,-30,-30,-30,1
1931,-30,-30,-30,30,-30,-30,-30,-30,-30,-30,3
9092,-30,-30,-30,-30,-30,-30,-30,21,-30,-30,7
614,-30,-30,-30,-30,-30,-30,-12,-30,6,-30,8
1851,-30,-30,30,-30,-30,-30,-7,-30,-30,-30,2
3436,-30,30,-30,-1,-30,-30,-30,-30,-30,-30,1
9126,-30,-30,-30,-30,30,-30,-30,-30,-30,-30,4
1737,17,-30,-30,-30,-30,-30,-14,-30,-30,-30,0
8145,-30,-10,-30,-11,-30,-30,-30,-30,-30,-30,1
4498,-30,30,-30,-30,-30,-30,-30,-30,-30,-30,1
9001,19,-30,-30,-30,-30,-30,-12,-30,-30,-30,0
122,-30,30,-30,-30,-30,-30,-30,-30,-30,-30,1
1131,-30,-30,-30,-30,-30,-30,-30,-30,-30,30,9
9326,-30,-30,-30,-30,15,-30,-30,-30,-30,-30,4
1081,-30,-30,-30,-30,-30,-29,-30,-30,-30,-1,9
3598,-30,-30,-30,-30,-30,-30,-30,-30,-30,30,9
3465,-30,30,-30,-30,-30,-30,-30,-30,-30,-30,1
9663,-30,-30,-30,-30,-30,-30,-30,30,-30,-30,7
8908,-30,-30,-30,-30,-30,-30,-11,-30,30,-30,8
1456,-30,-30,-30,-30,-30,-30,-30,-30,-30,-30,0
7392,-30,-30,-30,-30,-30,-30,30,-30,-30,-30,6
3842,-4,-30,-30,-30,-30,-30,-24,-30,-30,-30,0
2538,-30,-30,30,-30,-30,-30,30,-30,-30,-30,2
5177,-30,-30,-30,-30,-20,-30,-30,-30,-30,-30,4
6924,-30,-30,-30,-30,-25,-30,-30,-30,22,-30,8
4082,-30,-30,-27,-30,-30,-30,-4,-30,-30,-30,6
9559,-30,30,-30,-30,-30,-30,-30,-30,-30,-30,1
9511,-30,-30,3,-30,-27,-30,-24,-30,-30,-30,2
2176,-30,-30,30,-30,-30,-30,-30,-30,-30,-30,2
8056,-30,-30,-30,-30,-4,-30,-17,-30,-30,-30,4
1623,-30,-30,-30,-30,30,-30,-30,-30,-30,-30,4
9220,-30,-30,-30,-30,-30,-30,-30,30,-30,-30,7
1892,-30,-30,-30,30,-30,-30,-30,-30,-30,-30,3
5819,-30,-30,-30,-30,-28,-30,-13,-30,-30,-30,6
6178,-30,-30,30,-30,-30,-30,-12,-30,-30,-30,2
5240,-30,-30,-30,-30,-30,15,-30,-4,-30,-30,5
156,-17,-30,-30,-24,-30,-30,-30,-30,-30,-30,0
4318,-30,-30,-30,-30,-30,-30,-30,30,-30,-30,7
3413,-30,-30,-30,-30,-30,-30,-30,-30,-30,30,9
1220,-30,-30,-30,-30,30,-30,-30,-30,-30,-30,4
5229,20,-30,-30,-30,-30,-30,-5,-30,-30,-30,0
8061,-30,-30,-30,-30,-30,-30,-30,-30,-30,30,9
6987,-30,-30,-30,30,-30,-30,-30,-30,-30,-30,3
4490,-30,-30,-30,-30,-30,-30,-30,-30,-30,30,9
6408,-30,-30,-30,-30,-30,-30,-30,-30,-30,-30,0
1792,-30,-30,18,-30,-30,-30,11,-30,-30,-30,2
3782,-30,-30,-30,-30,-30,30,-30,-30,-30,-30,5
870,-30,-30,-30,-30,-30,-30,-14,-30,-30,-30,6
6432,-30,-30,-30,-30,-30,-30,-9,-30,-30,-30,6
2593,-30,-30,-30,30,-30,-30,-30,-30,-30,-30,3
8053,-30,-30,-30,-30,-30,30,-30,-30,-30,-30,5
7039,-30,-30,-30,-30,-30,-30,-28,-30,30,-30,8
452,-30,30,-30,-30,-30,-30,-30,-30,-30,-30,1
100,-30,-30,-22,-30,-30,-30,5,-30,-30,-30,6
7121,-30,-30,-30,-30,-30,-30,21,-30,-30,-30,6
6499,-30,-30,7,-30,-30,-30,-2,-30,-30,-30,2
4992,-30,-30,-30,-30,-30,-30,30,-30,-30,-30,6
9551,-30,-30,-30,-30,30,-30,-30,-30,-30,-30,4
5995,-30,-30,-30,-30,-30,-30,-30,-30,-30,30,9
13,-30,-30,-30,-30,-30,30,-30,-30,-30,-30,5
3160,-30,-30,30,-30,-30,-30,30,-30,-30,-30,2
8264,30,-30,-30,-30,-30,-30,-30,-30,-30,-30,0
7512,-30,-30,-30,-30,-28,-30,14,-30,-30,-30,6
7270,-30,-30,-30,-30,-30,-30,30,-30,-30,-30,6
5368,-30,30,-30,-30,-30,-30,-30,-30,-30,-30,1
1308,-30,-30,30,-30,-30,-30,-6,-30,-30,-30,2
3687,30,-30,-30,-30,-30,-30,-30,-30,-30,-30,0
3467,-30,-30,-30,-30,-30,-30,-30,-30,-30,30,9
5910,-30,-30,-30,-30,-30,-30,-30,30,-30,-30,7
2576,30,-30,-30,-30,-30,-30,-30,-30,-30,-30,0
1145,-30,-30,-30,-30,-30,-30,-30,-30,-30,-30,0
1451,-30,-30,-30,-30,30,-30,-23,-30,-30,-30,4
2429,-30,-30,-30,-30,-30,-30,-30,-30,-30,-30,0
3047,-30,-30,-30,-30,-30,-30,30,-30,-30,-30,6
9936,-30,-30,7,-30,-30,-30,5,-30,-30,-30,2
9041,-30,30,-30,-30,-30,-30,-30,-30,-30,-30,1
8717,30,-30,-30,-30,-30,-30,-24,-30,-30,-30,0
9695,-30,-30,-30,-30,-28,-30,30,-30,-30,-30,6
6582,-30,-30,-30,-30,-30,-30,-30,30,-30,-30,7
6730,-30,-30,-30,-30,-30,-30,18,-30,-30,-30,6
9868,-30,-30,-30,-30,-30,-30,-30,-30,-30,30,9
7628,-30,-30,-30,-30,-5,-30,-30,-30,-30,-30,4
5188,-30,-30,30,-30,-30,-30,-30,-30,-30,-30,2
2274,-30,30,-30,-30,-30,-30,-30,-30,-30,-30,1
130,-30,-30,-30,-30,-30,-6,-30,-30,-30,-30,5
1470,-30,-30,17,-30,-30,-30,-30,-30,-30,-30,2
3995,-30,-30,-30,-30,-30,30,-30,-30,-30,-30,5
8167,-30,-30,-30,-21,-30,-30,-30,-30,-30,-30,3
6447,-30,-30,-30,-30,-30,-30,-30,-30,30,-30,8
53,-30,-30,-30,-30,-30,30,-30,-30,-30,-30,5
8987,-30,-30,-30,-30,-30,-30,-30,-30,30,-30,8
4836,-30,-30,-30,-30,-30,-30,30,-30,-30,-30,6
1897,-30,-30,-30,-30,-11,-30,-9,-30,-30,-30,6
3503,-30,-30,-30,-30,-30,-30,-30,-30,30,-30,8
2136,-30,-30,-30,-30,-30,-30,-30,-30,-30,30,9
148,-30,-30,-30,-30,-30,-30,-30,-30,30,-30,8
4566,-30,-30,-30,-30,-30,-30,-14,-30,-30,-30,6
2310,-30,-30,30,-30,-30,-30,-4,-30,-30,-30,2
8344,-30,-30,-12,-30,5,-30,-3,-30,-30,-30,4
9500,-30,-30,-11,-30,7,-30,-30,-30,-30,-30,4
1615,-30,-30,2,-30,-30,-30,-30,-30,-30,-30,2
1600,-30,-30,-30,-30,-3,-30,-30,-30,-30,-30,4
1096,-30,30,-30,-30,-30,-30,-30,-30,-30,-30,1
4608,-30,-30,30,-30,-30,-30,-2,-30,-30,-30,2
6960,-30,30,-30,-30,-30,-30,-30,-30,-30,-30,1
277,-30,-30,-30,30,-30,-30,-30,-30,-30,-30,3
5570,30,-30,-30,-30,-30,-30,-30,-30,-30,-30,0
3511,-30,-30,-30,-30,-30,-30,-30,-6,-30,-30,7
576,-30,-30,-30,-30,-30,-30,-30,-30,30,-30,8
4727,-30,-30,-30,-30,-30,-30,-22,-30,30,-30,8
5606,-30,-30,-30,-30,-5,-30,-27,-30,-30,-30,4
3969,-30,-30,-30,-30,-30,20,-30,-30,-30,-30,5
4481,-30,-30,-30,30,-30,-30,-30,-30,-30,-30,3
9256,-30,30,-30,-30,-30,-30,-30,-30,-30,-30,1
3118,-30,-30,-30,-30,-30,-30,-30,-30,-30,30,9
29,-30,-30,-30,-30,-30,30,-30,-30,-30,-30,5
342,-30,-30,-30,21,-30,-30,-30,-30,-30,-30,3
476,-30,-30,-30,30,-30,-30,-30,-30,-30,-30,3
731,30,-30,-30,-30,-30,-30,-12,-30,-30,-30,0
6563,-30,30,-30,-30,-30,-30,-30,-30,-30,-30,1
406,-30,-30,15,-30,-30,-30,17,-30,-30,-30,6
9673,-30,-30,30,-30,-30,-30,0,-30,-30,-30,2
7935,-30,-30,-30,-30,-30,-30,-30,-30,-30,30,9
7154,-30,-30,-30,-30,30,-30,-19,-30,-30,-30,4
2911,30,-30,-30,-30,-30,-30,-27,-30,-30,-30,0
6610,-30,-30,-30,-30,-30,-30,20,-30,-30,-30,6
7431,-30,-30,-30,-30,-30,-30,-30,-30,-30,-30,0
70,-30,-30,-30,-30,-30,-30,-15,-30,-30,-30,6
5461,-30,-30,30,-30,-30,-30,-30,-30,-30,-30,2
1992,30,-30,-30,-30,-30,-30,-30,-30,-30,-30,0
2441,30,-30,-30,-30,-30,-30,-30,-30,-30,-30,0
7991,-30,-30,-30,-30,-30,-30,-30,-30,-30,-30,0
8823,-30,-30,-30,30,-30,-30,-30,-30,-30,-30,3
895,-30,-30,-30,-30,-30,-30,-30,-30,16,-30,8
3501,-30,-30,10,-30,-30,-30,-6,-30,-30,-30,2
496,-30,-30,-30,-30,-30,-30,-30,-30,30,-30,8
5142,-30,-30,-30,-30,-30,-30,-30,-30,-30,30,9
7876,-30,-30,-30,-30,-23,-30,-30,-30,-30,-30,4
2355,30,-30,-30,-30,-30,-30,-30,-30,-30,-30,0
4244,-30,-30,-30,-30,-30,-30,-30,-11,-30,-30,7
5492,24,-30,-30,-30,-30,-30,-10,-30,-30,-30,0
3937,-30,-30,-13,-30,-30,-30,30,-30,-30,-30,6
138,-30,-30,-30,-30,-30,-30,-30,-30,-30,-30,0
6792,-30,-30,-30,-30,-30,-30,-30,-30,-30,30,9
249,-30,-30,-30,-30,-30,-30,-30,-30,-30,-30,0
3448,-30,-30,-30,-30,-30,-30,-30,-30,-30,30,9
877,-30,-30,-30,-30,-30,-30,-30,-18,-30,-30,7
4814,-30,-30,-30,-30,-30,-30,-30,-30,-30,30,9
8708,-30,-30,-30,30,-30,-30,-30,-30,-30,-30,3
7976,-30,-30,-30,-30,-30,0,-30,-30,-30,-30,5
99,-30,-30,-30,-30,-30,30,-30,-30,-30,-30,5
726,-30,-30,-30,-30,-30,-30,-30,-30,-30,-30,0
7053,-30,-30,-30,-30,-30,-30,-30,-30,30,-30,8
7999,-30,30,-30,-30,-30,-30,-30,-30,-30,-30,1
2319,30,-30,-30,-30,-30,-30,-22,-30,-30,-30,0
6580,30,-30,-30,-30,-30,-30,-30,-30,-30,-30,0
7206,-30,-30,-30,-30,-30,-30,-9,-30,-30,-30,6
2472,-30,-30,-30,-30,-30,-30,30,-30,-30,-30,6
9611,-30,-30,-30,-30,-30,-30,-30,-30,30,-30,8
9119,-30,-30,-30,-30,-30,-30,-30,-30,-30,30,9
9196,-30,-30,-30,-30,-30,-30,-30,30,-30,-30,7
9491,-30,-30,-30,-30,-30,-30,-30,-30,-30,22,9
5470,-30,30,-30,-30,-30,-30,-30,-30,-30,-30,1
5466,-30,-30,30,-30,-30,-30,-30,-30,-30,-30,2
3359,-30,-30,-30,-30,-30,-30,-30,-5,-30,-30,7
2403,-13,-30,-30,-23,-30,-30,-30,-30,-30,-30,0
3032,-30,-30,-21,-30,-30,-30,-2,-30,-30,-30,6
3860,30,-30,-30,-30,-30,-30,-30,-30,-30,-30,0
5488,-30,-30,-30,-30,-30,-30,-30,-30,-30,-30,0
6929,-30,-30,-30,-30,-30,-30,-30,-30,-30,-30,0
7605,-30,30,-30,-30,-30,-30,-30,-30,-30,-30,1
8450,-30,-30,-30,-30,-30,-30,-30,-30,30,-30,8
7573,-30,-30,-30,-30,-30,-30,2,-30,-30,-30,6
8171,-30,-30,30,-30,-30,-30,-30,-30,-30,-30,2
7848,-30,-30,-30,-30,-30,-30,-13,-30,-30,-30,6
3411,-30,-30,-4,-30,-30,-30,-28,-30,-30,-30,2
7900,-30,-30,-30,-30,-17,-30,13,-30,-30,-30,6
7938,-30,-30,-7,-30,-30,-30,-11,-30,-30,-30,2
1397,-30,-30,-30,-30,-30,-30,-3,-30,-30,-30,6
2411,-30,4,-30,-30,-30,-30,-30,-30,-30,-30,1
4104,-30,-30,-30,-30,-30,-30,-30,-30,-30,30,9
950,-30,-30,-30,-30,-30,-30,-30,-30,30,-30,8
9743,-30,-30,-30,-30,-30,30,-30,-30,-30,-30,5
8395,-30,30,-30,-30,-30,-30,-30,-30,-30,-30,1
8686,-30,-30,-30,-30,-30,-30,-30,-30,-30,30,9
85,-30,30,-30,-30,-30,-30,-30,-30,-30,-30,1
483,-30,-30,30,-30,-30,-30,-3,-30,-30,-30,2
7382,-30,-30,-30,-30,-30,-30,-30,-30,30,-30,8
6696,-30,-30,-30,30,-30,-30,-30,-30,-30,-30,3
5648,-30,-30,-30,-30,-30,-30,-30,-30,30,-30,8
7495,-30,-30,-30,-30,-30,-30,-30,-30,-30,30,9
7530,-30,-30,26,-30,-30,-30,7,-30,-30,-30,2
2637,-30,-30,-30,-30,-24,-30,2,-30,-30,-30,6
5924,-30,-30,-30,-30,-30,-30,30,-30,-30,-30,6
1100,-30,-30,-30,-30,-30,-30,-30,-30,30,-30,8
9958,-30,-30,-15,-30,-27,-30,-30,-30,-30,-30,2
5720,-30,-30,-30,-30,-30,-30,-30,-30,-16,-30,8
1662,-30,-30,-30,-30,-30,-26,-30,-30,-30,-30,5
5967,-30,-30,-30,-30,-30,30,-30,-30,-30,-30,5
8042,-30,-30,-30,-30,-30,-30,-30,-30,30,-30,8
222,-30,-30,-30,-30,-30,-30,-30,-30,30,-30,8
4369,-30,-30,-30,-30,-30,-16,-30,16,-30,-30,7
8866,-30,-30,-30,30,-30,-30,-30,-30,-30,-30,3
3197,-30,-30,-30,-30,-30,-30,-30,-30,-30,30,9
8313,-30,-30,-30,-30,30,-30,-27,-30,-30,-30,4
2427,-30,-30,-30,30,-30,-30,-30,-30,-30,-30,3
8010,-30,-30,-30,-30,30,-30,-30,-30,-30,-30,4
2833,-30,-30,-30,-30,-20,-30,-30,-30,-30,-30,4
5419,-30,-30,-30,-30,-30,-29,-30,-12,-30,-30,7
3730,-30,30,-30,-30,-30,-30,-30,-30,-30,-30,1
4268,-30,-30,-30,-30,-30,-30,-30,-30,-30,-30,0
9561,-30,30,-30,-30,-30,-30,-30,-30,-30,-30,1
6440,-30,-30,30,-30,29,-30,-30,-30,-30,-30,2
4524,4,-30,-30,-30,-30,-30,-7,-30,-30,-30,0
832,-30,-30,-30,-30,-30,-30,-3,-30,-30,-30,6
6280,-30,-30,-30,-30,-30,-30,-30,-30,-30,30,9
186,-30,-30,-30,-30,-30,-30,30,-30,-30,-30,6
3057,-30,30,-30,-30,-30,-30,-30,-30,-30,-30,1
1420,-30,-30,-30,-30,-30,30,-30,-30,-30,-30,5
1292,-30,30,-30,-30,-30,-30,-30,-30,-30,-30,1
2054,-30,1,-30,6,-30,-30,-30,-30,-30,-30,3
2412,-30,30,-30,-30,-30,-30,-30,-30,-30,-30,1
7488,-30,-30,-30,-30,-30,-30,-30,-30,-30,30,9
1341,-30,-30,-30,26,-30,-30,-30,-30,-30,-30,3
3547,-30,-30,-30,-23,-28,-30,-30,-30,-30,-30,3
4660,-30,-30,-30,-30,-30,30,-30,-30,-30,-30,5
3582,-30,-24,-30,30,-30,-30,-30,-30,-30,-30,3
8885,-30,-30,-30,-30,-30,-30,-19,-30,-30,-30,6
660,-30,-30,-30,-30,-20,-30,15,-30,-30,-30,6
1943,-23,-30,-30,-30,-30,-30,3,-30,-30,-30,6
4107,-30,-30,-30,-30,30,-30,-9,-30,-30,-30,4
9718,30,-30,-30,-30,-30,-30,-11,-30,-30,-30,0
3579,30,-30,-30,-30,-30,-30,-30,-30,-30,-30,0
75,-30,-30,-30,-30,-30,30,-30,-30,-30,-30,5
4632,-30,-30,-30,-30,-30,-30,-30,-30,30,-30,8
2597,-30,-30,-30,-30,-30,-30,30,-30,-30,-30,6
7452,-30,-30,-30,-20,-30,-30,-30,-30,-30,-30,3
3038,-30,-30,-30,-30,30,-30,-30,-30,2,-30,4
6245,30,-30,-30,-30,-30,-30,-6,-30,-30,-30,0
9725,-30,-30,-30,-30,-30,-30,-30,-6,-30,-30,7
2951,-30,-30,-30,-30,-30,-30,-30,30,-30,-30,7
1167,-30,-30,-30,-30,-30,-30,-30,-30,30,-30,8
1974,-30,-30,-30,-30,-30,-30,-30,-30,-30,30,9
5879,-30,-30,-30,-30,-30,-30,-30,-30,-30,-30,0
9880,-30,-30,-30,-30,-30,-30,-30,-30,-30,-30,0
6027,-30,-30,-30,-30,-30,-30,-30,-30,28,-30,8
4545,-30,-30,-30,-30,-30,1,-30,30,-30,-30,7
1770,-30,-30,-30,-30,-30,-30,30,-30,-30,-30,6
5476,-30,-30,-30,-30,-30,-30,-30,30,-30,-30,7
2738,-30,-30,-30,-30,-30,-30,-30,-30,-30,30,9
8938,-30,-30,-30,30,-30,-30,-30,-30,-30,-30,3
2113,-30,-30,-30,-30,30,-30,-30,-30,-30,-30,4
8141,30,-30,-30,-30,-30,-30,-30,-30,-30,-30,0
8374,-30,-30,-30,-30,-30,-30,-30,-30,-30,-30,0
8284,-30,-30,-30,-30,-30,-11,-30,-30,-3,-30,8
7761,-30,-30,-30,-30,-30,-30,-28,-30,-30,-30,6
2111,-30,26,-30,-30,-30,-30,-30,-30,-30,-30,1
1142,-30,30,-30,-30,-30,-30,-30,-30,-30,-30,1
2734,-30,-30,-30,-30,-30,30,-30,-30,-30,-30,5
8554,-30,-30,-30,-30,-30,-30,-30,-30,-30,30,9
5249,-30,-30,-30,9,-30,-30,-30,-30,-30,-30,3
2035,-30,-30,30,-30,-30,-30,-2,-30,-30,-30,2
4134,-30,-30,-30,-30,-30,30,-30,-30,-30,-30,5
7089,-30,-30,-30,-30,-30,-30,-30,30,-30,-30,7
2163,-30,-30,-30,-30,-30,-30,-30,-30,16,-30,8
8541,-30,30,-30,-30,-30,-30,-30,-30,-30,-30,1
6861,-30,-30,-30,-30,-30,-30,-13,-30,-30,-30,6
712,-30,-30,-30,-30,-30,-30,-30,-30,-30,30,9
2152,-30,-30,-30,-30,-30,-30,-30,-30,-30,-30,0
9032,-30,-30,-30,-30,-30,30,-30,-30,-30,-30,5
9847,-30,30,-30,-30,-30,-30,-30,-30,-30,-30,1
6203,30,-30,-30,-30,-30,-30,-30,-30,-30,-30,0
5607,-30,-30,-30,-30,-30,-30,-30,-30,-30,30,9
4417,-30,-30,-30,-30,-30,-30,-30,-30,-30,-30,0
7205,-30,-30,30,-30,-30,-30,-8,-30,-30,-30,2
6753,-30,-30,-30,-30,-30,-30,-30,-30,-30,23,9
1536,30,-30,-30,-30,-30,-30,-30,-30,-30,-30,0
961,-30,-30,-30,-30,-30,2,-30,30,-30,-30,7
5668,-30,-30,-30,-30,-30,-30,12,-30,-30,-30,6
5102,-30,-30,-30,-30,-30,-30,-30,-30,30,-30,8
7875,-30,-30,30,-30,-30,-30,-12,-30,-30,-30,2
7890,-30,-30,-30,-30,-30,-17,-30,18,-30,-30,7
1908,-30,-30,-30,-12,-30,-30,-30,-30,-30,-30,3
1532,-30,-30,30,-30,-30,-30,-30,-30,-30,-30,2
5389,-30,-30,-30,6,-30,-30,-30,-30,-30,-30,3
2947,-30,-30,-30,-30,-30,-30,-18,-30,30,-30,8
4507,-30,-30,30,-30,-30,-30,-9,-30,-30,-30,2
1514,-30,-30,29,-30,-26,-30,-25,-30,-30,-30,2
5847,-17,-30,-30,-30,-30,-30,-9,-30,-29,-30,6
181,-30,-30,-30,-30,-30,-30,-30,-30,-30,5,9
7650,-30,-30,-30,12,-30,-30,-30,-30,-30,-30,3
1980,30,-30,-30,-30,-30,-30,-30,-30,-30,-30,0
3482,-30,-30,-30,-30,-30,-30,-30,30,-30,-30,7
8373,-30,-30,-30,-30,-30,-30,-30,-30,30,-30,8
400,-30,-30,-30,-30,-30,-30,-30,-30,-7,-30,8
5560,-30,-30,27,-30,-30,-30,-20,-30,-30,-30,2
8457,-30,-30,-30,-30,-30,-30,-30,-30,-30,30,9
8661,-30,-30,-30,-30,1,-30,-30,-30,-30,-30,4
2910,-30,-30,14,-30,-30,-30,-19,-30,-30,-30,2
7974,13,-30,-30,-30,-30,-30,-13,-30,-30,-30,0
522,-30,-30,-30,-30,30,-30,-30,-30,-30,-30,4
8330,-30,-30,-30,-30,-30,-30,-30,-30,-30,-30,0
1202,30,-30,-30,-30,-30,-30,-30,-30,-30,-30,0
202,-30,-30,-30,-30,6,-30,-30,-30,-30,-30,4
5963,-30,-30,-30,-30,0,-30,-3,-30,-30,-30,4
4171,-30,-30,-19,-30,-30,-30,-30,-30,-30,-30,2
6722,-30,-30,-30,-30,-30,-30,-30,-30,-30,-30,0
3580,-30,-30,-30,-30,-30,30,-30,-30,-30,-30,5
7695,-30,-30,-30,-30,-30,-30,-30,-30,30,-30,8
5619,-30,-30,-30,-30,30,-30,-30,-30,-30,-30,4
3714,-30,-30,-30,-30,-30,-30,-30,-30,-30,30,9
5696,-30,30,-30,-30,-30,-30,-30,-30,-30,-30,1
2213,30,-30,-30,-30,-30,-30,-30,-30,-30,-30,0
8419,-30,-30,-30,-30,-30,30,-30,-30,-30,-30,5
2301,-30,-30,-30,-30,30,-30,0,-30,-30,-30,4
5343,-30,-30,-30,-30,30,-30,-30,-30,-30,-30,4
9748,-30,-30,-30,-30,30,-30,19,-30,-30,-30,4
6782,30,-30,-30,-30,-30,-30,-30,-30,-30,-30,0
6984,30,-30,-30,-30,-30,-30,-30,-30,-30,-30,0
8460,-30,-30,-30,-30,30,-30,-30,-30,-30,-30,4
7503,-30,-30,-30,-30,-30,30,-30,-30,-30,-30,5
4824,-30,-30,-30,-30,-30,-30,15,-30,-30,-30,6
4001,30,-30,-30,-30,-30,-30,-22,-30,-30,-30,0
8416,-30,-30,-30,-30,29,-30,-30,-30,-30,-30,4
8896,-30,-30,-30,-30,-30,-4,-30,-30,-30,-30,5
3186,-30,-30,-11,-30,30,-30,-30,-30,-30,-30,4
6396,-30,30,-30,-30,-30,-30,-30,-30,-30,-30,1
2813,-30,-30,-30,-30,-30,-30,-30,-30,-30,-30,0
9353,-30,30,-30,-30,-30,-30,-30,-30,-30,-30,1
9056,-30,-30,-30,22,-30,-30,-30,-30,-30,-30,3
137,-30,-30,-30,-30,-30,-30,-30,-30,-30,-30,0
4416,-30,-30,-30,-30,30,-30,-25,-30,-30,-30,4
9973,-30,-30,-30,30,-30,-30,-30,-30,-30,-30,3
6381,-30,-30,-30,-30,-30,-30,-29,-30,30,-30,8
1602,-30,-30,30,-30,-30,-30,-20,-30,-30,-30,2
1534,-30,-30,-30,-30,-30,-30,-18,-30,30,-30,8
3002,-30,-30,-30,-22,-30,-30,-3,-30,-30,-30,6
1474,-30,-30,-30,-30,-30,30,-30,-30,-30,-30,5
7376,30,-30,-30,-30,-30,-30,-30,-30,-30,-30,0
8952,-30,-30,-30,-30,30,-30,-30,-30,-30,-30,4
769,-30,-30,-30,-30,-30,-30,-30,-30,-30,-30,0
5186,-30,-30,-30,-30,-30,-30,-30,-30,30,-30,8
6255,-30,-30,-30,-30,-30,30,-30,-30,-30,-30,5
5957,30,-30,-30,-30,-30,-30,-3,-30,-30,-30,0
2162,-30,-30,-30,-30,-30,-30,-30,-30,30,-30,8
5244,-30,-30,30,-30,-30,-30,-25,-30,-30,-30,2
2891,-30,-30,-30,-30,-30,-30,-30,-30,-30,22,9
515,-21,-30,-30,-30,-30,-30,-10,-30,-30,-30,6
3817,-30,-30,-30,-30,-30,-30,-30,-30,30,-30,8
394,-30,-30,-30,-30,-30,-30,-30,-30,-30,30,9
5213,-15,-30,-30,-30,-30,-30,-21,-30,-30,-30,0
2065,-30,-30,-30,-30,-16,-30,-30,-30,-30,-30,4
4160,-30,-30,12,-30,30,-30,-30,-30,-30,-30,4
3210,-30,-30,-30,-30,-30,-30,-30,-30,-30,30,9
3701,-30,-30,-30,-30,-30,-30,-21,-30,-30,-30,6
4452,-30,-30,-30,-30,-22,-30,30,-30,-30,-30,6
33,-30,-30,-30,-30,-30,30,-30,-30,-30,-30,5
9883,30,-30,-30,-30,-30,-30,-27,-30,-30,-30,0
9629,-30,-30,-30,-30,-30,-30,-30,-30,-30,30,9
2926,-30,-30,-30,-30,-30,30,-30,-30,-30,-30,5
6371,-30,-30,-30,30,-30,-30,-30,-30,-30,-30,3
1224,-30,-30,-30,-30,-22,-30,30,-30,-30,-30,6
6900,-30,-30,-30,-30,-30,-30,30,-30,-30,-30,6
4094,-30,-30,-30,-30,-26,-30,-30,-30,-22,-30,8
271,-30,-30,-30,30,-30,-30,-30,-30,-30,-30,3
8009,-30,-30,-30,-2,-30,-30,-29,-30,-30,-30,3
3865,-30,-30,-30,-30,-30,-30,-30,-30,30,-30,8
226,-30,30,-30,-26,-30,-30,-30,-30,-30,-30,1
6489,-30,-30,-30,-30,-27,-30,-14,-30,-30,-30,6
5345,30,-30,-30,-30,-30,-30,-27,-30,-30,-30,0
7208,-30,-30,-30,-30,-30,-30,-30,-30,-30,30,9
2918,-30,-30,-30,-30,-30,-30,-30,-30,-30,-30,0
5713,-30,-30,-30,-30,-30,-30,-30,-30,-30,30,9
3053,-30,-30,-30,-30,27,-30,-16,-30,-30,-30,4
1492,-30,-30,-30,-30,-30,-30,-30,-30,30,-30,8
6074,-30,-30,-30,-30,-30,-30,-30,-30,-30,30,9
6851,-30,30,-30,-30,-30,-30,-30,-30,-30,-30,1
2727,-30,-30,-30,-30,-30,-30,-30,-30,-30,-30,0
1812,-30,-30,-30,-30,-30,-30,-30,30,-30,-30,7
550,-30,-30,-30,-1,-30,-30,-30,-30,-30,-30,3
9703,30,-30,-30,-30,-30,-30,-30,-30,-30,-30,0
9369,-30,-30,12,-30,-30,-30,30,-30,-30,-30,6
5902,-30,-30,-30,-30,-30,-30,30,-30,-30,-30,6
3153,-30,-30,-30,-30,-30,-30,-30,-30,-30,-30,0
7494,-30,30,-30,-30,-30,-30,-30,-30,-30,-30,1
7467,30,-30,-30,-30,-30,-30,-30,-30,-30,-30,0
8948,30,-30,-30,-30,-30,-30,-30,-30,-30,-30,0
7162,-30,-30,-30,-30,-30,-30,-30,-30,30,-30,8
1476,-30,-30,-30,-30,-30,-30,-30,30,-30,-30,7
5657,-30,-30,10,-30,-30,-30,28,-30,-30,-30,6
7239,-30,-30,-30,-30,-30,-30,5,-30,-30,-30,6
3234,-30,-30,-30,-30,-5,-30,-30,-30,-30,-30,4
6738,-30,-30,-30,-30,-30,-30,30,-30,-30,-30,6
3089,-30,-30,-30,-30,30,-30,-30,-30,-30,-30,4
8426,-30,30,-30,-30,-30,-30,-30,-30,-30,-30,1
6266,-30,-30,-30,-30,-30,-30,-30,-21,-30,-30,7
6604,-30,-30,-30,-30,-30,-30,-30,-30,-30,30,9
272,30,-30,-30,-30,-30,-30,-30,-30,-30,-30,0
9483,24,-30,-30,-30,-30,-30,-12,-30,-30,-30,0
4144,-30,29,-30,-20,-30,-30,-30,-30,-30,-30,1
3340,-30,-30,-30,-30,-30,-30,30,-30,-30,-30,6
9333,-30,-30,-30,-30,-30,-30,-30,-30,-30,-30,0
6622,30,-30,-30,-30,-30,-30,-30,-30,-30,-30,0
6341,-23,-30,-30,-30,-30,-30,-30,-30,-11,-30,8
9283,-30,-30,-30,3,-30,-30,-30,-30,-30,-30,3
9036,-30,-30,-30,30,-30,-30,-30,-30,-30,-30,3
8066,-30,-30,-30,30,-30,-30,-30,-30,-30,-30,3
7550,-30,-30,-30,-30,-30,-30,-30,-30,3,-30,8
86,-30,30,-30,-30,-30,-30,-30,-30,-30,-30,1
8521,-30,-19,-30,-30,-30,-30,30,-30,-30,-30,6
2443,-30,-30,-30,-30,-30,-30,-30,-30,30,-30,8
8184,-30,-30,-30,-30,-30,30,-30,-30,-30,-30,5
2487,-30,-30,-30,-30,-30,-30,-30,30,-30,-30,7
9814,-30,-30,-30,-30,-30,-30,-30,-30,-30,-15,9
3551,-30,-30,-30,-30,-30,-30,-30,-30,30,-30,8
9109,-30,-30,-30,-30,-30,-30,-30,30,-30,-30,7
4426,-30,-30,23,-30,-30,-30,-30,-30,-30,-30,2
1281,-11,-30,-30,-30,-30,-30,-30,-30,-30,-30,0
5515,-30,-30,-30,-30,-30,-30,-30,30,-30,-30,7
2843,-30,-30,-30,-30,-30,-30,-30,-30,-30,-30,0
2506,-30,-30,-30,-30,-30,-30,-30,-30,30,-30,8
4089,30,-30,-30,-30,-30,-30,-30,-30,-30,-30,0
714,-30,-30,-30,-30,-30,-30,-30,-30,-30,30,9
9831,-30,-30,-30,-30,-30,-30,-30,30,-30,-30,7
1271,-30,-30,-30,-30,-30,-30,30,-30,-30,-30,6
2795,-30,30,-30,-30,-30,-30,-30,-30,-30,-30,1
9876,-30,-30,-30,30,-30,-30,-30,-30,-30,-30,3
5509,-30,-30,-4,-30,-30,-30,8,-30,-30,-30,6
9078,-30,-30,-29,-30,-17,-30,-30,-30,-30,-30,4
4512,-30,-30,-30,-30,-30,-30,-16,-30,30,-30,8
1477,-30,-30,13,-30,-30,-30,-26,-30,-30,-30,2
9856,-30,-30,-30,-30,-30,-30,-6,-30,-30,-30,6
9591,-30,-30,-30,30,-30,-30,-30,-30,-30,-30,3
3393,-30,-30,-30,-30,-30,-30,30,-30,-30,-30,6
3847,-30,-30,-30,-30,-30,-30,-30,-30,30,-30,8
9690,-30,-30,-30,-30,30,-30,-30,-30,-30,-30,4
8198,30,-30,-30,-30,-30,-30,-30,-30,-30,-30,0
912,-30,-30,-30,-30,-30,-30,-30,-30,30,-30,8
2185,-30,-30,-30,-30,-30,-30,-30,-30,-30,30,9
7451,-30,-30,30,-30,-30,-30,-25,-30,-30,-30,2
7820,-30,-30,-30,-30,30,-30,-30,-30,-30,-30,4
1136,-30,-30,-30,-30,-30,30,-30,-30,-30,-30,5
3220,-30,-30,-30,-30,-30,-30,-30,-30,-30,30,9
634,-30,30,-30,-30,-30,-30,-30,-30,-30,-30,1
530,-30,-30,12,-30,-26,-30,-19,-30,-30,-30,2
958,-30,-30,-30,-30,30,-30,-30,-30,-30,-30,4
598,-30,-30,-30,-30,-30,-30,-30,-30,-30,30,9
9568,-30,-30,30,-30,-30,-30,-28,-30,-30,-30,2
3517,-30,26,-30,-30,-30,-30,-30,-30,-30,-30,1
7629,-30,-30,-30,-30,-30,-30,-30,30,-30,-30,7
1940,-30,-30,-30,-30,-30,-30,-30,-30,-30,30,9
8436,-30,-30,-30,-30,-30,0,-30,-30,-29,-30,5
433,-30,-30,-30,-30,-30,-30,-30,-30,30,-30,8
6810,-30,-30,-30,30,-30,-30,-30,-30,-30,-30,3
294,-30,-30,-30,-30,-30,-30,-30,-30,-30,-9,9
6760,-30,-30,-30,-30,-30,-30,-30,30,-30,-30,7
3457,-30,30,-30,-30,-30,-30,-30,-30,-30,-30,1
1907,-30,30,-30,-30,-30,-30,-30,-30,-30,-30,1
2150,-30,30,-30,-30,-30,-30,-30,-30,-30,-30,1
390,-30,-30,13,-30,-30,-30,-5,-30,-30,-30,2
2496,-30,-30,-30,-30,-30,-30,-30,-30,-30,30,9
419,-30,-30,-30,-30,-30,23,-30,-30,-30,-30,5
2975,-30,-30,-30,30,-30,-30,-30,-30,-30,-30,3
6080,-30,-30,-30,-30,-30,-30,-30,-30,30,-30,8
5073,-30,-30,-30,-30,30,-30,30,-30,-30,-30,4
3072,-30,-30,-30,-30,-12,-30,-2,-30,-30,-30,6
487,-30,-30,-30,-30,-30,-30,-30,-30,-30,30,9
7327,-30,-30,-30,-30,-30,-30,-25,-30,2,-30,8
2634,-30,-30,-30,-30,-30,-30,-30,-30,30,-30,8
5790,-30,-30,-30,30,-30,-30,-30,-30,-30,-30,3
1141,-30,-30,-24,-30,-30,-30,7,-30,-30,-30,6
5297,-30,-30,-18,-30,-30,-30,-23,-30,-30,-30,2
1852,-30,-30,-30,-30,-30,-30,-30,-30,-14,-30,8
4138,-30,-30,-30,-30,-30,-30,-30,30,-30,-30,7
1459,-30,30,-30,-30,-30,-30,-30,-30,-30,-30,1
4598,-30,-30,-30,-30,-30,-30,-30,-30,-30,-30,0
2569,-30,-30,-30,-30,-30,-30,-30,-30,-30,30,9
9358,-30,-30,-30,30,-30,-30,-30,-30,-30,-30,3
5865,-30,-30,-30,-30,-30,30,-30,-30,-30,-30,5
2697,-30,-30,-30,-30,-30,-30,-30,-30,30,-30,8
6079,-30,-30,-30,-30,-30,23,-30,-30,-30,-30,5
4691,-30,-30,-30,-30,30,-30,-30,-30,-30,-30,4
190,-30,-30,-30,-30,-30,-30,-30,-21,-30,-30,7
6188,-30,-30,30,-30,-30,-30,-8,-30,-30,-30,2
6,-30,-30,-30,-30,-30,-30,-30,-30,30,-30,8
3341,-30,-30,-30,-30,-30,30,-30,-30,-30,-30,5
4457,-30,-30,-30,-30,-30,-30,-30,-30,-30,30,9
479,-30,-30,-30,-30,-30,-30,-30,-30,-30,-30,0
4693,-30,-30,-30,30,-30,-30,-30,-30,-30,-30,3
9917,-30,-30,-30,-30,-30,-30,30,-30,-30,-30,6
5590,-30,-30,-30,-30,-30,-30,-30,-13,-30,-30,7
1119,-30,30,-30,-30,-30,-30,-30,-30,-30,-30,1
9225,-30,-30,-30,-30,-30,-30,-30,-10,-30,-30,7
6998,-30,-30,-30,-2,-30,-30,-30,-30,-30,-30,3
6407,-30,-30,-30,-30,-30,11,-30,-7,-30,-30,5
8462,-30,-30,-30,-30,30,-30,-30,-30,-30,-30,4
9237,-30,-30,-30,-30,6,-30,30,-30,-30,-30,6
9245,-30,-30,-30,-30,-30,-5,-30,-30,-30,-30,5
7708,-30,-30,-30,-30,-30,-30,-30,-30,30,-30,8
3560,-30,-30,-30,30,-30,-30,-30,-30,-30,-30,3
9704,-30,-30,-30,-30,-30,-30,-30,-23,-30,-22,9
8508,-30,30,-30,-30,-30,-30,-30,-30,-30,-30,1
1350,-30,-30,30,-30,-30,-30,-14,-30,-30,-30,2
5595,-30,-30,-30,-30,-30,-30,-21,-30,-30,-30,6
9454,-30,30,-30,-30,-30,-30,-30,-30,-30,-30,1
7268,-30,-30,-30,-30,-30,-30,-30,-30,-30,30,9
9984,-30,-30,-30,-30,-30,-30,-30,-30,30,-30,8
1709,-30,-30,14,-30,-30,-30,-21,-30,-30,-30,2
4826,-30,-30,-30,-30,-30,-11,-30,7,-30,-30,7
9461,-30,30,-30,-30,-30,-30,-30,-30,-30,-30,1
8850,-30,14,-30,-30,-30,-30,-30,-30,-30,-30,1
2742,-30,-30,-30,-30,-30,-30,-30,30,-30,-30,7
4157,-30,-30,-30,-30,-30,30,-30,-30,-30,-30,5
5511,-30,-30,-30,-30,-30,-30,-30,-30,-30,30,9
7464,-30,-30,-30,-30,-30,-30,-30,-30,-30,30,9
6356,-30,-18,-30,-19,-30,-30,0,-30,-30,-30,6
680,-30,-30,-30,-30,-30,-30,-30,-30,30,-30,8
5873,-30,-30,-18,-30,-30,-30,21,-30,-30,-30,6
2614,-30,-30,-30,-30,-30,30,-30,-30,-30,-30,5
4453,-30,-30,-30,-30,-30,-30,-30,30,-30,-30,7
5939,-30,30,-30,-30,-30,-30,-30,-30,-30,-30,1
6260,-30,-30,-30,-30,-30,-30,-30,-30,-30,1,9
6448,-30,-30,-30,-30,-30,-30,-30,-30,24,-30,8
4661,-30,30,-30,-30,-30,-30,-30,-30,-30,-30,1
4154,-6,-30,-30,-14,-30,-30,-30,-30,-30,-30,0
4705,19,-30,-30,-30,-30,-30,-30,-30,-30,-30,0
6546,-30,-30,30,-30,-30,-30,-10,-30,-30,-30,2
92,-30,30,-30,-30,-30,-30,-30,-30,-30,-30,1
2158,-30,-30,-30,-30,-30,-30,-30,30,-30,-30,7
9772,-30,30,-30,-30,-30,-30,-30,-30,-30,-30,1
7409,-30,30,-30,-30,-30,-30,-30,-30,-30,-30,1
5754,-30,-30,-30,-30,-30,30,-30,-30,-30,-30,5
1295,-30,-30,-30,-30,-30,-30,-30,30,-30,-30,7
1325,-30,30,-30,-30,-30,-30,-30,-30,-30,-30,1
5712,-30,-30,-30,-30,-30,30,-30,-30,-30,-30,5
276,-30,-30,30,-30,-30,-30,-27,-30,-30,-30,2
4568,-30,-30,30,-30,-30,-30,-11,-30,-30,-30,2
1876,-30,-30,-30,30,-30,-30,-30,-30,-30,-30,3
6120,-30,-30,-30,-2,-30,-30,-30,-30,-30,-30,3
1567,-30,30,-30,-30,-30,-30,-30,-30,-30,-30,1
5396,-30,30,-30,-30,-30,-30,-30,-30,-30,-30,1
8772,-30,-30,-30,-30,-2,-30,2,-30,-30,-30,6
1272,-30,-30,-30,-30,-30,-30,-30,-30,-30,30,9
9424,-30,-30,30,-30,-30,-30,-20,-30,-30,-30,2
8403,-30,-30,-30,30,-30,-30,-30,-30,-30,-30,3
6714,-30,-30,-30,-30,-30,-30,-30,30,-30,-30,7
622,-30,-30,-30,-30,-30,-30,-30,30,-30,-30,7
4904,-15,-30,-30,-30,-30,-30,-30,-30,4,-30,8
5763,-30,-30,-30,-30,-30,-30,-30,-30,30,-30,8
2745,-30,-30,-30,-30,-30,-30,-30,-30,-30,30,9
4972,-30,-30,-30,-30,-30,-30,-30,-30,-30,30,9
6394,-30,-30,-30,-30,-30,-30,30,-30,-30,-30,6
9830,-30,30,-30,-30,-30,-30,-30,-30,-30,-30,1
3830,-30,-1,-30,12,-30,-30,-30,-30,-30,-30,3
6831,-30,-30,-30,-30,-28,-30,-30,-30,-23,-30,8
5118,30,-30,-30,-30,-30,-30,-30,-30,-30,-30,0
3856,-30,-30,-30,30,-30,-30,-30,-30,-30,-30,3
8001,-30,-30,-30,-30,-30,-23,-30,-30,-30,-30,5
8310,-30,-30,-30,-30,-30,-30,-30,-30,-30,30,9
6522,-30,-30,24,-30,-30,-30,-7,-30,-30,-30,2
2956,-30,-30,-30,-14,-30,-30,-24,-30,-30,-30,3
8477,-30,-30,-30,-30,-30,30,-30,-30,-30,-30,5
6451,-30,-30,-30,-30,-30,30,-30,-30,-30,-30,5
9564,-30,30,-30,-30,-30,-30,-30,-30,-30,-30,1
8466,-30,-30,-30,-30,-30,-30,-30,-30,-30,-30,0
8788,-30,-30,-30,-30,-30,-28,-30,-30,-30,-30,5
9070,-30,-30,-30,-30,-30,-30,-30,-30,30,-30,8
6275,-30,-30,-30,-30,-30,-30,-30,-2,-30,-30,7
3548,-30,-30,-30,-30,-30,-30,-30,-30,-30,-15,9
4073,-30,-30,-30,30,-30,-30,-30,-30,-30,-30,3
6553,-30,-30,-30,-30,-30,-30,30,-30,-30,-30,6
8468,-30,-30,-5,-30,-30,-30,-10,-30,-30,-30,2
4647,30,-30,-30,-30,-30,-30,-30,-30,-30,-30,0
7391,-30,-30,-30,-30,10,-30,0,-30,-30,-30,4
6633,30,-30,-30,-30,-30,-30,-30,-30,-30,-30,0
1593,-30,-30,20,-30,-30,-30,-18,-30,-30,-30,2
5960,17,-30,-30,-30,-30,-30,-15,-30,-30,-30,0
1013,-30,-30,30,-30,-30,-30,-28,-30,-30,-30,2
688,-30,-30,-30,-30,-30,30,-30,-30,-30,-30,5
5210,-30,-30,-30,-30,-30,30,-30,-30,-30,-30,5
9144,-30,30,-30,-30,-30,-30,-30,-30,-30,-30,1
4841,-30,-30,30,-30,-30,-30,-30,-30,-30,-30,2
2405,30,-30,-30,-30,-30,-30,-30,-30,-30,-30,0
891,-30,-30,-30,-30,-30,-30,-30,-30,-30,30,9
9479,-30,-30,-30,30,-30,-30,-30,-30,-30,-30,3
9797,-30,-30,-30,-30,-30,-30,-30,30,-30,-30,7
7913,-30,-30,-30,-30,-30,-30,-30,-30,30,-30,8
5126,-30,-30,-30,-30,30,-30,-13,-30,-30,-30,4
8487,-30,-30,-30,-30,-30,-30,-30,-30,30,-30,8
7456,-30,-30,-30,30,-30,-30,-30,-30,-30,-30,3
3792,-30,-30,-30,-30,-16,-30,-16,-30,-30,-30,4
8625,-30,-30,-30,-30,-30,-30,-30,30,-30,-30,7
8018,5,-30,-30,-30,-30,-30,-27,-30,-30,-30,0
3645,-30,-30,-30,-30,-30,-30,-30,30,-30,-30,7
3878,-30,-30,-30,-30,30,-30,-30,-30,-30,-30,4
4920,-30,-30,-30,-30,-30,-30,-30,-30,30,-30,8
6672,-30,-30,-30,-30,-30,-30,-30,-30,-30,-30,0
9062,-30,-30,-30,30,-30,-30,-30,-30,-30,-30,3
8606,-30,-30,-30,-30,30,-30,-30,-30,-30,-30,4
8523,-30,-30,-12,-30,-25,-30,-30,-30,-30,-30,2
9071,-30,-30,-30,30,-30,-30,-30,-30,-30,-30,3
7291,-30,-30,-30,-30,30,-30,26,-30,-30,-30,4
9816,-30,-30,-30,-30,-30,-30,-30,-30,-30,30,9
440,-30,-30,-30,-30,-30,-30,-30,-30,-30,-30,0
3277,-30,-30,-9,-30,-29,-30,-7,-30,-30,-30,6
6623,-30,-30,-30,-10,-30,-30,-30,-30,-30,-30,3
8029,-30,-30,-30,-30,-30,-30,-30,-30,-30,30,9
5539,-30,30,-30,-30,-30,-30,-30,-30,-30,-30,1
6392,-30,-30,-30,-30,-30,-30,-30,-30,30,-30,8
3650,-30,30,-30,-30,-30,-30,-30,-30,-30,-30,1
9808,-30,-30,-30,-30,-30,-30,-30,-3,-30,-30,7
9400,-30,-30,-30,-30,-30,-5,-30,-30,-30,-26,5
4076,-30,-30,-30,-30,-30,30,-30,-30,-30,-30,5
3898,-30,-30,-30,-30,-19,-30,30,-30,-30,-30,6
8995,-12,-30,-30,-30,-30,-30,-30,-30,-30,-30,0
4479,-30,-30,19,-30,-30,-30,-30,-30,-30,-30,2
9900,-30,30,-30,-30,-30,-30,-30,-30,-30,-30,1
4040,30,-30,-30,-30,-30,-30,-18,-30,-30,-30,0
1278,-30,-30,-30,-30,-30,-5,-30,-5,-30,-30,5
7832,-30,-30,-30,-30,9,-30,-2,-30,-30,-30,4
5655,30,-30,-30,-30,-30,-30,-30,-30,-30,-30,0
7713,30,-30,-30,-30,-30,-30,-30,-30,-30,-30,0
157,-30,-30,-22,-30,-30,-30,-27,-30,-30,-30,2
3839,-30,-30,-30,-30,-30,-30,-30,30,-30,-30,7
3387,-30,-30,-30,-30,-30,-26,-30,-30,-30,-15,9
8537,30,-30,-30,-30,-30,-30,-30,-30,-30,-30,0
7415,-30,-30,-30,-30,-30,-30,30,-30,-30,-30,6
934,-30,-30,-30,-30,-30,17,-30,-30,-30,-30,5
7529,-30,-30,-30,-30,-30,-30,-30,-30,-30,30,9
6230,-30,-30,-30,-30,-30,-30,-30,-30,13,-30,8
8671,-30,-30,-30,-30,-30,-30,-30,-30,30,-30,8
9576,-30,-30,-15,-30,-30,-30,-2,-30,-30,-30,6
9368,-30,-30,-30,-30,-30,-30,-11,-30,-30,-30,6
1904,-30,-30,-30,-3,20,-30,-30,-30,-30,-30,4
8796,30,-30,-30,-30,-30,-30,-16,-30,-30,-30,0
797,-30,-30,30,-30,-30,-30,-17,-30,-30,-30,2
6720,-30,-30,-30,-30,-30,-30,-30,-30,-30,30,9
5909,-30,-30,-30,-30,-30,-30,-30,-30,-30,-30,0
8074,-30,-30,-30,-30,-30,-18,-30,30,-30,-30,7
4995,-30,-30,-30,-30,-30,-30,-30,30,-30,-30,7
3331,-30,30,-30,-30,-30,-30,-30,-30,-30,-30,1
304,-30,-30,-30,-30,-22,-30,-14,-30,-28,-30,6
328,-30,-30,-30,-30,-30,-30,-7,-30,-30,-30,6
1203,30,-30,-30,-30,-30,-30,-24,-30,-30,-30,0
6211,-30,-30,-30,-30,-30,2,-30,-30,-30,-30,5
7514,30,-30,-30,-30,-30,-30,-30,-30,-30,-30,0
5013,-30,-30,-30,-30,-30,-30,-30,-30,-30,30,9
7028,-30,-30,-30,-30,-30,-30,-30,-30,-30,30,9
9152,-30,-30,-30,-30,-30,-30,-30,-30,30,-30,8
2582,-30,-30,-30,-30,-30,-30,-30,-30,30,-30,8
1326,-30,-30,-30,-15,-30,-30,-30,-30,-30,-30,3
8238,-30,-30,-30,-19,-30,-30,-30,-30,-30,-30,3
8959,-30,-30,14,-30,-9,-30,-30,-30,-30,-30,2
8263,-30,-30,-30,-30,30,-30,-30,-30,-30,-30,4
1331,-30,-30,-13,-30,-30,-30,30,-30,-30,-30,6
4121,-30,-30,-30,-30,-30,-30,30,-30,-30,-30,6
7463,-30,-30,-30,30,-30,-30,-30,-30,-30,-30,3
7615,-30,-30,30,-30,-30,-30,-9,-30,-30,-30,2
6168,-30,-30,-30,30,-30,-30,-30,-30,-30,-30,3
2190,-30,-30,-30,-30,-30,-9,-30,-1,-30,-30,7
6140,-30,-30,-2,-30,-30,-30,-30,-30,-30,-30,2
1347,-30,-30,-30,-30,-30,-30,-30,-30,-30,30,9
9592,-30,-30,-30,20,-30,-30,-30,-30,-30,-30,3
7557,-30,-30,-30,-30,-30,-30,-17,-30,-30,-30,6
9888,-30,-30,-30,-30,-30,-29,-30,27,-30,-30,7
5069,-30,-30,-30,-30,-30,-30,-30,30,-30,-30,7
5934,-15,-30,-30,-30,-30,-30,-16,-30,-30,-30,0
2189,-30,-30,-30,-8,-30,-30,6,-30,-30,-30,6
9321,-30,-30,-30,-30,-30,2,-30,-30,-30,-30,5
4591,-30,-30,-30,-30,-30,30,-30,-30,-30,-30,5
4549,-30,-30,-30,-30,-30,-30,30,-30,-30,-30,6
5138,-30,-30,-30,-30,18,-30,-30,-30,-30,-30,4
2289,-30,-30,-30,-30,-30,30,-30,-30,-30,-30,5
9057,-30,-30,-30,-30,-30,-30,-30,-30,-30,27,9
872,-30,-30,8,-30,-30,-30,-5,-30,-30,-30,2
7588,-30,-30,-30,-11,-30,-30,-30,-30,-30,-30,3
1938,-30,-30,-30,-30,-30,-30,-30,-16,-30,-30,7
9090,-30,-30,-30,-30,-30,30,-30,-30,-30,-30,5
3241,-30,30,-30,-30,-30,-30,-30,-30,-30,-30,1
946,-30,-30,-30,-30,-30,-30,-30,-30,-30,30,9
2287,-30,-30,-30,-30,-30,-30,-30,-30,30,-30,8
6167,-30,-30,-30,-30,-30,-30,-30,-30,30,-30,8
2512,-30,-30,-30,-30,-30,-30,-30,-30,-30,26,9
938,-30,-30,-30,-30,-30,-30,-30,-30,-30,30,9
8353,-30,-30,30,-30,-30,-30,-29,-30,-30,-30,2
4515,-30,-30,-30,-30,-30,-2,-30,-4,-30,-30,5
5286,-30,-30,16,-30,-30,-30,-6,-30,-30,-30,2
7898,-30,-30,8,-30,-30,-30,3,-30,-30,-30,2
5561,-30,-30,-30,30,-30,-30,-30,-30,-30,-30,3
2108,-30,-30,-30,-30,-30,-30,-30,-30,30,-30,8
1800,-30,-30,-30,-30,-30,-30,-30,-7,-30,-30,7
1967,-30,-30,-30,-30,-23,-30,17,-30,-30,-30,6
4894,-30,-30,6,-30,-30,-30,-10,-30,-30,-30,2
1994,-30,-30,-30,-30,-30,-7,-30,-4,-30,-30,7
8522,-30,-30,-30,-30,30,-30,30,-30,-30,-30,4
2695,-30,-30,-30,-30,-30,-30,-30,-30,-24,-30,8
5480,-30,-30,-30,-30,-28,-30,30,-30,-30,-30,6
7485,-30,30,-30,-30,-30,-30,-30,-30,-30,-30,1
5231,-30,-30,-30,-30,30,-30,-30,-30,-30,-30,4
575,-30,-30,-30,-30,-30,-30,-30,-30,-30,30,9
7261,-30,-30,-30,30,-30,-30,-30,-30,-30,-30,3
2519,-30,30,-30,-30,-30,-30,-30,-30,-30,-30,1
7608,-30,-30,-30,-30,-30,-30,30,-30,-30,-30,6
9440,-30,-30,-30,-30,-30,30,-30,-30,-30,-30,5
5413,30,-30,-30,-30,-30,-30,-14,-30,-30,-30,0
985,-30,-30,-30,-30,-30,-2,-30,-30,-30,-30,5
1795,-30,-30,-30,-30,-30,-30,-30,30,-30,-30,7
1113,-30,-30,-30,-30,-30,-26,-30,-30,-30,-30,5
2216,-30,-30,30,-30,-30,-30,-30,-30,-30,-30,2
8239,-30,-30,-30,1,-30,-30,-30,-30,-30,-30,3
3718,-30,-30,-30,30,-30,-30,-30,-30,-30,-30,3
6017,-30,-30,-30,-30,-30,-30,-30,-30,-30,30,9
7187,-30,-30,-30,-30,-30,-30,-24,-30,-30,-30,6
2266,-30,-30,-30,30,-30,-30,-30,-30,-30,-30,3
6238,-30,-30,-30,-30,-30,-30,14,-30,-30,-30,6
2132,30,-30,-30,-30,-30,-30,-30,-30,-30,-30,0
3156,-30,-30,-30,-30,-1,-30,-13,-30,-30,-30,4
5298,-30,-30,-30,-30,-30,-11,-30,-22,-30,-30,5
6125,30,-30,-30,-30,-30,-30,-30,-30,-30,-30,0
7111,-30,-30,-30,-30,30,-30,-2,-30,-30,-30,4
4796,-30,-30,-30,-30,-30,-30,-30,-8,-30,-30,7
8975,-30,-30,-30,-30,-25,-30,30,-30,-30,-30,6
2531,30,-30,-30,-30,-30,-30,-9,-30,-30,-30,0
133,-30,-30,-30,30,-30,-30,-30,-30,-30,-30,3
5675,-30,-30,-30,-30,30,-30,-30,-30,-30,-30,4
509,-30,-30,-30,-30,-30,-30,-30,-14,-30,-30,7
1444,30,-30,-30,-30,-30,-30,-30,-30,-30,-30,0
5683,-30,-30,30,-30,-30,-30,-2,-30,-30,-30,2
302,-30,30,-30,-30,-30,-30,-30,-30,-30,-30,1
933,-30,30,-30,-30,-30,-30,-30,-30,-30,-30,1
7401,-30,-30,-30,-21,-30,-30,-30,-30,-30,-30,3
8421,-30,-30,-30,-30,-30,-30,-1,-30,-30,-30,6
8810,-30,-30,-28,-30,-30,-30,-6,-30,7,-30,8
7578,-30,-30,-30,-30,-30,30,-30,-30,-30,-30,5
8065,-30,-30,-30,-30,-30,-30,-30,-30,-30,30,9
9098,30,-30,-30,-30,-30,-30,-30,-30,-30,-30,0
5378,-30,10,-30,-30,-30,-30,9,-30,-30,-30,1
6746,-30,-30,-30,-30,-30,-30,30,-30,-30,-30,6
2071,-30,-30,-30,-30,-30,30,-30,-30,-30,-30,5
9520,-30,30,-30,-30,-30,-30,-30,-30,-30,-30,1
1731,-30,-30,-30,-30,-30,-30,-23,-30,-24,-30,6
9034,-30,-30,-30,-30,-25,-30,-30,-30,-30,-30,4
7229,-30,-30,-30,-30,-30,-30,-30,-30,30,-30,8
2473,-30,-30,-9,-30,-30,-30,-6,-30,-30,-30,6
5682,-30,-30,-30,-30,-30,-30,-30,30,-30,-30,7
6208,-30,-30,-30,-30,-30,22,-30,-30,-30,-30,5
6105,-30,-30,-30,30,-30,-30,-30,-30,-30,-30,3
60,-30,-30,-30,-30,-30,-30,-30,-30,30,-30,8
1398,-30,30,-30,-30,-30,-30,-30,-30,-30,-30,1
1970,-30,30,-30,-30,-30,-30,-30,-30,-30,-30,1
7524,-30,-30,-30,-30,-30,-28,-30,-30,-30,21,9
7055,-30,-30,-30,-30,-30,-30,-30,-30,30,-30,8
2754,-30,30,-30,-30,-30,-30,-30,-30,-30,-30,1
9679,-30,-30,-30,30,-30,-30,-30,-30,-30,-30,3
8016,-30,-30,-30,30,-30,-30,-30,-30,-30,-30,3
4655,-30,-30,-30,-30,-30,-30,-30,30,-30,-30,7
4964,-30,-30,-30,-30,-30,26,-30,-30,-30,-30,5
6934,-30,-26,-30,-30,-30,-30,-30,-30,-30,-30,1
7062,-30,-30,-30,-30,-30,30,-30,-30,-30,-30,5
9670,-30,-30,-30,-30,-30,-30,-30,26,-30,-30,7
8827,-30,-30,-30,-30,-30,-30,-13,-30,2,-30,8
6916,-30,-30,-30,-30,-30,-30,-30,-30,-30,30,9
6268,-30,-30,-26,-30,-30,-30,-19,-30,-10,-30,8
9978,-30,-30,-30,30,-30,-30,-30,-30,-30,-30,3
3435,-30,-30,-30,-30,-30,30,-30,-30,-30,-30,5
2822,-30,-30,-30,-30,-30,-30,-30,-30,30,-30,8
3763,-30,-30,-5,-30,-30,-30,-30,-30,-30,-30,2
2339,-30,-30,-30,-30,-30,-30,30,-30,-30,-30,6
4243,-30,-30,-30,30,-30,-30,-30,-30,-30,-30,3
3772,-30,-30,-30,-30,-30,-30,-30,-30,30,-30,8
6708,-30,-30,-30,-30,-11,-30,17,-30,-30,-30,6
5326,-30,-30,-30,-30,-30,-30,-30,-30,-30,-30,0
8277,-30,-30,-30,-30,-30,-2,-30,-30,-30,-30,5
9960,-30,-30,17,-30,-30,-30,-19,-30,-30,-30,2
7934,-30,-30,-30,-30,-30,-10,-30,-30,-30,-30,5
0,-30,30,-30,-30,-30,-30,-30,-30,-30,-30,1
8340,-30,-30,-30,-30,-30,-30,-30,-30,-30,-17,9
3320,-30,-30,-30,30,-30,-30,-30,-30,-30,-30,3
8507,-30,-30,-30,-30,-30,30,-30,-30,-30,-30,5
4517,-30,-30,-30,-30,30,-30,-30,-30,-30,-30,4
7119,-30,-30,-30,-30,-30,-30,-30,-30,30,-30,8
8393,-30,-30,-30,-30,-30,-30,30,-30,-30,-30,6
2019,-30,-30,-29,-30,-30,-30,-11,-30,-30,-30,6
1924,-30,30,-30,-30,-30,-30,-30,-30,-30,-30,1
2986,-30,30,-30,-30,-30,-30,-30,-30,-30,-30,1
9929,-30,-30,-30,-30,-30,-30,-30,30,-30,-30,7
1078,-30,-30,-30,-30,-30,-30,-30,-30,-30,30,9
8651,-30,-30,6,-30,-30,-30,8,-30,-30,-30,6
5848,-30,-30,30,-30,-30,-30,-30,-30,-30,-30,2
5294,-30,-30,-30,-30,-30,-30,-30,30,-30,-30,7
1954,-30,-30,-30,-30,25,-30,-9,-30,-30,-30,4
861,-30,-30,-30,-30,-30,-30,-30,-30,-30,-30,0
9907,-30,-30,-30,-30,-30,-30,-30,-30,30,-30,8
3756,-30,-30,30,-30,-30,-30,-22,-30,-30,-30,2
7709,-30,-30,30,-30,-30,-30,-12,-30,-30,-30,2
5612,-30,-30,-30,-30,-30,-30,-30,-30,-30,-30,0
9742,-30,-30,-30,-30,-30,-30,-30,-30,-30,-30,0
4945,-30,-30,-30,-30,-19,-30,-30,-30,-30,-30,4
1494,-30,-30,-30,-30,30,-30,-30,-30,-30,-30,4
9851,-30,-30,-30,-30,-30,-30,-30,-30,-30,30,9
775,-30,-30,-30,-30,-30,-30,30,-30,-30,-30,6
8761,-30,-30,-30,-30,-30,-30,-30,-30,30,-30,8
8131,-30,-30,-30,-30,30,-30,-30,-30,-30,-30,4
6296,-30,-30,-30,-30,-30,9,-30,-30,-30,-30,5
9006,-30,-30,-30,-30,-30,-30,-30,-30,-30,28,9
7590,-14,-30,-30,-30,-30,-30,-19,-30,-30,-30,0
3944,-30,-30,-30,-15,-30,-30,30,-30,-30,-30,6
8126,-30,-30,-30,-30,-30,-30,-30,-30,-30,30,9
9395,-30,-30,-30,-30,-30,-30,-30,-30,-30,-30,0
35,-30,-30,-30,-30,-30,-30,-30,-30,-30,30,9
1631,-30,-30,-30,-30,-30,-30,-30,-30,30,-30,8
2368,-30,-30,-30,-30,-30,-30,-30,30,-30,-30,7
8314,-30,-30,-30,-1,-3,-30,-30,-30,-30,-30,3
6376,-30,-30,10,-30,-30,-30,-30,-30,-30,-30,2
1799,-30,-30,30,-30,-30,-30,-24,-30,-30,-30,2
5811,-30,-30,-30,-30,-30,30,-30,-30,-30,-30,5
8223,-30,-30,-30,30,-30,-30,-30,-30,-30,-30,3
5869,-30,-30,-30,-30,-30,-30,-30,30,-30,-30,7
4521,3,-30,-30,-30,-30,-30,-19,-30,-30,-30,0
4379,-30,-30,-30,-30,-30,-30,-30,30,-30,-30,7
8704,-30,-30,-30,-30,-30,-30,-30,-30,-30,-30,0
9812,-30,-30,-30,-30,-30,-30,-30,-30,-30,30,9
2200,-30,-30,-30,30,-30,-30,-30,-30,-30,-30,3
5283,-30,-30,-30,-30,-30,-30,-30,30,-30,-30,7
6271,6,-30,-30,-30,-30,-30,-30,-30,-30,-30,0
9758,-30,-30,-30,-30,-30,-30,-30,-30,-30,30,9
4570,-30,-30,-30,30,-30,-30,-30,-30,-30,-30,3
4423,-30,-30,-30,-30,-30,-30,-30,-30,30,-30,8
5601,-30,-30,-30,-30,-30,-30,-30,-30,-30,-30,0
9179,-30,-30,-30,-30,-29,-30,-30,-30,-30,-30,4
6587,-30,-30,-30,-30,-30,-30,-30,-29,-30,-9,9
8539,-30,-30,30,-30,-30,-30,13,-30,-30,-30,2
6405,-30,-30,-30,-30,-24,-30,21,-30,-30,-30,6
59,-30,-30,-30,-30,-30,-30,30,-30,-30,-30,6
6904,-30,-30,-29,-30,27,-30,-30,-30,-30,-30,4
5552,30,-30,-30,-30,-30,-30,-30,-30,-30,-30,0
376,-30,-30,-30,-30,-30,-30,-30,30,-30,-30,7
666,-30,-30,-30,-30,-30,-30,-30,-30,30,-30,8
7750,-30,-30,-25,-30,30,-30,-30,-30,-30,-30,4
8815,-30,-30,30,-30,-30,-30,16,-30,-30,-30,2
4810,-30,-30,3,-30,-13,-30,3,-30,-30,-30,2
8771,-30,-30,-30,-30,-30,30,-30,-30,-30,-30,5
2505,-30,-30,-30,-30,-30,30,-30,-30,-30,-30,5
3761,1,-30,-30,-30,-30,-30,-17,-30,-30,-30,0
9999,-30,-30,-30,-30,30,-30,-30,-30,-30,-30,4
9735,-30,-30,-30,-30,-30,30,-30,-30,-30,-30,5
4021,-30,-30,-30,-30,-30,30,-30,-30,-30,-30,5
7635,-30,-30,-30,-30,-30,-30,-30,-30,30,-30,8
4510,-30,30,-30,-30,-30,-30,-30,-30,-30,-30,1
6262,-30,30,-30,-30,-30,-30,-30,-30,-30,-30,1
6069,-30,-30,-30,-30,-30,-30,-30,0,-7,-30,7
2173,-30,-30,-30,-30,17,-30,30,-30,-30,-30,6
8683,-30,-30,-30,-30,-30,-30,30,-30,-30,-30,6
1163,-30,-30,-30,-30,-30,-30,-30,-30,-30,30,9
7427,18,-30,-30,-30,-30,-30,-18,-30,-30,-30,0
7245,-30,-30,-30,-30,-30,-30,-30,-30,30,-30,8
8510,-30,-30,-30,-30,-30,-30,-30,30,-30,-30,7
373,-30,-30,-30,-30,17,-30,-30,-30,-30,-30,4
4279,-30,-30,-30,-30,-30,-30,-16,-30,-6,-30,8
3043,-30,30,-30,-30,-30,-30,-30,-30,-30,-30,1
2116,-30,-30,20,-30,-30,-30,-4,-30,-30,-30,2
9495,-30,-30,-30,-30,-30,-30,-30,-1,-30,-30,7
4446,-30,-30,-30,-30,-30,-30,-30,11,-30,-30,7
3696,-30,-30,4,-30,-30,-30,-19,-30,-30,-30,2
605,-30,-30,-30,-30,-30,-30,-30,-30,-30,30,9
6844,-30,-30,-30,-30,-30,-30,-30,-30,30,-30,8
7683,-30,-30,-30,-30,-30,30,-30,-30,-30,-30,5
5535,-30,30,-30,-30,-30,-30,-30,-30,-30,-30,1
5639,-30,30,-30,-30,-30,-30,-30,-30,-30,-30,1
3924,-30,-30,-30,-6,-30,-30,-30,-30,-30,-30,3
9569,-30,-30,30,-30,-30,-30,-18,-30,-30,-30,2
6913,-30,-30,-27,-30,-30,-30,-22,-30,-30,-30,6
9137,-30,-30,-30,-30,-30,-30,-30,-30,-30,-12,9
9046,-30,-30,-30,30,-30,-30,-30,-30,-30,-30,3
871,-30,30,-30,-30,-30,-30,-30,-30,-30,-30,1
3075,-30,-30,-30,-30,-30,-30,-30,-30,-30,30,9
3151,-30,-30,-30,-10,-30,-30,-30,-30,-30,-30,3
4354,-30,-30,-30,-30,-30,-26,-30,-30,-30,-30,5
8613,-30,-30,-30,-30,-30,30,-30,-30,-30,-30,5
803,-30,-30,-12,-30,-30,-30,-11,-30,-20,-30,6
5407,30,-30,-30,-30,-30,-30,-30,-30,-30,-30,0
607,-30,-30,-30,-30,-30,-30,-30,18,-30,-30,7
417,-4,-30,-30,-30,-30,-30,17,-30,-30,-30,6
3822,-30,-30,-30,-30,-30,-30,30,-30,-30,-30,6
8844,-30,-30,-30,-28,-30,-30,-30,-30,-30,-30,3
4097,-30,28,-30,-22,-30,-30,-30,-30,-30,-30,1
2263,-30,-30,-30,30,-30,-30,-30,-30,-30,-30,3
8320,-30,30,-30,-30,-30,-30,-30,-30,-30,-30,1
8096,-30,-30,-30,30,-30,-30,-30,-30,-30,-30,3
3537,-30,-30,16,-30,-30,-30,-30,-30,-30,-30,2
5571,-30,-30,-30,-30,-30,-30,-30,-30,-30,-15,9
4126,-30,-30,30,-30,-30,-30,-4,-30,-30,-30,2
1838,-30,-30,-30,-30,-30,-30,-30,-30,-30,-30,0
4272,-30,-30,-30,-30,-30,-30,-30,-30,-30,30,9
6502,-30,-30,-30,-30,-30,30,-30,-30,-30,-30,5
4087,-30,-30,-30,-30,-30,-30,10,-30,-30,-30,6
6475,-30,-30,-30,-30,-30,-30,-30,-30,-30,30,9
2740,-30,-30,-30,-30,-30,-30,30,-30,-30,-30,6
5533,-30,-30,-30,-3,-30,-30,-30,-30,-30,-30,3
1796,-30,-30,-20,-30,-30,-30,-17,-30,-30,-30,6
3867,-30,-30,15,-30,-21,-30,-30,-30,-30,-30,2
9476,-28,-30,-30,-30,-30,-30,-13,-30,-30,-30,6
4596,-12,-30,-30,-30,-30,-30,-5,-30,-21,-30,6
4314,-30,-30,-30,-30,-30,30,-30,-30,-30,-30,5
8079,-30,-30,30,-30,-30,-30,-30,-30,-30,-30,2
2997,-30,-30,30,-30,-30,-30,-30,-30,-30,-30,2
4595,-30,-30,-30,-30,-30,30,-30,-30,-30,-30,5
9613,-30,-30,-30,-30,-30,-30,-30,-30,-30,-30,0
1630,-30,30,-30,-30,-30,-30,-30,-30,-30,-30,1
6651,-30,-30,-30,-30,-30,-30,-30,-30,-30,-30,0
8116,-30,-30,30,-30,-30,-30,3,-30,-30,-30,2
9762,-30,-30,-30,-30,-30,-21,-30,30,-30,-30,7
7964,-30,-30,-29,-30,-6,-30,-30,-30,-30,-30,4
7001,-30,-30,-30,-30,30,-30,-30,-30,-30,-30,4
1917,-30,-30,-30,-30,-30,-30,-30,-30,30,-30,8
7386,-30,-30,-30,-30,-30,-30,18,-30,-30,-30,6
9529,-30,-30,30,-30,-30,-30,13,-30,-30,-30,2
2768,-30,-30,-30,-22,-30,-30,-30,-30,-30,-30,3
2924,30,-30,-30,-30,-30,-30,-30,-30,-30,-30,0
5905,-30,-30,-30,-30,-12,-30,18,-30,-30,-30,6
9010,-30,-30,-30,-30,-30,-30,-30,-30,-30,-30,0
1004,-30,-30,-30,-30,-17,-30,30,-30,-30,-30,6
5664,-30,-30,-28,-30,-30,-30,-30,-30,9,-30,8
7704,-30,-30,-30,30,-30,-30,-30,-30,-30,-30,3
5654,-30,-30,-30,-30,-30,-30,-30,-30,30,-30,8
2423,-30,-30,-5,-30,-30,-30,-7,-30,-30,-30,2
8231,30,-30,-30,-30,-30,-30,-30,-30,-30,-30,0
6931,-30,-30,-30,-30,30,-30,-30,-30,-30,-30,4
5580,-30,-30,-30,-30,-30,-30,-30,-30,-30,-30,0
6867,-30,-30,-30,-30,-30,-30,-30,-30,30,-30,8
7255,-30,-30,-14,-30,-30,-30,-18,-30,-30,-30,2
2249,-30,-30,-30,-30,-30,-30,30,-30,-30,-30,6
9235,-30,-30,-30,-30,-30,30,-30,-30,-30,-30,5
6586,-30,-30,30,-30,-30,-30,-30,-30,-30,-30,2
8305,-30,-30,30,-30,-30,-30,-20,-30,-30,-30,2
1309,-30,-30,-30,30,-30,-30,-30,-30,-30,-30,3
4139,30,-30,-30,-30,-30,-30,-30,-30,-30,-30,0
2416,-30,30,-30,-30,-30,-30,-30,-30,-30,-30,1
5317,-30,-30,-30,-30,-30,-30,-30,-30,-30,30,9
3493,30,-30,-30,-30,-30,-30,-30,-30,-30,-30,0
1766,-30,-30,-30,-30,-30,-30,-30,-30,-30,30,9
7619,-30,30,-30,-30,-30,-30,-30,-30,-30,-30,1
580,-30,-30,-30,-30,-30,-30,-30,-30,-30,30,9
9906,-30,-30,-30,-30,-30,-30,-30,-30,-30,-30,0
182,-30,-30,-30,-30,-30,1,-30,-30,-30,-30,5
1055,-30,-30,-11,-30,-30,-30,-30,-30,-30,-30,2
6607,-30,-30,28,-30,-30,-30,-16,-30,-30,-30,2
6320,-30,-30,-30,-30,-30,-30,-30,30,-30,-30,7
4129,-30,-30,-30,-1,-30,-30,-30,-30,-30,-30,3
5451,-30,-30,-30,-30,-30,-30,-30,-30,30,-30,8
3508,-30,-30,-30,-30,-30,28,-30,-30,-30,-30,5
8790,-30,-30,-30,-30,-30,-30,-27,-30,-30,-30,6
4839,-30,-30,-30,-30,-30,-30,-15,-30,-8,-30,8
7197,-30,-30,-30,-30,-30,-30,-30,-30,-30,-30,0
8946,-30,-30,-30,-30,-30,-30,-30,-30,-30,-30,0
641,-30,-30,-30,-30,-30,30,-30,-30,-30,-30,5
8434,-30,-30,-30,-30,-30,30,-30,-30,-30,-30,5
5134,-30,-30,-30,-30,-30,-30,-30,-30,-30,30,9
6531,-30,-30,-30,-30,-30,-30,-30,30,-30,-30,7
3261,30,-30,-30,-30,-30,-30,-24,-30,-30,-30,0
9289,-11,-30,-30,-30,-30,-30,-11,-30,-30,-30,0
188,30,-30,-30,-30,-30,-30,-30,-30,-30,-30,0
8346,-30,-30,-30,30,-30,-30,-30,-30,-30,-30,3
9183,-30,-30,17,-30,-30,-30,-30,-30,-30,-30,2
3311,-30,-30,-30,-30,12,-30,-30,-30,-30,-30,4
3494,-30,-30,-30,-30,30,-30,-30,-30,-30,-30,4
7932,-30,-30,-30,-30,-30,-30,-30,-30,-30,-30,0
6434,-30,-30,-30,-30,-30,3,-30,9,-30,-30,7
5866,-30,30,-30,-30,-30,-30,-30,-30,-30,-30,1
5653,-30,-30,-30,30,-30,-30,-30,-30,-30,-30,3
1900,-30,-30,-30,-30,-8,-30,-30,-30,-30,-30,4
4032,4,-30,-30,-30,-30,-30,-12,-30,-30,-30,0
4124,-30,-30,-30,-30,30,-30,28,-30,-30,-30,4
995,-30,-30,-30,-30,-30,-30,-30,-30,-30,-10,9
7177,-30,30,-30,-30,-30,-30,-30,-30,-30,-30,1
8151,-30,-30,-30,-30,-30,-30,26,-30,-30,-30,6
4825,-30,-30,-30,-30,-30,-30,-30,-14,-30,-30,7
5985,-30,-30,-30,30,-30,-30,-30,-30,-30,-30,3
3096,-30,-30,-30,-30,-21,-30,-30,-30,-30,-30,4
2005,-30,-30,-30,-30,-30,-30,-30,-30,30,-30,8
9530,-30,-30,-30,-30,-30,-30,-30,-30,30,-30,8
2935,-30,-30,-30,-30,-30,-30,-19,-30,-30,-30,6
1222,-30,-30,-30,-30,-30,-30,-30,-30,30,-30,8
4996,-30,-30,-30,-30,-30,-30,-30,-30,-30,16,9
1861,-30,-30,-30,-30,24,-30,-30,-30,-30,-30,4
4874,-30,0,-30,-30,-30,-30,-29,-30,-30,-30,1
9197,-30,-30,-30,-30,-14,-30,30,-30,-30,-30,6
8947,-30,-30,-30,-30,-30,30,-30,-30,-30,-30,5
1524,-30,-30,-30,-30,-21,-30,-30,-30,-30,-30,4
4864,-30,-30,-30,-30,-30,-21,-30,-30,-30,-30,5
4053,-30,-30,-30,-30,-30,-30,-30,-30,30,-30,8
8326,-30,-30,-30,-30,-30,30,-30,-30,-30,-30,5
3647,-30,-30,-30,-30,-30,-30,-2,-30,-30,-30,6
3680,-30,-30,-30,-30,-30,-30,-30,-30,30,-30,8
913,-30,-30,-30,-30,-30,30,-30,-30,-30,-30,5
7988,-30,-30,-13,-30,18,-30,-30,-30,-30,-30,4
5846,-30,-30,-29,-30,-28,-30,-30,-30,-30,-30,4
8224,-30,-30,-30,-30,-30,-30,-30,-30,30,-30,8
4863,-30,-30,-30,-30,-30,-30,-30,-30,-30,30,9
4869,-30,-30,-30,-30,-30,-30,-30,-30,30,-30,8
5825,-30,-8,-30,-30,-30,-30,-30,-30,-30,-30,1
7500,-30,-30,-30,30,-23,-30,-30,-30,-30,-30,3
2815,-30,-30,-30,-10,-30,-30,-26,-30,-30,-30,3
3840,-30,-30,-30,-30,-30,-30,-30,-30,30,-30,8
6135,-30,-30,-30,-30,-30,-30,-30,-30,30,-30,8
9861,-30,-30,-30,-30,-30,-30,30,-30,-30,-30,6
1717,30,-30,-30,-30,-30,-30,-30,-30,-30,-30,0
786,-30,-30,-30,-30,-30,-30,-30,-30,-30,30,9
8900,-30,-30,-30,-30,30,-30,-30,-30,-30,-30,4
1345,-30,-30,-16,-30,30,-30,-30,-30,-30,-30,4
4344,-30,-30,-30,-30,-30,-30,-30,-30,30,-30,8
2652,-30,30,-30,-30,-30,-30,-30,-30,-30,-30,1
3006,-30,-30,-30,30,-30,-30,-30,-30,-30,-30,3
990,-30,-30,-30,-30,-30,-30,30,-30,-30,-30,6
5673,-30,30,-30,-30,-30,-30,-30,-30,-30,-30,1
3753,-30,-30,-30,-30,-30,-30,-30,-30,-30,30,9
3352,-30,-30,30,-30,-30,-30,-8,-30,-30,-30,2
329,-30,30,-30,-30,-30,-30,-30,-30,-30,-30,1
4158,-30,-30,-30,-30,5,-30,18,-30,-30,-30,6
2090,-30,-30,-12,-30,-30,-30,-30,-30,-30,-30,2
9287,-30,-30,-30,-30,-30,-20,-30,30,-30,-30,7
9206,-30,-30,-30,-30,-30,-30,-30,-30,-30,30,9
4400,-30,-30,-30,-30,6,-30,-30,-30,-30,-30,4
297,-14,-30,-30,-30,-30,-30,30,-30,-30,-30,6
4424,-30,-30,-30,-30,-30,-30,-30,-30,-30,-30,0
8497,-30,-30,-30,-30,-4,-30,-7,-30,-30,-30,4
1399,-30,-30,-30,-30,30,-30,-30,-30,-30,-30,4
7445,-30,-30,30,-30,-30,-30,-5,-30,-30,-30,2
3837,-30,-30,-30,-30,30,-30,-30,-30,-30,-30,4
819,-30,-30,-30,-30,-30,30,-30,-30,-30,-30,5
624,30,-30,-30,-30,-30,-30,-22,-30,-30,-30,0
4642,-30,-30,29,-30,-30,-30,3,-30,-30,-30,2
2077,-30,-30,-30,-30,-30,-30,-30,-30,30,-30,8
2805,-30,-30,-30,30,-30,-30,-30,-30,-30,-30,3
5840,-30,-30,-30,-30,-30,-30,-30,-14,-30,-30,7
1827,-30,-30,-30,-30,24,-30,30,-30,-30,-30,6
1186,-30,-30,4,-30,-30,-30,-30,-30,-30,-30,2
8656,30,-30,-30,-30,-30,-30,-30,-30,-30,-30,0
4898,30,-30,-30,-30,-30,-30,-30,-30,-30,-30,0
5202,-30,-30,-30,-30,-30,4,-30,30,-30,-30,7
4238,-30,-30,-30,-30,6,-30,-18,-30,-30,-30,4
9790,-30,-30,-30,15,-30,-30,-30,-30,30,-30,8
1354,-30,-30,30,-30,-30,-30,-30,-30,-30,-30,2
1019,-30,-30,-30,-30,5,-30,29,-30,-30,-30,6
8108,-30,-30,-30,-30,-30,-30,-30,-30,-30,-30,0
6875,30,-30,-30,-30,-30,-30,-30,-30,-30,-30,0
1134,-30,-30,25,-30,-30,-30,-30,-30,-30,-30,2
6421,-30,30,-30,-30,-30,-30,-30,-30,-30,-30,1
8582,-30,-30,-30,-30,-30,-30,-30,30,-30,-30,7
719,-30,-30,-30,-30,-30,-30,-30,-9,-30,-30,7
5444,-30,-30,-30,-30,-30,30,-30,-30,-30,-30,5
1339,-30,-30,-30,-30,-19,-30,-8,-30,-30,-30,6
3546,-30,-30,-30,-30,-30,-30,-30,30,-30,-30,7
3283,-30,-30,-30,-30,-30,-30,-15,-30,-30,-30,6
219,-30,-30,-26,-30,-30,-30,-15,-30,-30,-30,6
6535,-30,-30,-30,-30,-30,-30,-30,30,-30,-30,7
2467,-30,-30,-30,-12,-30,-30,-30,-30,-30,-30,3
5890,-30,-30,-30,30,-30,-30,-30,-30,-30,-30,3
5745,-30,30,-30,-30,-30,-30,-30,-30,-30,-30,1
3927,-30,-30,-30,30,-30,-30,-30,-30,-30,-30,3
980,-30,-30,-30,-15,-30,-30,-30,-30,-30,-30,3
3158,-30,-30,-30,-30,-30,-30,23,-30,-30,-30,6
6058,-30,-30,-30,-30,-30,-30,-30,-30,-30,-30,0
4592,-30,30,-30,-30,-30,-30,-30,-30,-30,-30,1
6378,-30,-30,-30,-30,-30,-30,-30,-11,-30,-30,7
8200,-30,-30,-30,-30,-30,-30,-30,-30,-30,-30,0
537,-30,-30,-30,-30,30,-30,-30,-30,-30,-30,4
2755,-30,-30,-30,-30,-30,-30,-30,30,-30,-30,7
592,-30,30,-30,-30,-30,-30,-30,-30,-30,-30,1
5278,30,-30,-30,-30,-30,-30,-30,-30,-30,-30,0
4193,-30,-30,-30,-30,-30,-30,30,-30,-30,-30,6
4955,-30,-30,-30,-30,-30,22,-30,-30,-30,-30,5
7630,-30,-30,-30,-30,-30,-30,-30,-30,30,-30,8
8217,-30,-30,-30,-30,30,-30,-30,-30,-30,-30,4
3344,-30,-30,-8,-30,-30,-30,2,-30,-30,-30,6
5387,-30,-30,-30,-30,-30,-30,-30,30,-30,-30,7
4380,-30,-30,-30,-30,-30,-30,-30,-30,-30,30,9
8831,-30,-30,-30,-30,-30,30,-30,-30,-30,-30,5
9923,30,-30,-30,-30,-30,-30,-24,-30,-30,-30,0
8118,-30,-30,-30,-30,-30,-30,-30,30,-30,-30,7
6547,-30,-30,-30,-30,-30,-30,-30,-30,-30,30,9
3700,-30,-30,-30,-30,-30,30,-30,-30,-30,-30,5
9234,-30,30,-30,-30,-30,-30,-30,-30,-30,-30,1
1888,-30,-30,28,-30,-30,-30,-26,-30,-30,-30,2
1819,-30,-30,-30,-30,-30,-30,-30,-30,-30,30,9
4621,-30,-30,-30,-30,-30,3,-30,-30,-30,-30,5
6033,-30,-30,-30,-30,-30,30,-30,-30,-30,-30,5
4233,-30,-30,-30,30,-30,-30,-30,-30,-30,-30,3
1895,-30,-30,-30,-30,-30,-30,-30,-30,-30,30,9
2806,-30,-30,-30,-30,-30,-30,-30,-30,-30,30,9
5331,-30,30,-30,-30,-30,-30,-30,-30,-30,-30,1
5099,-30,-30,12,-30,-30,-30,-12,-30,-30,-30,2
8585,-30,-30,-30,-30,-30,-30,-30,30,-30,-30,7
6562,-30,-30,-30,-30,-30,-30,-18,-30,30,-30,8
9905,30,-30,-30,-30,-30,-30,-30,-30,-30,-30,0
9634,-30,30,-30,-30,-30,-30,-30,-30,-30,-30,1
6010,-30,-30,-30,-30,-30,-30,-30,-4,-30,-30,7
8627,-30,-30,-30,-30,30,-30,19,-30,-30,-30,4
2315,-30,-30,-30,-30,-30,-30,-30,28,-30,-30,7
8701,-30,30,-30,-30,-30,-30,-30,-30,-30,-30,1
6483,-30,30,-30,-30,-30,-30,-30,-30,-30,-30,1
9120,-30,-30,-30,-30,-30,30,-30,-30,-30,-30,5
136,-30,-30,-30,-30,-30,30,-30,-30,-30,-30,5
9597,-30,-30,-30,-30,-4,-30,30,-30,-30,-30,6
254,-30,-30,-24,-30,-30,-30,24,-30,-30,-30,6
6118,-30,-30,-30,-30,-30,-30,-30,-30,-30,-30,0
957,-30,-30,-30,-30,-30,-30,-30,-30,-30,30,9
3161,-30,-30,-30,-30,-30,30,-30,-30,-30,-30,5
596,-30,-30,-30,-30,-30,30,-30,-30,-30,-30,5
8901,-30,-30,30,-30,-30,-30,-3,-30,-30,-30,2
4146,-30,-30,-30,30,-30,-30,-30,-30,-30,-30,3
474,-30,-30,-30,-30,-30,-30,-30,-30,-30,30,9
3824,-30,-30,-30,30,-30,-30,-30,-30,-30,-30,3
2075,-30,-30,-30,-30,-30,-30,-30,-30,30,-30,8
5357,-30,-30,-30,-30,-30,30,-30,-30,-30,-30,5
1950,-30,-30,-30,-30,-30,-30,-30,-30,-30,-30,0
5768,30,-30,-30,-30,-30,-30,-27,-30,-30,-30,0
1947,0,-30,-30,-30,-30,-30,-30,-30,-30,-30,0
9022,30,-30,-30,-30,-30,-30,-26,-30,-30,-30,0
3335,-30,-30,-30,-30,-30,30,-30,-30,-30,-30,5
6682,-30,-30,-30,-30,-30,-30,-30,30,-30,-30,7
2860,-30,-30,-30,-30,-30,-30,19,-30,-30,-30,6
38,-30,-30,-30,-30,-30,30,-30,-30,-30,-30,5
6874,-30,-30,30,-30,-30,-30,-30,-30,-30,-30,2
2804,-30,-30,-30,-7,-30,-30,-30,-30,-30,-30,3
2670,-30,-30,-30,-30,30,-30,-30,-30,-30,-30,4
6342,-30,-30,-30,-30,-30,-30,30,-30,-30,-30,6
2607,-30,-30,-30,-30,-30,-30,-30,30,-30,-30,7
9198,-30,-30,-30,-30,-30,-30,-30,-30,16,-30,8
9846,30,-30,-30,-30,-30,-30,-30,-30,-30,-30,0
4707,-30,-30,-30,-30,-30,30,-30,-30,-30,-30,5
8293,-30,30,-30,-30,-30,-30,-30,-30,-30,-30,1
8333,-30,-30,-30,-30,-30,-30,-30,30,-30,-30,7
4341,-30,-30,30,-30,-30,-30,-21,-30,-30,-30,2
3534,-30,-30,-30,-10,-30,-30,-30,-30,-30,-30,3
7828,-30,-30,-30,-30,-30,-30,30,-30,-30,-30,6
7083,-30,-30,-30,-30,-30,-30,-30,-30,30,-30,8
498,-30,-30,-30,-30,-30,-30,-30,-30,-30,-12,9
6838,-30,-30,-30,-30,-30,-30,-30,-30,30,-30,8
4090,-30,-30,-30,-30,-30,-30,-30,30,-30,-30,7
5969,-30,30,-30,-30,-30,-30,-30,-30,-30,-30,1
8902,-30,-30,30,-30,-30,-30,-24,-30,-30,-30,2
4868,-30,-30,-30,30,-30,-30,-30,-30,-30,-30,3
7354,-30,-30,30,-30,-30,-30,-30,-30,-30,-30,2
1787,-30,-30,-30,-30,-30,-30,-30,-30,-30,30,9
8889,-30,-30,-30,-30,-30,-30,-30,30,-30,-30,7
1685,-30,-30,-30,-30,-30,30,-30,-30,-30,-30,5
6878,-30,-30,-30,-30,-30,-30,30,-30,-30,-30,6
420,-30,30,-30,-23,-30,-30,-30,-30,-30,-30,1
5277,30,-30,-30,-30,-30,-30,-30,-30,-30,-30,0
6501,-30,-30,-30,-30,-30,-30,-30,30,-30,-30,7
2321,-30,30,-30,-30,-30,-30,-30,-30,-30,-30,1
8966,-30,-30,1,-30,-30,-30,-28,-30,-30,-30,2
3239,-30,-30,-30,-30,-30,-30,19,-30,-30,-30,6
4519,-30,-30,-30,-30,-30,-30,-30,-30,-30,30,9
6533,-30,-30,-30,-4,-30,-30,-30,-30,-30,-30,3
8846,-30,-30,-30,-30,-30,-30,20,-30,-30,-30,6
6050,-30,-30,-30,-30,-30,-30,-20,-30,-30,-30,6
5579,-30,-30,-30,-30,-10,-30,-24,-30,-30,-30,4
8034,-30,2,-30,-3,-30,-30,-30,-30,-30,-30,1
9177,15,-30,-30,-30,-30,-30,-19,-30,-30,-30,0
5,2,-30,-30,-30,-30,-30,20,-30,-30,-30,6
1368,-30,-30,30,-30,-30,-30,14,-30,-30,-30,2
9828,-30,-30,-30,30,-30,-30,-30,-30,-30,-30,3
5334,-30,-30,-30,-30,5,-30,25,-30,-30,-30,6
5139,-30,30,-30,-30,-30,-30,-30,-30,-30,-30,1
1815,-30,-30,-30,30,-30,-30,-30,-30,-30,-30,3
3299,-30,-30,-30,-30,-30,-14,-30,1,-30,-30,7
1656,-30,-30,-30,-30,3,-30,30,-30,-30,-30,6
4332,-30,-30,-30,-30,-30,30,-30,-30,-30,-30,5
5347,-30,-30,-30,30,-30,-30,-30,-30,-30,-30,3
8475,-30,-30,-30,-30,-30,-30,-30,-30,-30,30,9
7319,-30,30,-30,-30,-30,-30,-30,-30,-30,-30,1
617,-30,30,-30,-30,-30,-30,-30,-30,-30,-30,1
9872,-30,-30,-30,-30,-30,-30,-30,-30,30,-30,8
9496,-30,-30,-30,-30,-30,-30,-14,-30,-30,-30,6
3676,-30,-30,-30,-30,-30,-30,-30,-30,-30,30,9
8219,-30,-30,-30,-30,-30,30,-30,-30,-30,-30,5
8702,30,-30,-30,-30,-30,-30,-30,-30,-30,-30,0
252,-30,-30,-30,-30,-30,30,-30,-30,-30,-30,5
4672,-30,-30,-30,-30,30,-30,-30,-30,-30,-30,4
4370,-30,-30,-30,-30,-30,-30,-22,-30,-30,-30,6
6250,-30,-30,-30,-30,-30,-30,-30,7,-21,-30,7
3859,-30,30,-30,-30,-30,-30,-30,-30,-30,-30,1
3849,-30,3,-30,-30,-30,-30,-30,-30,-30,-30,1
8043,-30,-30,-30,-30,-30,30,-30,-30,-30,-30,5
1402,-30,-30,-30,30,-30,-30,-30,-30,-30,-30,3
9136,-30,-30,-30,-30,-30,-30,-30,-30,30,-30,8
1599,-30,-30,-30,-30,-30,-30,-30,30,-30,-30,7
2984,-30,-30,-30,-30,-30,-30,-30,-30,30,-30,8
1741,-30,-30,-30,-10,-30,-30,-30,-30,-30,-30,3
7367,-30,-30,-30,-30,-30,-30,-30,-30,30,-30,8
2810,-30,-30,-30,-30,-30,-30,-30,-30,-30,30,9
4822,-30,-30,-30,-30,-30,-30,-1,-30,-30,-30,6
8324,-30,-30,-30,-30,-30,-30,4,-30,-30,-30,6
3601,-30,30,-30,-30,-30,-30,-30,-30,-30,-30,1
9145,-30,30,-30,-30,-30,-30,-30,-30,-30,-30,1
9609,-30,-30,-30,14,-30,-30,-30,-30,-30,-30,3
4351,-30,-30,-30,-30,-30,20,-30,-30,-30,-30,5
2612,-30,-30,-30,-30,-30,-30,-5,-30,-30,-30,6
1513,-30,-30,-30,-30,-30,-30,-30,6,-30,-30,7
5108,-30,30,-30,-30,-30,-30,-30,-30,-30,-30,1
5785,-30,-30,-30,-30,-30,-30,-30,-30,-30,30,9
1637,-30,-30,-30,-30,-30,-30,-30,-30,-30,7,9
7063,-30,-30,-30,-30,-30,-30,30,-30,-30,-30,6
6577,-30,-30,-16,-30,-30,-30,-30,-30,-20,-30,2
4241,-30,-30,-30,-30,-30,-30,-30,30,-30,-30,7
5192,30,-30,-30,-30,-30,-30,-30,-30,-30,-30,0
6370,-30,30,-30,-30,-30,-30,-30,-30,-30,-30,1
7865,-30,-30,-30,30,-30,-30,-30,-30,-30,-30,3
729,-30,-30,-30,-30,-30,-30,-30,-30,-30,30,9
6695,-30,-30,-30,-30,-30,-30,-22,-30,-30,-30,6
6457,-30,-30,-30,30,-30,-30,-30,-30,-30,-30,3
9955,-30,-30,-30,-30,-30,-30,-30,-1,-30,-30,7
1195,-30,-30,30,-30,-30,-30,-12,-30,-30,-30,2
2853,-30,-30,-30,-30,-30,-30,-30,-30,30,-30,8
7424,-30,30,-30,-30,-30,-30,-30,-30,-30,-30,1
1559,-30,-30,-30,-30,-30,-30,-30,-30,30,-30,8
7603,30,-30,-30,-30,-30,-30,-23,-30,-30,-30,0
4186,-30,-30,-30,-30,-30,-30,-30,30,-30,-30,7
6917,-30,-30,-30,-30,-30,-30,-30,-30,-30,30,9
3838,-30,-30,-30,-30,-30,-30,-30,-30,30,-30,8
2300,-30,-30,-30,-30,-30,17,-30,-30,-30,-30,5
6124,-30,-30,-30,-30,-30,-30,-30,-30,30,-30,8
6479,-30,-30,30,-30,-30,-30,-5,-30,-30,-30,2
3252,0,-30,-30,-30,-30,-30,-19,-30,-30,-30,0
4985,-30,-30,-30,-30,30,-30,-30,-30,-30,-30,4
8917,-30,-30,-30,-30,-30,-30,-19,-30,-30,-30,6
7744,-30,-30,-30,-30,30,-30,-30,-30,-30,-30,4
2587,-30,-30,-30,-30,-30,-6,-30,-30,-30,-30,5
7640,-30,-30,-30,-30,-30,-30,-30,-30,30,-30,8
9879,-30,-30,-30,30,-30,-30,-30,-30,-30,-30,3
1452,-30,-30,-30,-30,-30,-30,-30,-30,30,-30,8
4902,-30,-30,-30,-30,-30,2,-30,-9,-30,-30,5
7997,-30,-30,-30,-30,-30,19,-30,-30,-30,-30,5
8366,-30,-30,-30,-30,-30,-30,-30,30,-30,-30,7
4746,-30,-30,-30,30,-30,-30,-30,-30,-30,-30,3
6520,-30,-30,-30,-30,-30,-30,-30,30,-30,-30,7
7317,20,-30,-30,-30,-30,-30,-15,-30,-30,-30,0
8548,-30,-30,-30,-30,-30,-30,-30,30,-30,-30,7
8670,30,-30,-30,-30,-30,-30,-30,-30,-30,-30,0
5058,-30,-30,23,-30,-30,-30,17,-30,-30,-30,2
694,-30,-30,20,-30,-30,-30,-13,-30,-30,-30,2
1206,-30,-30,-30,-30,-30,30,-30,-30,-30,-30,5
9516,-30,-30,-30,30,-30,-30,-30,-30,-30,-30,3
8864,-30,-30,-30,-30,-30,12,-30,-30,-30,-30,5
8957,-30,30,-30,-30,-30,-30,-30,-30,-30,-30,1
6360,-30,30,-30,-30,-30,-30,-30,-30,-30,-30,1
6353,-30,-30,-30,-30,-30,-30,-30,30,-30,-30,7
7106,-30,-30,-30,-30,-30,-23,-30,12,-30,-30,7
9656,-30,-30,-30,-30,-30,-30,-30,-30,-16,-30,8
8285,-30,-30,-30,-30,-30,-30,-30,-30,-30,-30,0
1197,-30,-30,-30,-30,-30,-30,-30,-30,-30,-30,0
8545,-30,-30,-30,-30,-30,-30,30,-30,-30,-30,6
9446,-30,-30,21,-30,-30,-30,-6,-30,-30,-30,2
561,-30,-30,-30,-30,-30,-30,-30,-30,30,-30,8
1505,-30,-30,-30,-30,-30,-30,30,-30,-30,-30,6
867,-30,-30,-30,-30,-30,-30,-30,-30,-30,-30,0
6980,-30,-30,-30,-10,-30,-30,-30,-30,-30,-30,3
3697,-30,-30,-30,-30,-9,-30,-1,-30,-30,-30,6
2601,-30,-30,-30,-30,-30,-30,-30,-30,-30,30,9
1990,-30,-30,-30,-30,-30,-30,-30,-30,-30,30,9
8921,-30,-30,-30,-30,-30,-30,4,-30,-30,-30,6
8832,-30,-30,-30,-30,-30,-13,-30,-30,-30,-30,5
5829,-30,-30,30,-30,-30,-30,-28,-30,-30,-30,2
4531,-30,-30,30,-30,-30,-30,-30,-30,-30,-30,2
8621,-30,-30,-30,-30,-30,-30,-30,30,-30,-30,7
6989,-30,-30,-30,-30,-30,-30,-30,-30,30,-30,8
7339,15,-30,-30,-30,-30,-30,-15,-30,-30,-30,0
9698,-30,-30,-30,-30,-30,-30,-30,30,-30,-30,7
4348,-30,-30,-30,-30,-30,-30,-30,-30,-30,30,9
5888,-30,30,-30,-30,-30,-30,-30,-30,-30,-30,1
5041,-30,-30,-30,-30,-20,-30,30,-30,-30,-30,6
953,-30,-30,-30,-30,-30,-30,-30,-30,-30,30,9
3607,-30,-30,-30,-30,30,-30,-13,-30,-30,-30,4
4106,-30,-30,-30,-30,-30,-30,-30,-30,-30,-30,0
2878,-30,-30,-30,30,-30,-30,-30,-30,-30,-30,3
8529,-30,-30,-30,-30,-2,-30,-6,-30,-30,-30,4
8705,-30,-30,-30,30,-30,-30,-30,-30,-30,-30,3
4357,-30,-16,-30,30,-30,-30,-30,-30,-30,-30,3
2517,-30,-13,-30,-30,-30,-30,-30,-30,-30,-30,1
2087,-30,-30,-30,-30,-30,-30,-30,-30,30,-30,8
4183,-30,-30,-30,-30,-30,-30,-30,-30,24,-30,8
6811,-30,-30,-30,-30,-30,21,-30,-30,-30,-30,5
1106,-30,-30,-30,8,-30,-30,-30,-30,-30,-30,3
8030,-30,-30,-30,-30,-30,-30,-30,-30,30,-30,8
3939,-30,-30,-30,-30,-30,-30,-30,-30,-30,-30,0
7705,-30,-30,-30,2,-30,-30,-30,-30,-30,-30,3
6767,-30,-30,-30,-30,-30,-30,-6,-30,-30,-30,6
4700,-30,-30,-30,30,-30,-30,-30,-30,-30,-30,3
9845,-30,-30,8,-30,-30,-30,2,-30,-30,-30,2
1613,30,-30,-30,-30,-30,-30,-30,-30,-30,-30,0
6627,-30,-30,26,-30,-30,-30,-11,-30,-30,-30,2
4917,-30,-30,-30,-30,-30,-30,-30,30,-30,-30,7
854,-30,-30,-30,30,-30,-30,-30,-30,-30,-30,3
3098,-30,-30,-30,-30,-30,-30,-30,-30,9,-30,8
6298,-30,-30,-30,-30,-30,-30,-30,-30,30,-30,8
4388,-30,-30,-30,-14,-30,-30,-30,-30,-30,-30,3
7068,-30,-30,-30,-30,-30,-30,-30,-30,-30,16,9
3886,-30,-30,-30,-30,-30,-30,-30,30,-30,-30,7
228,-30,-30,-30,30,-30,-30,-30,-30,-30,-30,3
4478,-30,30,-30,-30,-30,-30,-30,-30,-30,-30,1
8559,-30,-30,-30,-30,-30,-22,-30,30,-30,-30,7
3703,-30,-30,-30,-30,-30,30,-30,-30,-30,-30,5
1875,-30,-30,-30,-30,-30,-30,-30,-30,30,-30,8
8565,-30,-30,-30,-30,-30,-30,-30,-30,30,-30,8
6729,-30,-30,16,-30,-30,-30,-23,-30,-30,-30,2
23,30,-30,-30,0,-30,-30,-30,-30,-30,-30,0
9998,-25,-30,-30,-30,-30,-30,-29,-30,-30,-30,0
5921,-30,-30,-30,-30,-30,-30,-11,-30,-21,-30,6
5815,-30,-30,-30,-30,-19,-30,30,-30,-30,-30,6
8967,-30,-30,-30,-30,-30,-30,-30,-30,30,-30,8
7263,-30,-30,-30,-30,-30,0,-30,-30,-30,-30,5
9548,-30,-30,-30,-30,-30,-30,-30,30,-30,-30,7
2256,30,-30,-30,-30,-30,-30,-17,-30,-30,-30,0
217,-30,-30,-30,-30,-30,-30,30,-30,-30,-30,6
7719,-30,-30,-30,-30,-30,-30,-5,-30,-30,-30,6
2302,-30,-30,-30,-30,-30,-30,-30,30,-30,-30,7
528,-30,-30,-30,-30,-30,-23,-30,30,-30,-30,7
1159,-30,-30,-30,30,-30,-30,-30,-30,-30,-30,3
4659,-30,-30,-30,-30,-30,-30,-30,-30,-30,30,9
4637,-30,-30,-27,-30,-30,-30,30,-30,-30,-30,6
4468,-30,-30,-30,-30,-30,30,-30,-30,-30,-30,5
2744,-30,-30,-30,-30,-30,-30,-30,-30,-30,30,9
4044,-30,-30,-30,-30,-30,-30,-30,30,-30,-30,7
3293,-30,-30,-30,10,-30,-30,-30,-30,-30,-30,3
661,-30,-30,-30,-30,-30,-30,-30,16,-30,-30,7
8495,-30,-30,12,-30,-8,-30,-30,-30,-30,-30,2
4702,-30,-30,-30,-30,-30,-30,30,-30,-30,-30,6
2018,-30,-30,-30,-30,-30,30,-30,-30,-30,-30,5
6952,-30,30,-30,-30,-30,-30,-30,-30,-30,-30,1
3671,-30,-30,-30,-30,30,-30,-30,-30,-30,-30,4
3143,-30,-30,-30,-30,-30,30,-30,-30,-30,-30,5
8049,-30,-30,-30,-30,30,-30,-30,-30,-30,-30,4
9030,-30,-30,-30,-30,-30,6,-30,-30,-30,-30,5
7638,30,-30,-30,-30,-30,-30,-30,-30,-30,-30,0
5209,-30,-30,-30,-30,30,-30,-30,-30,-30,-30,4
9004,-30,-30,-30,-30,30,-30,1,-30,-30,-30,4
5123,-30,30,-30,-30,-30,-30,-30,-30,-30,-30,1
9167,-30,-30,-30,-30,-19,-30,-30,-30,-30,-30,4
3784,-30,-30,-30,-5,30,-30,-30,-30,-30,-30,4
8583,-30,-30,-30,-30,-30,-30,-30,-30,30,-30,8
4787,-30,-30,-28,-30,-30,-30,-17,-30,-30,-30,6
795,-30,-30,-30,-30,-30,30,-30,-30,-30,-30,5
3595,-30,-30,-30,-30,-30,-30,-30,-30,-30,30,9
1285,-30,-30,-30,-30,30,-30,-30,-30,-30,-30,4
2357,-30,30,-30,-30,-30,-30,-30,-30,-30,-30,1
4560,-30,30,-30,-30,-30,-30,-30,-30,-30,-30,1
3931,-30,-30,-30,-30,-30,-30,-30,30,-30,-30,7
9182,-30,-30,30,-30,-30,-30,-17,-30,-30,-30,2
618,-30,-30,-30,-30,-30,-30,30,-30,-30,-30,6
5897,-30,-30,-30,-30,-30,4,-30,-30,-30,-30,5
3174,0,-30,-30,-30,-30,-30,-2,-30,-30,-30,0
7265,-30,-30,-30,26,-30,-30,-30,-30,-30,-30,3
8608,-30,-30,-30,-30,-30,-30,-30,-30,-30,30,9
2092,-30,-30,-30,-30,-30,-30,-30,-14,-30,-30,7
9558,-30,-30,-30,-30,-30,-6,-30,-30,-30,-30,5
6979,-30,-30,-30,30,-30,-30,-30,-30,-30,-30,3
5836,-30,-30,-30,-30,-30,-30,-30,-30,30,-30,8
1173,-30,-30,-30,-30,-30,-30,-18,-30,30,-30,8
5598,-30,-30,-30,-30,-30,-30,-30,-30,30,-30,8
327,-30,-30,-30,-30,-30,-30,-30,-30,-30,30,9
1487,-30,30,-30,-30,-30,-30,-30,-30,-30,-30,1
9354,-30,13,-30,-30,-30,-30,-30,-30,-30,-30,1
8899,-30,-30,-30,-30,-30,-30,30,-30,-30,-30,6
1406,-30,-30,-30,2,-14,-30,-30,-30,-30,-30,3
3407,-30,30,-30,-30,-30,-30,-30,-30,-30,-30,1
8563,-30,-30,-30,-30,30,-30,-20,-30,-30,-30,4
8553,-30,-30,-30,30,-30,-30,-30,-30,-30,-30,3
2026,-30,-30,-30,-30,-11,-30,-19,-30,-30,-30,4
2145,-30,-30,-30,-30,-30,-30,-30,-30,-30,30,9
1952,-30,-30,-30,-30,-30,-30,-30,-30,-30,30,9
9706,30,-30,-30,-30,-30,-30,-15,-30,-30,-30,0
8472,30,-30,-30,-30,-30,-30,-30,-30,-30,-30,0
1434,-30,-30,-30,-30,-30,-30,-4,-30,-30,-30,6
9027,-30,-30,-30,-30,-30,-30,-30,-30,-30,30,9
1066,-30,-30,-30,-30,6,-30,-15,-30,-30,-30,4
1968,-30,-30,-30,-30,-30,-30,-30,-30,-30,30,9
686,-30,-30,-30,-30,-30,-30,-12,-30,-30,-30,6
7043,-30,-30,-23,-30,-30,-30,30,-30,-30,-30,6
1516,-30,17,-30,-30,-30,-30,-30,-30,-30,-30,1
1525,-30,-30,-30,-30,-30,-30,-30,-30,30,-30,8
6589,-30,-30,-30,-30,-30,-30,-30,-30,-30,30,9
9094,-30,-30,30,-30,-30,-30,-30,-30,-30,-30,2
8536,-30,-30,-30,-30,-30,-30,-30,-30,-30,8,9
441,-30,-30,-30,-5,-30,-30,-30,-30,-30,-30,3
8893,-30,-30,-30,-30,-30,-30,-30,-30,30,-30,8
256,-19,-30,-30,-30,-30,-30,-27,-30,-30,-30,0
6294,-30,-30,-30,-30,-30,7,-30,-29,-30,-30,5
15,-30,-30,30,-30,-30,-30,-30,-30,-30,-30,2
799,-30,-30,-30,30,-30,-30,-30,-30,-30,-30,3
4254,-3,-30,-30,-30,-30,-30,-4,-30,-30,-30,0
7088,-30,-30,-30,-30,-9,-30,-15,-30,-30,-30,4
5814,-30,-30,-30,-30,-30,30,-30,-30,-30,-30,5
3308,-30,-30,-30,-30,-30,-30,-30,-30,-30,-30,0
1237,-30,30,-30,-30,-30,-30,-30,-30,-30,-30,1
2613,-30,-30,-30,-30,-30,-30,-30,-30,-30,30,9
384,-30,-30,-30,-30,-30,-30,-30,-30,-30,-30,0
8075,-30,-30,-30,-30,-30,-30,-30,-30,-30,-30,0
2844,-30,-30,30,-30,-30,-30,-5,-30,-30,-30,2
5062,-30,-30,-30,-30,-30,-30,-30,-30,-30,2,9
5291,-30,-30,-30,-30,-30,-30,-30,-30,-30,30,9
3656,30,-30,-30,-30,-30,-30,-15,-30,-30,-30,0
4261,-30,-30,-30,-30,-30,-30,-30,-30,30,-30,8
9187,-30,-30,-30,30,-30,-30,-30,-30,-30,-30,3
2072,-30,-30,-30,-30,-30,-30,-29,-30,-30,-30,6
6754,-30,-30,-30,-30,-30,-30,8,-30,-30,-30,6
8201,-30,-30,-30,-30,-11,-30,30,-30,-30,-30,6
176,-30,-30,-30,-28,-30,-30,-23,-30,-30,-30,6
838,-30,-30,-30,-30,8,-30,-30,-30,-16,-30,4
3481,-30,-30,30,-30,-30,-30,-14,-30,-30,-30,2
6893,-30,-30,-30,-30,-30,-30,-30,-30,-30,-30,0
2235,-30,-30,-30,-30,-30,-30,-17,-30,-30,-30,6
4984,-30,-30,-30,-30,-30,30,-30,-30,-30,-30,5
6476,30,-30,-30,-30,-30,-30,-30,-30,-30,-30,0
2400,-30,-30,30,-30,-30,-30,-7,-30,-30,-30,2
9601,-30,-30,-30,-30,-30,-30,-30,30,-30,-30,7
6705,-30,-30,-30,-30,-30,-30,-30,-30,30,-30,8
169,-30,-30,-30,-30,-30,-30,-30,30,-30,-30,7
68,-30,-30,-30,-30,28,-30,-23,-30,-30,-30,4
2658,-30,-30,-30,-30,-30,-30,19,-30,-30,-30,6
9101,-16,-30,-30,-30,-30,-30,30,-30,-30,-30,6
1966,6,-30,-30,-30,-30,-30,-14,-30,-30,-30,0
1580,-30,-30,-30,-30,-30,30,-30,-30,-30,-30,5
3712,-30,-30,30,-30,-30,-30,-6,-30,-30,-30,2
63,-30,-30,-30,-30,-21,-30,30,-30,-30,-30,6
9195,-30,-30,30,-30,-30,-30,-30,-30,-30,-30,2
1673,-30,-30,-30,-30,-30,-30,-30,-30,-30,30,9
9987,-30,-30,-30,-30,-30,21,-30,-30,-30,-30,5
230,-30,-30,30,-30,-30,-30,-13,-30,-30,-30,2
4342,-30,-30,-30,-30,-30,-30,30,-30,-30,-30,6
7944,-30,-30,-30,-30,-30,-26,-30,30,-30,-30,7
6626,30,-30,-30,-30,-30,-30,-30,-30,-30,-30,0
2330,-30,30,-30,-30,-30,-30,-30,-30,-30,-30,1
6521,-30,-30,-30,-30,-30,-30,-30,-30,-30,13,9
5951,-30,-30,-30,-30,-30,24,-30,30,-30,-30,7
8369,-30,-30,-30,-30,-30,30,-30,-30,-30,-30,5
6047,30,-30,-30,-30,-30,-30,-30,-30,-30,-30,0
6683,-30,-30,-30,-30,-30,-8,-30,-11,-30,-30,5
6332,-30,-30,-30,-30,-30,-23,-30,30,-30,-30,7
5409,-30,-30,-30,-30,-30,30,-30,-30,-30,-30,5
9397,30,-30,-30,-30,-30,-30,-30,-30,-30,-30,0
4450,-30,-30,-30,-30,-30,30,-30,-30,-30,-30,5
8489,20,-30,-30,-30,-30,-30,-28,-30,-30,-30,0
1465,-30,-30,-30,-30,-30,-30,-30,-30,26,-30,8
9414,-30,-30,-30,-30,30,-30,-30,-30,-30,-30,4
1088,-30,-30,-30,-30,-30,-30,-30,-30,-30,25,9
5417,-30,-30,-30,-30,-30,-30,-30,-30,-30,24,9
3487,-30,-30,-30,-30,-30,-30,-30,-30,30,-30,8
2165,-30,-30,30,-30,-30,-30,-30,-30,-30,-30,2
4499,-30,-30,-28,-30,-30,-30,30,-30,-30,-30,6
1962,-30,-30,-30,-30,-30,-24,-30,7,-30,-30,7
8755,-30,-30,-30,30,-30,-30,-30,-30,-30,-30,3
4343,-30,-30,-30,30,-30,-30,-30,-30,-30,-30,3
2386,-30,-30,-30,-30,-30,-30,-30,-15,-30,-30,7
7056,-30,-30,-30,-30,-30,-8,-30,26,-30,-30,7
1763,-30,-30,-30,-30,-30,-30,-30,10,-30,-30,7
5481,-30,-30,-30,-30,-30,-30,-30,-30,30,-30,8
2034,-30,-30,20,-30,-30,-30,-3,-30,-30,-30,2
2205,-30,-30,-30,-30,-30,-30,-30,-30,-30,30,9
6842,-30,-30,-30,-30,-30,7,-30,-30,-30,-30,5
2539,-30,-30,-30,-30,-30,-30,-30,30,-30,-30,7
9261,-30,-30,-23,-30,-30,-30,30,-30,-30,-30,6
4718,-30,-30,-30,-30,-30,30,-30,-30,-30,-30,5
7136,-30,-30,-30,-30,-30,-30,-30,-28,-30,-30,7
6755,-30,-30,-30,-30,-30,30,-30,-30,-30,-30,5
505,-30,30,-30,-30,-30,-30,-30,-30,-30,-30,1
43,-30,-30,-30,30,-30,-30,-30,-30,-30,-30,3
5305,30,-30,-30,-30,-30,-30,-30,-30,-30,-30,0
8922,-30,-30,-30,-30,-2,-30,-30,-30,-30,-30,4
519,-30,-30,-30,-30,-30,-30,-30,-30,-30,30,9
1329,-30,-30,-30,-30,-30,-30,-30,-30,-30,30,9
1324,-30,-30,-30,-30,-30,-30,-11,-30,9,-30,8
3881,-30,-30,-30,30,-30,-30,-30,-30,-30,-30,3
7313,-30,-30,-30,-30,-30,-30,-30,30,-30,-30,7
3930,30,-30,-30,-30,-30,-30,-22,-30,-30,-30,0
2295,-30,-30,-30,-30,-30,-30,-30,-30,-30,-30,0
2852,-30,-30,-30,-30,-23,-30,27,-30,-30,-30,6
7274,-30,-30,-30,-30,-30,-30,-30,-30,-30,30,9
9631,-30,-30,-30,21,-30,-30,-30,-30,-30,-30,3
1842,-30,-30,-30,-30,-30,-30,-30,-30,-30,-30,0
6281,-30,30,-30,-30,-30,-30,-30,-30,-30,-30,1
106,-30,-30,-30,-30,-30,-30,-30,-30,-30,-10,9
3190,-30,-30,-30,-30,-30,-30,-30,2,-30,-14,7
6516,-30,15,-30,-30,-30,-30,-30,-30,-30,-30,1
2382,-30,-30,-30,-30,-30,-13,-30,-30,-30,-30,5
1564,-30,-30,-30,-30,-30,-30,-30,30,-30,-30,7
3929,-30,-30,-30,-30,-30,-30,-30,-30,-30,-30,0
6005,-30,-30,-30,-30,-30,-16,-30,4,-30,-30,7
1372,-30,-30,-30,-30,-30,-30,30,-30,-30,-30,6
7739,-30,-30,-30,-30,-30,-9,-30,-30,-30,-30,5
9991,-30,-30,-30,-30,-30,-12,-30,30,-30,-30,7
1775,-30,-30,-30,-24,-30,-30,-30,-30,-30,-30,3
620,-30,-30,-30,-30,-30,-30,-30,30,-30,-30,7
5190,-30,-30,-30,-30,-30,30,-30,-30,-30,-30,5
4155,-30,-30,-30,-30,-30,30,-30,-30,-30,-30,5
72,-30,-30,-30,-30,30,-30,-30,-30,-30,-30,4
4127,30,-30,-30,-30,-30,-30,-30,-30,-30,-30,0
1184,-30,-30,-30,-30,-30,-30,-30,0,-30,-30,7
8437,-30,-30,-30,-30,-30,-30,-30,-30,-30,-30,0
3091,-30,-30,-30,30,-30,-30,-30,-30,-30,-30,3
2117,-30,-30,-13,-30,-30,-30,0,-30,-30,-30,6
9447,-6,-30,-30,-30,-30,-30,-28,-30,-30,-30,0
3695,-30,-30,-30,-30,-30,-30,-30,-30,-30,-30,0
6526,-30,-30,-30,-30,-30,-30,-30,-30,-30,30,9
5826,-30,-30,-30,-30,-30,-30,-30,-30,-30,30,9
9298,30,-30,-30,-30,-30,-30,-26,-30,-30,-30,0
9804,-30,-30,-30,-30,-30,-30,-20,-30,-30,-30,6
628,-9,-30,-30,-30,-30,-30,-20,-30,-30,-30,0
3699,-30,-30,-30,-30,-30,-30,-30,-30,30,-30,8
711,-30,-30,-30,-16,-30,-30,-30,-30,-30,-30,3
1170,-30,-30,-30,-30,-30,-30,-30,-30,30,-30,8
3498,-30,-30,-30,-30,-30,-30,-30,-30,16,-30,8
4817,-30,-30,-30,-30,-8,-30,17,-30,-30,-30,6
3894,-30,-30,-30,-30,-6,-30,-8,-30,-30,-30,4
9925,-30,30,-30,-30,-30,-30,-30,-30,-30,-30,1
8447,-30,-30,-30,-30,-30,-30,-30,-30,30,-30,8
9829,-30,-30,-11,-30,-30,-30,-3,-30,-30,-30,6
899,-30,-30,-30,-30,-30,-30,-30,-30,-10,-30,8
4371,-30,-30,-30,-30,-30,28,-30,-30,-30,-30,5
8727,30,-30,-30,-30,-30,-30,-30,-30,-30,-30,0
5983,-30,-30,30,-30,-30,-30,-14,-30,-30,-30,2
7499,-30,-30,-22,-30,-30,-30,30,-30,-30,-30,6
7117,-30,-30,-30,30,-30,-30,-30,-30,-30,-30,3
7636,2,-30,-30,-30,-30,-30,-30,-30,-30,-30,0
2834,30,-30,-30,-30,-30,-30,-30,-30,-30,-30,0
9451,-30,30,-30,-30,-30,-30,-30,-30,-30,-30,1
5565,-30,-30,-30,-30,-30,-30,30,-30,-30,-30,6
811,-30,-30,-30,-26,-30,-30,-30,-30,30,-30,8
5251,-30,-30,-30,-30,30,-30,-30,-30,-30,-30,4
5901,-30,-30,-30,-30,-30,-30,-30,-30,-30,30,9
8789,30,-30,-30,-30,-30,-30,-30,-30,-30,-30,0
2725,-30,-30,-30,-30,-30,-30,-30,-20,-30,-30,7
6593,-30,-30,-30,-30,-30,-30,-13,-30,-30,-30,6
5117,-30,-30,-30,-30,-30,-30,-30,-7,-30,-30,7
4289,-30,-30,-30,-30,-30,-30,-30,30,-30,-30,7
7786,-30,30,-30,-30,-30,-30,-30,-30,-30,-30,1
1432,-30,-30,-30,-30,-30,30,-30,-30,-30,-30,5
9433,-30,-30,-30,-30,-30,-30,-30,-30,30,-30,8
5559,-30,-30,-30,-30,-30,-30,-30,30,-30,-30,7
591,-30,-30,14,-30,-30,-30,12,-30,-30,-30,2
2376,-30,-30,-30,-30,-30,-30,-30,-30,-30,30,9
3977,-30,-30,-30,-30,-30,-30,-30,-30,-30,30,9
3983,-30,30,-30,-30,-30,-30,-30,-30,-30,-30,1
8763,-30,-30,12,-30,-30,-30,-11,-30,-30,-30,2
172,-30,-30,-22,-30,-23,-30,-30,-30,-30,-30,2
3780,-30,30,-30,-30,-30,-30,-30,-30,-30,-30,1
844,-30,30,-30,-30,-30,-30,-30,-30,-30,-30,1
4362,-30,30,-30,-30,-30,-30,-30,-30,-30,-30,1
3757,-30,-30,-30,-30,-30,-30,-30,-30,30,-30,8
4123,-30,-30,-30,-30,-30,-30,-30,-30,30,-30,8
701,-30,30,-30,-30,-30,-30,-30,-30,-30,-30,1
8205,-30,-30,-30,30,-30,-30,-30,-30,-30,-30,3
6646,-30,-30,-30,-30,-30,-30,-30,30,-30,-30,7
4172,-30,-30,-30,-30,-30,30,-30,-30,-30,-30,5
9272,-30,-30,30,-30,-30,-30,-30,-30,-30,-30,2
6161,15,-30,-30,-30,-30,-30,3,-30,-30,-30,0
7928,-30,-30,-30,-30,-30,-30,-30,-30,30,-30,8
4837,-30,-30,-30,-30,-11,-30,28,-30,-30,-30,6
804,-30,-30,-30,-30,-30,-30,-30,-30,30,-30,8
4046,-30,-30,-30,-30,-30,-30,-30,-30,-30,30,9
4397,-30,-30,-30,-30,-26,-30,30,-30,-30,-30,6
3059,-30,30,-30,-30,-30,-30,-30,-30,-30,-30,1
2939,-30,-30,-30,29,-30,-30,-30,-30,-30,-30,3
1577,-30,30,-30,-30,-30,-30,-30,-30,-30,-30,1
8190,-30,-30,-30,-30,-30,-30,-30,-30,-30,30,9
1734,-30,-30,-30,-30,-30,-30,-30,-30,-10,-30,8
851,-30,30,-30,-30,-30,-30,-30,-30,-30,-30,1
9733,-30,17,-30,-28,-30,-30,-30,-30,-30,-30,1
3278,-30,30,-30,-30,-30,-30,-30,-30,-30,-30,1
4439,-30,-30,-30,-30,-30,-30,-30,-30,30,-30,8
9099,-22,-30,-30,-30,-30,-30,11,-30,-30,-30,6
2590,-30,-30,-30,-30,-30,-30,-30,-30,-30,30,9
6632,-30,-30,-30,-30,-30,-30,-30,-30,-30,30,9
5805,-30,-30,-30,-30,-30,-30,-30,21,-30,-30,7
4480,-30,-30,-30,-30,-30,-30,-30,-30,-30,-30,0
7856,8,-30,-30,-30,-30,-30,-30,-30,-30,-30,0
3899,-30,-30,-30,-30,30,-30,30,-30,-30,-30,4
623,-30,-30,1,-30,-30,-30,-24,-30,-30,-30,2
8927,-30,30,-30,-30,-30,-30,-30,-30,-30,-30,1
4720,-30,30,-30,-30,-30,-30,-30,-30,-30,-30,1
5933,-30,-30,-30,-30,-30,-30,-30,30,-30,-30,7
3058,-30,-30,-30,-30,-30,-30,-30,-30,-30,30,9
5486,-30,-30,25,-30,-30,-30,0,-30,-30,-30,2
9972,-30,-30,30,-30,-30,-30,-30,-30,-30,-30,2
2359,30,-30,-30,-30,-30,-30,-30,-30,-30,-30,0
2950,-30,-30,-30,17,-30,-30,-30,-30,-30,-30,3
7301,-30,-30,-30,-30,-30,-30,5,-30,-30,-30,6
2371,-30,-30,-30,-30,30,-30,-25,-30,-30,-30,4
5563,-30,-30,-30,-30,-30,-30,-30,-30,30,-30,8
1844,-30,30,-30,-30,-30,-30,-30,-30,-30,-30,1
9305,-30,-30,-30,-30,-30,-30,-30,-16,-30,-30,7
9230,-30,-30,30,-30,-30,-30,-29,-30,-30,-30,2
2109,-30,-30,-29,-30,-30,-30,13,-30,-30,-30,6
7714,-30,-30,30,-30,-30,-30,-30,-30,-30,-30,2
1284,-30,-30,30,-30,-30,-30,-20,-30,-30,-30,2
3657,-30,-30,-30,-3,-30,-30,-30,-30,-30,-30,3
1791,-30,-30,-30,-30,-30,-30,-30,-30,30,-30,8
6988,-30,-30,-30,-30,-30,-30,-30,30,-30,-30,7
7390,-30,30,-30,-30,-30,-30,-30,-30,-30,-30,1
5856,-30,-30,-30,-30,-30,-30,-30,-30,30,-30,8
4983,-30,-30,-30,-30,-30,22,-30,-30,-30,-30,5
8041,-30,-30,-30,-30,-30,30,-30,-30,-30,-30,5
2958,-30,-30,-30,-30,-30,-30,-30,-6,-30,-30,7
991,-30,-30,-30,-30,-30,-30,-30,30,-30,-30,7
4227,-30,-30,-30,-30,-29,-30,30,-30,-30,-30,6
5030,-30,-30,-1,-30,-30,-30,6,-30,-30,-30,6
6339,-30,-30,-30,-30,-25,-30,30,-30,-30,-30,6
8430,-30,-30,-30,-30,-30,-30,-30,-23,-30,30,9
3774,30,-30,-30,-30,-30,-30,-30,-30,-30,-30,0
1960,-30,-30,-30,-30,-25,-30,30,-30,-30,-30,6
4101,-30,-30,-30,7,-30,-30,-30,-30,-30,-30,3
1859,-30,-30,-30,-30,-30,30,-30,-30,-30,-30,5
8587,-30,-30,-30,-30,-30,18,-30,-30,-30,-30,5
1919,-7,-30,-30,-30,-30,-30,-25,-30,-30,-30,0
6272,-30,-30,30,-30,-30,-30,-30,-30,-30,-30,2
418,-30,30,-30,-30,-30,-30,-30,-30,-30,-30,1
9967,30,-30,-30,-30,-30,-30,-30,-30,-30,-30,0
8618,-30,3,-30,28,-30,-30,-30,-30,-30,-30,3
5353,-30,-30,-30,-30,-30,-30,-30,30,-30,-30,7
9605,-30,-30,-30,-30,-30,-30,-30,-30,-30,-8,9
5025,-30,6,-30,30,-30,-30,-30,-30,-30,-30,3
5658,-30,-30,-30,-30,-30,-30,-30,30,-30,-30,7
6411,-30,-30,-30,-30,-30,-30,30,-30,-30,-30,6
5718,-30,-30,-30,-30,-30,-30,-30,-30,-30,-5,9
7873,-30,-30,-30,-30,-30,-30,-30,30,-30,-30,7
9486,-30,-30,-30,-30,-30,-30,-30,-30,-30,22,9
7560,-30,-30,-30,-30,-30,-30,-30,-30,30,-30,8
863,-30,-30,-30,-30,-30,-30,-30,-30,-30,30,9
8103,-30,30,-30,-30,-30,-30,-30,-30,-30,-30,1
2338,-30,-30,-30,-30,30,-30,-30,-30,-30,-30,4
9349,-30,-30,-30,-30,-30,-30,-30,-30,30,-30,8
2983,-30,-30,-30,30,-30,-30,-30,-30,-30,-30,3
4911,-30,-30,30,-30,-30,-30,0,-30,-30,-30,2
1229,-30,-30,-30,-30,-30,-30,-20,-30,-30,-30,6
2182,-30,-30,-30,-30,-30,-30,30,-30,-30,-30,6
654,30,-30,-30,-30,-30,-30,-8,-30,-30,-30,0
6964,-30,-30,-30,-30,-30,-30,-16,-30,-10,-30,8
1330,-30,-30,-30,29,-30,-30,-30,-30,-30,-30,3
7549,-30,-30,-30,-30,-30,-30,-15,-30,30,-30,8
4912,-30,-30,-30,-27,-30,-30,28,-30,-30,-30,6
2060,-30,-30,-30,-30,-30,-30,-30,-30,21,-30,8
3360,-30,-30,-30,-30,-30,-30,-11,-30,-30,-30,6
9439,30,-30,-30,-30,-30,-30,-30,-30,-30,-30,0
1338,-30,-30,-30,-30,-30,-30,-30,-30,30,-30,8
9194,-30,-30,-30,-30,-30,-30,-30,-30,30,-30,8
2478,-30,-30,-30,-30,-30,-30,-26,-30,-30,-30,6
2298,-30,-30,30,-30,-30,-30,-30,-30,-30,-30,2
8898,-30,-30,-30,-30,-30,-30,-30,-30,-30,30,9
4756,-30,-30,-30,-9,-30,-30,-30,-30,-30,-30,3
8364,-30,-30,30,-30,-30,-30,-30,-30,-30,-30,2
1963,30,-30,-30,-30,-30,-30,-30,-30,-30,-30,0
4239,-30,-30,-30,-30,-30,-30,-30,-30,30,-30,8
1634,-30,-30,-30,-30,-30,30,-30,-22,-30,-30,5
6257,-30,-30,-30,-30,-30,-30,-30,-30,-30,-30,0
1321,26,-30,-30,-30,-30,-30,-28,-30,-30,-30,0
5443,-30,-30,-30,30,-30,-30,-30,-30,-30,-30,3
7478,-30,30,-30,-30,-30,-30,-30,-30,-30,-30,1
9355,-30,30,-30,-30,-30,-30,-30,-30,-30,-30,1
4646,-30,-30,-30,-30,-30,-30,-30,-30,-30,30,9
6845,-30,-30,-30,-30,-30,-6,-30,-30,-30,-30,5
2486,-30,30,-30,-30,-30,-30,-30,-30,-30,-30,1
6152,-30,-30,-30,30,-30,-30,-30,-30,-30,-30,3
8773,-30,-30,-30,30,-30,-30,-30,-30,-30,-30,3
5352,-30,-30,-29,-30,-30,-30,30,-30,-30,-30,6
997,30,-30,-30,-30,-30,-30,-30,-30,-30,-30,0
1151,-30,-30,-30,-30,-30,-30,-30,-30,30,-30,8
3082,-30,-30,-30,-30,30,-30,-30,-30,-30,-30,4
2713,-30,30,-30,-30,-30,-30,-30,-30,-30,-30,1
4264,-30,-30,-30,30,-30,-30,-30,-30,-30,-30,3
5662,-30,-30,-30,-30,-30,-30,-30,-30,30,-30,8
7045,-30,-30,-30,-30,-30,-30,-25,-30,30,-30,8
7728,25,-30,-30,-30,-30,-30,-21,-30,-30,-30,0
6707,-30,-30,-30,-30,-30,-30,-30,30,-30,-30,7
6873,-30,-30,-30,-30,-30,30,-30,-30,-30,-30,5
7286,30,-30,-30,-30,-30,-30,-8,-30,-30,-30,0
2702,-30,-30,-30,-30,-30,-30,-3,-30,-30,-30,6
3423,-30,-30,-30,-30,-30,-30,-30,30,-30,-30,7
285,-30,-30,-30,30,-30,-30,-30,-30,-30,-30,3
6879,-30,-30,-30,30,-30,-30,-30,-30,-30,-30,3
3866,-30,-30,30,-30,-30,-30,0,-30,-30,-30,2
4015,-30,-30,-30,-30,30,-30,-30,-30,-30,-30,4
6747,-30,-30,-16,-30,-30,-30,10,-30,-30,-30,6
6728,-30,-30,-30,-30,-30,30,-30,-30,-30,-30,5
5546,-30,-30,-30,-30,-30,30,-30,-30,-30,-30,5
3170,-30,-30,0,-30,-30,-30,-13,-30,-30,-30,2
8339,-30,-30,-30,-30,0,-30,-30,-30,-30,-30,4
6815,-30,-14,-30,-21,-30,-30,-30,-30,-30,-30,1
7342,-30,-30,-30,-30,-30,-30,-30,-30,-30,30,9
2868,-30,30,-30,-30,-30,-30,-30,-30,-30,-30,1
5043,-30,30,-30,-30,-30,-30,-30,-30,-30,-30,1
2936,-30,-30,-30,-30,-30,-30,-30,30,-30,-30,7
6515,-30,-30,-30,30,-30,-30,-30,-30,-30,-30,3
5183,-30,-30,-30,-30,-30,-30,-30,-30,30,-30,8
5928,-30,-30,-30,-30,-30,-25,-30,20,-30,-30,7
2191,-30,-30,30,-30,-30,-30,-30,-30,-30,-30,2
6704,-30,-30,30,-30,-30,-30,-30,-30,-30,-30,2
9269,-30,-30,-30,-30,-30,-30,-30,-30,-30,30,9
2012,-30,-30,-30,30,-30,-30,-30,-30,-30,-30,3
6795,-30,-30,-30,-30,-30,-30,-30,-30,-30,30,9
2636,-30,-30,-30,-30,-30,-30,-30,-30,-30,30,9
141,30,-30,-30,-30,-30,-30,-30,-30,-30,-30,0
6648,-30,30,-30,-30,-30,-30,-30,-30,-30,-30,1
9915,-30,-30,-30,-30,-30,-30,-30,-30,3,-30,8
3819,-30,30,-30,-30,-30,-30,-30,-30,-30,-30,1
4054,-30,-30,-30,-30,-17,-30,-30,-30,-30,-30,4
6832,-30,-30,-30,-30,-30,-30,-30,-30,30,-30,8
2380,-30,30,-30,-30,-30,-30,-30,-30,-30,-30,1
3940,-30,-30,-30,-30,-30,-30,-15,-30,-8,-30,8
878,-30,-30,-30,-30,-30,-30,-30,-30,-30,30,9
8234,-30,-30,-30,30,-30,-30,-30,-30,-30,-30,3
6233,-30,-30,-30,-30,30,-30,-19,-30,-30,-30,4
9595,30,-30,-30,-30,-30,-30,-30,-30,-30,-30,0
597,30,-30,-30,-30,-30,-30,-30,-30,-30,-30,0
6083,-30,-30,-30,-30,-30,20,-30,-30,-30,-30,5
6970,-30,-30,-30,-30,-29,-30,-7,-30,-30,-30,6
3832,-30,-30,-30,-30,-30,-30,-30,-30,-30,30,9
4495,-30,-30,-30,-30,-30,-30,-30,-30,-30,30,9
3544,-30,-30,-30,-30,-30,30,-30,-30,-30,-30,5
7165,-30,-30,-30,-30,-30,-30,-30,30,-30,-30,7
2259,-30,-30,-30,-30,-30,-30,-30,30,-30,-30,7
3433,30,-30,-30,-30,-30,-30,-10,-30,-30,-30,0
7086,-30,-30,-30,-30,-30,-30,-30,-30,-30,30,9
1664,-30,-30,-30,-2,-30,-30,-23,-30,-30,-30,3
7947,-30,-30,-30,13,-30,-30,-30,-30,-30,-30,3
8779,-5,-30,-30,-30,-30,-30,-26,-30,-30,-30,0
9444,-30,-30,-30,-30,-30,-30,-30,-30,-30,30,9
6138,-30,-30,-30,-30,-30,-30,-30,-30,30,-30,8
8312,-30,-30,-30,-24,-17,-30,-30,-30,-30,-30,4
8214,-30,-30,-23,-30,12,-30,-27,-30,-30,-30,4
438,-30,-30,20,-30,-30,-30,-4,-30,-30,-30,2
7867,-30,-30,-30,2,-30,-30,-30,-30,-30,-30,3
7926,-30,-30,-30,-30,-30,-30,-30,-30,-30,30,9
5174,-30,-30,-30,-30,30,-30,15,-30,-30,-30,4
6935,-30,-30,-30,30,-30,-30,-30,-30,-30,-30,3
1603,-30,-30,-19,-30,-30,-30,18,-30,-30,-30,6
7847,-30,-30,-30,-30,-30,-30,-30,3,-30,-30,7
9911,-30,-30,-30,6,-30,-30,-30,-30,-30,-30,3
8693,30,-30,-30,-30,-30,-30,-30,-30,-30,-30,0
8740,-30,-30,-30,11,-30,-30,-30,-30,-30,-30,3
7632,-30,-30,-30,-30,-30,-30,-30,-30,30,-30,8
151,-30,30,-30,-30,-30,-30,-30,-30,-30,-30,1
7661,-30,-30,-30,-30,-30,-30,-30,-30,30,-30,8
14,-30,-30,-30,-30,-30,-30,-30,30,-30,-30,7
8047,-30,-30,-30,16,30,-30,-30,-30,-30,-30,4
636,-30,-30,-30,-30,-8,-30,-18,-30,-30,-30,4
8876,-30,-30,-30,-30,-30,30,-30,-30,-30,-30,5
7655,-30,-30,-4,-30,-30,-30,-30,-30,-30,-30,2
6274,-30,-30,30,-30,-30,-30,-21,-30,-30,-30,2
1788,-30,-30,-30,-30,-30,-28,-30,-30,-30,29,9
3280,-30,30,-30,-30,-30,-30,-30,-30,-30,-30,1
5228,-30,-30,-30,-30,-30,-22,-30,-20,-30,-30,7
1490,-30,-30,-30,-30,-30,-30,-22,-30,-30,-30,6
652,-30,-30,-30,-30,-30,-30,-30,-30,-30,30,9
1702,-30,30,-30,-30,-30,-30,-30,-30,-30,-30,1
8383,-30,-30,-30,-30,-30,-30,-4,-30,-30,-30,6
4775,-30,-30,30,-30,-30,-30,-17,-30,-30,-30,2
9935,-30,-30,-30,-30,-30,-30,-6,-30,1,-30,8
3536,-30,-30,-30,-30,-30,-30,-30,-30,30,-30,8
8678,-30,-30,-30,-30,-30,-30,-30,9,-30,-30,7
543,-30,-30,-30,-30,-30,-30,-30,30,-30,-30,7
1132,-30,-30,-30,-30,-30,-30,-30,30,-30,-30,7
3526,-30,-30,-30,-30,-30,-30,-30,30,-30,-30,7
4306,-30,-30,30,-30,-30,-30,2,-30,-30,-30,2
1373,-30,-30,-30,-30,-26,-30,30,-30,-30,-30,6
7383,30,-30,-30,-30,-30,-30,-30,-30,-30,-30,0
7941,-30,-30,-30,-30,-30,-9,-30,-30,-30,-30,5
3356,-30,-30,-30,-30,-30,30,-30,-30,-30,-30,5
7842,-30,-30,-30,-30,-30,-30,-30,-30,30,-30,8
7799,-30,-30,-30,-30,-30,-11,-30,-30,-30,-30,5
4022,-20,-30,-30,-30,-30,-30,3,-30,-30,-30,6
2038,30,-30,-30,-30,-30,-30,-30,-30,-30,-30,0
6853,-30,-30,-30,-30,-30,-30,-30,-30,-30,-30,0
1412,-30,-30,-30,-30,30,-30,-30,-30,-30,-30,4
16,-30,-30,-30,-30,-30,-30,-30,-30,-30,30,9
5220,-30,-30,30,-30,-30,-30,-30,-30,-30,-30,2
389,-30,-30,-30,-30,-10,-30,-13,-30,-30,-30,4
9965,-30,-23,-30,23,-30,-30,-30,-30,-30,-30,3
1512,-30,30,-30,-12,-30,-30,-30,-30,-30,-30,1
4577,-30,-30,-30,-30,-30,-30,-30,-30,-30,30,9
8764,-30,-30,-30,18,-30,-30,-30,-30,-30,-30,3
5802,-30,30,-30,-30,-30,-30,-30,-30,-30,-30,1
3358,-30,-30,30,-30,-30,-30,-30,-30,-30,-30,2
4977,-30,-30,-21,-30,-30,-30,16,-30,-30,-30,6
6076,-30,-30,-15,-30,-30,-30,-13,-30,-30,-30,6
5127,-30,-30,-30,30,-30,-30,-30,-30,-30,-30,3
8519,-30,-30,-30,-30,-30,-30,-30,-23,-30,9,9
7429,-30,-30,-30,-30,-30,-5,-30,18,-30,-30,7
5048,-30,-30,-30,-30,-30,-30,-30,30,-30,-30,7
3755,-30,-30,-30,-30,-22,-30,-30,-30,-19,-30,8
8715,-30,-30,-30,-30,30,-30,-30,-30,-30,-30,4
5243,-30,-30,-30,-30,30,-30,-30,-30,-30,-30,4
3004,-30,30,-30,-30,-30,-30,-30,-30,-30,-30,1
662,-30,-30,30,-30,-30,-30,-30,-30,-30,-30,2
5878,-30,-30,-30,22,-30,-30,-30,-30,-30,-30,3
2679,-30,-30,-30,-30,-30,30,-30,-30,-30,-30,5
9841,-30,-30,-30,-30,30,-30,-30,-30,-30,-30,4
3266,-30,-30,-30,-30,-30,-30,-26,-30,5,-30,8
629,-30,-30,-30,-30,-30,-30,-30,-30,-30,30,9
2456,-30,30,-30,-30,-30,-30,-30,-30,-30,-30,1
9170,-30,-30,-30,-30,-30,30,-30,-30,-30,-30,5
8504,-30,-30,-30,-30,-30,-30,-30,-30,-30,30,9
8319,-30,-30,-30,-18,-12,-30,-30,-30,-30,-30,4
1340,-30,-30,-13,-30,-30,-30,30,-30,-30,-30,6
1556,-30,-30,30,-30,-30,-30,-15,-30,-30,-30,2
5544,-30,-30,-30,-30,30,-30,9,-30,-30,-30,4
9489,30,-30,-30,-30,-30,-30,-21,-30,-30,-30,0
3259,-30,30,-30,-30,-30,-30,-30,-30,-30,-30,1
2707,-30,-30,-30,-30,-30,-30,-30,30,-30,-30,7
6962,-30,-30,-30,-30,-30,-30,-30,30,-30,-30,7
7830,-30,-30,-30,-30,-30,-30,-23,-30,-30,-30,6
4152,-30,-30,-30,-30,-30,-30,30,-30,-30,-30,6
6750,-30,-30,-30,-30,-30,-15,-30,-5,-30,-30,7
9740,-30,-30,-30,-30,-30,-30,-30,9,-30,-30,7
2989,-30,-30,-30,-27,-30,-30,26,-30,-30,-30,6
2583,30,-30,-30,-30,-30,-30,-19,-30,-30,-30,0
1973,-30,-30,-30,-30,-18,-30,-8,-30,-30,-30,6
4593,-30,-30,-30,30,-30,-30,-30,-30,-30,-30,3
3728,-30,-30,30,-30,-24,-30,-30,-30,-30,-30,2
9406,-30,-30,-30,-30,-30,-30,-30,30,-30,-30,7
6611,-30,-30,-30,-30,-30,-30,-9,-30,16,-30,8
717,-30,-30,-30,-30,-30,-30,-30,30,-30,-30,7
1624,-30,-30,30,-30,-30,-30,-20,-30,-30,-30,2
7276,-30,-30,-30,-30,-30,-30,-30,-30,30,-30,8
4546,30,-30,-30,-30,-30,-30,-30,-30,-30,-30,0
5002,-30,-30,-30,-30,-30,-30,-30,-30,30,-30,8
9802,-30,-30,-30,-30,-30,-30,-30,30,-30,-30,7
2750,-30,-30,-22,-30,-27,-30,-30,-30,-30,-30,2
7040,-30,-30,-30,-30,-29,-30,-30,-30,-30,-30,4
7167,-30,-30,30,-30,-30,-30,-7,-30,-30,-30,2
6575,-30,-30,-30,-30,-30,-30,-30,30,-30,-30,7
80,30,-30,-30,-30,-30,-30,-9,-30,-30,-30,0
325,-30,-30,-30,-30,-30,-30,-30,-30,-30,30,9
1240,-30,-30,-30,-30,-30,-30,-30,-30,-30,30,9
2749,-30,-30,-30,30,-30,-30,-30,-30,-30,-30,3
3484,-30,30,-30,-30,-30,-30,-30,-30,-30,-30,1
8365,-30,-30,-30,-30,-30,30,-30,-30,-30,-30,5
9331,-30,-30,-30,-30,-30,-30,-30,-30,-30,30,9
3968,-30,-30,-30,30,-30,-30,-30,-30,-30,-30,3
8994,-30,30,-30,-30,-30,-30,-30,-30,-30,-30,1
1805,-30,-30,-30,-30,-30,-30,-30,-30,-30,-30,0
8261,-30,-30,-30,30,-30,-30,-30,-30,-30,-30,3
1841,-30,-30,-30,30,-30,-30,-30,-30,-30,-30,3
4895,-30,-30,-30,-30,-30,30,-30,-30,-30,-30,5
1625,-30,-30,-30,-30,-30,-30,-30,-30,-30,25,9
6837,-30,-30,-30,-30,-30,-30,-30,30,-30,-30,7
3450,-30,-30,-30,-30,-30,-30,-30,-30,-30,27,9
4451,-30,-30,-30,-30,-30,-30,-30,-30,-9,-30,8
9037,-30,-8,-30,-30,-30,-30,-30,-30,-30,-30,1
2819,-30,-30,-30,-30,-30,-5,-30,-30,-30,-30,5
6314,-30,-30,-30,-30,-30,-30,-30,-30,-30,30,9
9969,-30,-30,-30,30,-30,-30,-30,-30,-30,-30,3
8778,-30,-30,-30,-30,-30,-30,-30,30,-30,-30,7
5926,-30,-30,-30,-30,-30,-30,-30,-30,-30,30,9
2786,-30,-30,-30,30,-30,-30,-30,-30,-30,-30,3
6179,-30,-30,-30,-30,-30,-30,1,-30,-30,-30,6
815,-8,-30,-30,-30,-30,-30,-22,-30,-30,-30,0
7337,-30,-30,-30,-30,-30,-30,15,-30,-30,-30,6
681,-30,-30,-30,-30,-30,14,-30,-30,-30,-30,5
9005,-30,-30,-30,-30,-30,-30,-30,30,-30,-30,7
4098,-30,-30,-30,-30,-30,-30,-30,1,-30,-30,7
2157,-30,-30,30,-30,-30,-30,-30,-30,-30,-30,2
6059,-30,-23,-30,-12,-30,-30,-30,-30,-30,-30,3
2705,-30,-30,-30,-30,-30,30,-30,-30,-30,-30,5
843,-30,-30,-30,30,-30,-30,-30,-30,-30,-30,3
5726,-30,30,-30,-30,-30,-30,-30,-30,-30,-30,1
8045,-30,30,-30,-30,-30,-30,-30,-30,-30,-30,1
1447,-30,-30,-30,-30,-30,-30,-30,-30,-30,30,9
9359,-30,-30,30,-30,-30,-30,-30,-30,-30,-30,2
7398,-30,-30,-30,30,-30,-30,-30,-30,-30,-30,3
7146,-30,-30,-30,-30,-30,-30,-30,-30,-30,30,9
9699,-30,-30,-30,-30,-30,30,-30,-30,-30,-30,5
1757,-30,-30,-30,-30,-30,30,-30,-30,-30,-30,5
5145,-30,-30,-30,-30,-30,-30,-30,30,-30,-30,7
4214,-30,-30,30,-30,-30,-30,-30,-30,-30,-30,2
6588,-30,-30,-30,-30,-28,-30,-30,-30,-30,-30,4
1223,-30,-30,-30,-30,-30,-30,-30,-30,-30,30,9
4663,30,-30,-30,-30,-30,-30,-23,-30,-30,-30,0
3268,-30,-30,30,-30,-30,-30,-30,-30,-30,-30,2
9134,-30,30,-30,-30,-30,-30,-30,-30,-30,-30,1
4640,-30,-30,-30,-30,-30,-30,-30,-30,-30,30,9
5699,-30,-30,-30,-30,-30,-30,-30,30,-30,-30,7
5206,-30,30,-30,-30,-30,-30,-30,-30,-30,-30,1
4986,-30,-30,-30,-30,-30,30,-30,-30,-30,-30,5
2365,30,-30,-30,-30,-30,-30,-30,-30,-30,-30,0
5198,-30,-30,-30,-30,-30,-30,-30,-30,-30,4,9
9260,-30,-30,-30,-30,-30,30,-30,-30,-30,-30,5
2708,-30,-30,-30,-30,-30,-30,-30,-30,-30,-30,0
4430,-30,2,-30,-30,-30,-30,-30,-30,-30,-30,1
5623,-30,-30,-30,-30,-30,-5,-30,-30,-30,-30,5
1868,30,-30,-30,-30,-30,-30,-17,-30,-30,-30,0
1569,-30,-30,-30,30,-30,-30,-30,-30,-30,-30,3
12,-30,-30,-30,30,-30,-30,-30,-30,-30,-30,3
6514,-30,-30,-30,-30,-30,-30,-30,30,-30,-30,7
8256,-30,-30,-30,-30,-30,-30,-30,-30,-30,-30,0
4771,-30,-30,30,-30,-30,-30,7,-30,-30,-30,2
2062,-30,-30,-30,-30,-17,-30,30,-30,-30,-30,6
4030,-30,-30,-30,-30,-30,-30,-30,-30,30,-30,8
2377,-30,-30,-30,-30,-30,30,-30,-30,-30,-30,5
2292,-30,-30,-30,-30,-30,-30,-30,-30,-30,30,9
7864,-30,-30,30,-30,-30,-30,-10,-30,-30,-30,2
8432,-30,30,-30,-30,-30,-30,-30,-30,-30,-30,1
1772,10,-30,-30,-30,-30,-30,-30,-30,-30,-30,0
7528,-30,-30,-30,-30,-30,30,-30,-30,-30,-30,5
8455,-30,-30,-30,-30,-30,30,-30,-30,-30,-30,5
7251,-30,-30,-30,-30,-30,-30,-30,-30,30,-30,8
4071,-30,-30,-30,-30,-30,7,-30,-30,-30,-26,5
3731,-30,-30,-30,30,-30,-30,-30,-30,-30,-30,3
3065,-30,-30,-30,-30,-30,-30,-30,30,-30,-30,7
7417,-30,-30,-30,-30,-19,-30,-30,-30,-30,-30,4
1041,-30,-30,-9,-30,-29,-30,-30,-30,-30,-30,2
6594,-30,-30,-30,-30,-30,-30,-30,-30,-30,-30,0
9717,-30,-30,-30,-30,-30,-30,-30,-30,-30,30,9
9934,5,-30,-30,-30,-30,-30,-12,-30,-30,-30,0
3500,30,-30,-30,-30,-30,-30,-30,-30,-30,-30,0
6484,-30,-30,-30,-30,-30,-30,-30,-30,-30,-30,0
1707,-30,-30,-30,-30,-30,-30,-30,-30,-30,30,9
8577,-30,30,-30,-30,-30,-30,-30,-30,-30,-30,1
2,-30,-30,-30,-30,8,-30,4,-30,-30,-30,4
3600,-30,-30,-30,-30,-30,-30,2,-30,-30,-30,6
3750,-30,30,-30,-30,-30,-30,-30,-30,-30,-30,1
1392,-30,-30,-30,-30,-30,-9,-30,-30,-30,-30,5
2701,-30,-30,-30,30,-30,-30,-30,-30,-18,-30,3
3157,-30,-30,-30,-30,-30,-30,-30,-30,30,-30,8
929,-30,-30,-30,-30,-30,30,-30,-30,-30,-30,5
2518,-30,30,-30,-30,-30,-30,-30,-30,-30,-30,1
1742,-30,30,-30,-30,-30,-30,-30,-30,-30,-30,1
2567,-30,-30,30,-30,-30,-30,-2,-30,-30,-30,2
4504,-30,-30,-30,-30,-30,-30,-30,-30,-30,30,9
7225,-30,-30,-30,-30,30,-30,-30,-30,-30,-30,4
7492,30,-30,-30,-30,-30,-30,-30,-30,-30,-30,0
4394,-30,-30,-30,-30,-30,30,-30,-30,-30,-30,5
8624,-30,-30,-17,-30,-30,-30,0,-30,-30,-30,6
3596,-30,-30,-30,-30,-30,-30,-30,-30,30,-30,8
8203,30,-30,-30,-30,-30,-30,-14,-30,-30,-30,0
8241,-30,-30,30,-30,-30,-30,-11,-30,-30,-30,2
3518,-30,-30,-30,-30,-30,-30,-30,-30,-30,30,9
1582,-30,-30,-30,-30,-30,-30,-30,-30,30,-30,8
7758,-30,-30,-30,-30,-22,-30,-15,-30,-30,-30,6
7297,-30,-30,-30,-30,-30,-30,-30,-30,-30,-30,0
7355,-30,-30,-30,-30,-30,-30,-30,-30,30,-30,8
2381,-30,-30,-30,30,-30,-30,-30,-30,-30,-30,3
6006,-30,-30,-30,-30,-30,-30,-30,-30,30,-30,8
8728,30,-30,-30,-30,-30,-30,-30,-30,-30,-30,0
6311,-30,-30,-7,-30,-27,-30,5,-30,-30,-30,6
8192,-30,-30,-30,-30,-30,-30,-30,-30,28,-30,8
3605,30,-30,-30,-30,-30,-30,-30,-30,-30,-30,0
4584,-30,-30,-30,-30,7,-30,14,-30,-30,-30,6
8486,-30,-30,-30,-30,-30,-30,-30,-30,30,-30,8
743,-30,-30,-30,-30,-30,8,-30,-30,-30,-30,5
5336,-30,-30,-30,-30,-30,-30,30,-30,-30,-30,6
6288,-30,-30,-30,-30,-30,-30,-30,-30,-30,30,9
5301,30,-30,-30,-30,-30,-30,-30,-30,-30,-30,0
8797,-30,-30,-30,-30,-30,-30,-30,-30,-30,30,9
7358,-30,-30,-30,-30,-30,30,-30,-30,-30,-30,5
8855,-30,-30,-30,-30,-30,-30,-30,-30,30,-30,8
4616,30,-30,-30,-30,-30,-30,-30,-30,-30,-30,0
6101,-30,-30,-30,-30,-30,-30,-30,-30,-30,30,9
7815,-30,30,-30,-30,-30,-30,-30,-30,-30,-30,1
9890,-30,-30,-30,-30,-30,-30,-30,-30,-30,-30,0
7140,-30,-30,-30,-30,-30,-30,-30,30,-30,-30,7
312,-30,-30,30,-30,-30,-30,-10,-30,-30,-30,2
6927,-30,30,-30,-30,-30,-30,-30,-30,-30,-30,1
5039,-30,-30,-30,-30,-30,-30,30,-30,-30,-30,6
9418,7,-30,-30,-30,-30,-30,12,-30,-30,-30,6
1258,-30,-30,-30,-30,-30,-30,-30,-30,-30,-30,0
9149,-30,-30,-30,-30,-17,-30,-6,-30,-30,-30,6
7122,-30,-30,-30,-30,-30,16,-30,-30,-30,-30,5
8243,-30,-30,-30,-30,-30,-30,-18,-30,-30,-30,6
6814,-30,-30,-30,-30,30,-30,-30,-30,-30,-30,4
8603,-30,-30,-30,-30,-30,-30,-30,-30,30,-30,8
7880,-30,-30,-30,-30,-30,30,-30,-30,-30,-30,5
1000,-30,-30,-30,-30,-30,30,-30,-30,-30,-30,5
1298,-30,-30,-15,-30,-30,-30,-30,-30,-30,-30,2
6790,30,-30,-30,-30,-30,-30,-30,-30,-30,-30,0
8446,-30,-30,-30,7,-30,-30,-30,-30,-30,-30,3
875,-30,-30,-30,-30,-30,-30,-30,-30,30,-30,8
2584,-30,-30,-30,-30,-30,-30,-30,-30,20,-30,8
7533,-30,-30,-30,-30,-30,-30,-30,-30,-30,-30,0
4386,-30,30,-30,-30,-30,-30,-30,-30,-30,-30,1
4656,-30,-30,-30,-30,-30,-30,-30,-30,-30,30,9
2009,-30,-30,30,-30,-30,-30,-30,-30,-30,-30,2
2346,-30,-30,-30,-30,-30,-30,-30,-17,-30,5,9
6420,-30,-30,-30,-30,-30,-30,-30,30,-30,-30,7
4704,-30,-30,-15,-30,-30,-30,-30,-30,-30,-30,2
7269,30,-30,-30,-30,-30,-30,-30,-30,-30,-30,0
5187,-30,-30,30,-30,-30,-30,-30,-30,-30,-30,2
7535,-30,-30,-30,-30,-30,-30,-30,-30,30,-30,8
5917,-30,-30,-30,-30,-30,-30,-20,-30,-30,-30,6
542,-30,-30,-30,-30,30,-30,-10,-30,-30,-30,4
4291,-30,-30,-30,-30,-30,-30,-30,-30,30,-30,8
1059,-30,-30,-30,-30,-30,30,-30,-30,-30,-30,5
7326,-30,-30,-18,-30,-30,-30,6,-30,-30,-30,6
7931,-30,-30,-30,-30,-30,-30,-30,-30,30,-30,8
6996,-30,-30,-30,30,-30,-30,-30,-30,-30,-30,3
2299,-30,-30,-30,28,-30,-30,-30,-30,-30,-30,3
9241,-30,30,-30,-30,-30,-30,-30,-30,-30,-30,1
2957,-30,-30,-30,-30,23,-30,-30,-30,-30,-30,4
9412,-30,-30,-30,-30,-30,-30,15,-30,-30,-30,6
3102,30,-30,-30,-30,-30,-30,-30,-30,-30,-30,0
2684,-30,-30,-30,-30,-6,-30,30,-30,-30,-30,6
9582,-30,-30,-30,-30,-30,-30,-30,-30,-30,30,9
7782,-23,-30,-30,-30,-30,-30,-30,-30,-30,-30,0
5255,-30,-30,-30,-30,-30,-30,-30,-30,-30,-30,0
3253,-30,30,-30,-30,-30,-30,-30,-30,-30,-30,1
6710,-30,-30,-30,-30,-30,-30,-30,-30,-30,30,9
7192,-30,-30,-30,-30,-30,-30,-30,-30,-30,20,9
6035,-30,-30,-30,-30,-30,-30,-30,-30,30,-30,8
8837,-30,30,-30,-30,-30,-30,-30,-30,-30,-30,1
388,-30,-30,-30,-30,-30,-30,-30,-30,30,-30,8
8794,-30,-30,-30,-30,-30,-30,-30,-30,30,-30,8
340,-30,-19,-30,30,-30,-30,-30,-30,-30,-30,3
1881,-30,-30,-30,30,-30,-30,-30,-30,-30,-30,3
421,-30,-30,-30,30,-30,-30,-30,-30,-30,-30,3
4312,-30,-30,-30,-30,-30,-30,-30,-30,30,-30,8
4979,-30,-30,-30,-30,-30,30,-30,-30,-30,-30,5
2067,-30,-30,-30,-30,-30,-30,-30,-30,-30,30,9
5287,-30,-30,-30,-30,-30,-30,30,-30,-30,-30,6
3316,-30,-30,-30,-30,-30,-30,-30,-30,-24,-30,8
9939,-30,-30,-30,-30,-30,-30,-26,-30,30,-30,8
2424,-30,-30,-30,-30,-30,-30,-30,30,-30,-30,7
8258,-4,-30,-30,-30,-30,-30,-30,-30,-30,-30,0
4313,-30,-30,-30,30,-30,-30,-30,-30,-30,-30,3
5173,30,-30,-30,-30,-30,-30,-30,-30,-30,-30,0
6585,30,-30,-30,-30,-30,-30,-30,-30,-30,-30,0
82,-30,-30,-30,-30,-30,-30,-30,-30,-30,-30,0
1594,-30,-30,-30,-30,-30,30,-30,-30,-30,-30,5
7288,-30,-30,-30,-30,-30,-30,-30,30,-30,-30,7
9692,-30,-30,-30,-30,-30,28,-30,-30,-30,-30,5
1143,30,-30,-30,-30,-30,-30,-30,-30,-30,-30,0
6031,-30,-30,-30,-30,-30,-30,-30,30,-30,-30,7
3472,-30,-30,-30,-30,-30,-30,-30,-30,-30,30,9
6454,-30,30,-30,-30,-30,-30,-30,-30,-30,-30,1
5157,-30,-30,-30,-30,-30,-30,-7,-30,4,-30,8
7600,-30,-30,-30,-30,30,-30,-20,-30,-30,-30,4
6805,-30,-30,-30,-30,-30,-30,-30,-30,30,-30,8
331,-30,-30,-30,-30,-30,-30,-30,-30,-30,30,9
1611,-30,-30,-30,30,-30,-30,-30,-30,-30,-30,3
8654,-30,-30,-30,-30,-30,30,-30,-30,-30,-30,5
9285,-30,-30,-30,-30,-30,-30,-30,-30,-30,-30,0
1370,30,-30,-30,-30,-30,-30,-30,-30,-30,-30,0
8251,-30,-30,-30,-30,30,-30,-5,-30,-30,-30,4
7604,-30,-30,-30,-30,-2,-30,30,-30,-30,-30,6
168,-30,-30,-30,-30,-30,-24,-30,17,-30,-30,7
4267,-30,-30,-30,-30,-30,-30,-30,-30,30,-30,8
5468,-30,-30,-30,-30,-30,-30,-30,-30,-30,30,9
5072,-30,30,-30,-30,-30,-30,-30,-30,-30,-30,1
1475,-30,-30,-30,-30,-30,-30,-30,-30,16,-30,8
7834,-30,-30,-8,-30,-30,-30,-27,-30,-30,-30,2
338,-30,-30,-30,-30,-30,30,-30,-30,-30,-30,5
9135,-30,-30,-30,-30,-30,30,-30,-30,-30,-30,5
7200,-30,-30,-30,30,-30,-30,-30,-30,-30,-30,3
5054,-30,30,-30,-30,-30,-30,-30,-30,-30,-30,1
6523,-30,30,-30,-30,-30,-30,-30,-30,-30,-30,1
6469,-30,-30,-30,-30,-30,-30,-30,-30,30,-30,8
3007,-30,-30,-30,-30,-30,-30,-30,-30,30,-30,8
1933,-30,-30,-30,-28,-30,-30,-30,-30,-30,-30,3
5318,24,-30,-30,-30,-30,-30,-30,-30,-30,-30,0
8903,-30,-30,-30,-30,-30,-30,-30,30,-30,-30,7
9806,30,-30,-30,-30,-30,-30,-30,-30,-30,-30,0
9462,-30,30,-30,-30,-30,-30,-30,-30,-30,-30,1
9773,-30,-30,-30,-30,-30,-30,-30,-30,30,-30,8
747,-30,-30,-30,-2,-30,-30,-30,-30,-16,-30,3
7373,-30,-30,-30,-30,-30,-30,-30,-30,-30,-30,0
4749,-30,-30,-30,-30,5,-30,-18,-30,-30,-30,4
8120,-30,-30,-30,-30,-30,-30,-30,-30,-30,30,9
5388,-30,-30,-30,-30,-30,-30,-30,-30,30,-30,8
3048,-30,-30,-30,-30,-30,-30,-30,-30,-30,8,9
8801,-30,-30,-30,-30,-30,-30,-30,-30,30,-30,8
8107,-30,-30,-30,-30,-30,-30,-30,-30,30,-30,8
7481,-30,-30,-30,-30,8,-30,30,-30,-30,-30,6
4187,-30,-30,-30,-30,-30,-30,-30,-30,-30,30,9
2174,-30,30,-30,-30,-30,-30,-30,-30,-30,-30,1
7700,-30,-30,-30,-30,-30,-30,-30,-30,30,-30,8
3497,-30,-30,-30,-30,30,-30,-30,-30,-30,-30,4
1153,-30,-30,22,-30,-30,-30,-30,-30,-30,-30,2
7895,-30,-30,-30,-30,-30,-30,-30,27,-30,-30,7
8086,-30,-30,-30,-30,-30,-30,-30,30,-30,-30,7
5938,30,-30,-30,-30,-30,-30,-30,-30,-30,-30,0
7217,-30,-30,-30,-30,-30,-13,-30,-30,-30,-30,5
4931,-30,30,-30,-30,-30,-30,-30,-30,-30,-30,1
6196,-30,30,-30,-30,-30,-30,-30,-30,-30,-30,1
2639,30,-30,-30,-30,-30,-30,-30,-30,-30,-30,0
6834,30,-30,-30,-30,-30,-30,-21,-30,-30,-30,0
7504,-30,-30,-30,-30,1,-30,-30,-30,-30,-30,4
3020,-30,-30,-30,-6,-30,-30,-30,-30,-30,-30,3
3634,30,-30,-30,-30,-30,-30,-30,-30,-30,-30,0
864,-30,-30,-30,-30,-23,-30,10,-30,-30,-30,6
8209,-30,-30,-30,30,-30,-30,-30,-30,-30,-30,3
8780,-30,-30,-30,-30,-30,30,-30,-30,-30,-30,5
2137,-30,30,-30,-30,-30,-30,-30,-30,-30,-30,1
5638,-30,-30,-8,-30,-30,-30,-11,-30,-30,-30,2
7377,-30,-30,-30,30,-30,-30,-30,-30,-30,-30,3
672,-30,-30,-30,30,-30,-30,-30,-30,-30,-30,3
4611,-30,-30,-30,-30,-6,-30,-30,-30,-30,-30,4
9038,-30,-30,-30,-30,30,-30,-30,-30,-30,-30,4
8848,-30,-30,-30,-30,-30,30,-30,-30,-30,-30,5
7609,24,-30,-30,-30,-30,-30,-10,-30,-30,-30,0
9232,-30,-30,-30,-30,-30,-30,-30,-30,-30,30,9
7950,-30,-30,-30,-30,-30,-30,-30,-30,30,-30,8
3218,-30,-30,-30,30,-30,-30,-30,-30,-30,-30,3
2644,-30,-30,-30,-15,-30,-30,-30,-30,-30,-30,3
4747,-30,30,-30,-30,-30,-30,-30,-30,-30,-30,1
7943,30,-30,-30,-30,-30,-30,-30,-30,-30,-30,0
3276,-30,-30,-20,-30,-30,-30,-17,-30,-30,-30,6
1188,-30,30,-30,-30,-30,-30,-30,-30,-30,-30,1
5322,-30,-30,-30,-30,24,-30,-30,-30,-30,-30,4
5342,-30,-30,-30,-30,30,-30,-30,-30,-30,-30,4
1858,-30,-30,-30,-30,-27,-30,-30,-30,-30,-30,4
5586,-30,-30,-30,-30,-30,-30,-30,-30,30,-30,8
3154,-30,-30,10,-30,-30,-30,-22,-30,-30,-30,2
1104,-30,-30,-30,-30,-30,-30,-30,-30,-30,30,9
8165,30,-30,-30,-30,-30,-30,-30,-30,-30,-30,0
8206,-30,-30,-30,-30,-30,-11,-30,-30,-30,-30,5
9937,-30,-30,-30,-30,-30,-30,-30,-30,-30,30,9
6496,-30,-30,-30,-30,-30,30,-30,-15,-30,-30,5
253,-16,-30,-30,-30,-30,-30,-30,-30,-30,-30,0
7765,-30,-30,-30,-30,-30,-30,-17,-30,-30,-30,6
7822,30,-30,-30,-30,-30,-30,-29,-30,-30,-30,0
7915,-30,-30,-30,-30,-30,30,-30,-30,-30,-30,5
1566,30,-30,-30,-30,-30,-30,-30,-30,-30,-30,0
5432,-30,-30,-30,-28,-22,-30,-30,-30,-30,-30,4
3396,-30,-30,-30,-30,-30,-30,-30,-30,-30,30,9
7559,-30,-30,-30,-30,-30,-30,-30,-30,-7,-30,8
7806,-30,-30,-30,22,-30,-30,-30,-30,-30,-30,3
3086,-30,-30,-30,-30,-15,-30,30,-30,-30,-30,6
8397,-30,30,-30,-30,-30,-30,-30,-30,-30,-30,1
1747,-30,-30,-30,-30,-30,-30,-30,-30,-30,30,9
1422,-30,-30,-24,-30,-30,-30,30,-30,-30,-30,6
3176,-30,30,-30,-30,-30,-30,-30,-30,-30,-30,1
386,-30,-30,-30,-30,-30,-30,-30,-30,-30,-30,0
5312,-30,-30,-30,-30,30,-30,-26,-30,-30,-30,4
3333,-30,-30,-30,-30,-30,30,-30,-30,-30,-30,5
7171,-30,-30,-30,-30,30,-30,-18,-30,-30,-30,4
9745,-30,30,-30,-30,-30,-30,-30,-30,-30,-30,1
5885,-30,-30,-30,-30,22,-30,-30,-30,-30,-30,4
9375,-30,-30,-30,-30,-30,-30,-30,-30,30,-30,8
6608,-30,-30,-30,-30,-30,-1,-30,-30,-30,-30,5
3946,-30,-30,-30,-30,-30,-30,-30,-30,-30,30,9
5958,-30,-30,-30,-30,22,-30,-30,-30,-30,-30,4
2955,-30,-30,-30,-30,-30,13,-30,-30,-30,-30,5
2867,-30,-30,-30,30,-30,-30,-30,-30,-30,-30,3
5669,-30,-30,-30,-20,-30,-30,-30,-30,-30,-30,3
8689,-30,-30,-30,-30,-30,-30,-30,-30,30,-30,8
7509,-30,-30,-30,18,-30,-30,-30,-30,-30,-30,3
7061,30,-30,-30,-30,-30,-30,-9,-30,-30,-30,0
3918,-30,-30,-30,-30,-16,-30,3,-30,-30,-30,6
667,-30,-30,-30,-30,-30,-30,-30,-30,30,-30,8
4933,-30,-30,-30,-30,-30,-30,-30,-30,-30,30,9
6157,30,-30,-30,-30,-30,-30,-30,-30,-30,-30,0
6012,-30,-30,-30,-30,-30,30,-30,-30,-30,-30,5
2784,-30,-30,-30,-30,-30,-30,-11,-30,-30,-30,6
7878,-30,-30,30,-30,-30,-30,-30,-30,-30,-30,2
6436,-30,-30,-21,-30,-30,-30,-30,-30,-30,-30,2
4079,-30,-30,-30,-30,-30,-30,-30,-30,-30,30,9
3200,-30,-30,-30,30,-30,-30,-30,-30,-30,-30,3
6312,-30,-30,26,-30,-30,-30,-12,-30,-30,-30,2
7296,-30,-30,30,-30,-30,-30,4,-30,-30,-30,2
5495,-30,-30,-30,-30,-30,-30,-30,-30,30,-30,8
5412,-30,-30,-30,-30,-30,30,-30,-30,-30,-30,5
7918,-30,-30,-30,-30,-30,-30,-30,-30,-30,30,9
9255,-30,-30,30,-30,-30,-30,-30,-30,-30,-30,2
1506,-30,-30,-30,30,-30,-30,-30,-30,-30,-30,3
244,-30,30,-30,-30,-30,-30,-30,-30,-30,-30,1
4462,-30,-30,-30,-28,-30,-30,14,-30,-30,-30,6
8100,-30,-30,-30,30,-30,-30,-30,-30,-30,-30,3
8412,-30,-30,30,-30,-30,-30,-18,-30,-30,-30,2
3670,-30,-30,30,-30,-30,-30,-18,-30,-30,-30,2
8634,-30,-30,-30,-30,-30,-30,-30,30,-30,-30,7
5479,-30,-30,4,-30,-30,-30,-4,-30,-30,-30,2
345,-30,30,-30,-30,-30,-30,-30,-30,-30,-30,1
8411,-30,-30,30,-30,-30,-30,-30,-30,-30,-30,2
1440,-30,-30,-30,-30,17,-30,-30,-30,-30,-30,4
9527,-30,-30,-30,-30,-30,-30,-30,-30,-30,-30,0
5371,-30,-30,-30,-14,-30,-30,-30,-30,-30,-30,3
8766,-30,-30,7,-30,-30,-30,2,-30,-30,-30,2
6701,-30,-30,-30,-30,-30,-30,-30,-30,30,-30,8
9540,-30,-30,-30,-30,-30,30,-30,-30,-30,-30,5
359,30,-30,-30,-30,-30,-30,16,-30,-30,-30,0
9550,-30,-30,-30,-30,-30,-30,-23,-30,30,-30,8
7771,-30,-30,-30,-30,-30,30,-30,-30,-30,-30,5
1028,-30,-30,30,-30,-30,-30,-21,-30,-30,-30,2
9408,-30,-30,-30,-30,-30,-30,-30,30,-30,-30,7
162,-30,-30,-30,-30,-30,-30,-30,-30,30,-30,8
6063,-30,30,-30,-30,-30,-30,-30,-30,-30,-30,1
3585,-30,-30,-30,-30,-30,30,-30,-24,-30,-30,5
5082,-30,-30,-30,-30,-30,-30,-30,-30,-30,30,9
4284,-30,-30,-30,-30,-30,-30,-30,-30,30,-30,8
1077,-20,-30,-30,-30,-30,-30,-9,-30,-30,-30,6
4425,-30,-30,-30,-30,-30,-30,-30,-30,-30,30,9
4956,30,-30,-30,-30,-30,-30,-30,-30,-30,-30,0
8253,-30,-30,-30,-30,-30,-30,-30,-30,-30,30,9
579,-30,-30,-30,30,-30,-30,-30,-30,-30,-30,3
206,-30,-30,-30,-30,-30,-30,-30,30,-30,-30,7
6115,-30,-30,-30,-30,-30,30,-30,-30,-30,-30,5
8542,-30,-30,-30,-30,-30,-30,-30,-30,-30,11,9
1502,-30,-30,-30,-30,-30,-30,-30,-30,-30,30,9
4559,-30,-30,-30,-30,-30,-30,6,-30,-30,-30,6
1111,30,-30,-30,-30,-30,-30,-19,-30,-30,-30,0
9248,-30,-30,-30,-30,-30,-30,-30,30,-30,-30,7
8459,-30,30,-30,-30,-30,-30,-30,-30,-30,-30,1
4131,-30,-30,-30,-30,-30,30,-30,-30,-30,-30,5
6024,-30,-30,-30,-30,-30,30,-30,-30,-30,-30,5
5697,-30,-30,-30,-30,-30,-30,-30,-30,-30,30,9
6945,-30,-30,-30,-30,-30,30,-30,-30,-30,-30,5
73,-30,-30,-30,-30,19,-30,-30,-30,-30,-30,4
962,-30,-30,-30,-30,-22,-30,24,-30,-30,-30,6
402,-30,-30,-30,-30,-30,-30,-30,-30,-23,-30,8
6602,-30,-30,-30,-30,-30,-30,30,-30,-30,-30,6
6335,-30,-30,-30,-30,-30,13,-30,-30,-30,-30,5
3,-30,-30,-30,-30,-30,-30,-30,-30,-30,30,9
3576,-30,-30,-30,-30,-30,-30,-30,-23,-30,-30,7
8525,-30,-30,-30,-30,-30,-30,-30,-30,30,-30,8
1080,-30,-30,30,-30,-30,-30,-12,-30,-30,-30,2
2787,-30,-30,-20,-30,-30,-30,-4,-30,-30,-30,6
9554,-30,-30,-30,-30,-30,-30,-30,-30,-30,30,9
3036,-30,-30,-30,-30,-30,-30,-30,-30,-30,30,9
4999,-30,-30,-30,-30,-30,-30,-30,-30,-30,-30,0
6816,-30,-30,30,-30,-30,-30,-30,-30,-30,-30,2
2870,-30,30,-30,-30,-30,-30,-30,-30,-30,-30,1
2105,-30,-30,-30,30,-30,-30,-30,-30,-30,-30,3
5974,-30,-30,-30,-30,-30,-30,-30,30,-30,-30,7
1198,-30,30,-30,-30,-30,-30,-30,-30,-30,-30,1
3640,-30,-30,-30,-30,-30,-30,-30,-30,30,-30,8
7963,-30,-30,-30,-30,-30,-30,-30,30,-30,-30,7
4716,-30,-30,-30,-30,-30,-30,-30,-30,-30,-12,9
4236,-30,30,-30,-30,-30,-30,-30,-30,-30,-30,1
7132,-30,-30,-30,-30,-30,-30,-30,-30,30,-30,8
5360,-30,-30,-30,-30,-30,-30,-30,-30,-30,30,9
6862,-30,-5,-30,30,-30,-30,-30,-30,-30,-30,3
3394,-30,-30,-30,-30,-30,-30,-30,30,-30,-30,7
2139,-30,-30,-30,-30,-30,-30,-30,-30,-30,-30,0
7694,-30,-30,-30,-30,-30,-30,-30,30,-30,-30,7
8614,-30,30,-30,-30,-30,-30,-30,-30,-30,-30,1
8422,-30,-30,-30,-30,-30,-30,-30,30,-30,-30,7
4216,-30,-30,-30,-23,-30,-30,-30,-30,-30,-30,3
7287,-30,-30,-30,-30,1,-30,13,-30,-30,-30,6
5778,-30,-30,-30,-30,-30,-30,10,-30,-30,-30,6
3710,-30,-30,30,-30,-30,-30,-26,-30,-30,-30,2
5433,-30,-30,-30,-30,-30,-30,-30,-30,-30,-30,0
3760,-30,-30,-30,-30,-30,30,-30,-30,-30,-30,5
1545,-30,-30,30,-30,-30,-30,-30,-30,-30,-30,2
682,-30,-30,-30,-30,-30,-30,-25,-30,30,-30,8
8275,-30,-30,-30,-30,-30,-30,-30,-30,-30,30,9
9467,16,-30,-30,-30,-30,-30,1,-30,-30,-30,0
8279,-30,-30,-30,-30,-30,-30,-30,-30,30,-30,8
1826,5,-30,-30,-30,-30,-30,-12,-30,-30,-30,0
8068,30,-30,-30,-30,-30,-30,-8,-30,-30,-30,0
4970,-30,-30,-30,-30,-30,-17,-30,-6,-30,-30,7
7486,-30,-30,-30,-30,-30,-30,-30,30,-30,-30,7
5776,-30,-30,-30,-30,-30,30,-30,-30,-30,-30,5
4061,30,-30,-30,-30,-30,-30,-30,-30,-30,-30,0
5854,-30,30,-30,-30,-30,-30,-30,-30,-30,-30,1
9726,-30,-30,-30,-30,-30,-30,-30,-30,-30,30,9
759,-30,-30,-30,-30,-30,-30,16,-30,-30,-30,6
9573,28,-30,-30,-30,-30,-30,-30,-30,-30,-30,0
7863,-30,-30,-30,-30,30,-30,-30,-30,-30,-30,4
9472,-30,-30,-30,-30,-30,-16,-30,-30,-30,-8,9
1031,-30,-30,-9,-30,-30,-30,30,-30,-30,-30,6
7666,-30,-30,-30,-30,-30,-30,-4,-30,-5,-30,6
3606,-30,-30,-30,-30,-30,-30,11,-30,-30,-30,6
2316,-30,-30,-30,-30,-30,-30,-30,-30,-30,-15,9
3828,-30,30,-30,-30,-30,-30,-30,-30,-30,-30,1
5691,-30,-30,-30,-7,-30,-30,-30,-30,-30,-30,3
1098,-30,-30,-30,-30,-30,30,-30,-30,-30,-30,5
2053,-30,-30,-30,-30,-30,-30,-30,-30,30,-30,8
8836,-30,-30,-30,-30,-30,-30,-30,-30,-30,-30,0
5627,-30,-30,24,-30,-30,-30,0,-30,-30,-30,2
3584,-30,-30,-30,-30,-30,-30,-30,-30,30,-30,8
4493,-30,-30,-30,-30,-30,-30,-30,-30,-30,-30,0
5023,-30,-30,-30,30,-30,-30,-30,-30,-30,-30,3
7784,-30,-30,-29,-30,-30,-30,30,-30,-30,-30,6
8506,-30,15,-30,-30,-30,-30,-30,-30,-30,-30,1
1668,-30,-30,-30,-30,-30,-30,-30,30,-30,-30,7
8443,-30,-30,-30,-30,30,-30,-30,-30,-30,-30,4
7024,-30,-30,-30,-30,-30,-30,-30,-30,30,-30,8
8985,-30,-30,-30,-30,-30,-30,-30,30,-30,-30,7
5528,-30,-30,8,-30,-10,-30,-28,-30,-30,-30,2
5270,-30,30,-30,-30,-30,-30,-30,-30,-30,-30,1
32,-30,-30,-30,-30,-30,-30,-30,30,-30,-30,7
4922,-30,-30,-30,-30,-30,-30,-30,-30,30,-30,8
8852,-30,-30,-30,-30,-30,-30,-2,-30,-30,-30,6
2291,-30,-30,-30,-30,30,-30,-30,-30,-30,-30,4
4952,-30,-30,-30,-30,-30,-30,-20,-30,-23,-30,6
362,-30,-30,-30,-30,30,-30,-30,-30,-30,-30,4
6507,-30,-30,-30,-30,-7,-30,9,-30,-30,-30,6
859,-30,30,-30,-30,-30,-30,-30,-30,-30,-30,1
6621,-30,-30,-30,-30,-30,-30,-30,-30,30,-30,8
9277,-30,-30,-30,-30,-13,-30,13,-30,-30,-30,6
3223,-30,-30,-30,-30,-30,-30,-30,-18,-30,-25,7
2192,-30,-30,30,-30,-30,-30,-30,-30,-30,-30,2
9208,-30,-30,-30,-30,-30,-30,-30,-30,-30,30,9
2121,-30,-30,-30,-30,-30,-30,25,-30,-30,-30,6
7766,-30,-30,-30,-30,-30,30,-30,-30,-30,-30,5
5156,-30,-30,-30,-30,-30,-30,-11,-30,-30,-30,6
128,-30,-30,-30,30,-30,-30,-30,-30,-30,-30,3
1087,-30,-30,-30,30,-30,-30,-30,-30,-30,-30,3
8363,-30,-30,-30,-30,-30,-30,-30,-30,30,-30,8
7831,-30,-30,-30,-30,-30,-30,-24,-30,30,-30,8
3572,-30,-30,30,-30,-30,-30,-29,-30,-30,-30,2
7972,30,-30,-30,-30,-30,-30,-30,-30,-30,-30,0
6239,-30,-30,-30,-30,-30,-30,-30,30,-30,-30,7
1386,-30,-30,29,-30,-30,-30,30,-30,-30,-30,6
5794,-30,-30,-30,-30,30,-30,-6,-30,-30,-30,4
1275,30,-30,-30,-30,-30,-30,-30,-30,-30,-30,0
6419,-30,-30,-30,-25,11,-30,-30,-30,-30,-30,4
2657,-30,30,-30,-30,-30,-30,-30,-30,-30,-30,1
9708,-19,-30,-30,-30,-30,-30,-30,-30,-30,-30,0
3541,-30,-30,-30,-30,-30,-30,-30,-30,30,-30,8
2459,-30,18,-30,-30,-30,-30,-30,-30,-30,-30,1
4115,-30,-30,-30,-30,-30,-30,-30,-19,-30,-30,7
9202,-30,-30,-30,-30,-30,-30,-30,30,-30,-30,7
2224,-30,-30,-19,-30,-30,-30,30,-30,-30,-30,6
5235,-30,-30,-30,-30,30,-30,30,-30,-30,-30,4
3990,-30,-30,-30,30,-30,-30,-30,-30,-30,-30,3
1786,-30,12,-30,-30,-30,-30,-30,-30,-30,-30,1
6915,-30,-30,2,-30,-30,-30,-18,-30,-30,-30,2
516,-30,-30,-30,-30,-30,-30,-30,12,-30,-30,7
5851,-30,-30,-11,-30,-30,-30,2,-30,-30,-30,6
4932,-30,-30,-30,-30,-30,-30,-1,-30,-30,-30,6
8592,30,-30,-30,-30,-30,-30,-30,-30,-30,-30,0
1773,-30,-30,-30,-30,-30,-30,30,-30,-30,-30,6
265,-30,-30,-30,-30,-30,-30,-30,-30,-3,-30,8
7434,-30,-30,-30,-30,-30,5,-30,-30,-30,-30,5
8861,-30,-30,30,-30,-30,-30,30,-30,-30,-30,2
4287,-30,-30,-30,-30,-30,-30,-19,-30,22,-30,8
9661,-30,-30,-30,30,-30,-30,-30,-30,-30,-30,3
1430,-30,-30,21,-30,-30,-30,-12,-30,-30,-30,2
486,-30,-30,-30,30,-30,-30,-30,-30,-30,-30,3
8493,30,-30,-30,-30,-30,-30,-30,-30,-30,-30,0
468,-30,-30,-30,-30,-30,-30,-30,-30,-30,30,9
3222,-30,-30,-30,-30,-30,-30,-30,30,-30,-30,7
3123,-30,-30,-30,2,-30,-30,-17,-30,-30,-30,3
9732,-30,-30,-30,-30,-30,30,-30,-30,-30,-30,5
4008,-30,-30,-30,-30,-19,-30,-30,-30,-30,-30,4
742,-30,-30,-30,-30,-30,-30,-30,-30,-30,30,9
2396,-30,-30,23,-30,-30,-30,2,-30,-30,-30,2
6072,-30,-30,-12,-30,-30,-30,-10,-30,-30,-30,6
2081,-30,-30,-30,-30,-30,30,-30,-30,-30,-30,5
4189,30,-30,-30,-30,-30,-30,-30,-30,-30,-30,0
3338,-30,-30,-30,-30,-30,-30,-1,-30,-30,-30,6
4276,-30,-30,-30,-30,-30,-30,-30,-30,30,-30,8
3492,-30,-30,-30,-30,30,-30,-30,-30,-30,-30,4
2140,30,-30,-30,-30,-30,-30,-30,-30,-30,-30,0
3031,-30,-30,-30,-30,-30,-30,-30,-30,-30,-30,0
5146,-30,-30,-30,-30,30,-30,-30,-30,-30,-30,4
6064,30,-30,-30,-30,-30,-30,-30,-30,-30,-30,0
2489,-30,-30,-30,-30,-18,-30,30,-30,-30,-30,6
4366,-30,30,-30,-30,-30,-30,-30,-30,-30,-30,1
2288,-30,-30,-30,-30,-30,-30,30,-30,-30,-30,6
78,-30,-30,-30,-30,-26,-30,-21,-30,-30,-30,6
6885,-30,-30,-30,-30,-30,-30,30,-30,-30,-30,6
3857,-30,-30,-30,-30,-30,-30,-30,30,-30,-30,7
3815,-30,30,-30,-30,-30,-30,-30,-30,-30,-30,1
2275,-21,-30,-30,-30,-30,-30,-25,-30,-30,-30,0
7075,-30,-30,-30,-30,-30,-30,-3,-30,-30,-30,6
7399,-30,20,-30,-30,-30,-30,-30,-30,-30,-30,1
164,-30,30,-30,-30,-30,-30,-30,-30,-30,-30,1
8386,-30,30,-30,-30,-30,-30,-30,-30,-30,-30,1
3061,-30,-30,-30,-30,-30,30,-30,-30,-30,-30,5
1597,-30,-30,-30,-30,18,-30,30,-30,-30,-30,6
5827,-30,-30,-30,-30,-30,-30,8,-30,-30,-30,6
1573,-30,-30,-30,-30,-30,-30,-30,-30,30,-30,8
7193,-30,-30,-30,30,-30,-30,-30,-30,-30,-30,3
2675,-30,-30,-30,22,-30,-30,-30,-30,-30,-30,3
5835,-30,30,-30,-30,-30,-30,-30,-30,-30,-30,1
3823,-30,-30,-30,-30,-30,-7,-30,-30,-30,-30,5
1242,-30,-30,27,-30,-30,-30,7,-30,-30,-30,2
5692,-30,-30,-30,-30,-30,-30,-30,-30,-30,30,9
3917,-30,-30,-30,-30,-30,-30,-30,-30,30,-30,8
9330,-30,-30,-30,-30,-30,-30,-28,-30,30,-30,8
8143,-30,-30,-30,-30,-25,-30,-7,-30,-30,-30,6
1365,-30,-30,-30,-30,-30,-14,-30,-30,-30,-30,5
978,-30,-30,-30,-30,-30,30,-30,-30,-30,-30,5
1609,-30,-30,-30,-30,-16,-30,-27,-30,-30,-30,4
2530,-30,-30,-30,-30,-30,-30,-30,30,-30,-30,7
4730,-30,-30,-30,-30,-30,-30,-30,-30,-30,-30,0
4024,-30,-30,-30,-30,-30,-30,-30,-30,-30,30,9
2733,-30,30,-30,-30,-30,-30,-30,-30,-30,-30,1
4396,30,-30,-30,-30,-30,-30,-22,-30,-30,-30,0
7946,-30,-30,-30,-30,-30,30,-30,-30,-30,-30,5
3623,-30,-30,-30,30,-30,-30,-30,-30,-30,-30,3
2483,-30,-30,-30,-30,-30,-30,-30,30,-30,-30,7
1889,-30,-30,-30,-30,-30,-30,-10,-30,-30,-30,6
9588,-30,30,-30,-30,-30,-30,-30,-30,-30,-30,1
3520,-30,30,-30,-30,-30,-30,-30,-30,-30,-30,1
9214,-30,-30,-30,-30,-30,-30,-30,-30,30,-30,8
7645,-30,-30,-30,-30,-30,-30,-25,-30,-30,-30,6
7687,-30,-30,17,-30,-30,-30,30,-30,-30,-30,6
9982,30,-30,-30,-30,-30,-30,-30,-30,-30,-30,0
574,-30,-30,-30,-30,-30,30,-30,-30,-30,-30,5
7329,-30,-30,-30,-30,-30,-30,-30,-30,-30,30,9
7827,-3,-30,-30,-30,-30,-30,17,-30,-30,-30,6
319,-30,-30,-30,-4,-30,-30,-23,-30,-30,-30,3
6278,-30,-30,-30,-30,-30,-30,-30,-30,30,-30,8
5626,-30,25,-30,-30,-30,-30,-30,-30,-30,-30,1
7977,24,-30,-30,-30,-30,-30,15,-30,-30,-30,0
9271,-30,-30,-30,-30,30,-30,-30,-30,-30,-30,4
9612,-30,-30,-30,-30,-30,-30,-16,-30,3,-30,8
127,-30,-30,-18,-30,-30,-30,-9,-30,-30,-30,6
5359,-30,-30,-28,-30,-11,-30,-30,-30,-30,-30,4
8676,-30,-30,-30,-30,-30,-30,-30,-30,30,-30,8
4208,-30,-30,-30,-30,-30,-30,-30,-30,-30,-30,0
135,-30,-30,-30,-30,26,-30,-30,-30,-30,-30,4
6640,-30,-30,30,-30,-30,-30,-5,-30,-30,-30,2
5282,-30,-30,-30,-30,-30,-30,-6,-30,-30,-30,6
5786,-30,-30,-30,-30,-30,-30,-30,-30,-30,30,9
5853,-30,-30,-30,-30,-30,-30,-30,-30,-30,-30,0
8951,-30,-30,-30,-30,-30,-30,-30,30,-30,-30,7
1614,-30,-30,-30,-30,-30,-30,-30,-30,-30,30,9
6122,-30,-30,-30,-30,-30,30,-30,-30,-30,-30,5
9891,-30,-30,-30,-30,-30,-30,-30,30,-30,-30,7
4108,-30,-30,-8,-30,-30,-30,30,-30,-30,-30,6
3694,-30,30,-30,-30,-30,-30,-30,-30,-30,-30,1
8451,-30,-30,-30,-30,-30,30,-30,-30,-30,-30,5
5594,-30,-30,-30,-30,-30,-30,-30,-30,30,-30,8
1818,-30,-30,-30,-30,-30,-30,-30,-30,30,-30,8
4928,-30,-30,-17,-30,-30,-30,30,-30,-30,-30,6
5296,-30,-30,0,-30,-30,-30,-4,-30,-30,-30,2
6060,-30,-30,-30,-30,-30,-30,29,-30,-30,-30,6
2779,-30,-30,-30,-30,-25,-30,17,-30,-30,-30,6
2999,-30,-30,-30,30,-30,-30,-30,-30,-30,-30,3
3420,-30,30,-30,-30,-30,-30,-30,-30,-30,-30,1
724,-30,-30,-8,-30,-30,-30,-4,-30,-30,-30,6
8149,-30,-30,-30,-30,30,-30,-30,-30,-30,-30,4
1247,30,-30,-30,-30,-30,-30,-30,-30,-30,-30,0
9251,-30,-7,-30,7,-30,-30,-30,-30,-30,-30,3
3884,-30,-30,-30,-30,-30,-30,-30,-30,-30,30,9
7252,-30,-30,-30,-30,-30,-30,-30,-30,30,-30,8
1353,-30,-30,-30,-30,30,-30,-30,-30,-30,-30,4
3950,30,-30,-30,-30,-30,-30,-30,-30,-30,-30,0
2523,-30,-30,-30,-30,-30,-30,-30,-30,30,-30,8
3545,-30,-30,-30,-30,30,-30,-30,-30,-30,-30,4
9648,-30,-30,-30,30,-30,-30,-30,-30,-30,-30,3
3893,-30,-30,-30,-30,-30,-30,-30,-30,-30,30,9
6950,-30,-30,-30,-30,-30,-28,-30,-29,-30,-30,5
5132,-30,30,-30,-30,-30,-30,-30,-30,-30,-30,1
1608,-30,30,-30,-30,-30,-30,-30,-30,-30,-30,1
4191,-30,-30,-30,-30,-30,-7,-30,-30,-30,-18,5
5292,-30,-30,-30,-30,-30,8,-30,-30,-30,-30,5
986,-30,30,-30,-30,-30,-30,-30,-30,-30,-30,1
3126,-30,-30,-30,-30,-30,-30,-30,-30,-30,30,9
5744,-30,-30,-30,-30,-6,-30,30,-30,-30,-30,6
7886,-30,-30,-30,-30,-3,-30,-30,-30,-30,-30,4
5018,-30,-30,-30,-30,-30,-30,-30,-30,-30,-30,0
2898,-30,-30,-30,12,-30,-30,-30,-30,-30,-30,3
7032,-30,-30,-30,-30,-30,-30,-30,-30,30,-30,8
4927,-30,-30,-30,-30,-30,-30,30,-30,-30,-30,6
2524,-30,-30,-30,-30,-30,-30,-30,30,-30,-30,7
5628,-30,30,-30,-30,-30,-30,-30,-30,-30,-30,1
4352,-30,-30,-30,30,-30,-30,-30,-30,-30,-30,3
8055,30,-30,-30,-30,-30,-30,-30,-30,-30,-30,0
2973,-30,-30,-30,-30,-30,-30,-30,30,-30,-30,7
3296,-30,-30,-30,-15,-30,-30,-30,-30,-30,-30,3
9449,-30,-30,-30,-30,-30,30,-30,-30,-30,-30,5
5742,-30,-30,-30,-30,-30,-30,-30,-30,30,-30,8
4770,-30,30,-30,-30,-30,-30,-30,-30,-30,-30,1
1774,-30,-30,-30,-30,5,-30,-30,-30,-30,-30,4
8163,-30,-30,30,-30,-30,-30,-2,-30,-30,-30,2
4855,-30,-30,-30,30,-30,-30,-30,-30,-30,-30,3
8127,-30,-30,-30,-30,30,-30,-30,-30,-30,-30,4
3460,-30,-30,-30,-30,-30,-30,-30,-30,30,-30,8
8173,-30,-30,-30,-30,-30,-30,-30,-30,30,-30,8
8518,-30,-30,-30,-30,-30,-30,-30,-30,30,-30,8
6674,-30,-22,-30,-16,-30,-30,-30,-30,-30,-30,3
87,-30,-30,-30,-30,-30,-30,-30,-30,20,-30,8
6883,-30,30,-30,-30,-30,-30,-30,-30,-30,-30,1
2179,-30,-30,-30,-30,-30,-30,-30,-30,30,-30,8
8974,-30,-30,-30,-30,-30,-30,-30,-30,-30,30,9
262,-30,-30,-30,-2,-30,-30,-30,-30,-30,-30,3
6051,30,-30,-30,-30,-30,-30,-30,-30,-30,-30,0
577,-30,-30,-30,-30,-30,-30,-2,-30,-30,-30,6
7378,16,-30,-30,-30,-30,-30,22,-30,-30,-30,6
1239,-30,-30,-6,-30,-30,-30,-30,-30,-30,-30,2
1351,-30,-30,-30,-30,-30,-30,-30,-30,-30,30,9
8474,-30,-30,-30,-30,-30,-20,-30,-3,-30,-30,7
9268,-30,-30,-30,30,-30,-30,-30,-30,-30,-30,3
2143,-30,-30,-30,-30,-30,-30,-30,-30,-30,-7,9
1618,30,-30,-30,-30,-30,-30,-30,-30,-30,-30,0
7904,-30,30,-30,-30,-30,-30,-30,-30,-30,-30,1
314,-30,-30,-30,-30,-30,-30,-10,-30,-30,-30,6
6295,-30,-30,-30,-30,-30,30,-30,-30,-30,-30,5
5454,-30,-30,-30,-30,-30,-30,-30,-30,-30,30,9
2101,-30,-30,-30,-30,-30,-30,-30,-30,-21,-30,8
9437,30,-30,-30,-30,-30,-30,-30,-30,-30,-30,0
931,-30,-30,-30,-30,-30,30,-30,-30,-30,-30,5
8440,-30,-30,-30,-30,-30,-30,-30,-30,-30,-30,0
1225,-30,-30,-30,-30,-30,30,-30,-30,-30,-30,5
9786,-30,-30,-30,-30,-30,-30,-30,-30,30,-30,8
8456,-30,-30,-30,-30,-30,-30,-30,30,-30,-30,7
8739,-30,-30,-30,3,-30,-30,-30,-30,-30,-30,3
3343,-30,-30,30,-30,-30,-30,-7,-30,-30,-30,2
8160,-30,-30,30,-30,-30,-30,18,-30,-30,-30,2
8454,-30,-30,-30,-30,-30,-30,-30,-30,30,-30,8
8605,-7,-30,-30,-30,-30,-30,9,-30,-30,-30,6
6034,6,-30,-30,-30,-30,-30,-14,-30,-30,-30,0
4671,-30,-30,-30,-30,-30,-30,-30,-30,-30,30,9
215,-30,-30,-30,30,-30,-30,-30,-30,-15,-30,3
1065,-30,-30,-30,-30,-30,-30,-30,-30,-30,-30,0
6202,-30,-30,-30,-30,-30,30,-30,-30,-30,-30,5
320,-30,-30,-30,-30,-30,-30,-30,-30,30,-30,8
2217,-30,30,-30,-30,-30,-30,-30,-30,-30,-30,1
3869,-30,30,-30,-30,-30,-30,-30,-30,-30,-30,1
4748,-30,-30,28,-30,-30,-30,-8,-30,-30,-30,2
2592,-30,-30,-30,-30,-30,-30,3,-30,-30,-30,6
2595,10,-30,-30,-30,-30,-30,-3,-30,-30,-30,0
7734,-30,-30,-30,-30,-30,-30,-30,-30,-30,-30,0
7362,-30,-30,-30,-30,-30,-30,-30,-30,30,-30,8
5585,-30,-30,-30,-30,21,-30,-30,-30,-30,-30,4
500,-30,-30,30,-30,-30,-30,7,-30,-30,-30,2
2912,-30,-30,-30,-7,-30,-30,-30,-30,-30,-30,3
7610,-30,-30,-30,30,-30,-30,-30,-30,-30,-30,3
1417,-30,-30,-30,-30,-30,-30,-30,-30,-30,30,9
7540,-30,-30,-30,-30,-30,24,-30,-30,-30,-30,5
4846,-30,-30,-30,-30,30,-30,5,-30,-30,-30,4
2237,-30,-30,-30,-27,-30,-30,-30,-30,-30,-30,3
46,-30,-20,-30,3,-30,-30,-30,-30,-30,-30,3
2069,-30,30,-30,-30,-30,-30,-30,-30,-30,-30,1
8872,-30,-30,-30,-30,-30,-30,-30,-30,30,-30,8
9435,-30,30,-30,-30,-30,-30,-30,-30,-30,-30,1
9720,-30,-30,-30,-30,-30,30,-30,-30,-30,-30,5
7243,-30,-30,30,-30,-30,-30,-30,-30,-30,-30,2
2016,30,-30,-30,-30,-30,-30,-30,-30,-30,-30,0
4125,30,-30,-30,-30,-30,-30,-30,-30,-30,-30,0
5049,-30,-30,-30,-30,-30,-30,-30,30,-30,-30,7
880,-30,-30,-30,-30,-30,-30,-30,-30,-30,30,9
9344,-30,-30,-30,30,-30,-30,-30,-30,-30,-30,3
3339,-30,-30,30,-30,-30,-30,-5,-30,-30,-30,2
6471,-30,-30,-30,-30,-30,-22,-30,30,-30,-30,7
8166,-30,30,-30,-30,-30,-30,-30,-30,-30,-30,1
9946,-30,-30,-30,-30,-30,-30,-30,30,-30,-30,7
1840,-30,-30,-30,-30,-30,-30,30,-30,-30,-30,6
8870,-30,30,-30,-30,-30,-30,-30,-30,-30,-30,1
3679,-30,-30,-30,-30,-30,-30,17,-30,-30,-30,6
1243,-30,-30,30,-30,-30,-30,-11,-30,-30,-30,2
8962,-30,-30,-30,-30,-30,-30,-15,-30,30,-30,8
3621,-30,-30,17,-30,-30,-30,-28,-30,-30,-30,2
5218,-30,-30,-30,-30,-30,17,-30,-20,-30,-30,5
6110,-30,-30,-30,-30,-30,-9,-30,-30,-30,-30,5
2646,-30,-30,-30,-30,30,-30,-30,-30,-30,-30,4
3388,-30,-30,-30,-30,-30,-30,-30,-30,-30,30,9
3188,-30,-30,-30,13,-30,-30,-30,-30,-30,-30,3
2609,-30,-30,30,-30,-30,-30,-30,-30,-30,-30,2
2076,-30,-30,-30,-30,-30,-7,-30,-30,-30,-30,5
5379,-30,-30,-30,-30,-30,-30,-15,-30,-30,-30,6
2645,-30,-30,-30,-30,-30,-30,-30,-30,30,-30,8
4445,-30,-30,-28,-30,-30,-30,30,-30,-30,-30,6
7906,-30,-30,30,-30,-30,-30,-30,-30,-30,-30,2
5223,-30,-30,-30,-30,15,-30,-30,-30,-30,-30,4
7230,-30,-30,-30,-30,-30,-30,-30,-30,-30,-30,0
3510,-30,-30,-30,-30,-30,-30,-30,-30,-30,-30,0
4753,-30,-30,-30,-30,-30,-30,-30,-30,-30,-30,0
8449,-30,30,-30,-26,-30,-30,-30,-30,-30,-30,1
7476,-30,30,-30,-30,-30,-30,-30,-30,-30,-30,1
1588,30,-30,-30,-30,-30,-30,-30,-30,-30,-30,0
7256,-30,-30,-30,23,-30,-30,-30,-30,-30,-30,3
4723,-30,-30,-30,-30,-30,-15,-30,-30,-30,-30,5
9473,-30,-30,-30,-30,-30,-3,-30,-5,-30,-30,5
8441,-30,-30,30,-30,-30,-30,-13,-30,-30,-30,2
9228,-30,-30,-30,-30,-30,-30,-12,-30,-30,-30,6
6510,-30,-30,-30,-30,30,-30,-2,-30,-30,-30,4
4467,-30,30,-30,-30,-30,-30,-30,-30,-30,-30,1
8954,-30,-30,-30,-30,-30,-30,-30,-30,30,-30,8
5922,-30,-30,-30,-30,-30,-30,-30,-30,-30,-30,0
7216,-30,-30,-30,-30,-11,-30,14,-30,-30,-30,6
8355,-30,-30,-30,-30,-30,-30,30,-30,-30,-30,6
1783,-30,-30,-30,-30,8,-30,-30,-30,-30,-30,4
2470,-30,-30,-15,-30,-21,-30,-2,-30,-30,-30,6
2575,-30,-30,30,-30,-30,-30,-26,-30,-30,-30,2
8579,-30,-30,-30,-30,-30,-30,-30,-30,-30,30,9
1171,-30,-30,19,-30,-30,-30,-3,-30,-30,-30,2
8142,-30,23,-30,-30,-30,-30,-30,-30,-30,-30,1
5253,-30,-30,-30,-30,-30,-30,-30,-30,-30,13,9
2628,-30,-30,-30,-30,-30,-30,-15,-30,-30,-30,6
7664,-30,-30,-20,-30,-30,-30,2,-30,-30,-30,6
1178,-30,-30,-30,-30,-30,-30,14,-30,-30,-30,6
8283,-30,-30,-30,-30,-30,-30,-28,-30,12,-30,8
8904,-30,-30,-30,-30,30,-30,-30,-30,-30,-30,4
7813,-30,-30,-30,-30,-30,-18,-30,-30,-30,-30,5
784,-30,-30,-30,-30,-30,-30,-23,-30,-30,-30,6
3357,-30,-30,-30,-30,-30,-30,-30,-30,-30,30,9
9299,-30,-30,-30,-30,-30,-30,-30,-30,30,-30,8
911,-30,30,-30,-30,-30,-30,-30,-30,-30,-30,1
1374,-30,-30,-7,-30,-30,-30,30,-30,-30,-30,6
6159,-30,-30,-30,-19,-30,-30,-30,-30,-30,-30,3
7732,-30,-30,-30,-30,-30,-30,30,-30,-30,-30,6
3198,-30,-30,-30,-30,-29,-30,29,-30,-30,-30,6
2578,-30,-30,-30,-30,-30,-30,-30,-30,-30,16,9
9764,-30,-30,-30,-30,30,-30,-11,-30,-30,-30,4
4993,-30,-30,-30,30,-30,-30,-30,-30,-30,-30,3
7100,-30,-30,-30,-30,-30,-30,-30,30,-30,-30,7
3288,-30,30,-30,-30,-30,-30,-30,-30,-30,-30,1
4997,-30,-30,-28,-30,30,-30,-30,-30,-30,-30,4
4321,-30,-30,-30,-30,-2,-30,30,-30,-30,-30,6
4130,0,-30,-30,-30,-30,-30,-30,-30,-30,-30,0
4212,-30,30,-30,-30,-30,-30,-30,-30,-30,-30,1
83,-30,30,-30,-30,-30,-30,-30,-30,-30,-30,1
6248,30,-30,-30,-30,-30,-30,-17,-30,-30,-30,0
6114,-30,-30,30,-30,-30,-30,-7,-30,-30,-30,2
8989,-30,-30,-30,-30,-30,-30,30,-30,-30,-30,6
9160,-30,-30,-30,-30,-30,-30,-30,-30,-30,30,9
5806,-30,-30,-30,-30,-30,-11,-30,-30,-30,-30,5
9702,-7,-30,-30,-30,-30,-30,-18,-30,-30,-30,0
4281,-30,30,-30,-30,-30,-30,-30,-30,-30,-30,1
4119,-30,-30,30,-30,-30,-30,-30,-30,-30,-30,2
8015,-30,-30,-30,-30,-14,-30,30,-30,-30,-30,6
4067,-30,-30,-30,-30,-30,-30,-21,-30,-30,-30,6
8022,-30,-30,-30,-30,-30,-30,-30,-7,-30,-30,7
3130,-30,-30,23,-30,-30,-30,30,-30,-30,-30,6
7780,-30,30,-30,-30,-30,-30,-30,-30,-30,-30,1
9783,-30,30,-30,-30,-30,-30,-30,-30,-30,-30,1
1727,-30,-30,-30,-30,-30,-20,-30,-12,-30,-30,7
4218,-30,-30,-30,-30,-30,-30,-30,30,-30,-30,7
3192,-30,-30,-30,-30,-30,-30,-30,-30,30,-30,8
8461,-30,-30,-30,-30,-30,-30,-30,30,-30,-30,7
6687,-30,-30,-30,-30,-30,-30,0,-30,-30,-30,6
8637,-30,-30,-30,-30,-30,30,-30,-30,-30,-30,5
7879,-30,-30,-30,30,-30,-30,-30,-30,-30,-30,3
3099,-30,-30,-30,-30,-30,-27,-30,30,-30,-30,7
2777,-30,-30,-30,-30,-30,-30,-30,-30,-30,-30,0
2207,30,-30,-30,-30,-30,-30,-30,-30,-30,-30,0
9345,-30,-30,-30,-30,-30,-30,-30,-30,-30,30,9
3870,-30,-30,-30,-30,-30,-30,5,-30,-30,-30,6
6598,-30,30,-30,-30,-30,-30,-30,-30,-30,-30,1
9100,-30,-30,-30,-30,-16,-30,30,-30,-30,-30,6
1369,-30,-30,4,-30,-30,-30,-17,-30,-30,-30,2
725,-30,-30,1,-30,-30,-30,-19,-30,-30,-30,2
9598,-30,-30,-30,-30,-30,30,-30,-30,-30,-30,5
374,-30,-30,-30,-30,-30,-30,-30,-30,30,-30,8
7936,-30,-30,-30,-30,-30,-10,-30,-30,-30,-30,5
4838,-30,-30,-4,-30,-30,-30,-30,-30,-30,-30,2
7129,-30,-30,-30,-30,-30,-21,-30,-30,-30,-30,5
5781,-30,-30,-30,-30,-30,-30,-30,-30,30,-30,8
709,-30,-30,-30,-30,30,-30,-30,-30,-30,-30,4
4800,26,-30,-30,-30,-30,-30,-11,-30,-30,-30,0
7792,-30,-30,-30,-30,-30,-30,-30,-30,-30,30,9
6803,30,-30,-30,-30,-30,-30,-30,-30,-30,-30,0
3116,-30,-30,-30,-30,-30,-30,-30,-30,30,-30,8
5676,-30,18,-30,-30,-30,-30,-30,-30,-30,-30,1
194,-30,-30,-30,-30,-30,-30,-30,-30,-30,-30,0
9357,-30,-30,-30,-30,-30,-30,-30,-30,30,-30,8
8611,-30,-30,17,-30,-30,-30,10,-30,-30,-30,2
4176,-30,-30,-30,-30,-30,-30,-30,-30,30,-30,8
4350,-30,-30,30,-30,-30,-30,-30,-30,-30,-30,2
1460,30,-30,-30,-30,-30,-30,-30,-30,-30,-30,0
8318,-30,-30,-30,-30,-30,-30,-30,-30,-30,-30,0
4758,-30,-30,-30,30,-30,-30,-30,-30,-30,-30,3
5263,-30,-30,-30,-7,-30,-30,-30,-30,30,-30,8
6200,-30,-30,-30,-30,-30,-30,-30,-3,-30,-30,7
755,-30,-30,-30,-30,-30,-30,-30,-30,30,-30,8
8742,-30,-30,11,-30,-30,-30,-26,-30,-30,-30,2
8760,-30,-30,30,-30,-30,-30,-30,-30,-30,-30,2
3745,-30,-30,-30,-30,7,-30,-20,-30,-30,-30,4
5916,-30,-30,-28,-30,-30,-30,-6,-30,-30,-30,6
4428,30,-30,-30,-30,-30,-30,-25,-30,-30,-30,0
3504,-30,-30,-30,-30,12,-30,-30,-30,-30,-30,4
6249,-30,-30,-30,-30,-30,30,-30,-30,-30,-30,5
197,-30,-30,-30,-9,22,-30,-30,-30,-30,-30,4
9677,-30,-30,-30,-30,30,-30,-30,-30,-30,-30,4
2125,-30,30,-30,-30,-30,-30,-30,-30,-30,-30,1
6822,-30,30,-30,-30,-30,-30,-30,-30,-30,-30,1
9019,-30,-30,-30,-30,-30,-30,-30,-30,-30,30,9
7026,-30,-30,-30,-30,-30,-30,-30,-30,-30,-30,0
232,-30,-30,-30,-30,-30,-30,-30,-30,-30,-30,0
6573,-30,-30,-30,-30,-30,-30,-7,-30,-30,-30,6
8830,-30,-30,-30,-30,-30,-30,30,-30,-30,-30,6
5881,-30,30,-30,-30,-30,-30,-30,-30,-30,-30,1
9185,-30,-30,-30,-30,-4,-30,-11,-30,-30,-30,4
2146,-30,-30,21,-30,-30,-30,-10,-30,-19,-30,2
1413,-30,-30,-30,-30,-30,-30,-30,-26,-30,-30,7
5258,-30,-30,-30,-30,-30,-30,-30,30,-30,-30,7
3443,-30,30,-30,-30,-30,-30,-30,-30,-30,-30,1
9992,-30,-30,-30,-30,-30,-30,-30,-30,30,-30,8
1835,-30,-30,-30,-30,-30,-30,-3,-30,-30,-30,6
7489,-30,-30,-30,11,-30,-30,-30,-30,-30,-30,3
6841,-30,-30,-30,-30,-30,-30,-30,24,-30,-30,7
7310,-30,-30,-30,-30,-30,-30,-30,-30,-30,30,9
2180,-30,-30,-30,-30,-30,-30,-30,-30,30,-30,8
3094,-30,-30,-30,-30,-30,-30,-30,30,-30,-30,7
7701,-30,-30,20,-30,-30,-30,-15,-30,-30,-30,2
9942,-30,-30,-30,-30,-30,-5,-30,-1,-30,-30,7
5315,-30,-30,-30,-30,-30,-30,-30,-30,-30,30,9
113,-30,-30,-30,-30,-30,-30,-30,30,-30,-30,7
2965,-30,-30,30,-30,-30,-30,-21,-30,-30,-30,2
3287,-30,-30,30,-30,-30,-30,-30,-30,-30,-30,2
6319,-30,-30,8,-30,-30,-30,4,-30,-30,-30,2
2854,30,-30,-30,-30,-30,-30,14,-30,-30,-30,0
1393,-30,-30,-30,30,-30,-30,-30,-30,-30,-30,3
7249,-30,-30,-30,30,-30,-30,-30,-30,-30,-30,3
3683,-30,-30,-30,-30,-30,-30,-30,-30,-30,14,9
2690,-30,30,-30,-30,-30,-30,-30,-30,-30,-30,1
3079,-30,30,-30,-30,-30,-30,-30,-30,-30,-30,1
6888,-30,-30,-30,-30,2,-30,-30,-30,-30,-30,4
6848,-30,-30,-30,-30,-30,-30,-30,-30,30,-30,8
4759,30,-30,-30,-30,-30,-30,-30,-30,-30,-30,0
2842,-30,-30,-30,-30,-30,-30,-30,-30,-30,30,9
7818,-30,-30,-30,-30,-30,-30,-30,30,-30,-30,7
5179,-30,-30,-30,-30,-30,30,-30,-30,-30,-30,5
6399,-30,-30,-14,-30,-30,-30,9,-30,-30,-30,6
8317,-30,-30,-30,-30,-30,-30,-30,-30,30,-30,8
7707,-30,-30,-30,-30,-30,-30,-30,-30,30,-30,8
1823,-30,-30,-30,-23,-30,-30,-30,-30,-30,-30,3
2667,-30,-30,-17,-30,-30,-30,-9,-30,-30,-30,6
6504,-30,-30,-30,30,-30,-30,-30,-30,-30,-30,3
2741,-30,-30,-30,-30,-30,-30,-8,-30,-12,-30,6
1010,-30,-30,-30,-30,-30,-30,-30,-30,30,-30,8
4645,-30,-30,-30,-30,-21,-30,-30,-30,-30,-30,4
7294,-30,-30,30,-30,-30,-30,-23,-30,-30,-30,2
8589,-30,-30,-30,-30,-30,-6,-30,-30,-30,3,9
6109,-30,-30,-30,-30,-30,-30,-30,-30,-30,30,9
9270,-30,-30,30,-30,-30,-30,-6,-30,-30,-30,2
4429,-30,3,-30,-30,-30,-30,-30,-30,-30,-30,1
7254,-30,-30,-30,-30,-30,-30,-30,-30,30,-30,8
7164,-30,-30,-30,-5,-30,-30,-30,-30,-30,-30,3
4777,-30,-30,-30,-30,-30,-30,-20,-30,-30,-30,6
2474,-30,-30,-30,-30,-30,-30,-30,-30,30,-30,8
4552,-30,-30,-30,30,-30,-30,-30,-30,-30,-30,3
3026,-30,-30,-30,5,-30,-30,-30,-30,-30,-30,3
1873,-30,-30,6,-30,-30,-30,-6,-30,-30,-30,2
6530,-30,-3,-21,-30,-30,-30,1,-30,-30,-30,6
1158,-30,-30,-30,30,-30,-30,-30,-30,-30,-30,3
2920,30,-30,-30,-30,-30,-30,-13,-30,-30,-30,0
5886,-30,30,-30,-30,-30,-30,-30,-30,-30,-30,1
6425,-30,-30,-30,-30,-30,-30,-30,-30,30,-30,8
5862,-30,-30,19,-30,30,-30,-30,-30,-30,-30,4
4935,-30,30,-30,-30,-30,-30,-30,-30,-30,-30,1
48,-30,-30,-30,-30,-30,30,-30,-30,-30,-30,5
6018,-30,-30,-30,-30,-30,-30,-30,-30,30,-30,8
45,-30,30,-30,-30,-30,-30,-30,-30,-30,-30,1
4014,-30,-30,-30,-30,-30,30,-30,-30,-30,-30,5
4229,-30,-30,-30,-30,-30,-30,-30,-30,30,-30,8
587,14,-30,-30,-30,-30,-30,-2,-30,-30,-30,0
7148,-30,-30,-30,-30,-30,-30,-30,30,-30,-30,7
1953,-30,-30,-30,-30,-30,-30,-30,-30,30,-30,8
6287,-30,-30,-30,-30,-30,-30,-30,-8,-30,-30,7
5892,-30,-30,-30,-30,-30,27,-30,-30,-30,-30,5
3678,-30,-30,-30,-30,-30,-30,-30,-30,-30,-6,9
9212,-30,-30,-30,-30,-30,-30,-30,-30,-30,-30,0
8699,-30,-30,-30,-30,-30,-3,-30,-30,-30,-30,5
9088,-30,-30,-30,30,-30,-30,-30,-30,-30,-30,3
974,-26,-30,-30,-30,-30,-30,-12,-30,-30,-30,6
9348,-30,-30,-30,-30,-30,-30,-30,30,-30,-30,7
6735,-30,-30,-30,-30,-30,-30,-30,-30,30,-30,8
6362,-30,-30,-30,-30,30,-30,-30,-30,-30,-30,4
3034,-30,-30,-30,-30,-30,30,-30,-30,-30,-30,5
9302,-30,0,-30,-30,-30,-30,-30,-30,-30,-30,1
8104,30,-30,-30,-30,-30,-30,-13,-30,-30,-30,0
4034,-30,-30,14,-30,-30,-30,-2,-30,-30,-30,2
6117,-30,-30,-30,-30,-30,-30,-30,-30,-30,-30,0
2721,-30,-30,-30,-30,5,-30,-19,-30,-30,-30,4
1075,-30,-30,-30,30,-30,-30,-30,-30,-30,-30,3
847,-30,-30,-30,-30,-30,-30,-30,30,-30,-30,7
6192,-30,-30,-30,-30,-30,-30,-30,30,-30,-30,7
1945,-30,-30,-30,-30,-30,-30,-30,-27,-30,-17,9
5614,-30,-30,-30,-30,-30,-30,-30,15,-30,-30,7
1495,-30,-30,30,-30,-30,-30,-30,-30,-30,-30,2
7521,-30,-30,-30,-30,-30,30,-30,-30,-30,-30,5
2166,-30,-30,-30,-30,-30,-30,-30,-30,30,-30,8
5780,-30,-30,-30,-30,-30,-16,-30,30,-30,-30,7
5414,-30,-30,-30,-30,-30,-30,-18,-30,30,-30,8
5913,-30,-30,-30,-30,-30,0,-30,-30,-30,10,9
8150,-30,-30,-30,30,-30,-30,-30,-30,-30,-30,3
9927,-15,-30,-30,-30,-30,-30,-30,-30,-30,-30,0
4437,-30,-30,-30,-30,-30,-30,-30,-30,-30,30,9
6113,-30,-30,-30,-30,-30,-30,-30,30,-30,-30,7
7196,-30,-30,30,-30,-30,-30,-30,-30,-30,-30,2
2476,30,-30,-30,-30,-30,-30,-30,-30,-30,-30,0
8502,-29,-30,-30,-30,-30,-30,-29,-30,-30,-30,0
2475,-30,-30,-30,-30,-30,-30,-30,-30,30,-30,8
3749,-30,-30,-30,-27,-30,-30,-30,-30,-30,-30,3
7038,30,-30,-30,-30,-30,-30,13,-30,-30,-30,0
4740,-30,-30,-30,-30,-30,-14,-30,-30,-30,-30,5
6908,-30,-30,-30,-30,-8,-30,-30,-30,-30,-30,4
3956,-30,-30,-30,-30,-30,-30,-30,30,-30,-30,7
834,-30,-30,23,-30,-30,-30,1,-30,-30,-30,2
715,-30,-30,-30,-30,-30,-30,-30,-30,25,-30,8
4016,-30,-30,-30,-30,9,-30,-30,-30,-30,-30,4
1205,-30,-30,-30,-30,-30,-30,-30,-14,-30,-30,7
8458,27,-30,-30,-30,-30,-30,-30,-30,-30,-30,0
9074,-30,-30,-30,-30,-30,-30,-30,-30,-30,-30,0
1423,-30,-30,-30,-30,30,-30,-13,-30,-30,-30,4
9826,30,-30,-30,-30,-30,-30,-30,-30,-30,-30,0
5876,-30,-30,-30,-30,-28,-30,27,-30,-30,-30,6
218,-30,-30,-30,-30,-30,-30,-30,-22,-30,-30,7
9805,-30,-30,-30,-30,-30,-30,-30,-30,30,-30,8
89,-30,30,-30,-30,-30,-30,-30,-30,-30,-30,1
2621,-30,-30,-30,30,-30,-30,-30,-30,-30,-30,3
3958,-30,-30,-30,-30,-30,-30,-30,-30,30,-30,8
7414,-30,30,-30,-30,-30,-30,-30,-30,-30,-30,1
4731,-30,-30,-30,-30,-30,-17,-30,-23,-30,-30,5
6887,-30,-30,-30,30,-30,-30,-30,-30,-30,-30,3
8298,-30,-30,-30,-30,14,-30,12,-30,-30,-30,4
9618,-30,30,-30,-30,-30,-30,-30,-30,-30,-30,1
1263,-30,30,-30,-30,-30,-30,-30,-30,-30,-30,1
9730,-30,-30,-30,-30,-30,-30,6,-30,-30,-30,6
8750,-30,-30,-30,-30,-30,-30,-14,-30,-30,-30,6
9746,-30,-30,-30,-30,-30,-30,-30,-30,-30,30,9
8218,-30,-30,-30,-30,-30,-30,-30,-30,30,-30,8
7131,-30,-30,-30,-30,-30,-30,-6,-30,-30,-30,6
491,-30,-30,-30,-30,-30,-30,-30,-30,30,-30,8
6639,-30,-30,-30,-30,-30,-30,3,-30,-30,-30,6
9024,-30,-30,-30,-30,-30,-30,-30,30,-30,-30,7
3524,-30,-30,-30,-30,-30,-30,-30,30,-30,-30,7
1991,-30,30,-30,-30,-30,-30,-30,-30,-30,-30,1
9781,-30,-30,-30,-13,-30,-30,-30,-30,-30,-30,3
1478,-30,-30,-30,-30,-30,-30,4,-30,-30,-30,6
7459,-25,-30,-30,-30,-30,-30,-30,-30,-30,-30,0
6570,30,-30,-30,-30,-30,-30,-30,-30,-30,-30,0
4808,-30,-30,-30,-30,-30,-30,-30,27,-30,-30,7
2220,-30,-30,-30,-30,-30,-30,-30,-30,30,-30,8
6380,-30,-30,-30,-30,-30,-30,-30,30,-30,-30,7
334,-30,-30,-30,-30,-18,-30,30,-30,-30,-30,6
9766,-30,-30,-30,-30,-30,26,-30,-30,-30,-30,5
1982,-30,-30,29,-30,-30,-30,-3,-30,-30,-30,2
8287,-30,-30,-30,-30,-17,-30,30,-30,-30,-30,6
3993,-30,-30,-30,-30,-30,-30,-30,30,-30,-30,7
762,-30,-30,-30,-30,-30,30,-30,-30,-30,-30,5
6234,-30,-30,-30,-30,-30,-7,-30,-30,-30,-30,5
8391,-30,-30,-30,-30,-30,-30,-30,-30,30,-30,8
8713,-30,-30,-30,-30,-30,-30,-30,-30,-30,30,9
2017,-30,-30,-30,-30,-30,-30,-30,30,-30,-30,7
8838,-30,-30,-30,30,-30,-30,-30,-30,-30,-30,3
7659,-30,-30,30,-30,-30,-30,-30,-30,-30,-30,2
2640,-30,-30,-26,-30,-30,-30,-3,-30,-30,-30,6
9566,-30,-30,-30,-30,-30,-30,-30,-30,30,-30,8
1103,-30,-30,-30,-22,-30,-30,-30,-30,-30,-30,3
3427,-30,-30,-30,-30,-30,-30,-30,-30,-30,30,9
626,-30,-30,-30,-30,-30,30,-30,-30,-30,-30,5
6427,-30,-30,-30,-30,-30,-30,-30,30,-30,-30,7
2450,-30,-30,-30,-30,-30,-30,30,-30,-30,-30,6
2981,-30,-30,4,-30,-30,-30,-16,-30,-30,-30,2
6827,-30,-30,-11,-30,-11,-30,9,-30,-30,-30,6
3319,-30,-30,-30,-30,-30,-30,-30,30,-30,-30,7
3127,-30,-30,-30,30,-30,-30,-30,-30,-30,-30,3
3889,-30,-30,-30,-30,-30,-30,-30,-30,30,-30,8
4958,-30,-30,-30,-30,-30,9,-30,30,-30,-30,7
2504,-30,30,-30,-30,-30,-30,-30,-30,-30,-30,1
4459,-30,-30,-30,-30,-30,-30,-30,-30,30,-30,8
9647,-30,-30,-30,-30,-30,-30,-30,-30,-30,30,9
3566,-30,-30,-18,-30,-30,-30,5,-30,-30,-30,6
6194,-30,-30,30,-30,-30,-30,-13,-30,-30,-30,2
9517,-30,30,-30,-30,-30,-30,-30,-30,-30,-30,1
1357,-30,-30,-30,-30,-30,-30,18,-30,-30,-30,6
2978,-30,-30,30,-30,-30,-30,7,-30,-30,-30,2
8919,-30,-30,-30,-30,-30,-30,-30,30,-30,-30,7
4093,-30,-30,-10,-30,-30,-30,24,-30,-30,-30,6
2399,30,-30,-30,-30,-30,-30,-15,-30,-30,-30,0
1676,-30,-30,-30,-30,-30,-30,-9,-30,-30,-30,6
9502,-30,-30,-30,-30,-30,-30,-5,-30,-30,-30,6
9470,-30,-30,-30,-30,-30,-30,-30,-30,30,-30,8
5323,-30,-30,-30,-30,-30,-30,-30,-30,-30,30,9
6007,-30,-30,-30,-30,-30,-26,-30,30,-30,-30,7
2961,-30,-30,-30,-30,-30,-30,-30,-30,-30,30,9
6679,-30,-30,-30,-30,-30,-30,-27,-30,-29,-30,6
9614,-30,-30,17,-30,-30,-30,-12,-30,-30,-30,2
5919,-30,-30,-30,-30,-30,-30,-30,-30,30,-30,8
8228,-30,-30,-30,-30,30,-30,-30,-30,-30,-30,4
4471,13,-30,-30,-30,-30,-30,7,-30,-30,-30,0
5583,30,-30,-30,-30,-30,-30,-30,-30,-30,-30,0
8767,-30,-30,-30,-30,-30,-30,30,-30,-30,-30,6
3913,-30,-30,-30,30,-30,-30,-30,-30,-30,-30,3
746,-30,-30,-30,-17,-30,-30,-30,-30,-30,-30,3
7803,-30,30,-30,-30,-30,-30,-30,-30,-30,-30,1
2775,-30,-30,-30,-30,-30,30,-30,-30,-30,-30,5
6044,-30,-30,-3,-30,-30,-30,-8,-30,-8,-30,2
1216,-30,-30,-30,-30,-30,-30,-30,-19,-30,-30,7
9683,-30,-30,-30,-30,-30,30,-30,-30,-30,-30,5
9590,-30,-30,-30,30,-30,-30,-30,-30,-30,-30,3
8555,-30,-30,-30,-30,-30,-30,-30,-28,-30,-29,7
114,-30,-30,-30,-30,-30,-30,-30,-30,-30,-30,0
5306,-30,-30,30,-30,-30,-30,-1,-30,-30,-30,2
5325,-30,-17,-30,-13,-30,-30,-30,-30,-30,-30,3
6163,-30,-30,-30,-30,-30,-30,-30,-30,-30,-21,9
9382,-30,30,-30,-30,-30,-30,-30,-30,-30,-30,1
8610,-30,30,-30,-30,-30,-30,-30,-30,-30,-30,1
1282,-30,-30,-30,-30,-30,-30,3,-30,-30,-30,6
460,-30,-30,-30,-30,-30,-30,-30,30,-30,-30,7
7849,13,-30,-30,-30,-30,-30,-30,-30,-30,-30,0
5810,-30,-30,-30,-30,-30,-30,-30,-30,30,-30,8
5339,-30,-30,-30,-30,-30,-30,-30,-30,30,-30,8
2070,-30,-30,-30,-30,-30,-30,-30,6,-30,-30,7
9811,-30,-30,-30,-30,-30,30,-30,-30,-30,-30,5
7241,-30,-30,-30,-30,-30,-30,-30,-30,-30,30,9
1489,-30,-30,-30,-30,-30,-30,-30,-30,-30,30,9
4550,-30,-30,-30,-30,-30,30,-30,-30,-30,-30,5
6592,-30,-30,-30,-30,-30,0,-30,-30,-30,-30,5
5839,-30,-30,-30,1,-30,-30,-30,-30,-30,-30,3
284,30,-30,-30,-30,-30,-30,-30,-30,-30,-30,0
8082,-30,-30,-30,-30,-30,-30,-30,30,-30,-30,7
9082,-30,30,-30,-30,-30,-30,-30,-30,-30,-30,1
7723,-30,-30,-30,-30,9,-30,0,-30,-30,-30,4
401,-30,-30,-12,-30,-30,-30,3,-30,-30,-30,6
8867,30,-30,-30,-30,-30,-30,-30,-30,-30,-30,0
360,-30,-30,-30,-30,-30,-30,-30,-30,-30,30,9
3133,-30,-30,-30,-30,-30,-30,-30,-24,-30,-26,7
6013,-30,-30,-30,30,-30,-30,-30,-30,-30,-30,3
8792,9,-30,-30,-30,-30,-30,-9,-30,-30,-30,0
825,-30,-30,-30,-30,-30,-30,-30,-30,30,-30,8
6365,30,-30,-30,-30,-30,-30,-30,-30,-30,-30,0
7051,-30,-30,-30,-30,-30,30,-30,-30,-30,-30,5
7396,-30,-30,-30,-30,-30,-22,-30,-29,-30,-30,5
8216,-30,-30,-30,-30,-30,-30,-30,-30,30,-30,8
4554,-30,-30,-30,-30,-30,-30,-25,-30,30,-30,8
2225,-30,-30,14,-30,-30,-30,-30,-30,-30,-30,2
5391,-30,-30,-30,-30,-30,-30,-30,-30,-30,-30,0
7580,-30,-30,-30,-30,-30,-30,-30,-30,-30,-30,0
1425,-30,-30,-30,-30,-30,-30,30,-30,-30,-30,6
949,-30,-30,30,-30,-30,-30,-3,-30,-30,-30,2
5075,-30,-30,-30,-30,-30,-30,-30,-30,30,-30,8
4763,-30,30,-30,-30,-30,-30,-30,-30,-30,-30,1
3124,-30,-30,-30,-30,-30,-30,-11,-30,-18,-30,6
7854,-30,-30,-30,-30,30,-30,7,-30,-30,-30,4
1909,-30,-30,-30,-30,-30,-30,-24,-30,14,-30,8
2032,30,-30,-30,-30,-30,-30,-30,-30,-30,-30,0
9013,-30,-30,-30,-30,-30,-30,-30,30,-30,-30,7
1057,-30,-30,-30,-30,-30,30,-30,-30,-30,-30,5
8435,-30,-30,-30,-30,-30,-30,-30,-30,30,-30,8
2700,-30,-30,-30,-30,-30,-30,-30,-5,-30,-30,7
4159,-30,-30,-30,-30,-30,-21,-30,-30,-30,-30,5
1902,-30,-30,-30,-30,-30,-8,-30,-30,-30,-30,5
4078,-30,-30,-30,-30,-30,-30,-30,-30,-30,-30,0
9750,-30,-30,-30,-30,-30,-30,-29,-30,-30,-30,6
2557,-30,-30,-30,-30,-30,-18,-30,1,-30,-30,7
7986,-30,-30,-30,-30,-27,-30,30,-30,-30,-30,6
2825,-30,-30,-30,-30,-30,-30,-30,-30,-30,-30,0
7553,-30,-30,30,-30,-30,-30,5,-30,-30,-30,2
263,30,-30,-30,-30,-30,-30,-30,-30,-30,-30,0
9314,-30,-30,-30,30,-30,-30,-30,-30,-30,-30,3
471,-30,-30,-30,-30,-30,-30,-30,-30,-30,-30,0
2102,-30,-30,-30,-30,-30,-30,30,-30,-30,-30,6
1619,30,-30,-30,-30,-30,-30,-30,-30,-30,-30,0
6141,-30,-30,-30,-30,-30,-30,-30,-30,-30,-30,0
2836,-30,-30,-30,-30,-30,-30,-30,-30,-30,30,9
583,-30,-30,-30,-30,30,-30,-30,-30,-30,-30,4
2817,-30,-30,-30,-30,-30,30,-30,-30,-30,-30,5
7037,-30,-30,-30,-30,-30,-30,-30,-30,-30,-30,0
5369,-30,-30,-30,-2,-30,-30,-30,-30,-30,-30,3
8958,-30,30,-30,-30,-30,-30,-30,-30,-30,-30,1
9952,-30,-30,30,-30,-30,-30,-20,-30,-30,-30,2
4116,-30,-30,-30,-30,-30,30,-30,-30,-30,-30,5
4520,-30,-30,-30,-30,-30,-30,-30,-30,-30,-7,9
3646,30,-30,-30,-30,-30,-30,-28,-30,-30,-30,0
5346,-30,-30,-30,-30,-30,22,-30,-30,-30,-30,5
175,-30,-30,-30,-30,-30,-30,-17,-30,-30,-30,6
5021,-30,-30,30,-30,-30,-30,-20,-30,-30,-30,2
2188,-30,-30,-30,-30,-30,-15,-30,22,-30,-30,7
2643,30,-30,-30,-30,-30,-30,-30,-30,-30,-30,0
1118,-30,-30,-30,-10,-30,-30,-30,-30,-30,-30,3
8494,-30,-30,-17,-30,-30,-30,1,-30,-30,-30,6
8612,-30,-30,-30,-30,-30,-30,-30,-30,-30,-30,0
9309,-30,-30,-30,-30,-30,-30,-18,-30,-30,-30,6
9832,-30,-30,-30,-30,-30,-30,-30,30,-30,-30,7
6358,-30,-30,30,-30,-30,-30,-8,-30,-30,-30,2
7998,-30,-30,-30,-30,-30,-30,-30,30,-30,-30,7
7173,-30,-30,30,-30,-30,-30,-30,-30,-30,-30,2
4249,-30,-30,-30,30,-30,-30,-30,-30,-30,-30,3
3100,-30,-30,2,-30,-10,-30,-30,-30,-30,-30,2
7161,-30,-30,-30,-30,-30,-30,-30,30,-30,-30,7
3081,-30,30,-30,-30,-30,-30,-30,-30,-30,-30,1
27,-30,-30,23,-30,-30,-30,-4,-30,-30,-30,2
7747,-30,-30,-30,11,-20,-30,-30,-30,-30,-30,3
2979,-30,-30,-30,-30,30,-30,-30,-30,-30,-30,4
5303,-30,-30,28,-30,-30,-30,-12,-30,-30,-30,2
2676,-30,-30,-30,-30,-22,-30,-30,-30,-3,-30,8
6619,-30,-30,-30,3,-30,-30,-30,-30,-30,-30,3
9678,-30,-30,-30,-30,-30,-30,-30,-30,-30,30,9
3071,-30,-30,-30,-30,-30,-30,-30,-30,-30,30,9
3999,-30,-30,-9,-30,-30,-30,18,-30,-30,-30,6
2588,-30,-30,-30,-30,-30,-30,-30,-30,30,-30,8
7227,30,-30,-30,-30,-30,-30,-30,-30,-30,-30,0
3000,-30,-30,-30,-30,-30,-30,-30,-30,-30,-30,0
2765,30,-30,-30,-30,-30,-30,-30,-30,-30,-30,0
8137,30,-30,-30,-30,-30,-30,-20,-30,-30,-30,0
4818,-30,30,-30,-30,-30,-30,-30,-30,-30,-30,1
8186,-30,-30,-30,-30,-30,-30,-30,-30,-30,30,9
3166,-30,-30,-30,30,-30,-30,-30,-30,-30,-30,3
7612,-30,-30,-30,-30,-30,-30,-30,-30,-30,30,9
8095,-30,-30,-30,-30,-30,-30,-30,-30,18,-30,8
7435,-30,-30,-30,-30,-30,-30,-30,-30,30,-30,8
1657,-30,-30,-30,-30,-30,-30,-5,-30,-30,-30,6
676,-30,-30,-30,-30,-30,-30,-30,-30,-30,30,9
7240,-30,-30,-30,-30,30,-30,11,-30,-30,-30,4
8031,-30,-30,-30,-30,-30,-30,-30,30,-30,-30,7
7105,-30,-30,-30,-30,-30,-30,-30,-30,-30,30,9
6944,-30,30,-30,-30,-30,-30,-30,-30,-30,-30,1
8336,-30,-30,-30,-30,-30,30,-30,-30,-30,-30,5
8600,-30,-30,-30,-30,-30,-30,-30,-30,30,-30,8
4194,-30,30,-30,-30,-30,-30,-30,-30,-30,-30,1
828,-30,-30,-30,-30,-30,-30,-30,-30,-30,-30,0
1669,-30,-30,-30,-30,-30,-30,14,-30,-30,-30,6
1124,-30,-30,30,-30,-30,-30,-30,-30,-30,-30,2
532,-30,-30,3,-30,-6,-30,-30,-30,-30,-30,2
5920,-30,-30,-30,-30,-30,-30,-30,-30,30,-30,8
6866,-30,-30,-30,-30,-30,-30,-22,-30,-30,-30,6
2980,-30,-30,-30,30,-30,-30,-30,-30,-30,-30,3
4095,-30,-30,-30,-16,-30,-30,-30,-30,-30,-30,3
7884,30,-30,-30,-30,-30,-30,-30,-30,-30,-30,0
2681,30,-30,-30,-30,-30,-30,-30,-30,-30,-30,0
7400,-30,-30,-30,-30,-30,-30,-27,-30,-30,-30,6
3875,-30,-8,-30,-1,-30,-30,-30,-30,-30,-30,3
6096,-30,-30,-30,-11,-30,-30,-15,-30,-30,-30,3
2905,-30,30,-30,-30,-30,-30,-30,-30,-30,-30,1
1481,-30,-30,-30,-30,-30,-30,30,-30,-30,-30,6
7579,-30,-30,-30,-30,-30,-30,-30,-30,30,-30,8
4583,-30,-30,-30,-30,-30,-30,-30,-30,-30,-30,0
8113,-30,-30,-30,-30,-30,-30,-30,-14,-30,-17,7
9295,-30,-30,-30,30,-30,-30,-30,-30,-30,-30,3
9480,30,-30,-30,-30,-30,-30,-30,-30,-30,-30,0
4924,-30,-30,-30,-30,-30,-30,-8,-30,-6,-30,8
7060,-30,-30,-30,-30,-30,14,-30,-11,-30,-30,5
7155,-30,-30,-30,-30,-30,-30,-20,-30,4,-30,8
7013,-30,-30,-30,-30,-30,-30,-30,-30,29,-30,8
1843,-30,-30,-30,-30,-30,-30,-30,-30,30,-30,8
2021,-30,-30,-30,-30,-30,-30,30,-30,-30,-30,6
1596,-30,30,-30,-30,-30,-30,-30,-30,-30,-30,1
6067,-30,-30,-30,-30,-30,-30,-30,-30,-3,-30,8
699,-30,-30,-30,-30,-30,-30,-30,-30,30,-30,8
3062,-30,-30,-30,-30,-30,-30,-30,-30,-30,6,9
6187,-30,-30,-29,-30,-30,-30,-11,-30,30,-30,8
6406,-30,-30,-30,-30,-30,30,-30,-30,-30,-30,5
7614,-30,-30,-30,-30,-30,-30,-30,-30,30,-30,8
9722,-30,-30,-30,-30,-30,-30,-30,17,-30,-30,7
9191,30,-30,-30,-30,-30,-30,-14,-30,-30,-30,0
1074,-30,-30,-30,-30,-30,-30,-30,17,-30,-30,7
115,-30,-30,-2,-30,-30,-30,-30,-30,-30,-30,2
541,-30,-30,-30,-30,-30,-27,-30,30,-30,-30,7
2428,-30,-30,-30,20,-30,-30,-30,-30,-30,-30,3
8483,-30,-30,-30,-30,-30,22,-30,-30,-30,-30,5
9712,-30,-30,-30,-30,-30,30,-30,-30,-30,-30,5
3238,-30,-30,-30,-30,-30,-30,-30,-30,30,-30,8
1355,-30,-30,-30,30,-30,-30,-30,-30,-30,-30,3
1253,-30,-30,-30,-30,30,-30,-6,-30,-30,-30,4
8448,-30,-30,-30,-30,-30,-30,-30,-30,30,-30,8
3963,-30,-30,-30,-30,-30,2,-30,2,-30,-30,5
3399,-30,-30,-30,-30,-30,-30,-30,-30,-30,30,9
807,-30,-30,-30,-30,-30,-30,-30,-30,-30,30,9
3820,-30,-30,1,-30,-5,-30,-30,-30,-30,-30,2
9898,30,-30,-30,-30,-30,-30,-23,-30,-30,-30,0
513,-30,-30,-30,-30,-8,-30,30,-30,-30,-30,6
9602,-30,-30,-30,-30,-30,-30,-30,30,-30,-30,7
1312,-30,30,-30,-30,-30,-30,-30,-30,-30,-30,1
7599,-30,-30,-30,-30,-30,-30,-30,-30,30,-30,8
1767,-30,-30,-30,-30,-30,-30,-30,-30,30,-30,8
8008,-30,-30,-30,-30,-30,-30,-30,-30,30,-30,8
8488,-30,-30,-30,-30,-30,-30,-30,26,-30,-30,7
8615,-30,-30,30,-30,-30,-30,-30,-30,-30,-30,2
768,30,-30,-30,-30,-30,-30,-30,-30,-30,-30,0
9313,-30,-30,-30,-30,-30,-30,-30,-30,-30,30,9
4947,-30,-30,-30,-30,-30,-30,-30,30,-30,-30,7
5225,-30,-30,-30,-30,-30,-30,-30,-30,-30,30,9
2135,-30,-30,-30,-30,24,-30,30,-30,-30,-30,6
3717,-30,-30,-30,-30,-30,-30,-30,-30,-30,30,9
527,-30,-30,-8,-30,-23,-30,-30,-30,-30,-30,2
1764,-30,30,-30,-30,-30,-30,-30,-30,-30,-30,1
3569,-30,-30,-30,-30,30,-30,30,-30,-30,-30,4
3713,-30,-30,-30,-30,-30,-30,-30,30,-30,-30,7
5703,-30,-30,-21,-30,-30,-30,2,-30,-30,-30,6
5747,-30,-30,-30,-30,-30,30,-30,-30,-30,-30,5
1027,-30,-30,-30,-30,-30,-30,27,-30,-30,-30,6
3150,-30,-30,-16,-30,-30,-30,30,-30,-30,-30,6
7144,-30,-30,-30,-30,-30,-30,-30,-30,-30,-30,0
2219,-30,-30,-30,-30,-30,-30,-30,-30,-30,30,9
965,30,-30,-30,-30,-30,-30,-30,-30,-30,-30,0
4680,-30,-30,-30,-30,-30,-30,-30,-12,-30,-30,7
9367,-30,30,-30,-10,-30,-30,-30,-30,-30,-30,1
8819,-30,-30,-30,-30,-30,-30,-30,-30,-30,30,9
9142,-30,-30,-30,-30,-30,3,-30,21,-30,-30,7
5205,-30,-30,-30,-30,-30,-30,-10,-30,21,-30,8
7149,-30,-30,-30,-30,-30,30,-30,-30,-30,-30,5
8632,-30,-30,-30,-9,-30,-30,-30,-30,-30,-30,3
9011,-30,-30,-30,-30,-30,-30,-30,-30,30,-30,8
1939,-30,-30,-26,-30,-9,-30,-20,-30,-30,-30,4
4892,-30,-30,-30,-30,-30,-30,-30,-30,-30,-4,9
2985,-30,-30,-30,-30,-30,-30,-30,-30,-30,-30,0
4219,-30,-30,-30,-30,-30,-30,-30,-30,-30,30,9
6644,-30,-30,-30,-30,-30,5,-30,-30,-30,-30,5
7308,-30,-30,-30,-30,-30,-17,-30,-8,-30,-30,7
5775,-30,-30,-30,-30,-30,30,-30,-30,-30,-30,5
3691,-30,30,-30,-30,-30,-30,-30,-30,-30,-30,1
5514,-30,-30,-30,30,-30,-30,-30,-30,-30,-30,3
7653,-30,-30,-30,30,-30,-30,-30,-30,-30,-30,3
2873,-30,-30,-30,-30,-26,-30,-23,-30,-30,-30,6
8453,1,-30,-30,-30,-30,-30,-30,-30,-30,-30,0
3861,-30,-30,-30,-30,-30,-30,-30,-2,-30,-30,7
6304,-30,-30,-30,-30,-30,-11,-30,-4,-30,-30,7
1344,-30,-26,-30,20,-30,-30,-30,-30,-30,-30,3
4473,-30,-30,-30,-30,-30,18,-30,-19,-30,-30,5
5954,-30,-30,-30,-30,-30,-30,-30,-30,-30,30,9
8496,-30,-30,-30,-30,-30,-30,-30,-30,30,-30,8
9493,-30,-30,-30,-30,-30,-30,-30,30,-30,-30,7
9443,-30,-30,-30,-30,-30,-30,-30,30,-30,-30,7
9821,-30,-30,-30,-30,30,-30,-23,-30,-30,-30,4
2687,-30,-30,-30,-30,24,-30,30,-30,-30,-30,6
1471,-30,-30,-30,-30,-30,30,-30,-30,-30,-30,5
9842,-30,-30,-30,-30,-30,30,-30,-30,-30,-30,5
3938,-30,-30,-30,-9,-30,-30,-30,-30,-30,-30,3
9945,-30,-30,-30,-30,10,-30,-30,-30,-30,-30,4
4918,-30,-30,-30,-30,-30,-30,-30,-30,30,-30,8
5421,-30,-30,-30,9,-30,-30,-30,-30,-30,-30,3
3321,30,-30,-30,-30,-30,-30,-30,-30,-30,-30,0
7801,-30,-30,-30,-30,-30,-30,-30,-30,-30,-1,9
8078,-30,-30,30,-30,-30,-30,-30,-30,-30,-30,2
7665,-30,-30,-30,-30,-30,-30,-30,-30,-30,-30,0
1043,-30,-30,30,-30,-30,-30,-30,-30,-30,-30,2
1894,-30,-30,30,-30,-30,-30,-4,-30,-30,-30,2
1899,-30,-30,-30,-30,-30,-30,-30,-16,-30,-30,7
7306,-30,-30,-30,-30,-20,-30,-25,-30,-30,-30,4
7266,-30,-30,-30,-30,-30,-30,-30,-30,-30,-30,0
8071,-30,-30,-30,-30,-30,-30,-30,-30,-30,24,9
2661,-30,30,-30,-30,-30,-30,-30,-30,-30,-30,1
2047,-30,-30,-30,-30,0,-30,-30,-30,-30,-30,4
1520,-30,-30,-30,-30,-30,-30,-30,-30,30,-30,8
9294,-30,30,-30,-30,-30,-30,-30,-30,-30,-30,1
7542,-30,-30,-30,-30,22,-30,-17,-30,-30,-30,4
3540,-30,-30,-30,-30,-30,-30,-30,5,-30,-30,7
1789,-30,-30,-30,-30,-30,-30,-30,-30,30,-30,8
783,-30,-30,13,-30,-30,-30,25,-30,-30,-30,6
4237,-30,-30,-30,-30,-30,-30,-6,-30,-15,-30,6
448,-30,-30,-30,-30,-30,-30,-30,30,-30,-30,7
4304,-30,-30,-30,-30,-30,-30,30,-30,-30,-30,6
264,28,-30,-30,-30,-30,-30,-30,-30,-30,-30,0
6123,-30,-30,14,-30,-30,-30,4,-30,-30,-30,2
9356,-30,-30,30,-30,-30,-30,17,-30,-30,-30,2
2839,-30,-30,-30,-8,-30,-30,-30,-30,-30,-30,3
1030,-30,-30,30,-30,-30,-30,-26,-30,-30,-30,2
2803,-30,-30,-30,30,-30,-30,-30,-30,-30,-30,3
5551,30,-30,-30,-30,-30,-30,-30,-30,-30,-30,0
2294,-30,-30,-30,-30,-30,30,-30,-27,-30,-30,5
7141,-30,-30,-30,-30,-30,-30,30,-30,-30,-30,6
8361,-30,-30,-30,-30,-30,-30,-30,-30,-30,-30,0
1716,-30,-30,-30,-30,-30,-30,-4,-30,-30,-30,6
2044,-30,-30,-30,-30,-30,-30,-30,-30,30,-30,8
6089,-30,-30,-30,-30,-30,-30,-6,-30,-13,-30,6
8187,30,-30,-30,-30,-30,-30,-30,-30,-30,-30,0
2525,-30,-30,-30,-30,-30,-30,-30,-30,-30,-30,0
5752,-30,-30,-30,-30,30,-30,-30,-30,-30,-30,4
3417,-30,-30,-30,-30,-30,-30,30,-30,-30,-30,6
7551,-30,-30,30,-30,-30,-30,-30,-30,-30,-30,2
2757,-30,-30,-30,-30,-30,-30,-30,-30,30,-30,8
3215,-30,-30,-30,30,-30,-30,-30,-30,-30,-30,3
4966,-30,-30,-30,-30,-30,-2,-30,-30,-30,-30,5
2770,-30,30,-30,-30,-30,-30,-30,-30,-30,-30,1
8720,-30,-30,-30,-16,-30,-30,-30,-30,-30,-30,3
4809,-30,-30,-30,-30,-30,-30,-30,-30,-30,30,9
5884,-30,30,-30,-30,-30,-30,-30,-30,-30,-30,1
9360,-30,-30,-30,-30,-23,-30,-7,-30,-30,-30,6
7490,-30,-30,-30,-30,-30,-30,-30,-30,-30,30,9
2993,-30,-22,-30,-30,-30,-30,-30,-30,-30,-30,1
760,-30,-30,-30,-30,-30,-30,-30,-30,-30,-19,9
3111,-30,-30,-30,-30,30,-30,-6,-30,-30,-30,4
2440,-30,-30,-30,-30,-30,-30,-11,-30,-30,-30,6
1847,-26,-30,-30,-30,-30,-30,-30,-30,-30,-30,0
2942,-30,-30,30,-30,-30,-30,-30,-30,-30,-30,2
7059,-30,-30,-30,-30,-30,-30,-30,-30,-30,11,9
4315,-30,-30,-30,-30,-30,-30,-30,-30,-30,-30,0
7569,-30,-30,-30,-5,-30,-30,-30,-30,-30,-30,3
4259,-30,-30,-30,-30,-30,5,-30,-30,-30,-30,5
7160,-30,-30,-30,-30,-30,-30,30,-30,-30,-30,6
5670,-30,-30,-30,-30,-30,30,-30,-30,-30,-30,5
6503,-30,30,-30,-30,-30,-30,-30,-30,-30,-30,1
9996,-30,-30,-30,-30,-30,-30,-30,30,-30,-30,7
1906,-30,-30,-30,-30,-30,-30,-30,-30,-30,23,9
6566,-30,-30,-30,-30,-16,-30,-30,-30,-30,-30,4
4000,-30,-30,-30,-30,-30,-30,25,-30,-30,-30,6
134,-30,-30,-30,-30,-30,-30,-30,30,-30,-30,7
8956,-30,-30,-30,8,-17,-30,-30,-30,-30,-30,3
3538,30,-30,-30,-30,-30,-30,-8,-30,-30,-30,0
9853,-30,-30,-30,-30,-18,-30,-3,-30,-30,-30,6
7858,-30,-30,-30,-30,-30,-30,-30,-30,30,-30,8
6933,-30,30,-30,-30,-30,-30,-30,-30,-30,-30,1
1822,30,-30,-30,-30,-30,-30,-30,-30,-30,-30,0
6155,-30,-30,-30,-30,-30,-14,-30,-30,-30,30,9
3206,-30,-30,-30,-30,-30,-30,-30,-30,-30,30,9
1411,-30,-30,-30,-30,-30,-30,-30,-15,-30,-30,7
1082,-30,-30,-30,-30,-30,-30,-30,-30,30,-30,8
7078,-30,-30,5,-30,-30,-30,-30,-30,-30,-30,2
7444,-30,-30,-30,-30,-30,-30,-11,-30,-30,-30,6
4502,-30,-30,-30,-30,-30,-29,-30,-30,-30,-1,9
1659,-30,-30,-30,-30,-30,-30,-30,30,-30,-30,7
2449,-30,-30,-30,-30,-30,-30,-30,30,-30,-30,7
7810,-30,-30,-30,-30,-30,30,-30,-30,-30,-30,5
6625,-30,-30,-30,-30,-30,-30,-30,-30,30,-30,8
2832,-30,-30,-30,-30,-30,-30,-15,-30,15,-30,8
2366,-30,-30,-30,-30,-30,-30,-30,30,-30,-30,7
2419,-30,-30,-30,-30,-30,21,-30,-30,-30,-30,5
8795,-30,-18,-30,-21,-30,-30,-30,-30,-30,-30,1
6228,-30,-30,-30,-30,-30,30,-30,-30,-30,-30,5
1486,-30,-30,-30,-30,-30,30,-30,-30,-30,-30,5
9384,-30,-30,-30,-30,-30,-30,-30,-30,-30,-30,0
6779,-30,-30,-30,-30,-30,-30,-30,-30,30,-30,8
26,-30,-30,-30,-30,-30,-30,-30,-30,-30,30,9
6519,-30,-30,-30,-30,-30,-30,-30,23,-30,-30,7
7677,-30,-30,-30,-30,-15,-30,30,-30,-30,-30,6
9450,-30,30,-30,-30,-30,-30,-30,-30,-30,-30,1
585,-30,-30,-30,-30,11,-30,-30,-30,-30,-30,4
4543,-30,-30,-30,-30,-30,-7,-30,-3,-30,-30,7
1009,-30,30,-30,-30,-30,-30,-30,-30,-30,-30,1
632,-30,-30,-30,30,-30,-30,-30,-30,-30,-30,3
7796,-30,-30,-30,-30,-30,-30,-30,-30,-30,-30,0
5525,-30,-30,-30,0,-30,-30,-30,-30,-22,-30,3
7248,-30,-30,-30,-30,14,-30,30,-30,-30,-30,6
6847,-30,-30,-30,-30,-30,-30,-30,-30,30,-30,8
696,-30,-30,-30,-30,-30,-30,-30,-30,-30,30,9
7080,-30,-30,-30,-30,8,-30,30,-30,-30,-30,6
9240,-30,-30,-30,-30,-30,-30,-30,30,-30,-30,7
8014,-30,-30,-30,-30,-30,-30,-30,30,-30,-30,7
7202,-30,-30,-30,-30,-30,-30,30,-30,-30,-30,6
2558,-30,-30,-30,-30,-30,30,-30,-30,-30,-30,5
3327,30,-30,-30,-30,-30,-30,-21,-30,-30,-30,0
1562,-30,-30,-30,-30,-30,-30,-30,-30,30,-30,8
7090,-30,-30,-30,-30,-30,-30,-30,-30,30,-30,8
9615,-30,-30,-30,-30,-30,-30,30,-30,-30,-30,6
5736,-30,-30,-30,-30,-30,-30,-30,-30,30,-30,8
341,-30,-30,-30,-30,-30,21,-30,-22,-30,-30,5
2580,-30,-30,-30,-30,30,-30,30,-30,-30,-30,4
177,-30,-28,-30,-30,-30,-30,-30,-30,-30,-30,1
8272,-30,-30,-30,-30,-30,-30,-30,30,-30,-30,7
5766,-30,-30,-30,30,-30,-30,-30,-30,-30,-30,3
9324,25,-30,-30,-30,-30,-30,-30,-30,-30,-30,0
8668,30,-30,-30,-30,-30,-30,-30,-30,-30,-30,0
6858,-30,-30,-30,-30,-30,-30,8,-30,-30,-30,6
5095,-30,-30,-30,-30,-30,30,-30,-30,-30,-30,5
5719,-30,-30,30,-30,-30,-30,3,-30,-30,-30,2
7271,30,-30,-30,-30,-30,-30,-30,-30,-30,-30,0
8491,-30,-30,-30,-30,-30,-30,-30,30,-30,-30,7
7555,-30,-30,-30,-30,-30,-30,-30,30,-30,-30,7
2746,-30,-30,-30,-30,-30,-30,-30,30,-30,-30,7
5949,-30,30,-30,-30,-30,-30,-30,-30,-30,-30,1
3740,-30,-30,-30,-30,-30,30,-30,-30,-30,-30,5
9141,-30,-30,30,-30,-30,-30,-12,-30,-30,-30,2
3414,-30,9,-30,-30,-30,-30,-30,-30,-30,-30,1
7992,-30,-30,-30,-30,-30,-30,-30,-30,30,-30,8
6497,-30,-30,-30,-30,-30,30,-30,-30,-30,-30,5
3527,-30,-30,30,-30,-30,-30,-10,-30,-30,-30,2
9323,-30,-30,4,-30,-30,-30,-5,-30,-26,-30,2
6151,-30,-30,-30,-30,-30,-30,-30,-30,30,-30,8
6435,-30,-30,-30,-30,-30,-30,-30,30,-30,-30,7
7118,-30,-30,-30,-30,-30,-30,-30,10,-30,-30,7
1390,-30,-30,21,-30,-30,-30,-1,-30,-30,-30,2
837,-30,-30,-30,-30,-30,-30,-30,30,-30,-30,7
4500,-30,30,-30,-30,-30,-30,-30,-30,-30,-30,1
3702,30,-30,-30,-30,-30,-30,-14,-30,-30,-30,0
9252,-30,-30,-30,-30,-30,-30,-30,-30,-30,30,9
3390,-30,-30,-30,-30,-30,30,-30,-30,-30,-30,5
4968,-30,-30,-30,30,-30,-30,-30,-30,-30,-30,3
4085,-30,-30,-30,-30,-30,-30,-30,-30,-30,30,9
9981,-30,-30,-30,30,-30,-30,-30,-30,-30,-30,3
5226,-30,-30,-30,-30,-30,30,-30,-30,-30,-30,5
3499,30,-30,-30,-30,-30,-30,-30,-30,-30,-30,0
5435,-30,-30,-30,-30,-30,-30,-30,30,-30,-30,7
2823,-30,-30,-30,-30,30,-30,-30,-30,-30,-30,4
2909,-30,-30,22,-30,-30,-30,5,-30,-30,-30,2
1429,25,-30,-30,-30,-30,-30,-2,-30,-30,-30,0
1860,-30,30,-30,-30,-30,-30,-30,-30,-30,-30,1
5234,-30,-30,25,-30,-30,-30,-14,-30,-30,-30,2
4788,-30,-30,-30,-30,-30,30,-30,-30,-30,-30,5
3212,-30,-30,-30,-30,-30,-30,-30,-30,-30,30,9
2285,-30,-30,-30,30,-30,-30,-30,-30,-30,-30,3
3324,-30,-30,30,-30,-30,-30,-30,-30,-30,-30,2
2544,-30,-30,-30,-30,-30,-30,-30,-30,30,-30,8
6749,-30,-30,-30,-30,-30,30,-30,-30,-30,-30,5
7330,-30,-30,-30,-30,-30,18,-30,7,-30,-30,5
8024,-30,-30,-30,30,-30,-30,-30,-30,-30,-30,3
1035,-30,30,-30,-30,-30,-30,-30,-30,-30,-30,1
6169,-30,-30,-6,-30,-10,-30,-30,-30,-30,-30,2
5011,30,-30,-30,-30,-30,-30,-30,-30,-30,-30,0
7221,-30,-30,-30,-30,-30,-30,-30,-30,30,-30,8
3686,-30,21,-30,-17,-30,-30,-30,-30,-30,-30,1
7057,-30,-30,-30,-30,-30,-30,-30,-30,30,-30,8
8849,-30,-30,-30,-30,-30,30,-30,-30,-30,-30,5
9420,-30,-30,-30,-30,-30,-30,30,-30,-30,-30,6
7151,-30,-30,-30,-30,-30,-30,-30,-30,-30,30,9
9651,-30,-30,-30,30,-30,-30,-30,-30,-30,-30,3
7861,-30,-30,-30,9,-30,-30,-30,-30,-30,-30,3
1920,-30,-30,-30,-30,-30,-30,-30,-30,30,-30,8
6928,-30,-30,-30,-30,-30,-30,-30,-30,0,-30,8
1501,-30,-30,-30,-30,30,-30,-2,-30,-30,-30,4
3672,-30,-30,30,-30,-30,-30,-6,-30,-30,-30,2
4117,30,-30,-30,-30,-30,-30,-30,-30,-30,-30,0
7837,-30,-30,-30,-30,-30,-30,-30,-30,-30,-30,0
5591,-30,-30,-30,-30,-1,-30,30,-30,-30,-30,6
5140,-30,-30,30,-30,-30,-30,-30,-30,-30,-30,2
2383,-30,-30,-30,30,-30,-30,-30,-30,-30,-30,3
4109,-30,-30,-30,-30,-30,-30,-30,-30,-30,-30,0
4683,-30,-30,-30,-30,-30,10,-30,-20,-30,-30,5
4706,-30,-30,-30,-30,-30,-30,-30,-30,-30,30,9
3184,-30,30,-30,-30,-30,-30,-30,-30,-30,-30,1
3381,-30,30,-30,-30,-30,-30,-30,-30,-30,-30,1
5990,-30,-30,-30,-30,-30,-30,-30,-30,-30,30,9
6558,-30,-30,-30,-30,30,-30,-26,-30,-30,-30,4
2066,-30,-30,-30,-30,-30,-30,-30,30,-30,-30,7
8754,30,-30,-30,-30,-30,-30,-30,-30,-30,-30,0
7776,-30,-30,-30,11,-30,-30,-30,-30,-30,-30,3
7097,-30,-30,-13,-30,-30,-30,-17,-30,-21,-30,2
3194,30,-30,-30,-30,-30,-30,-27,-30,-30,-30,0
6254,30,-30,-30,-30,-30,-30,-30,-30,-30,-30,0
5475,-30,-30,-30,-30,-30,-30,-30,-10,-30,-28,7
3485,-30,-30,-30,-30,-30,-18,-30,-9,-30,-30,7
2692,30,-30,-30,-30,-30,-30,-29,-30,-30,-30,0
3522,-30,-30,-30,-30,-30,-30,-30,26,-30,-30,7
1680,-30,-30,-30,-30,-30,-30,-30,-30,30,-30,8
9785,30,-30,-30,-30,-30,-30,-30,-30,-30,-30,0
5762,-30,-30,-30,-30,-30,-4,-30,-30,-30,-30,5
4056,-30,-30,-30,-30,-30,-30,30,-30,-30,-30,6
1546,-30,-30,-30,-30,-25,-30,-30,-30,-16,-30,8
6505,-30,-30,-30,-7,-25,-30,-30,-30,-30,-30,3
9288,-30,-30,-30,-30,-30,-30,-30,-30,30,-30,8
3172,-30,-30,-30,-30,-30,-30,-30,-30,-30,30,9
3383,-30,-30,-30,-30,-30,-30,-30,0,-30,-30,7
8709,-30,-30,-30,-30,30,-30,-30,-30,-30,-30,4
5633,-30,-30,-30,-30,-30,-30,-30,-30,-30,30,9
7987,-30,-30,-30,-30,-30,30,-30,-30,-30,-30,5
2041,-30,-30,-30,1,-30,-30,-30,-30,-30,-30,3
5252,-30,-30,-30,-30,-30,-30,-30,23,-30,-30,7
5390,-30,-30,30,-30,-30,-30,-16,-30,-30,-30,2
8425,-30,-30,-30,-30,-11,-30,2,-30,-30,-30,6
8718,-30,30,-30,-30,-30,-30,-30,-30,-30,-30,1
4721,-30,-30,-30,-30,-30,-30,-30,-30,-30,30,9
6809,-30,-30,-30,-30,-30,-30,-30,30,-30,-30,7
375,-30,-30,-30,-30,-30,-30,-30,-30,30,-30,8
8377,-30,30,-30,-30,-30,-30,-30,-30,-30,-30,1
2664,-30,-30,-30,30,-30,-30,-30,-30,-30,-30,3
449,-30,-30,-30,-30,-30,-30,-30,-30,-30,30,9
1068,-30,-30,-30,30,-30,-30,-30,-30,-30,-30,3
1185,-30,-30,-30,-30,23,-30,0,-30,-30,-30,4
9168,-30,-30,-30,-30,-30,-30,-30,-14,-30,-30,7
7281,-30,-30,-30,-30,-30,-30,-30,-30,30,-30,8
4403,-30,-30,-30,-30,-19,-30,30,-30,-30,-30,6
1986,-30,-30,-30,-30,-30,15,-30,-30,-30,-30,5
1287,-30,-30,-30,-30,-30,-30,-30,-30,30,-30,8
4052,-30,-30,-30,-30,-30,-30,-30,-30,-30,-26,9
8564,-30,-30,-30,-30,-30,-30,-30,-30,-30,30,9
8972,-30,-30,-30,-30,-30,-30,-30,-30,-30,30,9
8834,-30,-30,-30,-30,-30,-30,-30,30,-30,-30,7
5189,30,-30,-30,-30,-30,-30,-30,-30,-30,-30,0
4542,-30,-30,-23,-30,-30,-30,-30,-30,10,-30,8
392,-30,-30,30,-30,-30,-30,16,-30,-30,-30,2
6126,-30,-30,-30,-30,30,-30,-30,-30,-30,-30,4
292,-30,-30,-30,-30,30,-30,-24,-30,-30,-30,4
7437,-30,-30,-30,-30,-30,-30,-15,-30,-30,-30,6
7883,-30,-30,-30,-30,-30,-30,-30,-30,-30,-30,0
6634,-30,-30,-30,-30,-30,3,-30,-30,-30,-30,5
8295,-30,-30,-30,30,-30,-30,-30,-30,-30,-30,3
8345,-30,-30,-30,-30,-30,-30,-30,-30,-30,30,9
7706,-30,-30,-30,30,-30,-30,-30,-30,-30,-30,3
4469,-30,-30,-30,-30,-30,-30,-30,-30,30,-30,8
4946,-30,-30,-30,-30,-30,-30,-30,-30,30,-30,8
6367,-25,-30,-30,-30,-30,-30,-3,-30,-30,-30,6
708,30,-30,-30,-30,-30,-30,-25,-30,-30,-30,0
553,-30,-30,-30,-30,21,-30,-30,-30,-30,-30,4
5222,-30,14,-30,29,-30,-30,-30,-30,-30,-30,3
3724,-30,-30,-30,-30,-30,-30,-30,-30,-30,30,9
3660,-30,-30,-30,30,-30,-30,-30,-30,-30,-30,3
1496,-30,-30,-30,30,-30,-30,-30,-30,-30,-30,3
4617,-30,-30,-30,-30,-30,30,-30,-30,-30,-30,5
6635,-30,30,-30,-30,-30,-30,-30,-30,-30,-30,1
5907,-30,-30,-30,-30,-30,-30,-30,30,-30,-30,7
5400,-30,-30,-30,-30,-30,30,-30,-30,-30,-30,5
7718,-30,-30,-30,-30,-30,-30,-30,-30,-30,30,9
5893,-30,-30,-30,-30,-30,-30,-30,-30,-30,-30,0
6075,-30,-30,-30,-30,-30,-30,-30,-30,30,-30,8
4612,-30,-30,-30,-30,-30,30,-30,-30,-30,-30,5
5652,-30,-30,-30,-30,-30,30,-30,-30,-30,-30,5
3334,-30,-30,-30,-30,-30,-30,-30,-30,-30,30,9
8932,-30,-30,-30,-30,-30,-3,-30,-30,-30,-30,5
268,-30,-30,-30,-30,-30,-30,-14,-30,-30,-30,6
97,-30,-30,-30,-30,-30,-30,30,-30,-30,-30,6
8725,-30,-30,-30,-30,-30,-30,-30,-30,-30,5,9
3932,-30,-30,-30,20,-30,-30,-30,-30,-30,-30,3
2433,-30,-30,-30,-30,-30,2,-30,-30,-30,-30,5
3107,-30,-30,-30,-30,-30,-30,11,-30,-30,-30,6
4211,-30,-30,30,-30,-30,-30,0,-30,-30,-30,2
2378,-30,-30,-30,-30,-30,-30,-13,-30,-30,-30,6
6840,-30,-30,-30,-30,-30,-30,-30,-30,-30,30,9
3776,-30,-30,-30,-30,-6,-30,7,-30,-30,-30,6
8182,-30,-30,-30,-30,-30,-30,-30,-30,30,-30,8
4399,-30,30,-30,-30,-30,-30,-30,-30,-30,-30,1
7,-30,-30,-30,-30,-30,-30,-30,-30,-30,30,9
3469,-30,-30,30,-30,-30,-30,8,-30,-30,-30,2
2552,-30,-30,-30,-30,-30,-30,30,-30,-30,-30,6
914,-30,-30,-26,-30,-30,-30,9,-30,-30,-30,6
1942,-30,-30,-30,-30,28,-30,-22,-30,-30,-30,4
4455,-30,-30,-16,-30,-30,-30,-16,-30,14,-30,8
3496,-30,-30,-30,-30,-30,-30,-30,-30,30,-30,8
988,-30,-30,-30,-30,-30,-30,-30,30,-30,-30,7
5686,-30,-30,-30,-30,-30,-30,-30,8,-30,-30,7
8064,-30,-30,-30,-7,-30,-30,-30,-30,-30,-30,3
1849,-30,-30,-30,-30,-30,-30,-30,-30,-30,30,9
6618,-30,-30,-30,30,-30,-30,-30,-30,-30,-30,3
7290,-30,-30,-30,-30,-30,-30,-30,-30,-30,30,9
924,-30,-30,-30,-30,-30,-30,-18,-30,-30,-30,6
3959,-30,-30,-30,-30,-30,-30,-30,-30,30,-30,8
2120,-30,-30,20,-30,-30,-30,-30,-30,-30,-30,2
3845,-30,-30,-30,-30,-30,-30,-8,-30,-30,-30,6
5611,-30,-30,-30,-30,-30,-30,-30,-30,-30,30,9
9157,30,-30,-30,-30,-30,-30,-30,-30,-30,-30,0
6023,-30,-30,-30,-19,-30,-30,-30,-30,-30,-30,3
4792,-30,-30,1,-30,-30,-30,30,-30,-30,-30,6
309,-30,-30,-30,-30,-30,-30,-30,1,-30,-30,7
6992,-30,-30,-30,-30,-30,-3,-30,-30,-30,-30,5
5175,19,-30,-30,-30,-30,-30,-30,-30,-30,-30,0
4221,-30,-30,-30,-30,-15,-30,-30,-30,-30,-30,4
3910,-30,-30,-30,-30,-30,-30,30,-30,-30,-30,6
2282,-30,-30,-30,-30,30,-30,24,-30,-30,-30,4
3690,-30,30,-30,-30,-30,-30,-30,-30,-30,-30,1
7010,-30,-30,-30,30,-30,-30,-30,-30,-30,-30,3
707,-30,30,-30,-30,-30,-30,-30,-30,-30,-30,1
4057,-30,-30,-30,-30,-30,-30,-18,-30,-12,-30,8
1961,-30,-30,-30,-30,-30,-30,-30,30,-30,-30,7
3552,-30,-30,-30,-30,-30,-30,-30,-30,30,-30,8
1022,-30,-30,-30,-30,-30,-30,-30,-30,22,-30,8
6959,-30,-30,-30,-30,-30,-30,-30,-13,-30,-30,7
4664,-30,-30,-30,-30,-30,-30,-30,30,-30,-30,7
7646,-22,-30,-30,-30,-30,-30,-30,-30,-30,-30,0
4086,-30,-30,-30,-30,-30,30,-30,-30,-30,-30,5
2829,-30,-30,-30,-30,-30,-30,-30,30,-30,-30,7
3039,-30,-30,-30,30,-30,-30,-30,-30,-30,-30,3
4503,-30,-30,-30,-30,-30,-30,30,-30,-30,-30,6
8808,30,-30,-30,-30,-30,-30,-30,-30,-30,-30,0
6653,-30,-30,-23,-30,-20,-30,-20,-30,-30,-30,4
6785,-30,-30,-30,-30,-30,-30,-10,-30,-30,-30,6
718,-30,-30,-30,30,-30,-30,-30,-30,-30,-30,3
3539,-30,-30,-19,-30,-30,-30,30,-30,-30,-30,6
259,-30,-30,-30,-30,-30,-30,-30,-30,30,-30,8
1291,-30,-30,-30,-30,-30,-30,-30,-30,30,-30,8
3934,-30,-30,-30,-30,-30,-30,-30,-30,30,-30,8
318,30,-30,-30,-30,-30,-30,-30,-30,-30,-30,0
437,-30,-30,30,-30,-30,-30,-20,-30,-30,-30,2
7064,-30,-30,-30,30,-30,-30,-30,-30,-30,-30,3
8117,-30,-30,-23,-30,-13,-30,-30,-30,-30,-30,4
3980,-30,-30,-30,-30,-30,-30,-30,-30,30,-30,8
6351,-30,-30,-30,-30,-30,-30,-20,-30,-25,-30,6
6798,-30,30,-30,-30,-30,-30,-30,-30,-30,-30,1
8273,-30,-30,-30,-30,-1,-30,-29,-30,-30,-30,4
3262,-30,30,-30,-30,-30,-30,-30,-30,-30,-30,1
3257,-30,30,-30,-30,-30,-30,-30,-30,-30,-30,1
1070,-30,-30,-30,-30,-30,-30,30,-30,-30,-30,6
9916,-30,-30,-30,27,-30,-30,-2,-30,-30,-30,3
7282,-30,-30,30,-30,-30,-30,-21,-30,-30,-30,2
2563,-30,-30,-13,-30,-30,-30,-22,-30,-30,-30,2
4965,-30,-30,-30,-30,-30,-30,-30,-30,30,-30,8
5822,30,-30,-30,-30,-30,-30,-30,-30,-30,-30,0
4242,30,-30,-30,-30,-30,-30,-10,-30,-30,-30,0
7985,-30,-30,-30,-30,-6,-30,-30,-30,-30,-30,4
1958,-30,30,-30,-30,-30,-30,-30,-30,-30,-30,1
6671,-30,-30,-30,-26,-30,-30,-30,-30,-30,-30,3
8811,-30,-30,30,-30,-30,-30,1,-30,-30,-30,2
2056,-30,-30,-30,-30,-30,-30,-30,30,-30,-30,7
9780,30,-30,-30,-30,-30,-30,-30,-30,-30,-30,0
5355,-30,-30,-30,-30,-30,-30,19,-30,-30,-30,6
3478,-30,-30,-30,-30,-30,-30,-30,30,-30,-30,7
3452,-30,-30,-30,-30,-30,-30,-30,-30,-30,30,9
6657,-30,-30,-30,-30,-30,-30,-30,-30,-30,30,9
4831,-30,-30,-30,-30,-30,-30,-30,-30,-30,-30,0
8675,-30,-30,-30,-30,-30,-26,-30,-12,-30,-30,7
7412,26,-30,-30,-30,-30,-30,-30,-30,-30,-30,0
6899,-30,-30,-30,-30,-30,-30,-30,-30,-30,30,9
5008,-30,-30,-30,-30,-30,-30,-30,-30,-30,30,9
212,-30,-30,-30,-30,-30,-30,-30,-30,30,-30,8
9020,-30,-30,-30,-30,30,-30,-19,-30,-30,-30,4
9537,-30,-30,-30,-30,-30,-30,-30,-30,30,-30,8
195,-30,-30,-30,30,-30,-30,-30,-30,-30,-30,3
365,-30,-30,-30,-30,30,-30,3,-30,-30,-30,4
1248,30,-30,-30,-30,-30,-30,-30,-30,-30,-30,0
8352,-30,-30,-30,-30,-30,-30,-30,-30,-30,30,9
619,-30,-30,-30,-30,30,-30,30,-30,-30,-30,4
692,-30,-30,-26,-30,-30,-30,12,-30,-30,-30,6
9077,-30,-30,-30,-30,30,-30,-30,-30,-30,-30,4
1738,-30,-30,-30,30,-30,-30,-30,-30,-30,-30,3
560,-30,-30,-30,-30,-30,-30,-30,-30,30,-30,8
7885,-30,-30,-30,-30,-30,-30,30,-30,-30,-30,6
7093,-30,-30,-30,-20,-30,-30,-8,-30,-30,-30,6
2875,-30,-30,-30,-30,-3,-30,-6,-30,-30,-30,4
4055,-30,-30,-30,-30,-30,-30,-30,-27,-30,-3,9
3279,-30,-30,-30,-30,-30,-30,-30,-30,-29,-30,8
3024,-30,-30,-30,-30,2,-30,-30,-30,-30,-30,4
3542,-30,-30,-30,-30,-30,-30,-30,30,-30,-30,7
8208,-30,-30,-30,30,-30,-30,-30,-30,-30,-30,3
5637,-30,-30,-30,-30,-30,-6,-30,-30,-30,-30,5
431,-30,-30,-30,-30,-30,-30,-30,-30,30,-30,8
9488,-30,-30,-30,-30,-30,-30,-30,-30,30,-30,8
6071,-30,-30,30,-30,-30,-30,-21,-30,-30,-30,2
4105,-30,-30,-30,-30,8,-30,-17,-30,-30,-30,4
8666,-30,-30,-30,-14,-30,-30,-30,-30,29,-30,8
8378,-30,-30,-30,-30,-30,-30,-30,-30,30,-30,8
2921,-30,-30,-30,-30,-30,-30,-30,-30,-30,-30,0
651,-30,30,-30,-30,-30,-30,-30,-30,-30,-30,1
3744,-30,-30,-30,-30,-30,11,-30,30,-30,-30,7
2718,-30,-30,-30,-30,-30,-30,-30,-30,30,-30,8
9723,-30,-30,-30,-30,-30,-30,-30,-30,-30,30,9
4681,-30,-30,-30,-30,-30,-30,-30,-30,30,-30,8
6636,-30,-30,-30,-30,-30,-30,-30,3,-30,-30,7
5487,-30,-30,10,-30,-30,-30,-7,-30,-30,-30,2
9076,27,-30,-30,-30,-30,-30,-17,-30,-30,-30,0
8757,-30,-30,-30,30,-30,-30,-30,-30,-30,-30,3
2122,-30,-30,-30,-30,-30,-30,-30,-30,-30,-30,0
3110,-30,-30,-30,-28,-30,-30,-30,-30,-30,-30,3
1335,21,-30,-30,-30,-30,-30,-12,-30,-30,-30,0
6763,-30,-30,-30,-30,-30,-30,-30,-30,-30,-1,9
5197,-30,-30,-30,-30,-30,-30,-30,-30,-30,-30,0
4213,-30,-30,-30,-30,-30,-30,-30,-30,-30,30,9
6215,-30,-30,-30,-30,-30,-30,-30,-30,-30,30,9
4711,-30,30,-30,-30,-30,-30,-30,-30,-30,-30,1
2922,-30,-30,-30,-30,-30,30,-30,-30,-30,-30,5
8774,-30,-30,-30,-30,-30,-30,-30,-30,-30,30,9
8362,-30,-30,-30,-24,-28,-30,-30,-30,-30,-30,3
7908,-30,30,-30,-30,-30,-30,-30,-30,-30,-30,1
8690,-30,-30,-30,-30,-30,-30,-30,30,-30,-30,7
109,30,-30,-30,-30,-30,-30,-30,-30,-30,-30,0
2085,-30,30,-30,-30,-30,-30,-30,-30,-30,-30,1
5527,30,-30,-30,-30,-30,-30,-17,-30,-30,-30,0
4375,-30,-30,-30,-30,-30,17,-30,-12,-30,-30,5
1217,-30,-30,-30,5,-30,-30,-30,-30,-30,-30,3
6102,-30,-30,-30,-30,-30,-30,-30,-30,30,-30,8
2699,-30,-30,-30,-30,-30,-30,-26,-30,30,-30,8
7537,-30,-30,-30,-30,-23,-30,-10,-30,-30,-30,6
9339,-30,30,-30,-30,-30,-30,-30,-30,-30,-30,1
4766,-30,-30,-30,-30,-30,-30,-30,30,-30,-30,7
4298,-12,-30,-30,-30,-30,-30,-30,-30,-30,-30,0
9055,-30,-30,-30,-30,-30,30,-30,-30,-30,-30,5
2239,30,-30,-30,-30,-30,-30,-30,-30,-30,-30,0
1169,-30,-30,-30,-30,-11,-30,-30,-30,-30,-30,4
9029,-30,30,-30,-30,-30,-30,-30,-30,-30,-30,1
7096,-30,-30,-30,-30,-30,-30,-30,30,-30,-30,7
2673,-30,30,-30,-30,-30,-30,-30,-30,-30,-30,1
1872,-30,-30,-30,-30,-30,-30,-30,30,-30,-30,7
7014,-30,-30,-30,-30,-30,-30,-30,-30,-30,30,9
4196,-30,-30,-30,-30,-30,-30,-30,-30,1,-30,8
9164,-30,-18,-30,30,-30,-30,-30,-30,-30,-30,3
9430,-30,-30,-30,-30,-30,-30,-30,-30,-30,30,9
8550,-30,-30,26,-30,-30,-30,30,-30,-30,-30,6
6437,-30,-30,-30,-30,-30,-30,30,-30,-30,-30,6
1830,-30,-30,-30,-30,-30,-30,-30,-30,-30,-20,9
5730,-30,-30,-30,30,-30,-30,-30,-30,-30,-30,3
7955,-30,-30,-30,-30,-30,1,-30,-30,-30,-30,5
4668,-30,-30,-30,-30,-30,-30,-30,-30,30,-30,8
90,-30,-30,-30,-30,-30,-30,-30,-30,30,-30,8
1144,-30,-30,-30,-30,30,-30,-14,-30,-30,-30,4
9249,-30,-30,-30,-30,25,-30,-5,-30,-30,-30,4
7345,-30,-30,-30,-30,-30,-30,-30,30,-30,-30,7
2620,-30,-30,-30,-30,-30,-30,-30,-2,-30,-30,7
4422,-30,-30,-30,-30,30,-30,-30,-30,-30,-30,4
7769,-30,-30,-28,-30,-30,-30,30,-30,-30,-30,6
7548,30,-30,-30,-30,-30,-30,-30,-30,-30,-30,0
2042,-30,-30,-30,-30,-30,30,-30,-30,-30,-30,5
3141,-30,-30,-30,-30,-30,30,-30,-30,-30,-30,5
5064,-30,-22,-30,-5,-30,-30,-30,-30,-30,-30,3
1332,-30,-30,-30,-30,-30,-30,-16,-30,-30,-30,6
959,-30,-30,-22,-30,-30,-30,-30,-30,-30,-30,2
1726,-30,-30,-30,-30,-30,30,-30,-30,-30,-30,5
9262,-30,-30,-30,-30,-30,-30,-30,-30,-30,-30,0
7625,-30,-30,-30,-30,-30,-30,-30,-30,30,-30,8
3132,-30,-30,-30,-30,-30,30,-30,-30,-30,-30,5
8531,-30,-30,-30,-30,-30,-30,-30,-30,-30,-30,0
9507,-30,-30,-30,-30,-30,-30,-30,-30,-30,30,9
6864,-30,30,-30,-30,-30,-30,-30,-30,-30,-30,1
7462,-30,-30,-30,30,-30,-30,-30,-30,-30,-30,3
594,-30,30,-30,-30,-30,-30,-30,-30,-30,-30,1
278,-30,-30,-30,-30,-30,-30,-15,-30,-30,-30,6
9961,-30,-30,-30,-30,-30,30,-30,-30,-30,-30,5
9608,-30,-30,-30,-30,-30,-30,-30,-30,-30,30,9
6149,-23,-30,-30,-30,-30,-30,-30,-30,-30,-30,0
4976,-30,-30,-30,-30,-30,-30,-30,-30,-30,-21,9
4728,30,-30,-30,-30,-30,-30,-30,-30,-30,-30,0
8941,-30,-30,-30,-2,-11,-30,-30,-30,-30,-30,3
2290,-30,-30,-30,-30,-30,-6,-30,-30,-30,-30,5
281,-30,-30,30,-30,-30,-30,17,-30,-30,-30,2
1633,-30,30,-30,-30,-30,-30,-30,-30,-30,-30,1
7302,-30,-30,-30,-30,-30,30,-30,-30,-30,-30,5
179,-30,-30,-30,-30,-30,-30,-30,-30,30,-30,8
6650,-30,-30,-30,-30,-30,30,-30,-30,-30,-30,5
2322,-30,-30,-30,-30,-30,-30,28,-30,-30,-30,6
5410,23,-30,-30,-30,-30,-30,-30,-30,-30,-30,0
6685,-30,-30,-30,-30,-30,-30,-30,-30,-30,30,9
4448,-30,30,-30,-30,-30,-30,-30,-30,-30,-30,1
539,-30,-30,-30,-30,-30,-30,-30,-30,-30,25,9
9887,-30,30,-30,-30,-30,-30,-30,-30,-30,-30,1
7471,-30,-30,-30,-30,-30,-30,-30,30,-30,-30,7
4382,-30,30,-30,-30,-30,-30,-30,-30,-30,-30,1
2889,-30,-30,-30,-30,-30,-30,-30,-30,30,-30,8
3798,-30,-30,-30,-30,-30,-30,-30,-30,-30,-30,0
1811,-30,-30,-30,30,-30,-30,-30,-30,-27,-30,3
124,-30,-30,-30,-30,30,-30,-30,-30,-30,-30,4
7595,30,-30,-30,-30,-30,-30,-15,-30,-30,-30,0
7647,-30,-30,20,-30,-30,-30,0,-30,-30,-30,2
5274,-24,-30,-30,-30,-30,-30,-30,-30,-24,-30,0
8639,-30,-30,-30,30,-30,-30,-30,-30,-30,-30,3
4324,-30,-30,-30,30,-30,-30,-30,-30,-30,-30,3
2394,-30,-30,-30,-30,-30,-30,-30,-30,30,-30,8
1629,-30,-30,-30,-30,-30,-30,-30,-30,30,-30,8
3513,-30,-30,-30,-23,-30,-30,-30,-30,-25,-30,3
8222,-30,-30,-30,30,-30,-30,-30,-30,-30,-30,3
2783,-30,-30,-30,-30,-30,-30,30,-30,-30,-30,6
5503,-30,-30,-30,-30,-30,-30,-30,-30,30,-30,8
944,-30,30,-30,-30,-30,-30,-30,-30,-30,-30,1
1409,-30,-30,-18,-30,-30,-30,-15,-30,-30,-30,6
2698,-30,-30,-30,30,-30,-30,-30,-30,-30,-30,3
627,-30,-30,-30,30,-30,-30,-30,-30,-30,-30,3
2785,-30,-30,-23,-30,30,-30,-30,-30,-30,-30,4
1378,-30,-30,-20,-30,2,-30,-30,-30,-30,-30,4
7042,-30,30,-30,-30,-30,-30,-30,-30,-30,-30,1
2248,-30,-30,-30,-30,-30,-30,-30,-30,30,-30,8
9106,-30,-22,-30,-2,-30,-30,-30,-30,-30,-30,3
3073,-30,-30,-14,-30,30,-30,-30,-30,-30,-30,4
1885,-30,-30,-10,-30,-30,-30,-25,-30,-30,-30,2
3557,-30,-30,30,-30,-30,-30,-7,-30,-30,-30,2
9579,-30,-30,-30,28,-29,-30,-30,-30,-30,-30,3
6145,-27,-30,-30,-30,-30,-30,-30,-30,-30,-30,0
4247,-30,-30,-30,30,-30,-30,-30,-30,-30,-30,3
8688,-30,-30,-30,-30,-30,-30,-30,-30,-30,28,9
8035,-30,-30,30,-30,-30,-30,-30,-30,-30,-30,2
3122,-30,-30,-30,30,-30,-30,-30,-30,-30,-30,3
8356,-5,-30,-30,-30,-30,-30,-30,-30,-30,-30,0
8520,-30,-30,-30,-30,30,-30,-30,-30,-30,-30,4
6001,-30,-30,-30,-30,-30,-1,-30,-30,-30,-30,5
8880,-30,-30,-30,-30,-30,-4,-30,-12,-30,-30,5
9873,-30,30,-30,-30,-30,-30,-30,-30,-30,-30,1
9956,-30,-30,-30,-30,-30,-30,30,-30,-30,-30,6
4255,-30,24,-30,-30,-30,-30,-30,-30,-30,-30,1
6382,-30,-30,29,-30,-30,-30,0,-30,-30,-30,2
8417,-30,-30,-30,-30,-30,-30,-30,-30,-30,-30,0
7469,-30,-30,-30,-30,-30,-30,-30,-30,-30,-30,0
8257,-30,-30,-30,-30,-30,-30,-30,-30,30,-30,8
7278,-30,-30,-30,-30,-30,-30,-30,-30,-30,30,9
8818,-30,30,-30,-30,-30,-30,-30,-30,-30,-30,1
7836,-30,-30,-30,-30,-30,-30,30,-30,-30,-30,6
3985,-30,-30,-30,-30,-30,27,-30,-30,-30,-30,5
7741,-30,-30,-30,-30,-17,-30,-30,-30,-30,-30,4
6333,-30,-30,-30,-30,-30,-30,-30,-30,30,-30,8
3914,-30,30,-30,-30,-30,-30,-30,-30,-30,-30,1
9975,-30,-30,-30,-30,-30,0,-30,-18,-30,-30,5
1062,-30,30,-30,-30,-30,-30,-30,-30,-30,-30,1
4411,-30,-30,-30,-30,-30,-30,30,-30,-30,-30,6
8877,-30,-30,-30,-30,30,-30,9,-30,-30,-30,4
2968,-30,-30,-30,-30,-30,-30,-30,-30,-30,30,9
7351,-30,-30,-30,-30,30,-30,-30,-30,-30,-30,4
5737,-30,-30,17,-30,-30,-30,-12,-30,-30,-30,2
2094,-30,30,-30,-30,-30,-30,-30,-30,-30,-30,1
3799,-30,-30,-30,-30,-30,30,-30,-30,-30,-30,5
198,-30,-30,-24,-30,-30,-30,-30,-30,-30,-30,2
8584,-30,-30,-30,-30,-30,-30,-30,-30,-30,-30,0
4715,-30,-30,-30,-30,-30,30,-30,-30,-30,-30,5
8470,-30,-30,-30,-30,-30,-30,-30,-30,30,-30,8
502,-30,-30,-30,-30,-30,-30,-30,-24,-30,-30,7
3205,-30,-30,-30,-30,-30,-30,-30,30,-30,-30,7
1984,-30,-30,-30,-30,-30,19,-30,-30,-30,-30,5
5609,-30,-30,30,-30,-30,-30,-30,-30,-30,-30,2
1925,-30,-30,-30,-30,-30,-30,-30,30,-30,-30,7
3743,-30,-30,-30,-30,-30,30,-30,-30,-30,-30,5
621,-30,-30,-30,-30,-30,-30,-30,-30,-30,-30,0
3649,-30,-30,-30,-30,-30,-30,-30,-30,-7,-30,8
3573,-30,-30,30,-30,-30,-30,-30,-30,-30,-30,2
144,27,-30,-30,-30,-30,-30,-29,-30,-30,-30,0
3675,-30,-30,-8,-30,-30,-30,-22,-30,-30,-30,2
5724,-30,-30,-30,-30,-30,-30,-28,-30,14,-30,8
4226,-30,-30,-30,-30,-30,-30,-30,-30,-30,30,9
102,-30,-30,-30,-30,-30,-30,-30,-30,-30,30,9
9693,-30,-30,-30,-30,-30,30,-30,-30,-30,-30,5
1893,-30,-30,-30,-30,-30,-30,-30,-30,30,-30,8
5335,30,-30,-30,-30,-30,-30,-30,-30,-30,-30,0
1367,-30,-30,-30,-30,-3,-30,-15,-30,-30,-30,4
7793,-30,-30,-30,-30,30,-30,-30,-30,-30,-30,4
1793,-30,30,-30,-30,-30,-30,-30,-30,-30,-30,1
6477,-30,-30,-30,7,-30,-30,-30,-30,-30,-30,3
9638,-30,-30,-30,-30,-30,-30,-30,11,-30,-30,7
6190,-30,-30,-30,-30,-30,-30,-30,-30,-30,-5,9
5779,30,-30,-30,-30,-30,-30,-30,-30,-30,-30,0
8046,30,-30,-30,-30,-30,-30,-30,-30,-30,-30,0
4043,-30,-30,-30,-30,-30,-30,-30,-30,-30,30,9
5524,-30,-30,-30,-30,-30,-30,-30,-30,30,-30,8
3514,-30,-30,-30,-30,-30,30,-30,-30,-30,-30,5
5427,-7,-30,-30,-30,-30,-30,-4,-30,-30,-30,6
8724,30,-30,-30,-30,-30,-30,-30,-30,-30,-30,0
7833,-30,-30,-30,-30,-30,-24,-30,9,-30,-30,7
6021,-30,30,-30,-30,-30,-30,-30,-30,-30,-30,1
5679,-30,-30,-30,-30,-30,-30,-30,-30,-30,30,9
1971,-30,-30,-30,-30,-30,-30,-30,30,-30,-30,7
7971,-30,-30,-30,-30,-30,-30,-30,-30,30,-30,8
287,-30,-30,2,-30,20,-30,-30,-30,-30,-30,4
9210,30,-30,-30,-30,-30,-30,-30,-30,-30,-30,0
5513,-30,-30,-30,-30,-30,-30,-30,-30,-30,30,9
2471,-30,-30,-30,-30,-30,-30,-30,-30,-30,30,9
2468,-30,30,-30,-30,-30,-30,-30,-30,-30,-30,1
4783,-30,-30,30,-30,-30,-30,-10,-30,-30,-30,2
5962,-30,-30,-19,-30,-30,-30,-10,-30,-30,-30,6
5152,-30,-30,-30,-30,-30,-30,-30,-30,-30,-30,0
5269,-30,-30,30,-30,-30,-30,-30,-30,-30,-30,2
238,-30,-30,-27,-30,30,-30,-30,-30,-30,-30,4
5508,-30,-30,-30,-30,-30,30,-30,-30,-30,-30,5
1882,-30,30,-30,-30,-30,-30,-30,-30,-30,-30,1
1076,12,-30,-30,-30,-30,-30,-3,-30,-30,-30,0
2653,-30,-30,30,-30,-30,-30,-21,-30,-30,-30,2
4991,-30,-30,-30,-30,-30,-30,-30,-30,30,-30,8
4609,-30,-30,-30,30,-30,-30,-30,-30,-30,-30,3
7455,-30,-30,30,-30,-30,-30,-7,-30,-30,-30,2
3354,-30,-30,-30,-30,-30,-30,-30,-30,30,-30,8
2293,-30,-30,-30,-6,-30,-30,-30,-30,-30,-30,3
1147,-30,-30,-30,-30,21,-30,30,-30,-30,-30,6
9146,30,-30,-30,-30,-30,-30,-30,-30,-30,-30,0
7246,30,-30,-30,-30,-30,-30,-30,-30,-30,-30,0
224,-30,-30,-30,30,-30,-30,-30,-30,-30,-30,3
5203,-30,-30,-30,-30,-30,-30,-6,-30,-30,-30,6
606,-30,-30,-30,-30,-30,-30,-30,30,-30,-30,7
2196,-30,-30,-30,-30,-6,-30,-30,-30,-30,-30,4
3895,-30,-30,-30,-30,0,-30,-30,-30,-30,-30,4
7052,-30,30,-30,-30,-30,-30,-30,-30,-30,-30,1
344,-30,-30,-30,-30,-30,-23,-30,24,-30,-30,7
6450,-30,-30,-30,-13,5,-30,-30,-30,-30,-30,4
6716,15,-30,-30,-30,-30,-30,0,-30,-30,-30,0
6139,-30,-30,-30,-30,-30,-30,-30,30,-30,-30,7
9503,-30,-30,-30,-30,-30,-30,-30,-30,-30,30,9
3901,-30,-30,-30,-30,-30,-30,-30,-30,-30,30,9
229,-30,30,-30,-30,-30,-30,-30,-30,-30,-30,1
9951,-30,-30,-30,-30,-30,-27,-30,-17,-30,-30,7
1896,-30,-30,-30,-30,-30,-30,-30,-30,-30,-30,0
3570,-30,-30,-30,-30,-30,-30,-30,-30,-30,30,9
770,-30,30,-30,-30,-30,-30,-30,-30,-30,-30,1
6699,-30,-30,-30,-30,30,-30,-30,-30,-30,-30,4
5588,-30,-30,-30,-30,-30,-30,30,-30,-30,-30,6
7841,-30,30,-30,-30,-30,-30,-30,-30,-30,-30,1
581,-30,-30,2,-30,-30,-30,18,-30,-30,-30,6
4142,-30,-30,-30,-30,-30,-30,-30,-30,30,-30,8
4472,-30,-30,-30,-30,-30,-30,-30,-30,-30,-30,0
2048,-30,-30,-30,-30,-30,30,-30,-30,-30,-30,5
147,-30,-30,-30,-30,-30,-30,-30,-30,-30,30,9
9448,-30,-30,-30,-30,-30,-30,-30,-30,30,-30,8
2184,30,-30,-30,-30,-30,-30,-30,-30,-30,-30,0
9596,-30,-30,-15,-30,-23,-30,-18,-30,-30,-30,2
908,-30,-30,22,-30,-30,-30,-13,-30,-30,-30,2
2522,-30,-30,-30,-30,-30,-30,-30,30,-30,-30,7
9544,-30,-30,-30,-30,2,-30,-30,-30,-30,-30,4
2490,-30,-30,-30,-30,-30,-30,-30,-27,-30,-30,7
963,-30,-30,-30,-30,-30,30,-30,-30,-30,-30,5
4989,-3,-30,-30,-30,-30,-30,-4,-30,-30,-30,0
2635,-30,-30,-30,-30,-30,-30,-30,-30,30,-30,8
1446,-30,-30,-30,-30,-30,-5,-30,30,-30,-30,7
7767,-30,-30,-30,-30,-30,-30,-30,-30,30,-30,8
7541,-30,-30,-12,-30,-30,-30,-19,-30,-30,-30,2
4768,-30,-30,-30,-30,30,-30,-30,-30,-30,-30,4
4630,-30,-30,-30,-30,-30,0,-30,-30,-30,-30,5
1300,-30,-30,-25,-30,-30,-30,-6,-30,-30,-30,6
6313,-30,-30,-30,-30,-30,30,-30,-30,-30,-30,5
6973,-30,-30,-30,-30,-30,6,-30,-30,-30,-30,5
5845,-30,-30,-30,-30,-30,-30,-30,-30,-30,30,9
1521,-30,-30,-30,-30,-30,-30,-30,-30,-30,30,9
2356,-30,-30,-30,-30,30,-30,-9,-30,-30,-30,4
2127,-30,-30,-30,-30,-13,-30,30,-30,-30,-30,6
7975,-30,-30,-30,-30,-30,-30,30,-30,-30,-30,6
8635,-30,-30,-30,-30,-30,-30,30,-30,-30,-30,6
881,-11,-30,-30,-30,-30,-30,8,-30,-30,-30,6
9777,-30,-30,-30,-30,-30,-30,-23,-30,-30,-30,6
3412,-30,-30,-30,-30,-30,-30,-30,-30,30,-30,8
21,-30,-30,-30,-30,-30,-30,-30,30,-30,-30,7
2040,-30,-30,-30,-30,-30,-30,30,-30,-30,-30,6
3060,-30,-30,30,-30,-30,-30,-16,-30,-30,-30,2
4751,-30,-30,-30,-30,-30,-30,-30,30,-30,-30,7
2729,-30,-30,-30,-30,-30,30,-30,-30,-30,-30,5
4641,-30,-30,-7,-30,-7,-30,-30,-30,-30,-30,2
7501,-30,-30,-30,-30,-30,-30,-30,-30,-30,21,9
9622,30,-30,-30,-30,-30,-30,-30,-30,-30,-30,0
6459,-30,-30,-30,30,-30,-30,-30,-30,-30,-30,3
835,-30,-30,-14,-30,-3,-30,-30,-30,-30,-30,4
3232,-30,-30,-30,-30,20,-30,12,-30,-30,-30,4
7497,-30,-30,-30,-30,-30,-30,-30,-30,30,-30,8
599,-30,-30,-30,-30,-17,-30,-30,-30,-30,-30,4
9734,30,-30,-30,-30,-30,-30,-30,-30,-30,-30,0
767,-30,-30,6,-30,-30,-30,30,-30,-30,-30,6
5077,-30,-30,-30,-30,-30,-30,-30,-30,-30,-30,0
2858,-30,-30,-30,-30,-30,-30,6,-30,-30,-30,6
8726,-30,-30,-30,-30,-30,30,-30,-30,-30,-30,5
5795,-30,-30,-30,-30,-30,-30,-19,-30,-30,-30,6
7101,-30,-30,-30,-30,-30,-30,3,-30,-30,-30,6
9274,-30,-30,11,-30,-30,-30,-14,-30,-30,-30,2
6990,-30,-30,-30,-30,-30,-30,-30,-30,30,-30,8
8687,4,-30,-30,-30,-30,-30,-21,-30,-30,-30,0
5733,19,-30,-30,-30,-30,-30,-30,-30,-30,-30,0
2372,-30,-30,30,-30,-1,-30,-30,-30,-30,-30,2
372,30,-30,-30,-30,-30,-30,-30,-30,-30,-30,0
8527,-30,-30,30,-30,-30,-30,-30,-30,-30,-30,2
1890,-30,-30,-30,-30,-30,30,-30,-30,-30,-30,5
7487,-30,-30,-30,-30,-30,30,-30,-30,-30,-30,5
1038,-30,-30,-30,-30,-30,-30,-14,-30,18,-30,8
4017,30,-30,-30,-30,-30,-30,-12,-30,-30,-30,0
7763,-30,-30,-30,-30,-30,-29,-30,30,-30,-30,7
9619,30,-30,-30,-30,-30,-30,-30,-30,-30,-30,0
6983,-30,-30,-30,-30,-30,-30,-30,-30,30,-30,8
7365,-30,-30,-30,-30,-30,-30,-30,-30,-30,30,9
6545,30,-30,-30,-30,-30,-30,-30,-30,-30,-30,0
3152,-30,-30,30,-30,-30,-30,-29,-30,-30,-30,2
416,-30,30,-30,-30,-30,-30,-30,-30,-30,-30,1
8997,-30,-30,-23,-30,-30,-30,-29,-30,-30,-30,2
1754,-30,-30,-30,-30,-30,30,-30,-30,-30,-30,5
8227,-30,30,-30,-30,-30,-30,-30,-30,-30,-30,1
6129,-30,-30,-30,-30,-30,-30,-30,-30,-30,-30,0
290,-30,-30,6,-30,18,-30,-30,-30,-30,-30,4
7749,-30,-30,-30,-30,-30,-30,-30,-30,-30,30,9
3777,-30,-30,-30,-30,-30,-30,30,-30,-30,-30,6
7829,-30,-30,-30,-30,30,-30,-22,-30,-30,-30,4
2151,-30,-30,-30,-30,-30,-30,-30,-30,1,-30,8
8482,-30,-30,-30,-30,-30,-30,-30,-30,-30,30,9
3952,-30,30,-30,-30,-30,-30,-30,-30,-30,-30,1
3978,-30,-30,-30,-26,-30,-30,-30,-30,-30,-30,3
6905,-30,-30,-30,-17,-30,-30,-11,-30,-30,-30,6
7613,-30,30,-30,-30,-30,-30,-30,-30,-30,-30,1
2940,-30,-30,30,-30,-30,-30,2,-30,-30,-30,2
3642,-30,-30,-30,-30,-30,-30,-30,-30,30,-30,8
1870,-30,-30,-30,-30,-30,-30,-30,-30,-30,-30,0
7470,-30,-30,-30,30,-30,-30,-30,-30,-30,-30,3
3155,-30,-30,-30,2,-30,-30,-30,-30,-30,-30,3
5621,-30,-30,-6,-30,-30,-30,-8,-30,-30,-30,2
4485,-30,-30,30,-30,-30,-30,-7,-30,-30,-30,2
2900,-30,-30,-30,-30,-30,-30,-30,-30,-30,-30,0
3698,-30,-30,30,-30,-30,-30,-30,-30,-30,-30,2
8011,-30,-16,-30,-3,-30,-30,-30,-30,-30,-30,3
3746,-30,-30,-30,-30,-30,-30,-30,-30,-30,-30,0
9275,-30,-30,-30,-30,-30,2,-30,-12,-30,-30,5
6655,-30,-30,30,-30,-30,-30,-30,-30,-30,-30,2
3556,-30,-30,-30,30,-30,-30,-30,-30,-30,-30,3
5070,-30,-30,-30,-30,-30,-30,30,-30,-30,-30,6
2281,30,-30,-30,-30,-30,-30,-16,-30,-30,-30,0
7098,-30,-30,-30,-30,-30,-30,-30,-30,30,-30,8
5510,-30,-30,-30,-30,-30,30,-30,-30,-30,-30,5
3391,-30,-30,-30,-30,30,-30,-30,-30,-30,-30,4
1503,2,-30,-30,-30,-30,-30,-30,-30,-30,-30,0
6892,-30,30,-30,-30,-30,-30,-30,-30,-30,-30,1
6936,-30,-30,-30,-30,-30,-30,-13,-30,-30,-30,6
4110,-30,-30,-30,-30,-2,-30,-30,-30,-30,-30,4
512,-30,-30,27,-30,-30,-30,3,-30,-30,-30,2
4529,-30,-30,-30,-30,-10,-30,30,-30,-30,-30,6
1865,-30,-30,-30,-30,-30,-30,-30,-6,-30,-30,7
2526,-30,-30,-30,-30,-30,-30,-30,-30,-30,30,9
4851,-30,-30,-30,-30,-30,-30,30,-30,-30,-30,6
160,-30,-30,29,-30,30,-30,-30,-30,-30,-30,4
2874,-30,-30,-30,-20,-30,-30,-30,-30,-30,-30,3
4068,-30,-8,-30,-30,-30,-30,-30,-30,-30,-30,1
7644,27,-30,-30,-30,-30,-30,-30,-30,-30,-30,0
9215,-30,-30,-30,-30,-30,-30,-30,-30,30,-30,8
55,-30,-30,-30,-30,-30,15,-30,-30,-30,-30,5
9948,-30,-30,-30,-30,-24,-30,30,-30,-30,-30,6
5242,-30,-30,-30,-30,17,-30,26,-30,-30,-30,6
2545,30,-30,-30,-30,-30,-30,-26,-30,-30,-30,0
5418,-30,-30,-30,30,-30,-30,-30,-30,-30,-30,3
5061,-30,-30,-30,-2,-30,-30,-30,-30,-3,-30,3
547,-30,-30,-30,-30,-30,30,-30,-30,-30,-30,5
8824,-30,-30,30,-30,-30,-30,-30,-30,-30,-30,2
4901,-30,-30,-30,-30,-30,30,-30,-30,-30,-30,5
1084,-30,30,-30,-30,-30,-30,-30,-30,-30,-30,1
2270,-30,-30,-30,-30,-30,30,-30,-30,-30,-30,5
6111,-30,-30,-30,-30,-30,20,-30,-30,-30,-30,5
6849,-30,30,-30,-30,-30,-30,-30,-30,-30,-30,1
6442,-30,-30,-30,-30,-30,-30,-30,-30,-30,24,9
2554,-30,-30,-30,-30,-30,-30,-30,30,-30,-30,7
518,-30,-30,30,-30,-30,-30,-17,-30,-30,-30,2
5194,-30,-30,-30,-12,-30,-30,-30,-30,-30,-30,3
1987,-30,-30,-30,-30,-30,-30,-30,-30,30,-30,8
4960,-30,-30,-30,-30,-30,-30,-30,-30,30,-30,8
7474,30,-30,-30,-30,-30,-30,-30,-30,-30,-30,0
5584,-30,-30,-30,-30,-30,-30,-30,-30,-30,30,9
8822,30,-30,-30,-30,-30,-30,-30,-30,-30,-30,0
1697,-30,-30,-30,-30,-30,-30,-12,-30,-30,-30,6
756,-19,-30,-30,-29,-30,-30,-30,-30,-30,-30,0
2719,-30,-30,-30,30,-30,-30,-30,-30,-30,-30,3
1976,-30,-30,8,-30,-30,-30,-20,-30,-30,-30,2
3916,-30,30,-30,-30,-30,-30,-30,-30,-30,-30,1
702,-30,-30,-30,-30,-30,-30,-30,-30,30,-30,8
7515,-30,-30,-30,9,-30,-30,-30,-30,-30,-30,3
6439,-30,-30,-30,-30,-5,-30,-30,-30,-30,-30,4
2118,-30,-30,30,-30,-30,-30,-10,-30,-30,-30,2
7726,-30,30,-30,-30,-30,-30,-30,-30,-30,-30,1
1366,-30,-30,-29,-30,-30,-30,-17,-30,-20,-30,6
4060,-30,-30,-30,-30,-30,-30,-30,-30,-30,-30,0
2484,-30,-30,-30,30,-30,-30,-30,-30,-30,-30,3
7085,-3,-30,-30,-30,-30,-30,-17,-30,-30,-30,0
9536,-30,-30,-30,-30,-30,-30,-30,-30,30,-30,8
4045,-30,-30,-30,-30,-30,30,-30,-30,-30,-30,5
2726,-30,27,-30,-30,-30,-30,-30,-30,-30,-30,1
1234,-30,-30,-30,-30,-30,30,-30,-30,-30,-30,5
3810,30,-30,-30,-30,-30,-30,-30,-30,-30,-30,0
3015,-30,-30,30,-30,-30,-30,-30,-30,-30,-30,2
6642,28,-30,-30,-30,-30,-30,-30,-30,-30,-30,0
922,-30,-30,-30,30,-30,-30,-30,-30,-30,-30,3
8770,-30,-30,-30,-30,-30,-30,-30,-30,-30,30,9
4742,-30,-30,-30,-30,-30,-30,-30,-30,30,-30,8
8711,-30,-30,-10,-30,-30,-30,30,-30,-30,-30,6
3479,-30,-30,-30,-30,-30,-30,-30,-30,30,-30,8
5693,-30,30,-30,-30,-30,-30,-30,-30,-30,-30,1
5090,30,-30,-30,-30,-30,-30,-30,-30,-30,-30,0
5500,-30,-30,30,-30,-30,-30,-30,-30,-30,-30,2
2656,-30,-30,-30,-30,-30,-30,6,-30,-30,-30,6
8492,-30,-30,30,-30,-30,-30,30,-30,-30,-30,2
3490,-30,-30,-30,-30,-30,-30,-4,-30,-30,-30,6
7361,-30,-30,-30,27,-30,-30,-30,-30,-30,-30,3
9014,-30,-30,-30,-30,-30,-30,-30,-11,-30,-30,7
2488,-30,-30,-30,-30,-30,30,-30,-30,-30,-30,5
2175,30,-30,-30,-30,-30,-30,-30,-30,-30,-30,0
3947,-30,-30,-30,-30,-30,-30,30,-30,-30,-30,6
6309,-30,-30,30,-30,-30,-30,-22,-30,-30,-30,2
1058,29,-30,-30,-30,-30,-30,-17,-30,-30,-30,0
9585,-30,-30,-30,-30,-30,-30,-30,-30,30,-30,8
167,-30,-30,-8,-30,-30,-30,30,-30,-30,-30,6
2720,-30,-30,30,-30,-30,-30,30,-30,-30,-30,2
1152,-30,30,-30,-30,-30,-30,-30,-30,-30,-30,1
7791,-30,-30,-30,-30,-30,-30,-30,-30,30,-30,8
9176,-30,-30,-30,-30,-30,-30,6,-30,-30,-30,6
6431,-30,-30,-30,-30,-30,-30,-30,-30,30,-30,8
9361,-30,-30,30,-30,-30,-30,-26,-30,-30,-30,2
3603,-30,-30,-30,-30,-30,-30,-30,-30,-30,30,9
9469,-30,-30,30,-30,-30,-30,-22,-30,-30,-30,2
1254,-30,-30,-30,-30,-30,-30,30,-30,-30,-30,6
7618,-30,-30,-30,-30,-30,-30,-30,-30,30,-30,8
7411,-30,-30,-30,-30,-30,30,-30,-30,-30,-30,5
6453,-30,-30,30,-30,-30,-30,-22,-30,-30,-30,2
1404,-30,-30,-30,-30,-30,-30,-30,10,-30,-30,7
1458,-30,-30,-30,30,-30,-30,-30,-30,-30,-30,3
3589,-30,-30,30,-30,-30,-30,-14,-30,-30,-30,2
7825,-30,-30,-30,-30,-30,-30,20,-30,-30,-30,6
8405,-30,-30,-30,-30,-30,-30,-7,-30,-30,-30,6
4741,21,-30,-30,-30,-30,-30,-30,-30,-30,-30,0
7353,-30,-30,-30,-30,10,-30,30,-30,-30,-30,6
4463,-30,-30,-30,-30,-30,-30,-30,-30,30,-30,8
6400,-30,-30,-30,-30,-30,30,-30,-30,-30,-30,5
8207,-30,-30,4,-30,-21,-30,-30,-30,-30,-30,2
2499,-30,30,-30,-30,-30,-30,-30,-30,-30,-30,1
8912,-30,-30,-30,-30,-30,-30,-30,30,-30,-30,7
7839,-30,-30,30,-30,-30,-30,-16,-30,-30,-30,2
2343,-30,-30,-30,-30,-30,-30,-30,-30,30,-30,8
9694,-30,-30,30,-30,-30,-30,-25,-30,-30,-30,2
3083,-30,-30,-30,-30,-30,-30,-30,-30,-30,30,9
7466,-30,-30,-30,-15,-30,-30,-30,-30,-30,-30,3
5124,-30,-30,-30,-30,-30,-30,12,-30,-30,-30,6
6968,-30,-30,-30,-17,-30,-30,-30,-30,-30,-30,3
2642,-30,-30,-10,-30,-30,-30,30,-30,-30,-30,6
6086,-30,-30,-30,-30,7,-30,-30,-30,-30,-30,4
8006,-30,-30,30,-30,-30,-30,-3,-30,-30,-30,2
2925,-30,-30,-30,-30,-30,-30,-30,30,-30,-30,7
976,-30,-30,-30,-30,-30,-30,-30,30,-30,-30,7
3852,-30,-30,-30,-30,-30,-30,-30,-30,-30,30,9
7554,-9,-30,-30,-30,-30,-30,-12,-30,-30,-30,0
7538,-30,-30,13,-30,-30,-30,-17,-30,-30,-30,2
6490,-30,-30,-30,-30,-30,-30,-30,-30,-30,30,9
7675,-30,-30,-30,-30,-30,-30,-13,-30,30,-30,8
2520,-19,-30,-30,-30,-30,-30,-30,-30,-30,-30,0
6967,-30,-30,-30,-30,-30,30,-30,-30,-30,-30,5
1067,-30,-30,-30,-30,-30,-30,-30,-30,30,-30,8
7658,-30,-30,-30,-30,-30,-30,-30,30,-30,-30,7
952,-30,-30,-30,-30,-30,-30,-30,-8,-30,-30,7
673,30,-30,-30,-30,-30,-30,-29,-30,-30,-30,0
2615,-30,-30,-30,-30,-30,-30,-30,30,-30,-30,7
5431,-30,-30,-30,-30,-30,-30,-30,30,-30,-30,7
8092,30,-30,-30,-30,-30,-30,-30,-30,-30,-30,0
1280,-30,-30,-30,-30,-30,-30,-30,30,-30,-30,7
4694,-30,-30,-30,-30,-30,-30,-30,30,-30,-30,7
7812,-30,-30,-28,-30,0,-30,-30,-30,-30,-30,4
1120,-30,-30,-30,-30,-30,-30,-30,-30,-30,30,9
9711,-30,-30,-30,-30,-30,-4,-30,-30,-30,-30,5
8088,-30,-30,-5,-30,-30,-30,-10,-30,-30,-30,2
5398,-30,-30,30,-30,-30,-30,-30,-30,-30,-30,2
7696,-30,-30,30,-30,-30,-30,12,-30,-30,-30,2
9104,-30,-30,-30,-7,-18,-30,-30,-30,-30,-30,3
818,-30,-30,-30,-30,-30,-30,-30,-30,30,-30,8
7816,30,-30,-30,-30,-30,-30,-30,-30,-30,-30,0
1252,-30,30,-30,-30,-30,-30,-30,-30,-30,-30,1
4764,-30,-30,-30,-30,-30,-30,-30,-30,-30,30,9
6038,-30,-30,-30,-30,-30,-30,-30,-30,30,-30,8
7657,2,-30,-30,-30,-30,-30,-30,-30,-30,-30,0
5635,-30,-30,-7,-30,-30,-30,-6,-30,-30,-30,6
4381,-30,-30,-17,-30,-30,-30,30,-30,-30,-30,6
1105,-30,-30,-30,-30,-30,-30,-30,-30,15,-30,8
4491,-30,-3,-30,-1,-30,-30,-30,-30,-30,-30,3
3981,-30,-30,-30,-30,-30,-30,-30,-30,30,-30,8
9379,30,-30,-30,-30,-30,-30,-28,-30,-30,-30,0
6204,-30,-30,-30,-30,-30,-30,-30,-30,-30,-30,0
3010,-30,-30,-30,-30,-30,-30,30,-30,-30,-30,6
883,-30,-30,-30,25,-30,-30,-30,-30,-30,-30,3
5499,-30,-30,-30,30,-30,-30,-30,-30,-30,-30,3
2674,-30,-30,-30,-30,-30,-30,-30,-30,30,-30,8
311,-30,30,-30,-30,-30,-30,-30,-30,-30,-30,1
5863,-30,-30,-30,30,-30,-30,-30,-30,-30,-30,3
8348,-30,-30,-30,-30,-30,-30,-30,-30,30,-30,8
508,-30,-30,-30,-30,-30,-21,-30,9,-30,-30,7
2495,-30,-30,-30,30,-30,-30,-30,-30,-30,-30,3
5079,-3,-30,-30,-30,-30,-30,30,-30,-30,-30,6
5074,-30,-30,-30,30,-30,-30,-30,-30,-30,-30,3
3674,-30,-30,-9,-30,9,-30,-30,-30,-30,-30,4
6948,-30,-30,-30,-30,-30,-30,-30,-30,30,-30,8
9819,-30,-30,-30,-30,-30,-30,-30,-30,30,-30,8
6697,-30,-30,-30,-30,-30,-30,-30,-30,-30,30,9
3385,-30,30,-30,-30,-30,-30,-30,-30,-30,-30,1
7844,-30,-30,-30,30,-30,-30,-30,-30,-30,-30,3
2724,-30,-30,30,-30,-30,-30,-30,-30,-30,-30,2
2246,-30,30,-30,-30,-30,-30,-30,-30,-30,-30,1
1972,-30,-30,-30,-30,6,-30,-30,-30,-30,-30,4
5578,-30,-30,-30,-30,-30,-30,-10,-30,30,-30,8
4296,-30,-30,-30,-30,-30,-30,-30,-30,-30,-30,0
9238,-30,-30,-30,-30,-30,-30,-30,-30,-30,-30,0
8484,-30,-30,19,-30,-30,-30,-4,-30,-30,-30,2
2148,-30,-30,-30,-30,-30,-30,-30,-18,-30,-6,9
6852,-30,-30,-30,30,-30,-30,-30,-30,-30,-30,3
8526,-30,-30,-30,-30,-30,-30,-30,-30,-30,30,9
9584,-30,-30,-16,-30,-22,-30,30,-30,-30,-30,6
3789,-30,-30,-30,-30,-30,-30,-30,-30,-30,30,9
2808,30,-30,-30,-30,-30,-30,-30,-30,-30,-30,0
8925,-30,-30,-30,-30,-10,-30,-25,-30,-30,-30,4
8911,-30,-30,30,-30,-30,-30,-1,-30,-30,-30,2
6244,-30,-30,-30,-30,-30,30,-30,-30,-30,-30,5
910,-30,-30,-30,-30,-30,-30,-30,30,-30,-30,7
9863,30,-30,-30,-30,-30,-30,-30,-30,-30,-30,0
4278,-30,-30,-30,-30,-30,-30,-30,-30,30,-30,8
7671,-30,30,-30,-30,-30,-30,-30,-30,-30,-30,1
1824,-30,-30,-30,-30,-30,-4,-30,15,-30,-30,7
8380,-30,-30,-30,-30,-30,30,-30,-30,-30,-30,5
1450,-30,-30,-30,-30,30,-30,-30,-30,-30,-30,4
3216,-30,-30,-30,-30,-30,-30,-30,-30,-30,30,9
3290,-30,-30,-30,-30,-30,30,-30,-30,-30,-30,5
1604,-30,-30,-30,-30,-30,-25,-30,30,-30,-30,7
2156,-30,-30,-30,30,-30,-30,-30,-30,-30,-30,3
7454,-30,-30,30,-30,-30,-30,-12,-30,-30,-30,2
8759,30,-30,-30,-30,-30,-30,-24,-30,-30,-30,0
3105,-30,-30,-30,-30,-30,-30,-30,-30,-30,30,9
4784,-30,-30,-30,-30,-30,-30,-30,-30,30,-30,8
1021,-30,-30,-30,-30,-30,-30,-30,-12,-30,-30,7
2448,-30,-30,-30,30,-30,-30,-30,-30,-30,-30,3
4070,-30,-30,-30,-30,-30,-30,-30,30,-30,-30,7
1751,-30,-30,-30,-30,-30,-9,-30,-2,-30,-30,7
3144,-30,-30,-30,-30,30,-30,-30,-30,-30,-30,4
361,-30,-30,-30,-30,-30,-30,-30,-18,-30,-30,7
9413,-30,-30,-30,-30,-30,-13,-30,-30,-30,-30,5
1543,-30,-30,-30,-30,-30,-30,-30,-30,30,-30,8
6032,-30,-30,-30,-30,-30,14,-30,-30,-30,-30,5
3992,-30,-30,-5,-30,-19,-30,-30,-30,-30,-30,2
1433,-30,-30,-30,-30,30,-30,-30,-30,-30,-30,4
7344,-30,-30,-30,-30,-30,-30,-30,-30,-23,-30,8
9459,-30,-30,-23,-30,-30,-30,-8,-30,-30,-30,6
3312,-30,-30,-30,30,-30,-30,-30,-30,-30,-30,3
1385,-30,-30,-30,-30,-30,-30,-30,-30,30,-30,8
5354,-30,-30,-30,-30,-30,-30,-30,-30,-30,30,9
4969,-30,-30,-30,-30,-30,-25,-30,30,-30,-30,7
1780,-30,30,-30,-30,-30,-30,-30,-30,-30,-30,1
9178,-30,-30,-30,30,-30,-30,-30,-30,-30,-30,3
8428,-30,-30,1,-30,-19,-30,-30,-30,-30,-30,2
205,-30,-30,30,-30,-30,-30,-1,-30,-30,-30,2
8220,-30,-30,-30,-30,-30,-30,-30,-30,-30,30,9
298,-30,-30,-30,-30,-30,-30,-30,30,-30,-30,7
8390,-30,30,-30,-30,-30,-30,-30,-30,-30,-30,1
3677,-30,-30,-30,-30,-30,-30,-30,-30,-30,-30,0
2571,-30,-30,30,-30,-30,-30,-1,-30,-30,-30,2
8599,30,-30,-30,-30,-30,-30,-17,-30,-30,-30,0
2434,30,-30,-30,-30,-30,-30,-30,-30,-30,-30,0
7318,-30,-30,-30,-30,-30,-20,-30,-30,-30,-30,5
352,-30,-30,-30,-30,-30,30,-30,-30,-30,-30,5
8170,-30,-30,-30,-30,-30,-30,-30,-30,-30,-30,0
1555,-30,-30,-30,-30,-30,30,-30,-30,-30,-30,5
9836,-30,-30,30,-30,-30,-30,-30,-30,-30,-30,2
9040,-30,-30,-30,-30,-30,-30,-30,-30,30,-30,8
4326,-30,-30,-30,-30,-30,-30,-30,-30,-30,27,9
9626,-30,-30,-30,-30,30,-30,-30,-30,-30,-30,4
8894,-30,-30,-30,-30,-30,-20,-30,-30,-30,-30,5
5068,-30,-30,-30,-30,-30,7,-30,-30,-30,0,5
6870,-30,-13,30,-30,-30,-30,-3,-30,-30,-30,2
839,-30,-30,-30,-30,30,-30,-30,-30,-30,-30,4
1467,-30,-30,-30,-30,-30,-30,-30,-30,1,-30,8
8574,-30,30,-30,-30,-30,-30,-30,-30,-30,-30,1
8499,-30,-30,-30,-30,-30,30,-30,-27,-30,-30,5
3692,-30,-30,-30,-30,-30,30,-30,-30,-30,-30,5
2847,-30,-30,-30,-30,-30,-2,-30,-30,-30,-30,5
9852,-30,-30,-30,-30,-30,-30,-7,-30,13,-30,8
9751,-30,-30,-30,-30,-30,-30,-30,-30,30,-30,8
5084,-30,30,-30,-30,-30,-30,-30,-30,-30,-30,1
9464,-30,-30,-30,-30,-30,30,-30,-30,-30,-30,5
8281,-30,-30,-30,-30,-30,30,-30,-30,-30,-30,5
9752,-30,-30,-30,-30,-30,-30,-30,-28,-30,-30,7
7363,-30,-30,-30,-30,-30,-30,-30,30,-30,-30,7
3808,-30,-30,-30,-30,-30,-30,-30,-30,-30,30,9
3045,-30,-30,-30,-30,-30,-30,-30,-30,13,-30,8
9293,-30,-1,-30,-30,-30,-30,-30,-30,-30,-30,1
7525,-30,30,-30,-30,-30,-30,-30,-30,-30,-30,1
6835,-30,30,-30,-30,-30,-30,-30,-30,-30,-30,1
8132,-30,-30,-30,-30,-30,-30,-30,-30,-30,-30,0
8210,-30,-30,-30,-30,-30,-30,30,-30,-30,-30,6
1519,-30,-30,-12,-30,-30,-30,-12,-30,-30,-30,2
4795,-30,-30,-30,-30,-30,-30,-30,-30,-30,30,9
6833,-30,-30,-30,30,-30,-30,-30,-30,-30,-30,3
2629,-30,-30,-30,-30,-30,-30,-9,-30,-30,-30,6
1694,-30,-30,-30,-30,-24,-30,30,-30,-30,-30,6
7279,-30,-30,-30,-30,30,-30,-30,-30,-30,-30,4
7642,-30,-30,-30,-30,-30,-30,-30,-30,30,-30,8
3442,-30,-30,-30,-30,-30,-30,-30,-30,2,-30,8
2107,-30,-30,-30,-30,-30,30,-30,-30,-30,-30,5
9913,-30,-30,-30,-30,8,-30,30,-30,-30,-30,6
4827,-30,-30,-30,-30,-30,-30,-30,-30,-30,24,9
8501,30,-30,-30,-30,-30,-30,-16,-30,-30,-30,0
8226,-30,-30,30,-30,-30,-30,-3,-30,-30,-30,2
1871,-30,-30,-30,-30,-30,-30,-30,-30,30,-30,8
8445,-30,-30,-30,-30,7,-30,19,-30,-30,-30,6
2437,-30,-30,-30,-30,-30,-30,-30,-30,30,-30,8
890,-30,-30,-30,-30,-30,-30,14,-30,-30,-30,6
3764,-30,-30,-30,-25,21,-30,-30,-30,-30,-30,4
9350,-30,-30,-30,-30,-3,-30,30,-30,-30,-30,6
9380,-30,30,-30,-30,-30,-30,-30,-30,-30,-30,1
7212,-30,-30,-30,-30,-4,-30,-30,-30,-30,-30,4
2845,-30,-30,-30,30,-30,-30,-30,-30,-30,-30,3
7250,-30,-30,-30,8,-30,-30,-27,-30,-30,-30,3
8091,-30,-30,-30,-30,-30,-30,-30,-30,30,-30,8
3523,-30,-30,-30,-30,30,-30,-30,-30,-30,-30,4
3505,-30,-30,-30,-30,-30,-30,-30,-30,-30,30,9
7112,-30,-30,-30,-30,-30,-30,-30,-30,-30,30,9
6004,29,-30,-30,-30,-30,-30,28,-30,-30,-30,0
1306,-30,-30,-30,-30,-30,-30,-30,30,-30,-30,7
5837,-30,-30,-30,-30,-30,-30,-30,-30,-30,30,9
1261,-30,-30,-30,-30,-30,30,-30,-30,-30,-30,5
4821,-30,-30,-30,30,-30,-30,-30,-30,-30,-30,3
3486,-30,30,-30,-30,-30,-30,-30,-30,-30,-30,1
4258,-30,-30,-30,-30,-30,-30,-30,28,-30,-30,7
2748,-30,-30,-4,-30,-30,-30,-27,-30,-30,-30,2
4914,-30,-30,-30,-30,-30,-30,-30,-30,30,-30,8
8321,-30,-30,-30,-30,-25,-30,-9,-30,-30,-30,6
2482,-30,-30,-30,-30,-30,-30,-30,-30,-30,30,9
9624,-30,-30,-30,-30,-30,-30,-30,-30,-30,-30,0
4884,-30,30,-30,-30,-30,-30,-30,-30,-30,-30,1
6495,17,-30,-30,-30,-30,-30,21,-30,-30,-30,6
9303,30,-30,-30,-30,-30,-30,-21,-30,-30,-30,0
5236,-30,-30,-30,-30,-30,-29,-30,-30,-11,-30,8
3139,-30,-30,-30,-30,-30,-30,-21,-30,30,-30,8
8025,-30,30,-30,-30,-30,-30,-30,-30,-30,-30,1
3902,-30,-30,-30,-30,-30,-30,-30,-30,-30,30,9
4614,-30,-30,-30,30,-30,-30,-30,-30,-30,-30,3
5615,-14,-30,-30,-30,-30,-30,-5,-30,-30,-30,6
5425,-30,-30,-30,-30,-30,-30,-30,-30,30,-30,8
1150,-30,15,-30,30,-30,-30,-30,-30,-30,-30,3
805,-30,-30,-30,-30,-30,-30,-30,-30,30,-30,8
8177,-30,-30,-30,-30,-30,-30,-30,-30,-27,-30,8
1989,-30,-30,-12,-30,-30,-30,30,-30,-30,-30,6
2904,-30,-30,-30,-30,-30,30,-30,-30,-30,-30,5
4648,-30,-30,-30,-30,-30,-30,30,-30,-30,-30,6
1233,-30,-30,-30,-30,-30,-30,-30,-30,-30,14,9
5562,-30,-30,-30,-30,-30,-30,-30,-30,-30,-30,0
8840,-30,30,-30,-30,-30,-30,-30,-30,-30,-30,1
2171,-30,-30,-30,-30,-4,-30,-24,-30,-30,-30,4
369,30,-30,-30,-30,-30,-30,-10,-30,-30,-30,0
9878,-30,-30,-30,-30,-30,-23,-30,28,-30,-30,7
3872,-30,-30,-30,-30,-30,-30,-30,-30,-30,30,9
4909,30,-30,-30,-30,-30,-30,-30,-30,-30,-30,0
31,-30,30,-30,-30,-30,-30,-30,-30,-30,-30,1
9962,-30,-30,-30,28,-30,-30,-30,-30,-30,-30,3
1649,-30,-30,-30,-30,-30,-30,-30,-30,-30,30,9
5769,-30,-30,-30,-30,-30,30,-30,-30,-30,-30,5
9066,-30,30,-30,-30,-30,-30,-30,-30,-30,-30,1
9716,-30,-30,30,-30,-30,-30,-21,-30,-30,-30,2
8657,-30,30,-30,-30,-30,-30,-30,-30,-30,-30,1
7602,-30,30,-30,-30,-30,-30,-30,-30,-30,-30,1
9724,-30,-30,-30,1,-30,-30,-30,-30,-30,-30,3
6673,-30,-30,-30,-30,-30,-30,-30,-30,30,-30,8
3896,-30,-30,-30,30,-30,-30,-4,-30,-30,-30,3
2168,-30,-30,-30,-30,-30,-30,-30,-30,-30,30,9
610,-30,-30,-30,-30,-30,28,-30,-30,-30,-30,5
5912,-30,-30,-14,-30,-1,-30,-30,-30,-30,-30,4
8723,-30,-30,-30,-30,4,-30,-10,-30,-30,-30,4
1348,-30,-30,-30,30,-30,-30,-30,-30,-30,-30,3
8399,-30,-30,-30,-30,-30,-15,-30,20,-30,-30,7
3260,-30,-30,-30,-30,-30,-30,-30,30,-30,-30,7
7260,-30,-30,-30,-30,-30,-30,-30,30,-30,-30,7
5663,-30,-30,-30,-30,-30,-30,-3,-30,-30,-30,6
8414,-30,-30,-30,30,-30,-30,-30,-30,-30,-30,3
8556,-30,-30,-30,-30,-30,-30,-30,-30,-30,30,9
61,-30,30,-30,-30,-30,-30,-30,-30,-30,-30,1
6918,-30,-30,-30,-30,-30,-30,-30,-30,-30,30,9
4065,-30,-30,-14,-30,16,-30,-30,-30,-30,-30,4
9432,-30,-30,-30,-30,30,-30,1,-30,-30,-30,4
5365,30,-30,-30,-30,-30,-30,-30,-30,-30,-30,0
3269,-30,-30,-30,-30,-30,-30,-30,-10,-30,-30,7
7479,-30,-30,-9,-30,-30,-30,24,-30,-30,-30,6
8913,-30,-30,-30,-30,-30,-30,-24,-30,25,-30,8
4971,-30,-30,-30,-30,-30,-30,-30,-30,-30,-25,9
4850,-30,-30,-30,-30,-30,-7,-30,-30,-30,-30,5
1193,16,-30,-30,-30,-30,-30,-6,-30,-30,-30,0
108,-30,-30,-30,-16,-30,-30,28,-30,-30,-30,6
5136,-30,-30,-30,-30,28,-30,-30,-30,-30,-30,4
2972,-30,-30,-30,-30,-30,-30,-30,-30,-30,30,9
1260,30,-30,-30,-30,-30,-30,-15,-30,-30,-30,0
5081,-30,-30,-30,-30,30,-30,-30,-30,-30,-30,4
1166,30,-30,-30,-30,-30,-30,-30,-30,-30,-30,0
2451,-30,-30,30,-30,-24,-30,-30,-30,-30,-30,2
2444,-30,-30,-30,-30,-30,-30,-30,30,-30,-30,7
1327,-30,-30,-30,-30,-30,-30,-30,-30,-30,30,9
2732,-30,-30,-30,-30,-30,-30,30,-30,-30,-30,6
6907,-30,30,-30,-30,-30,-30,-30,-30,-30,-30,1
2345,-30,30,-30,-30,-30,-30,-30,-30,-30,-30,1
9964,-30,-30,30,-30,-30,-30,-6,-30,-30,-30,2
9515,30,-30,-30,-30,-30,-30,-30,-30,-30,-30,0
6264,-30,-30,-30,-30,-30,-30,-30,-30,30,-30,8
6308,-30,-30,-30,-30,-30,-30,-30,-30,30,-30,8
5803,-30,-30,-30,-30,-30,-16,-30,-2,-30,-30,7
4572,-30,-30,-30,-30,-25,-30,-30,-30,-30,-30,4
4069,-30,-30,30,-30,-30,-30,-15,-30,-30,-30,2
7081,-30,-30,-30,-30,-30,-30,-30,30,-30,-30,7
1262,-30,-30,-30,-30,-30,30,-30,-30,-30,-30,5
7207,-30,-30,-30,-30,-30,-30,-30,-12,-30,-30,7
3243,-30,-30,-27,-30,-17,-30,30,-30,-30,-30,6
1678,-30,30,-30,-30,-30,-30,-30,-30,-30,-30,1
5005,-30,-30,-30,-30,-30,-30,-30,-30,30,-30,8
6368,-30,30,-30,-30,-30,-30,-30,-30,-30,-30,1
6534,-30,-30,-30,-30,30,-30,-30,-30,-30,-30,4
8415,-30,-30,-30,-30,-30,-30,-30,-30,-30,30,9
1468,-30,-30,-30,-30,-30,-30,-30,-30,30,-30,8
2888,-30,-30,-30,-30,-30,-30,-30,-30,-30,30,9
9327,-30,-30,-30,-30,-30,-30,-30,-30,-30,-30,0
8404,-30,30,-30,-30,-30,-30,-30,-30,-30,-30,1
6741,30,-30,-30,-30,-30,-30,-30,-30,-30,-30,0
2234,-30,-30,-30,-30,-30,-30,17,-30,-30,-30,6
3389,30,-30,-30,-30,-30,-30,-30,-30,-30,-30,0
763,-30,-30,-30,30,-30,-30,-30,-30,-30,-30,3
9332,30,-30,-30,-30,-30,-30,-30,-30,-30,-30,0
9329,-30,-30,-30,-30,-29,-30,30,-30,-30,-30,6
422,-30,-30,-30,-30,-30,-30,-30,-30,-30,-30,0
3874,-30,30,-30,-30,-30,-30,-30,-30,-30,-30,1
5842,-30,-30,-30,-30,-30,-30,-30,-30,-30,15,9
3954,-30,-30,-30,-30,-30,-2,-30,23,-30,-30,7
9857,-30,30,-30,-30,-30,-30,-30,-30,-30,-30,1
5290,-30,-30,30,-30,-30,-30,-29,-30,-30,-30,2
8544,-30,-30,10,-30,-30,-30,5,-30,-30,-30,2
7410,-30,-30,-30,-30,-30,30,-30,-30,-30,-30,5
1578,-30,-30,-30,30,-30,-30,-30,-30,-30,-30,3
5927,-30,-30,-30,-30,30,-30,-7,-30,-30,-30,4
315,-30,30,-30,-30,-30,-30,-30,-30,-30,-30,1
3851,-30,-30,-30,-30,-30,-30,-30,30,-30,-30,7
7663,-30,-30,1,-30,-30,-30,-10,-30,-30,-30,2
6766,-30,-30,-30,-30,-30,13,-30,-17,-30,-30,5
6890,8,-30,-30,-30,-30,-30,-3,-30,-30,-30,0
3025,-30,-30,-20,-30,-30,-30,30,-30,-30,-30,6
5997,-30,-30,-30,-30,-30,-30,-30,-30,30,-30,8
8845,-30,-30,-30,-30,-30,-30,-30,-30,30,-30,8
3092,-30,30,-30,-30,-30,-30,-30,-30,-30,-30,1
655,-30,-30,-30,-30,-30,-30,-30,-30,-30,-30,0
7364,-30,-30,-30,-30,-30,-30,-30,-30,-30,30,9
5661,-30,-30,-30,-30,-30,-30,-30,-30,-30,20,9
8841,-30,-30,-30,-30,-30,-30,-4,-30,-30,-30,6
3246,-30,-30,-30,5,-30,-30,-30,-30,-18,-30,3
1472,-30,-30,-26,-30,30,-30,-30,-30,-30,-30,4
4665,-30,-30,-30,-30,-30,-30,-30,-30,-30,30,9
8051,-30,-30,-30,30,-30,-30,-30,-30,-30,-30,3
9003,-30,-30,-30,-30,-30,-30,-30,-30,-30,30,9
6612,-30,-30,-30,-30,-30,-30,-30,-30,30,-30,8
5000,-30,-30,-30,-30,-30,30,-30,-30,-30,-30,5
3491,-30,-30,-30,30,-30,-30,-30,-30,-30,-30,3
2932,-30,-30,-30,-30,-30,-30,-30,-30,30,-30,8
426,-30,-30,-30,-30,30,-30,-30,-30,-30,-30,4
9701,-30,-30,-30,-30,-30,-30,-30,30,-30,-30,7
8935,-30,25,-30,-30,-30,-30,-30,-30,-30,-30,1
2931,-30,-30,-30,-30,-7,-30,-30,-30,-30,-30,4
4732,-30,30,-30,-30,-30,-30,-30,-30,-30,-30,1
4307,-30,-30,-30,-30,-30,-30,-30,-30,-30,30,9
2024,-30,-30,-30,-30,-10,-30,30,-30,-30,-30,6
1286,-30,-30,-30,-30,-30,-30,-30,-30,30,-30,8
4859,-30,-30,-30,26,-30,-30,-30,-30,-30,-30,3
3121,-30,-30,30,-30,-30,-30,-7,-30,-30,-30,2
2395,-30,-30,-30,-30,30,-30,-24,-30,-30,-30,4
8863,-30,-30,-30,-30,-30,-30,-30,-30,30,-30,8
1755,-30,30,-30,-30,-30,-30,-30,-30,-30,-30,1
9681,-30,30,-30,-30,-30,-30,-30,-30,-30,-30,1
7720,-30,-30,-30,-30,-30,15,-30,-30,-30,-30,5
983,-30,-30,-30,-30,-30,-30,-30,-30,30,-30,8
2391,-30,-30,-30,-30,-30,-30,-10,-30,11,-30,8
7868,-30,30,-30,-30,-30,-30,-30,-30,-30,-30,1
3558,-30,-30,-30,-30,-30,-30,10,-30,-30,-30,6
2334,-30,-30,-23,-30,-30,-30,-8,-30,-30,-30,6
9328,-30,-30,-30,-30,-30,-12,-30,-30,-30,-18,5
8609,30,-30,-30,-30,-30,-30,-30,-30,-30,-30,0
4454,-30,-30,-30,-30,-30,-30,-30,-30,-30,30,9
814,-30,-30,-30,-30,-30,9,-30,-30,-30,-30,5
9713,-22,-30,-30,-30,-30,-30,-30,-30,-30,-30,0
1001,-30,-30,-30,-30,-30,30,-30,-30,-30,-30,5
6237,27,-30,-30,-30,-30,-30,-14,-30,-30,-30,0
7870,-30,-30,-30,-30,-30,-30,6,-30,-30,-30,6
6082,-30,-30,-30,-30,-30,30,-30,-30,-30,-30,5
2962,-30,-30,-30,-30,-30,-30,-30,-30,-30,-30,0
1710,-30,-30,-30,-30,-30,-30,-30,-30,30,-30,8
251,-30,-30,-30,30,-30,-30,-30,-30,-30,-30,3
5386,-30,-30,-30,-30,-30,-30,-30,-30,30,-30,8
2439,30,-30,-30,-30,-30,-30,-30,-30,-30,-30,0
8007,-30,-30,-27,-30,-30,-30,-3,-30,-30,-30,6
6253,-30,-30,-30,-30,-30,-30,-30,-30,-30,30,9
9250,-30,-30,-30,-30,-30,30,-30,-30,-30,-2,5
2251,-30,30,-30,-30,-30,-30,-30,-30,-30,-30,1
4072,-30,-30,-30,-30,-30,17,-30,-30,-30,-30,5
3626,-30,-30,-30,30,-30,-30,-30,-30,-30,-30,3
6536,-30,-30,30,-30,-30,-30,-30,-30,-30,-30,2
446,-30,-30,-30,-30,-20,-30,30,-30,-30,-30,6
4870,-30,-30,-30,-30,-30,30,-30,-30,-30,-30,5
5701,-30,-30,-30,30,-30,-30,-30,-30,-30,-30,3
7901,-30,-30,-30,-30,-30,-30,30,-30,-30,-30,6
5807,-30,-30,-30,-11,-30,-30,-30,-30,-30,-30,3
5725,30,-30,-30,-30,-30,-30,-30,-30,-30,-30,0
6668,-30,-30,-30,-30,-30,-30,-30,-12,-30,-30,7
9000,-30,-30,-30,-30,-9,-30,-30,-30,-30,-30,4
4873,30,-30,-30,-30,-30,-30,-30,-30,-30,-30,0
145,-30,-30,30,-30,-30,-30,-30,-30,-30,-30,2
3035,-30,30,-30,-30,-30,-30,-30,-30,-30,-30,1
6799,-30,-30,-30,-30,-30,-30,-30,-30,-30,30,9
9257,-30,-30,-30,-30,-30,26,-30,-30,-30,-30,5
3055,-30,30,-30,-30,-30,-30,-30,-30,-30,-30,1
8130,-30,-30,-30,-30,-30,-30,-30,30,-30,-30,7
6144,-30,-30,-30,-30,-30,30,-30,-30,-30,-30,5
7019,-30,-30,-30,-30,-30,30,-30,-30,-30,-30,5
5731,-30,-30,-30,-30,-30,30,-30,-30,-30,-30,5
6350,-30,-30,-30,-30,-30,-30,-30,-30,-30,4,9
9335,-30,-30,-30,-30,-30,-30,-15,-30,-30,-30,6
6331,-30,-30,-30,-30,-30,-30,-30,-30,30,-30,8
9995,-30,-30,-30,-30,-8,-30,-30,-30,-30,-30,4
5309,-30,-30,-30,-30,-30,-30,-6,-30,-10,-30,6
6236,26,-30,-30,-30,-30,-30,-7,-30,-30,-30,0
4487,-30,-30,-30,-30,2,-30,-30,-30,-30,-30,4
475,-30,-30,-30,-30,-30,-30,-16,-30,-30,-30,6
511,-30,-30,-16,-30,-2,-30,-30,-30,-30,-30,4
3042,-30,30,-30,-30,-30,-30,-30,-30,-30,-30,1
4957,-30,30,-30,-30,-30,-30,-30,-30,-30,-30,1
3923,-30,-30,-7,-30,3,-30,-30,-30,-30,-30,4
2696,-30,-30,1,-30,-30,-30,30,-30,-30,-30,6
1148,-30,-30,-30,-30,-30,-30,-30,-30,30,-30,8
1691,-30,-30,20,-30,-30,-30,-10,-30,-30,-30,2
6486,-30,-30,-30,-30,-30,-30,-30,-30,-30,17,9
1337,30,-30,-30,-30,-30,-30,-30,-30,-30,-30,0
5246,-30,-30,-30,-30,-30,30,-30,-30,-30,-30,5
5482,-30,-30,-30,-30,-30,-30,-30,-30,30,-30,8
9910,-30,30,-30,-30,-30,-30,-30,-30,-30,-30,1
6241,-30,-30,-30,30,-30,-30,-30,-30,-30,-30,3
1449,-30,-30,-30,-30,-30,-30,-10,-30,-16,-30,6
7036,-30,-30,-30,30,-30,-30,-30,-30,-30,-30,3
4886,-30,-30,30,-30,-30,-30,-30,-30,-30,-30,2
3361,-30,-14,-30,-29,-30,-30,-30,-30,-30,-30,1
538,-30,-30,-30,-30,-30,-30,-30,-30,30,-30,8
6751,-30,-30,-30,-30,-30,-30,9,-30,-30,-30,6
189,-30,-30,-30,-30,-30,-30,-19,-30,-30,-30,6
8,-30,-30,-30,-30,-30,-7,-30,-30,-30,-7,5
444,-30,-30,-30,30,-30,-30,-30,-30,-30,-30,3
5015,-30,-30,-30,-30,-30,-30,-30,-30,-30,-30,0
3173,-30,-30,-30,-30,-30,-30,-30,-30,-30,30,9
9835,-30,-30,-30,-30,-30,-30,-30,30,-30,-30,7
874,-30,-30,30,-30,-30,-30,-30,-30,-30,-30,2
720,-30,-30,7,-30,-30,-30,-10,-30,-30,-30,2
6210,-30,-30,14,-30,-30,-30,-9,-30,-30,-30,2
6951,-30,-30,-30,-30,-30,-30,19,-30,-30,-30,6
2883,-30,-30,-30,-30,-30,-30,-30,-30,30,-30,8
4594,-30,-30,-30,-30,-30,-30,-30,-30,-30,30,9
8196,-30,-30,-30,-30,-30,-30,-30,-30,4,-30,8
683,-30,-2,-30,-3,-30,-30,-30,-30,-30,-30,1
5554,-30,-30,-30,-30,11,-30,-30,-30,-30,-30,4
5678,-30,-30,-30,-30,-30,-30,-30,30,-30,-30,7
8655,-30,-30,-30,-30,-30,-30,-30,-30,-30,-25,9
3112,-30,-30,-30,-30,-30,-30,-30,-30,-30,30,9
9966,-30,-30,-30,-30,-30,-30,-30,-30,-30,-11,9
936,-30,3,-30,-29,-30,-30,-30,-30,-30,-30,1
1956,-30,-30,-30,-30,30,-30,-5,-30,-30,-30,4
5489,-30,-30,-30,-30,-30,-30,-30,-30,-30,-17,9
677,-30,-30,7,-30,-24,-30,-1,-30,-30,-30,2
1715,-30,-30,-30,-30,-30,-30,-30,30,-30,-30,7
8005,-30,-30,-30,30,-30,-30,-30,-30,-30,-30,3
3392,30,-30,-30,-30,-30,-30,-30,-30,-30,-30,0
6041,-30,-30,30,-30,-30,-30,-29,-30,-30,-30,2
7172,20,-30,-30,-30,-30,-30,-4,-30,-30,-30,0
5426,-30,-30,-30,-30,-30,-30,-30,-23,-30,-24,7
2320,-30,-30,-10,-30,-20,-30,-30,-30,-30,-30,2
2655,-30,-30,-30,30,-30,-30,-30,-30,-30,-30,3
1765,-30,-30,-30,30,-30,-30,-30,-30,-30,-30,3
8168,-30,30,-30,-30,-30,-30,-30,-30,-30,-30,1
4081,-30,-30,-30,-30,-30,-30,-30,-30,-30,-3,9
4199,-30,-30,-30,-30,-30,30,-30,-30,-30,-30,5
1667,-30,-30,-30,-30,-30,-30,-30,-30,30,-30,8
4372,-30,-30,30,-30,-30,-30,-8,-30,-30,-30,2
2404,-30,-30,-30,30,-30,-30,-30,-30,-30,-30,3
6843,-30,-30,-30,-30,-30,30,-30,-26,-30,-30,5
3003,19,-30,-30,-30,-30,-30,-30,-30,-30,-30,0
1538,-25,-30,-30,-30,-30,-30,-9,-30,-30,-30,6
6409,-30,-30,-30,-30,9,-30,-30,-30,-30,-30,4
520,-30,-30,-30,-30,-30,30,-30,-30,-30,-30,5
5986,-30,-30,-30,-30,-30,-30,-30,-30,30,-30,8
1003,-30,-30,-30,30,-30,-30,-30,-30,-30,-30,3
2964,-30,-30,-30,-30,-30,30,-30,-30,-30,-30,5
9342,-30,-30,-30,-25,-30,-30,-30,-30,-30,-30,3
8370,-30,-30,-30,-30,-30,-30,-30,30,-30,-30,7
5350,-30,-30,-30,-30,-30,-30,-30,30,-30,-30,7
1457,-30,-30,-30,-30,-30,-30,3,-30,-30,-30,6
4782,30,-30,-30,-30,-30,-30,-30,-30,-30,-30,0
4847,-30,-30,-30,-30,-30,-30,-30,-30,-30,30,9
7123,-30,-30,-30,-30,-30,-10,-30,30,-30,-30,7
7213,-30,30,-30,-30,-30,-30,-30,-30,-30,-30,1
4518,-30,-30,-9,-30,-30,-30,-30,-30,-30,-30,2
4026,-30,-30,-19,-30,-15,-30,-15,-30,-30,-30,4
1305,-30,-30,-30,-30,-30,16,-30,-30,-30,-30,5
1658,-30,-30,-30,30,-30,-30,-30,-30,-30,-30,3
6949,1,-30,-30,-30,-30,-30,-20,-30,-30,-30,0
6748,-30,-30,-30,-30,-30,-30,21,-30,-30,-30,6
9533,-30,30,-30,-30,-30,-30,-30,-30,-30,-30,1
956,-30,-30,-30,2,-30,-30,-30,-30,-30,-30,3
6389,30,-30,-30,-30,-30,-30,-30,-30,-30,-30,0
4188,-30,-30,-30,-30,-30,30,-30,-30,-30,-30,5
4003,-30,-30,-30,-30,-3,-30,-30,-30,-30,-30,4
6134,-30,-30,-30,-30,-30,-30,-30,-30,30,-30,8
9531,-30,-30,-30,-30,-30,-24,-30,-30,-30,-30,5
4018,-30,-30,-30,-30,-30,-30,-30,-17,-30,-30,7
1313,-30,-30,-30,-3,-30,-30,-30,-30,-30,-30,3
3620,-11,-30,-30,-30,-30,-30,-30,-30,-30,-30,0
776,-30,-30,-30,-30,-30,-30,-30,-30,30,-30,8
3209,-30,-30,-30,30,-30,-30,-30,-30,-30,-30,3
9492,-30,-30,-30,-30,-30,30,-30,-30,-30,-30,5
1601,-30,-30,-30,-30,30,-30,-30,-30,-30,-30,4
2689,-30,-30,6,-30,-24,-30,1,-30,-30,-30,2
6561,-30,-30,-30,-30,-30,-30,-30,-30,-30,30,9
6377,-30,-30,-30,-30,-30,-30,-30,-30,30,-30,8
546,-30,-30,-30,-30,-30,-3,-30,-30,-30,-17,5
261,-30,-30,-30,-30,-30,-30,-30,-30,-30,30,9
3665,-30,-30,-30,-30,-30,-30,-30,-30,5,-30,8
4310,-30,30,-30,-30,-30,-30,-30,-30,-30,-30,1
6285,-30,-30,-30,-30,-30,-30,-30,-30,-30,-30,0
4513,-30,-30,-30,-30,-30,30,-30,-30,-30,-30,5
2364,30,-30,-30,-30,-30,-30,-30,-30,-30,-30,0
2764,-30,30,-30,-30,-30,-30,-30,-30,-30,-30,1
4629,-30,-30,-30,-30,-30,30,-30,-30,-30,-30,5
7968,-30,-30,-30,-28,-21,-30,-30,-30,-30,-30,4
6391,-30,-30,-30,6,-30,-30,-30,-30,-30,-30,3
9199,-30,-30,-30,30,-30,-30,-30,-30,-30,-30,3
2187,-30,-30,-30,-30,-30,-30,-30,-30,-30,-30,0
790,-30,-30,-30,-30,30,-30,-30,-30,-30,-30,4
820,-30,-30,-30,-30,-29,-30,8,-30,-30,-30,6
1311,-30,-30,-30,30,-30,-30,-30,-30,-30,-30,3
3921,-30,-18,-30,-30,-30,-30,-30,-30,-30,-30,1
3040,-30,-30,-30,-30,-30,-30,-30,30,-30,-30,7
3329,-30,-30,-30,-30,-30,-30,-30,-30,30,-30,8
671,30,-30,-30,-30,-30,-30,-16,-30,-30,-30,0
9254,-30,-30,-30,-30,-30,-30,-30,-30,-30,30,9
159,-30,-30,-30,-30,-30,-30,-10,-30,-30,-30,6
4059,-30,-30,-30,-22,-30,-30,-11,-30,-30,-30,6
3719,30,-30,-30,-30,-30,-30,-30,-30,-30,-30,0
1437,-30,-30,-30,-30,30,-30,-30,-30,-30,-30,4
6649,-30,-30,-12,-30,-30,-30,-30,-30,-30,-30,2
4615,-30,-30,-30,-30,-30,-30,-30,-6,-30,-30,7
2491,-30,-30,-30,13,-30,-30,-30,-30,-30,-30,3
5358,-30,-30,-30,-30,-30,30,-30,-30,-30,-30,5
2417,-30,-30,-30,-30,-30,-30,-30,30,-30,-30,7
5067,-30,-30,-30,30,-30,-30,-30,-30,-30,-30,3
3669,-30,-30,-30,-30,-30,-30,-30,30,-30,-30,7
7375,-30,-30,-30,-30,-30,-30,-30,-30,30,-30,8
4744,-30,-30,-30,-30,-30,-30,30,-30,-30,-30,6
3732,-30,-30,-30,-30,-30,-30,-30,-30,-30,-30,0
6042,-30,-30,-30,-30,-30,-30,-19,-30,-30,-30,6
4434,-30,-30,21,-30,-27,-30,-30,-30,-30,-30,2
4301,-30,-30,-30,30,-30,-30,-30,-30,-30,-30,3
9278,-30,30,-30,-30,-30,-30,-30,-30,-30,-30,1
8376,30,-30,-30,-30,-30,-30,-30,-30,-30,-30,0
119,-30,-30,-30,-30,-30,-30,-30,13,-30,-30,7
771,-30,-30,-30,-30,-30,19,-30,-15,-30,-30,5
6726,-30,-30,-18,-30,-30,-30,6,-30,-30,-30,6
6373,-30,-30,-30,-30,-30,-30,30,-30,-30,-30,6
6487,-30,-30,-30,-30,15,-30,-19,-30,-30,-30,4
2388,-30,30,-30,-30,-30,-30,-30,-30,-30,-30,1
555,-30,30,-30,-30,-30,-30,-30,-30,-30,-30,1
7966,-30,-30,-30,-30,-6,-30,21,-30,-30,-30,6
6182,-30,-30,-30,-30,-30,16,-30,6,-30,-30,5
1632,-30,-30,30,-30,-30,-30,-29,-30,-30,-30,2
6543,-30,-30,-30,30,-30,-30,-30,-30,-30,-30,3
6290,-30,-30,-30,-30,-30,30,-30,-30,-30,-30,5
6242,-30,-30,-30,-30,-30,13,-30,-30,-30,-30,5
4876,30,-30,-30,-30,-30,-30,-30,-30,-30,-30,0
8469,-30,-30,-30,-30,-11,-30,30,-30,-30,-30,6
2861,-30,-30,-15,-30,-30,-30,-8,-30,-30,-30,6
4327,-30,-30,-30,-23,-26,-30,-30,-30,-30,-30,3
7126,-30,-30,-30,-30,-30,-30,-30,-30,30,-30,8
9093,-30,-30,-30,-30,-30,-30,-30,-30,-30,30,9
885,-30,-30,-30,-30,-30,-30,-30,-30,-30,30,9
2022,-30,-30,30,-30,-30,-30,1,-30,-30,-30,2
2830,30,-30,-30,-30,-30,-30,-30,-30,-30,-30,0
2260,-30,-30,-30,-30,-30,-30,-30,-30,-30,30,9
6318,-30,-30,-30,-30,-30,-30,-30,-30,30,-30,8
9855,-30,-30,-30,30,-30,-30,-30,-30,-30,-30,3
4013,-30,-30,-30,-30,-30,-1,-30,-30,-30,-30,5
3864,-30,-30,-30,30,-30,-30,-30,-30,-30,-30,3
4860,-30,30,-30,-30,-30,-30,-30,-30,-30,-30,1
7688,-30,-30,-30,-30,-18,-30,-30,-30,-30,-30,4
6132,-30,-30,-30,-30,-30,30,-30,-30,-30,-30,5
5587,30,-30,-30,-30,-30,-30,-30,-30,-30,-30,0
4778,-30,30,-30,-30,-30,-30,-30,-30,-30,-30,1
7838,-30,-30,-30,-30,-30,-30,-30,-30,30,-30,8
559,-30,-30,-30,-30,-30,-12,-30,-30,-30,-30,5
1621,-30,-30,-30,-30,-30,-30,-30,-30,30,-30,8
3907,-30,-30,-30,-30,-18,-30,-8,-30,-30,-30,6
9652,30,-30,-30,-30,-30,-30,-30,-30,-30,-30,0
9862,-30,-30,-30,-30,-30,-30,-30,30,-30,-30,7
4713,-30,-30,-30,-30,-30,-30,-30,-30,30,-30,8
3332,-30,-30,-30,-30,-30,-30,-30,-30,-30,30,9
8816,-30,-30,30,-30,-30,-30,-30,-30,-30,-30,2
3219,-30,-30,-30,-30,19,-30,-30,-30,-30,-30,4
3900,-30,-30,-30,-30,-30,-30,30,-30,-30,-30,6
1836,-30,-30,-30,30,-11,-30,-30,-30,-30,-30,3
5107,-30,-30,30,-30,-30,-30,-5,-30,-30,-30,2
330,-30,-30,30,-30,-30,-30,25,-30,-30,-30,2
1951,-30,-30,-30,-30,30,-30,-27,-30,-30,-30,4
2579,-30,-30,-30,-30,-30,-10,-30,-30,-30,-30,5
4571,-30,-30,-30,-30,-30,-30,-30,-30,-30,30,9
9657,-30,30,-30,-30,-30,-30,-30,-30,-30,-30,1
7736,-30,-30,-30,-30,-30,-30,-30,-30,-30,30,9
4544,-30,-30,-30,-30,-30,-30,-30,30,-30,-30,7
526,-30,-30,-30,-30,-10,-30,30,-30,-30,-30,6
7395,-30,-30,-30,-30,-30,-6,-30,-30,-30,-30,5
150,-30,-30,-30,-30,-30,-30,-9,-30,-21,-30,6
4083,-30,-30,-30,30,-30,-30,-30,-30,-30,-30,3
307,-30,-30,30,-30,-30,-30,-30,-30,-30,-30,2
1405,-30,-30,-30,-30,4,-30,30,-30,-30,-30,6
6276,-30,-30,-30,-30,-30,30,-30,-30,-30,-30,5
7702,-30,-30,-30,-30,-30,-30,30,-30,-30,-30,6
8396,-30,-30,-30,-30,-30,-30,-30,-30,-30,-30,0
5784,-30,-30,-30,-30,-30,3,-30,-30,-30,-30,5
2547,-30,-30,-30,-30,-30,-30,-30,-30,30,-30,8
6053,30,-30,-30,-30,-30,-30,-26,-30,-30,-30,0
855,-30,-30,3,-30,-30,-30,-11,-30,-30,-30,2
9466,-30,-30,-30,-30,5,-30,13,-30,-30,-30,6
7496,-30,-30,-30,-30,-30,-30,-30,-30,-30,30,9
6930,-30,-30,-30,-30,30,-30,27,-30,-30,-30,4
5738,-30,-30,-30,-30,-30,-30,-30,-23,-30,-30,7
5809,-30,-30,-30,-30,-30,-30,-30,-30,30,-30,8
970,-30,-30,-30,-30,-30,-30,-30,-30,-30,-30,0
3974,30,-30,-30,-30,-30,-30,-30,-30,-30,-30,0
6846,-30,-30,30,-30,-30,-30,-9,-30,-30,-30,2
2393,-30,-30,-30,-30,-30,-30,-30,5,-30,-30,7
9095,-30,-30,-30,-30,-30,-30,-30,30,-30,-30,7
5868,-30,-30,-30,-30,-30,-30,-30,-30,-30,-30,0
2623,-30,-30,-30,-30,-30,-30,-30,-30,-30,30,9
132,-30,-30,-30,-30,-30,-6,-30,-30,-30,-30,5
6127,-30,-30,-30,-30,-30,-30,-30,21,-30,-30,7
4431,-30,-30,-30,30,-30,-30,-30,-30,-30,-30,3
1090,-30,-30,-30,-30,-30,-30,-30,-30,30,-30,8
3811,-30,-30,-30,-30,-30,-30,-30,30,-30,-30,7
4179,-30,-30,-30,-30,-30,30,-30,-30,-30,-30,5
4974,-30,-30,-30,-30,-30,-30,-30,-30,-30,30,9
2030,-30,-30,-30,-30,-30,-30,-30,-30,-30,30,9
5490,-30,-30,-30,-30,-30,-30,-30,-30,30,-30,8
9377,-30,-30,30,-30,-30,-30,-30,-30,-30,-30,2
2548,-30,30,-30,-30,-30,-30,-30,-30,-30,-30,1
4170,-20,-30,-30,-30,-30,-30,-30,-30,-30,-30,0
4192,-30,-30,-30,-30,-30,-30,-30,-30,30,-30,8
4257,30,-30,-30,-30,-30,-30,8,-30,-30,-30,0
9366,-30,-30,16,-30,-30,-30,-26,-30,-30,-30,2
813,-30,-30,-30,-30,-30,-30,-5,-30,-30,-30,6
5093,-30,-30,-30,-30,-30,-30,-30,30,-30,-30,7
4355,-30,-30,-30,-30,-30,-30,-30,-30,-30,30,9
321,-30,-30,3,-30,-30,-30,-30,-30,-30,-30,2
9505,-30,-30,-13,-30,-30,-30,-30,-30,-30,-30,2
8076,-30,-30,-30,-30,-30,30,-30,-30,-30,-30,5
5690,-30,-30,-15,-30,17,-30,-30,-30,-30,-30,4
3284,-30,-30,-30,30,-30,-30,-30,-30,-30,-30,3
5558,-30,-30,-30,-30,30,-30,-30,-30,-30,-30,4
6130,-30,30,-30,-30,-30,-30,-30,-30,-30,-30,1
280,-30,30,-30,-30,-30,-30,-30,-30,-30,-30,1
2027,-30,-30,-30,-30,-30,-30,-30,-30,-30,30,9
3254,16,-30,-30,-30,-30,-30,-25,-30,-30,-30,0
5191,-30,-30,-30,-30,-30,30,-30,-30,-30,-30,5
3892,-30,-30,-30,-30,-30,30,-30,-30,-30,-30,5
3271,-30,-30,-30,-30,30,-30,-30,-30,-30,-30,4
4413,-30,-30,-30,-30,-30,-30,-30,-30,-30,-25,9
1023,-30,-30,-30,-30,-30,-30,-30,-30,30,-30,8
9792,-30,-30,-30,-30,-30,-30,-30,-30,-30,30,9
9739,-30,-30,-30,-30,-30,-30,-30,-30,-30,-30,0
5581,-30,-30,-30,-30,-30,19,-30,-30,-30,-30,5
5448,-30,-30,-30,-30,-30,-30,-30,-30,-30,-30,0
1011,30,-30,-30,-30,-30,-30,-30,-30,-30,-30,0
3635,16,-30,-30,-30,-30,-30,-2,-30,-30,-30,0
777,-30,-30,-30,-30,-30,-6,-30,-30,-30,-30,5
8037,-30,-30,-30,-30,-30,-30,-30,16,-30,-30,7
4325,-30,-30,-30,-30,-30,-30,-30,-30,30,-30,8
7882,-30,-30,-30,-30,30,-30,-30,-30,-30,-30,4
8700,-30,-30,-30,-30,-30,-30,-30,-30,30,-30,8
9993,-30,-30,-30,-30,-30,-30,-30,-30,30,-30,8
8054,-30,-30,-30,-30,-30,-30,-30,-18,-30,-30,7
4872,-30,-30,-30,-30,-30,-30,30,-30,-30,-30,6
5052,-30,-30,-30,-30,-30,-30,-30,-30,-30,17,9
7331,-30,-30,-30,30,-30,-30,-30,-30,-30,-30,3
3113,-30,-30,-30,-30,-30,-30,-30,-30,-30,30,9
1929,-30,-30,-30,-30,-30,-30,30,-30,-30,-30,6
9239,-30,-30,-30,-30,-30,-30,-30,-30,-30,30,9
7957,-30,-30,-30,-30,-30,-30,-30,30,-30,-30,7
9025,-30,-30,-30,30,-30,-30,-30,-30,-30,-30,3
9315,-30,-30,-30,-30,-30,-30,-30,-30,-30,30,9
4337,-30,-30,-30,-30,-30,-30,-30,-30,-30,27,9
4401,-30,-30,-30,30,-30,-30,-30,-30,-30,-30,3
8135,-30,-30,-30,-30,-30,-30,-30,-30,-30,-30,0
4762,2,-30,-30,-30,-30,-30,-30,-30,-30,-30,0
6092,-30,-30,-30,-30,-30,-30,-30,-30,-28,-30,8
7654,-30,-30,-30,-30,-30,-30,-30,-30,30,-30,8
7583,-30,-30,-30,-30,-30,-30,-30,-30,-30,30,9
9087,-30,-30,-30,-30,-30,-30,-30,-30,-30,30,9
484,-30,-30,-30,-30,-30,-30,-30,-30,-30,-30,0
4856,30,-30,-30,-30,-30,-30,-30,-30,-30,-30,0
5944,-30,-30,-30,-30,-30,-30,-30,-30,-30,-30,0
9132,-30,-30,-30,-30,30,-30,-30,-30,-30,-30,4
6048,-30,30,-30,-30,-30,-30,-30,-30,-30,-30,1
6762,30,-30,-30,-30,-30,-30,-30,-30,-30,-30,0
8617,-30,-30,-30,30,-30,-30,-30,-30,-30,-30,3
7611,-30,-30,-30,-30,-30,-30,-30,-30,30,-30,8
1639,-30,-30,-30,-30,-10,-30,0,-30,-30,-30,6
4541,-30,-30,-30,-30,-30,-30,-30,-30,30,-30,8
4309,-30,-30,-4,-30,-30,-30,-28,-30,-30,-30,2
7624,-30,-30,-30,-30,10,-30,-30,-30,-30,-30,4
7004,-30,-30,-17,-30,-30,-30,-23,-30,-30,-30,2
6743,-30,-30,-30,30,-30,-30,-30,-30,-30,-30,3
9259,-30,-30,-30,-30,-30,28,-30,-30,-30,-30,5
5914,-30,-30,-30,-30,-30,-30,-30,-29,-30,-13,9
9016,-30,-30,-30,-30,-30,-30,-30,30,-30,-30,7
8002,-30,-30,-30,-30,-30,-30,-30,-30,30,-30,8
6026,-30,-30,-30,-30,-30,30,-30,-30,-30,-30,5
7163,-30,-30,-30,-30,-30,-30,4,-30,-30,-30,6
1916,-30,-30,-30,30,-30,-30,-30,-30,-30,-30,3
3843,-30,-30,30,-30,-30,-30,3,-30,-30,-30,2
216,-30,30,-30,-30,-30,-30,-30,-30,-30,-30,1
5302,-30,-30,-30,-30,-30,-30,-23,-30,30,-30,8
7082,-30,-30,-30,30,-30,-30,-30,-30,-30,-30,3
1719,-30,-30,-30,-30,-30,-30,-30,-30,-3,-30,8
562,-30,-30,-30,-30,-30,-27,-30,28,-30,-30,7
1209,-30,-30,-30,-30,-16,-30,-30,-30,-30,-30,4
1542,-30,-30,-27,-30,-30,-30,30,-30,-30,-30,6
7715,-30,-30,-30,-3,-30,-30,-30,-30,-30,-30,3
1109,30,-30,-30,-30,-30,-30,-30,-30,-30,-30,0
9538,-30,-30,-30,-30,-30,-30,-30,-30,30,-30,8
1993,-30,-30,-30,30,-30,-30,-30,-30,-30,-30,3
4335,-30,-30,-30,9,-30,-30,-30,-30,-30,-30,3
7323,-30,-30,-30,-30,-12,-30,30,-30,-30,-30,6
7273,-30,-30,-30,-30,-30,-30,-30,-30,-30,30,9
8881,30,-30,-30,-30,-30,-30,-30,-30,-30,-30,0
5875,-30,-30,-30,-30,-30,-30,-30,-30,-30,30,9
6660,-30,-30,-30,-30,-30,-30,-30,-30,-30,30,9
6780,30,-30,-30,-30,-30,-30,-30,-30,-30,-30,0
5959,-30,30,-30,-30,-30,-30,-30,-30,-30,-30,1
9065,-30,-30,-30,-30,-30,-30,-30,-30,30,-30,8
5009,-30,-14,-30,15,-30,-30,-30,-30,-30,-30,3
4501,15,-30,-30,-30,-30,-30,-8,-30,-30,-30,0
8862,-30,-30,-30,30,-30,-30,-30,-30,-30,-30,3
7686,-30,-30,-30,-30,-30,-30,-30,-30,30,-30,8
8401,-30,-30,-30,-30,-4,-30,21,-30,-30,-30,6
403,-30,-30,-30,-30,-30,-30,-30,-30,30,-30,8
3159,-30,-30,-30,-30,-30,30,-30,-30,-30,-30,5
3468,-30,30,-30,-30,-30,-30,-30,-30,-30,-30,1
4885,-30,-30,-30,30,-30,-30,-30,-30,-30,-30,3
6711,-30,-30,-30,-30,-30,-30,-30,-30,-30,-30,0
7168,-30,30,-30,-30,-30,-30,-30,-30,-30,-30,1
6776,-30,-30,-30,-30,-30,-30,-30,-30,-30,30,9
4294,-30,-2,-30,19,-30,-30,-30,-30,-30,-30,3
3447,-30,-30,-30,-30,-30,-30,-30,-30,-30,-30,0
7159,30,-30,-30,-30,-30,-30,-30,-30,-30,-30,0
4006,-30,-30,-30,-30,-16,-30,8,-30,-30,-30,6
9889,-30,-30,-30,-30,30,-30,30,-30,-30,-30,4
7157,-16,-30,-30,-30,-30,-30,-22,-30,-30,-30,0
2479,-30,30,-30,-30,-30,-30,-30,-30,-30,-30,1
7242,-30,-30,-30,-30,-30,30,-30,-30,-30,-30,5
3951,-30,-30,-30,30,-30,-30,-30,-30,-30,-30,3
4293,-30,-30,6,-30,-30,-30,-8,-30,-30,-30,2
467,-30,-30,-30,-30,-30,-30,-24,-30,30,-30,8
1469,-30,-30,-30,-30,-30,30,-30,-30,-30,-30,5
3314,-30,-30,-30,-30,-30,-22,-30,30,-30,-30,7
9123,-30,-30,-30,-30,-30,-30,-30,-30,30,-30,8
2195,30,-30,-30,-30,-30,-30,-30,-30,-30,-30,0
7458,-30,30,-30,-30,-30,-30,-30,-30,-30,-30,1
9616,-30,-30,-30,-30,-30,-30,-5,-30,-30,-30,6
5089,6,-30,-30,-30,-30,-30,0,-30,-30,-30,0
2802,-30,-30,-17,-30,-30,-30,30,-30,-30,-30,6
8980,-30,-30,30,-30,-30,-30,-25,-30,-30,-30,2
6829,-30,-30,-30,-30,-30,28,-30,13,-30,-30,5
1073,-30,-30,-30,-30,-30,-30,-30,-30,-30,30,9
6057,-30,-30,-30,-30,-30,-30,-30,-30,-30,-30,0
5233,-30,-30,-30,-30,-30,-30,-30,30,-30,-30,7
1810,-30,-30,12,-30,-22,-30,-25,-30,-30,-30,2
744,-30,-30,-30,30,-30,-30,-30,-30,-30,-30,3
8756,-30,-30,-30,-30,-30,-30,-15,-30,-30,-30,6
6195,-30,-30,-30,-30,30,-30,-11,-30,-30,-30,4
5702,-30,-30,-30,-30,19,-30,30,-30,-30,-30,6
6789,-30,-30,-30,30,-30,-30,-30,-30,-30,-30,3
415,-30,-30,-30,13,-30,-30,-30,-30,-30,-30,3
9922,-30,-30,-30,-30,-30,-30,-30,-30,-30,30,9
8580,-30,-30,-30,-30,30,-30,-30,-30,-17,-30,4
9490,-30,-30,-30,-30,-30,-30,-30,-30,-30,30,9
5394,30,-30,-30,-30,-30,-30,-30,-30,-30,-30,0
8571,-30,-30,-30,-30,-30,-30,-30,-30,30,-30,8
4128,-30,-30,-30,-30,-30,-30,-21,-30,-30,-30,6
6128,-30,-30,-30,-30,-30,-30,-30,-30,-30,-13,9
2241,-30,-30,-30,-30,-30,-30,30,-30,-30,-30,6
3242,-30,-30,-28,-30,-30,-30,-30,-30,-30,-30,2
8991,30,-30,-30,-30,-30,-30,-30,-30,-30,-30,0
5838,-30,30,-30,-30,-30,-30,-30,-30,-30,-30,1
2647,-30,-30,-30,-25,-30,-30,-30,-30,-30,-30,3
335,-30,-30,-30,-30,-30,-30,-30,-30,-30,30,9
2492,-30,-30,-30,-30,13,-30,-30,-30,-30,-30,4
9393,-30,-30,30,-30,-30,-30,-18,-30,-30,-30,2
9131,-30,-30,-30,-30,-30,30,-30,-30,-30,-30,5
9912,-30,-30,-30,-30,-30,-30,-30,-30,-30,-30,0
6207,-30,-30,-30,-30,-30,-11,-30,-30,-30,-30,5
4950,-30,-30,-30,30,-30,-30,-30,-30,-30,-30,3
1722,-30,-30,-30,-30,-30,-30,-14,-30,-30,-30,6
58,-30,-30,-30,-30,-30,30,-30,-30,-30,-30,5
5891,24,-30,-30,-30,-30,-30,-16,-30,-30,-30,0
7143,30,-30,-30,-30,-30,-30,-30,-30,-30,-30,0
4353,-30,-30,-30,-30,-30,-30,-30,-30,-30,-30,0
782,30,-30,-30,-30,-30,-30,-30,-30,-30,-30,0
8464,-27,-30,-30,-30,-30,-30,2,-30,-30,-30,6
347,-30,-30,-30,-30,-30,-30,-30,-30,-30,30,9
8020,-30,30,-30,-30,-30,-30,-30,-30,-30,-30,1
1424,-30,-30,-30,30,-30,-30,-30,-30,-30,-30,3
5304,-30,-30,-30,30,-30,-30,-30,-30,-30,-30,3
4339,-30,-30,-30,-30,-30,-30,-22,-30,-30,-30,6
5764,-30,-30,-30,-30,-30,30,-30,-30,-30,-30,5
6659,-30,-30,-30,-30,-30,-3,-30,-30,-30,-30,5
856,-30,-30,-30,-30,-30,-30,-19,-30,-30,-30,6
8306,-30,-30,-30,-30,-30,-30,14,-30,-30,-30,6
5016,-30,30,-30,-30,-30,-30,-30,-30,-30,-30,1
6103,-30,-30,-30,-30,30,-30,-10,-30,-30,-30,4
2801,-30,-30,-30,-30,-30,-30,-30,-30,-30,30,9
7983,-30,-30,-30,-30,-30,-30,-30,-14,-30,-30,7
3970,-30,-30,-30,-30,30,-30,-30,-30,-30,-30,4
1359,-30,-30,-27,-30,2,-30,-4,-30,-30,-30,4
3742,-30,-30,-30,-30,-30,-27,-30,-25,-30,-25,7
336,-30,-30,-30,-30,-30,-3,-30,-30,-30,-30,5
2461,-30,-30,-30,-30,-30,-30,-30,-30,-30,-30,0
8809,-30,30,-30,-30,-30,-30,-30,-30,-30,-30,1
8524,-30,-30,-30,-30,-25,-30,-30,-30,-7,-30,8
9864,-30,-30,-30,-30,-30,-30,-30,-30,30,-30,8
9035,-30,-30,-30,-30,-30,-30,-30,30,-30,-30,7
693,-30,-30,-30,-30,-30,-30,-30,-30,-30,30,9
1724,-30,-30,-30,-30,-30,-30,-30,-11,-30,-30,7
586,-30,-30,-30,-30,-30,-30,-30,-4,-30,-30,7
3463,30,-30,-30,-30,-30,-30,-30,-30,-30,-30,0
2788,-30,-30,30,-30,-30,-30,2,-30,-30,-30,2
3821,-30,-30,-30,-30,-30,-30,-30,-30,-30,30,9
6300,-30,-30,-30,-30,30,-30,-30,-30,-30,-30,4
2927,-30,-30,-30,-30,-30,6,-30,-30,-30,-30,5
836,30,-30,-30,-30,-30,-30,-20,-30,-30,-30,0
4625,-30,-30,-30,-30,-30,-30,-30,30,-30,-30,7
5281,-30,-30,-30,-30,-30,-30,-30,-30,28,-30,8
8048,-30,-30,7,-30,-30,-30,-15,-30,-30,-30,2
7022,-30,-30,-30,-30,-30,30,-30,-30,-30,-30,5
6277,-30,-30,25,-30,-30,-30,-18,-30,-30,-30,2
8044,-30,-30,-30,-30,-30,-29,-30,-30,-30,-20,9
7035,-30,-30,-30,28,-30,-30,-30,-30,-30,-30,3
6854,-30,-30,-30,30,-30,-30,-30,-30,-30,-30,3
5605,-30,-30,1,-30,-30,-30,30,-30,-30,-30,6
4135,-30,-30,-30,-30,-30,21,-30,-30,-30,-30,5
8891,-30,-30,-30,-30,-30,-30,-30,-30,-30,30,9
2663,-30,-30,14,-30,-30,-30,9,-30,-30,-30,2
4049,-30,-30,-30,-30,-30,30,-30,-30,-30,-30,5
9286,-30,-30,-30,-30,-30,-22,-30,30,-30,-30,7
7482,-30,-30,-30,-30,-30,-30,-30,30,-30,-30,7
7897,-30,-30,-30,21,-30,-30,-30,-30,-30,-30,3
6680,-30,-30,-30,-30,-30,-30,-30,-30,30,-30,8
1192,-30,-30,-30,30,-30,-30,-30,-30,-30,-30,3
1941,-30,-30,-30,-30,-30,-30,-30,-30,-30,-25,9
52,-30,-30,-30,-30,-30,-30,-11,-30,-30,-30,6
9316,-30,-30,-30,-30,-30,-4,-30,-6,-30,-30,5
6401,-30,-30,-30,30,-30,-30,-30,-30,-30,-30,3
9838,-5,-30,-30,-30,-30,-30,-30,-30,-30,-30,0
9227,-30,-30,-30,-30,-30,-30,-30,30,-30,-30,7
8575,13,-30,-30,-30,-30,-30,-19,-30,-30,-30,0
466,-30,-30,-30,-30,-30,-30,-30,-30,-30,30,9
2177,-30,-30,-30,-30,-30,30,-30,-30,-30,-30,5
892,-30,19,-30,-28,-30,-30,-30,-30,-30,-30,1
3813,-30,-30,-30,30,-30,-30,-30,-30,-30,-30,3
6539,-30,-30,-26,-30,-30,-30,-1,-30,-30,-30,6
2680,-30,-30,-30,-30,-30,-30,-30,-30,-30,30,9
103,-30,-30,-30,30,-30,-30,-30,-30,-30,-30,3
6116,-30,-30,-30,-30,30,-30,30,-30,-30,-30,4
5519,-30,-30,-8,-30,-30,-30,30,-30,-30,-30,6
8476,-30,-30,-30,-30,-30,30,-30,-30,-30,-30,5
4622,-30,-30,-30,30,-30,-30,-30,-30,-30,-30,3
3306,-30,-30,-30,-30,-17,-30,-30,-30,-30,-30,4
1219,-30,-30,-30,-30,-30,-30,-30,-30,-30,30,9
4805,-30,-30,-30,-30,-30,-30,-30,-30,-30,30,9
4303,-30,30,-30,-30,-30,-30,-30,-30,-30,-30,1
4799,-30,-30,28,-30,-30,-30,-25,-30,-30,-30,2
6955,-30,-30,15,-30,-30,-30,-27,-30,-30,-30,2
2149,-30,-30,30,-30,-30,-30,-30,-30,-30,-30,2
1610,-30,-30,-30,-30,-28,-30,-10,-30,-30,-30,6
5207,-30,-30,-30,-16,-30,-30,-30,-30,-30,-30,3
6404,-30,-30,-30,-30,-30,-30,-30,-30,30,-30,8
313,-30,-30,-30,-30,-30,-30,-30,30,-30,-30,7
9161,-30,-30,-30,-30,-30,-30,-30,-30,-30,30,9
5749,-30,-30,-30,-30,-30,-30,-30,-30,-30,30,9
234,-30,-30,-30,4,30,-30,-30,-30,-30,-30,4
4757,-30,-30,-30,-30,-30,-30,-30,-30,19,-30,8
2797,-30,-30,-30,-30,-30,-30,-30,-30,30,-30,8
5665,-30,-30,-30,-30,-30,-30,-30,-30,-30,30,9
152,30,-30,-30,-30,-30,-30,-30,-30,-30,-30,0
1005,-30,-30,-30,-30,-30,-30,-30,30,-30,-30,7
6491,8,-30,-30,-30,-30,-30,-19,-30,-30,-30,0
5204,-30,-30,-30,-30,-26,-30,-30,-30,-30,-30,4
8266,-30,-30,-30,-30,-30,-30,12,-30,-30,-30,6
9031,-30,-30,-30,-30,-30,-30,-30,-30,30,-30,8
4245,-30,-30,-30,-30,-30,-30,-30,-30,30,-30,8
4523,-30,-30,-30,-30,30,-30,-30,-30,-30,-30,4
2112,-30,-30,19,-30,-30,-30,30,-30,-30,-30,6
8552,-13,-30,-30,-30,-30,-30,-30,-30,-30,-30,0
1959,-30,30,-30,-30,-30,-30,-30,-30,-30,-30,1
9640,-30,-30,-13,-30,30,-30,-30,-30,-30,-30,4
4035,-17,-30,-30,-30,-30,-30,-20,-30,-30,-30,0
1414,-30,-30,30,-30,-30,-30,0,-30,-30,-30,2
3863,-30,30,-30,-30,-30,-30,-30,-30,-30,-30,1
2333,-30,-30,-30,-30,-30,10,-30,-30,-30,-30,5
7008,-30,-30,-30,-30,30,-30,-30,-30,-30,-30,4
1407,-30,-30,-6,-30,-30,-30,30,-30,-30,-30,6
6388,-30,-30,-30,-30,-30,-30,5,-30,-30,-30,6
131,-16,-30,-30,-30,-30,-30,-30,-30,-30,-30,0
4476,-30,-30,-30,30,-30,-30,-30,-30,-30,-30,3
6787,-30,-30,-30,-30,30,-30,-30,-30,-30,-30,4
609,-30,-30,-30,-30,-30,30,-30,-30,-30,-30,5
6223,-30,-30,-30,-30,-30,-30,30,-30,-30,-30,6
6872,-30,-30,-30,-30,-30,-30,-30,-30,23,-30,8
6121,-30,-30,-30,-30,-30,-9,-30,-3,-30,-30,7
3926,-30,-30,-13,-30,-30,-30,30,-30,-30,-30,6
5437,-30,-30,-30,-30,-30,-30,21,-30,-30,-30,6
3142,-30,-30,-30,30,-30,-30,-30,-30,-30,-30,3
4941,-30,30,-30,-30,-30,-30,-30,-30,-30,-30,1
2430,-30,-30,-30,-30,-30,-30,-30,-30,30,-30,8
6745,-30,-30,-30,-30,18,-30,13,-30,-30,-30,4
849,-30,-30,-30,-30,-30,-30,-30,-30,30,-30,8
4205,-30,-30,-30,-30,-30,-30,-30,-30,-30,30,9
1257,-30,-30,-30,-30,-30,-30,-30,-20,-30,11,9
3088,-30,-30,-30,-30,-30,30,-30,-30,-30,-30,5
1814,-30,-30,-30,-30,-30,30,-30,-30,-30,-30,5
478,-30,-30,-30,-30,-30,-30,-30,-30,30,-30,8
8677,-30,-30,13,-30,-30,-30,-13,-30,-30,-30,2
1121,-30,-30,-30,-30,-30,-22,-30,-30,-30,-20,9
684,-30,-30,-30,-1,-30,-30,-30,-30,-30,-30,3
928,-30,-30,-30,-30,30,-30,-10,-30,-30,-30,4
2252,-30,-30,-30,-30,-30,-30,-30,-30,-30,-30,0
6999,-30,-30,-30,-30,-30,30,-30,-30,-30,-30,5
4684,-30,-30,6,-30,-30,-30,17,-30,-30,-30,6
3521,-30,-30,-30,-30,-30,-30,-30,-30,-30,30,9
3704,-30,-30,30,-30,-30,-30,-20,-30,-30,-30,2
896,-30,-30,-30,-30,-30,-26,-30,30,-30,-30,7
4526,-30,30,-30,-30,-30,-30,-30,-30,-30,-30,1
6666,30,-30,-30,-30,-30,-30,-8,-30,-30,-30,0
9218,-30,-30,-30,-30,-30,-30,-8,-30,-30,-30,6
6474,-30,-30,-30,-30,30,-30,-30,-30,-30,-30,4
3386,-30,-30,-30,-30,-30,-30,30,-30,-30,-30,6
346,-30,-30,-30,-30,-30,-30,-30,-30,-30,30,9
3168,-30,-30,-30,-30,-30,-30,-30,-30,30,-30,8
8349,-30,-30,-30,-30,-30,-30,-30,-30,-30,-30,0
350,-30,-30,-30,-30,-30,-30,-25,-30,-30,-30,6
8101,-30,-30,-30,-30,-30,-30,-30,-30,-30,30,9
2059,-30,30,-30,-30,-30,-30,-30,-30,-30,-30,1
7000,-30,-30,-30,-30,-30,-30,-30,-30,-30,30,9
6036,-30,-30,-20,-30,30,-30,-30,-30,-30,-30,4
9419,-30,-30,-30,-30,-30,-6,-30,-9,-30,-30,5
2716,-30,-30,-30,25,-30,-30,-30,-30,-30,-30,3
8949,-30,-30,-30,-30,-30,30,-30,-30,-30,-30,5
9791,-30,-30,-26,-30,-4,-30,-30,-30,-30,-30,4
4368,-30,-30,-30,30,-30,-30,-30,-30,-30,-30,3
752,-30,-30,-30,-30,30,-30,-30,-30,-30,-30,4
5994,-30,-30,30,-30,-30,-30,-5,-30,-30,-30,2
1964,-30,30,-30,-30,-30,-30,-30,-30,-30,-30,1
2336,27,-30,-30,-30,-30,-30,-7,-30,-30,-30,0
7219,-30,-30,-24,-30,-30,-30,30,-30,-30,-30,6
1825,-30,-30,-30,-30,-15,-30,-29,-30,-30,-30,4
3348,-30,-30,-30,4,-30,-30,-30,-30,-30,-30,3
2061,-30,-30,-30,-30,-30,-30,-30,30,-30,-30,7
9067,-30,-30,-30,-30,-30,-30,-27,-30,30,-30,8
8388,-30,-30,-30,-30,30,-30,-30,-30,-30,-30,4
7275,-30,-30,-30,-30,-30,30,-30,-30,-30,-30,5
8331,-30,-30,-30,-30,-30,-11,-30,-30,-30,-30,5
8616,-30,-30,-30,-30,-30,-21,-30,-30,-30,30,9
6830,30,-30,-30,-30,-30,-30,-30,-30,-30,-30,0
4209,-30,-30,-30,-30,30,-30,-30,-30,-30,-30,4
143,-30,-30,-30,30,-30,-30,-30,-30,-30,-30,3
7772,-30,-30,-30,-30,30,-30,-8,-30,-30,-30,4
9231,-30,-30,-30,-30,-30,30,-30,-30,-30,-30,5
2402,-30,-30,-30,-30,-30,30,-30,-30,-30,-30,5
233,-30,-30,-30,-30,-30,-30,-30,-30,-30,-30,0
5478,-30,-30,-30,-30,-30,-30,-30,30,-30,-30,7
7174,-30,-30,-30,-30,-30,-30,-6,-30,-30,-30,6
489,-30,30,-30,-30,-30,-30,-30,-30,-30,-30,1
5106,-30,-30,-30,30,-30,-30,-30,-30,-30,-30,3
2238,-30,-30,-30,26,-30,-30,-30,-30,-30,-30,3
5078,-30,-30,-30,-30,-30,-30,-30,30,-30,-30,7
4535,30,-30,-30,-30,-30,-30,-6,-30,-30,-30,0
5053,-30,-30,-30,-30,-30,30,-30,-30,-30,-30,5
6898,-30,-30,-30,-30,-30,-30,-30,30,-30,-30,7
1408,-18,-30,-30,-30,-30,-30,-28,-30,-30,-30,0
2606,-30,-30,-30,-30,-30,-30,-30,-30,30,-30,8
3424,-30,-30,-30,30,-30,-30,-30,-30,-30,-30,3
8961,-30,-30,-30,-30,-30,30,-30,-30,-30,-30,5
3734,-30,-30,-30,-30,-30,30,-30,-30,-30,-30,5
3415,-30,-30,-30,-30,-30,-30,-30,-30,30,-30,8
9710,-30,30,-30,-30,-30,-30,-30,-30,-30,-30,1
5257,-30,-30,-30,-30,-30,-30,-30,-30,-30,30,9
6542,-30,-30,-30,-30,30,-30,-23,-30,-30,-30,4
1270,24,-30,-30,-30,-30,-30,-17,-30,-30,-30,0
377,-30,-30,-30,-30,30,-30,-30,-30,-30,-30,4
3270,-30,-30,13,-30,-30,-30,-11,-30,-30,-30,2
5530,-30,30,-30,-30,-30,-30,-30,-30,-30,-30,1
248,-30,-30,-30,-30,-30,-30,30,-30,-30,-30,6
2100,-30,-30,-30,-30,-30,-30,-30,-30,-30,-30,0
7184,-30,30,-30,-30,-30,-30,-30,-30,-30,-30,1
9787,-30,-30,30,-30,-30,-30,-16,-30,-30,-30,2
221,-30,-30,-30,-30,-30,-30,-30,-30,-30,30,9
9211,30,-30,-30,-30,-30,-30,-30,-30,-30,-30,0
7779,-30,-30,-30,-30,-30,-30,-30,-30,27,-30,8
4286,-30,30,-30,-30,-30,-30,-30,-30,-30,-30,1
5285,-30,30,-30,-30,-30,-30,-30,-30,-30,-30,1
7109,-30,-30,-30,-30,-30,-30,-30,30,-30,-30,7
7420,-30,-30,-30,-30,-30,-30,-30,-30,30,-30,8
5880,-30,-30,18,-30,-24,-30,2,-30,-30,-30,2
2693,-30,-30,-30,-30,-30,30,-30,-30,-30,-30,5
6977,-30,-30,-30,-30,-30,-30,-30,-30,-30,30,9
2605,30,-30,-30,-30,-30,-30,-30,-30,-30,-30,0
2202,-30,-30,-30,-30,-30,-30,-30,-30,30,-30,8
3440,-9,-30,-30,4,-30,-30,-30,-30,-30,-30,3
1705,-30,-30,-30,-30,-10,-30,-30,-30,-30,-30,4
5313,-30,-30,-30,-30,30,-30,-30,-30,-30,-30,4
8133,-30,-30,12,-30,-30,-30,-30,-30,-30,-30,2
716,-30,-30,-30,-30,-30,-30,-30,30,-30,-30,7
9402,30,-30,-30,-30,-30,-30,-30,-30,-30,-30,0
7262,-30,-30,-30,-30,-30,-23,-30,-16,-30,-30,7
7673,-30,-22,-30,-14,-30,-30,-30,-30,-30,-30,3
6953,-30,-30,-30,1,-30,-30,-30,-30,2,-30,8
6901,-30,-30,30,-30,-30,-30,-23,-30,-30,-30,2
6599,-30,-30,-30,-27,-30,-30,-30,-30,-30,-30,3
3193,-30,-30,-30,-30,-30,-30,-30,30,-30,-30,7
3431,-30,30,-30,-30,-30,-30,-30,-30,-30,-30,1
8090,-30,-30,-30,-30,-30,-30,-16,-30,-30,-30,6
2591,-30,-30,30,-30,-30,-30,-30,-30,-30,-30,2
3925,-30,-30,-30,30,-30,-30,-30,-30,-30,-30,3
3230,-30,-30,-30,-25,-30,-30,-30,-30,-30,-30,3
7029,30,-30,-30,-30,-30,-30,-30,-30,-30,-30,0
7135,30,-30,-30,-30,-30,-30,-28,-30,-30,-30,0
517,-30,-30,-6,-30,-30,-30,-16,-30,-30,-30,2
8906,-30,-30,-30,-30,30,-30,29,-30,-30,-30,4
9650,-30,-30,-30,-30,-30,-30,-30,-30,30,-30,8
9959,-30,-30,-30,-30,-30,-30,-30,30,-30,-30,7
8595,20,-30,-30,-30,-30,-30,-18,-30,-30,-30,0
4845,-30,-30,-30,30,-30,-30,-30,-30,-30,-30,3
3563,-30,-30,-30,-30,-30,-30,7,-30,-30,-30,6
1232,-30,-30,-30,-4,-30,-30,-30,-30,-30,-30,3
4737,-30,-30,-30,-30,-30,-30,-30,-8,-30,-30,7
6969,-30,-30,-30,30,-30,-30,-30,-30,-30,-30,3
4150,-30,-30,-30,-30,-30,-30,-30,-30,-30,-30,0
823,-30,-30,-30,-30,-30,-30,30,-30,-30,-30,6
6364,-4,-30,-30,-30,-30,-30,-15,-30,-30,-30,0
812,-30,-30,30,-30,-30,-30,-3,-30,-30,-30,2
1316,-30,-30,-30,-30,22,-30,-17,-30,-30,-30,4
8716,-30,-30,-30,-30,-30,-30,14,-30,-30,-30,6
4285,-30,30,-30,-30,-30,-30,-30,-30,-30,-30,1
7620,-30,-30,-30,-30,-30,-30,-30,-30,30,-30,8
4961,-30,-15,-30,-30,-30,-30,-30,-30,-30,-30,1
2903,-30,-30,-30,-30,-30,-30,-30,-30,-30,30,9
9431,-30,26,-30,-30,-30,-30,-30,-30,-30,-30,1
9858,-30,-30,2,-30,-30,-30,-30,-30,-28,-30,2
6527,-30,-30,17,-30,-30,-30,1,-30,-30,-30,2
7860,-30,-30,-30,-30,30,-30,30,-30,-30,-30,4
5817,-30,-30,23,-30,-30,-30,-9,-30,-30,-30,2
9172,-30,-30,-30,-30,-30,-30,-30,-30,-30,-30,0
1181,-30,-30,-30,30,-30,-30,-30,-30,-30,-30,3
7283,-30,-30,-30,30,-30,-30,-30,-30,-30,-30,3
5992,-30,-30,-30,-30,-30,30,-30,-30,-30,-30,5
3378,-30,-30,-30,30,-30,-30,-30,-30,-30,-30,3
5059,-30,-30,-30,-30,-30,-29,-30,-30,-30,-25,9
6175,-30,-30,-30,-30,-30,-30,-30,-30,30,-30,8
4830,-30,-30,-30,30,-30,-30,-30,-30,-30,-30,3
1290,-30,-30,-30,-30,-30,-30,-30,-30,-30,30,9
927,-30,-30,-30,-30,-30,-30,-30,30,-30,-30,7
7639,-30,-30,-30,30,-30,-30,-30,-30,-30,-30,3
5777,30,-30,-30,-30,-30,-30,-30,-30,-30,-30,0
685,-30,-30,-30,-30,-30,-30,-30,-30,-30,-30,0
4832,-30,30,-30,-30,-30,-30,-30,-30,-30,-30,1
4112,30,-30,-30,-30,-30,-30,-30,-30,-30,-30,0
7817,-30,30,-30,-30,-30,-30,-30,-30,-30,-30,1
3204,23,-30,-30,-30,-30,-30,-7,-30,-30,-30,0
9201,-30,-30,-30,-30,-30,-30,-30,-4,-30,-30,7
5942,-30,-30,-30,-30,-30,-30,-30,30,-30,-30,7
1831,-30,-30,-30,-30,-30,-30,30,-30,-30,-30,6
2977,-30,-30,-30,-30,-30,-30,-30,-30,30,-30,8
8782,-30,-30,-30,-30,-30,-30,-30,-30,-30,30,9
8409,-30,-30,-30,-30,-30,-30,8,-30,-30,-30,6
8427,-30,30,-30,-30,-30,-30,-30,-30,-30,-30,1
778,-30,-30,-30,-30,-30,30,-30,-30,-30,-30,5
166,-30,-30,-30,-30,9,-30,-30,-30,-30,-30,4
7180,-30,-30,-30,-30,-30,-30,-30,-30,-30,30,9
2559,-30,-30,-30,-30,-7,-30,-30,-30,-30,-30,4
8879,-30,-30,-30,-30,-30,-30,-30,30,-30,-30,7
939,-30,-30,-30,-30,-30,-30,-30,-30,-30,30,9
4410,-30,-30,-30,-30,-30,-30,-30,-30,-30,30,9
4113,-30,-30,-30,-30,-30,-30,-30,-30,-30,-2,9
5547,-30,-30,-30,-30,-30,-30,-30,-30,-30,-30,0
8706,-30,30,-30,-30,-30,-30,-30,-30,-30,-30,1
9173,30,-30,-30,-30,-30,-30,-30,-30,-30,-30,0
6040,-30,-30,-30,-30,-30,-30,-30,-30,-30,30,9
6073,-30,-30,-30,-30,-30,-30,-30,-30,-30,30,9
5941,-30,-30,-30,-30,-30,30,-30,-30,-30,-30,5
5685,-30,30,-30,-30,-30,-30,-30,-30,-30,-30,1
7380,-30,-30,-30,-30,-30,-30,-30,30,-30,-30,7
4798,-30,-30,30,-30,-30,-30,-30,-30,-30,-30,2
6160,-30,-30,-30,-30,-30,-30,-30,-30,-30,9,9
6828,-30,-30,-30,28,-30,-30,-30,-30,-30,-30,3
5800,-30,-30,-30,-30,-30,30,-30,-30,-30,-30,5
9756,-30,-30,-30,-30,-30,-30,30,-30,-30,-30,6
940,-30,-30,-30,-30,-30,-30,-30,-30,30,-30,8
1552,-30,30,-30,-30,-30,-30,-30,-30,-30,-30,1
7408,-30,-30,-30,-30,-30,-11,-30,30,-30,-30,7
2141,-30,-30,-30,-2,-30,-30,-30,-30,-30,-30,3
7907,-30,-30,-30,30,-30,-30,-30,-30,-30,-30,3
9499,-30,-30,-30,-30,-30,-30,-30,-30,30,-30,8
865,-30,-30,-14,-30,-30,-30,11,-30,-30,-30,6
2306,-30,-30,-30,-30,-30,-30,-30,30,-30,-30,7
6016,-30,-30,-30,-30,-30,-30,-12,-30,-13,-30,6
110,-30,-30,-30,-30,-30,-30,-30,-30,30,-30,8
4505,-30,-30,-30,-30,-30,-30,-30,-30,-30,30,9
566,-30,-30,-30,-30,-30,-30,-22,-30,30,-30,8
4051,-30,-30,-30,-30,-30,-30,-30,-30,30,-30,8
3812,-30,-30,-30,-30,0,-30,-27,-30,-30,-30,4
5467,-30,-30,-30,-30,-30,22,-30,-30,-30,-30,5
6422,-30,-30,-30,-30,-30,-30,-14,-30,-1,-30,8
326,-30,-30,-30,-30,-30,-30,-25,-30,-30,-30,6
8334,-30,-30,-30,-30,-30,30,-30,-30,-30,-30,5
5717,-30,-30,-30,-30,-30,-30,-30,-30,-30,30,9
2370,-30,-30,-30,-26,-30,-30,-30,-30,-30,-30,3
6777,30,-30,-30,-30,-30,-30,-30,-30,-30,-30,0
8360,-30,-30,-30,-30,-30,30,-30,-30,-30,-30,5
8063,-30,-30,-30,1,-30,-30,-30,-30,-30,-30,3
1574,-30,-30,-30,-30,-30,-30,-30,-6,-30,-30,7
1137,-30,-30,-30,-30,-30,-30,-30,30,-30,-30,7
1682,-30,-30,-30,-30,30,-30,-23,-30,-30,-30,4
7041,-30,-30,-30,-30,5,-30,-13,-30,-30,-30,4
8406,-30,-30,-30,-30,-30,-30,-30,6,-30,-30,7
9096,-30,-30,-30,-30,-30,-30,-11,-30,-30,-30,6
6473,-30,-30,-30,-30,-30,14,-30,-30,-30,-30,5
9244,-30,-30,-30,-30,-30,-30,-30,-30,30,-30,8
6985,-30,-30,-30,3,-30,-30,-30,-30,-30,-30,3
5521,-30,-30,-30,-30,-30,-30,-30,21,-30,-30,7
9116,-30,-30,-30,-30,-24,-30,-20,-30,-30,-30,6
2091,-30,-30,-30,-30,-30,-30,-30,22,-30,-30,7
3767,-30,-30,-30,30,-30,-30,-30,-30,-30,-30,3
1915,-30,-30,-30,-30,-30,-30,-30,-30,30,-30,8
5832,-30,-30,-30,-30,-30,-30,-19,-30,9,-30,8
8812,-30,-30,-30,-30,-30,-30,-30,-30,23,-30,8
611,-30,-30,-30,-30,-30,-30,-30,30,-30,-30,7
5333,-30,-30,-30,-30,-30,-30,-30,-30,30,-30,8
4734,-30,-30,-30,-30,-30,-30,30,-30,-30,-30,6
9941,30,-30,-30,-30,-30,-30,-16,-30,-30,-30,0
2616,-30,-30,-30,-30,-30,30,-30,-30,-30,-30,5
3615,-30,-30,-30,-30,-30,-30,-30,30,-30,-30,7
917,-30,-30,-30,-30,-30,-30,-30,-30,-30,30,9
2632,-30,-30,-30,-30,-30,-30,-30,-30,30,-30,8
7047,-30,-30,-30,-30,-30,30,-30,-30,-30,-30,5
3722,-30,-30,-30,-30,-30,-30,30,-30,-30,-30,6
2990,30,-30,-30,-30,-30,-30,-30,-30,-30,-30,0
8986,-30,-30,-30,-30,-30,-30,30,-30,-30,-30,6
1199,-30,-30,30,-30,-30,-30,-15,-30,-30,-30,2
7304,-30,-30,-30,-30,-30,-30,-30,-30,-30,-30,0
1607,-30,-30,-3,-30,-30,-30,-11,-30,-30,-30,2
7114,-30,-30,-30,1,-30,-30,-30,-30,30,-30,8
5148,-30,-30,-30,-30,-30,-30,-30,-30,-30,30,9
1443,-30,-30,-30,-30,-30,-30,-30,-30,-30,30,9
8424,-30,30,-30,-30,-30,-30,-30,-30,-30,-30,1
6214,-30,-30,-30,-30,-30,-30,-30,-30,-30,30,9
7491,-30,-30,-30,-30,-30,19,-30,-8,-30,-30,5
524,-30,-30,-30,-30,-30,-30,-30,-30,30,-30,8
9114,-30,-30,-30,-30,30,-30,-7,-30,-30,-30,4
1926,-30,-30,-30,-30,-28,-30,30,-30,-30,-30,6
8939,-30,-30,-30,-30,-16,-30,-30,-30,11,-30,8
1117,-30,-30,-30,-30,-20,-30,-30,-30,-30,-30,4
4360,-30,-30,-30,-30,-30,-30,-10,-30,30,-30,8
5046,-30,-30,-30,-30,-30,-30,-30,30,-30,-30,7
1684,-30,-30,30,-30,-30,-30,-15,-30,-30,-30,2
3682,-30,-30,-30,-30,-30,-30,-30,-30,30,-30,8
1210,-30,-30,-30,30,-30,-30,-30,-30,-30,-30,3
563,30,-30,-30,-30,-30,-30,-30,-30,-30,-30,0
8776,-30,-30,-30,-30,-30,-30,-30,30,-30,-30,7
4853,-30,-30,-30,-30,-30,-30,-30,-30,30,-30,8
7071,-30,-30,-30,-30,-30,-30,-30,-30,30,-30,8
8646,-30,-30,-30,0,-30,-30,-30,-30,-30,-30,3
8178,-30,-30,-30,-30,-30,-30,-30,-30,-30,30,9
5311,-30,-30,-30,-30,-30,-30,-30,-30,-30,30,9
3636,-30,-30,-30,-30,-30,30,-30,-30,-30,-30,5
367,-30,-30,-30,-30,-30,-30,-30,-30,-30,30,9
5945,-30,-30,-18,-30,-30,-30,-19,-30,-30,-30,2
3564,-30,-30,-30,-30,30,-30,-13,-30,-30,-30,4
4951,-30,-30,-30,-30,-30,-30,-30,-30,-30,30,9
7851,-30,-30,-30,-30,-30,-30,-30,30,-30,-30,7
2099,-30,-30,-30,-30,-30,30,-30,-30,-30,-30,5
7627,-30,-30,-30,-30,-30,-30,-30,-29,-30,-30,7
1116,-30,-30,-28,-30,30,-30,-30,-30,-30,-30,4
5756,-30,-30,-30,-30,-30,-30,-30,-30,-30,2,9
7027,-30,-30,-30,-30,-30,-30,-30,-30,-30,30,9
6343,-30,-30,8,-30,-30,-30,30,-30,-30,-30,6
2347,-30,-30,-30,30,-30,-30,-30,-30,-30,-30,3
2265,-30,-30,-30,-30,-30,-30,-30,-30,-30,30,9
1126,-30,-30,-30,-30,-30,2,-30,-30,-30,-30,5
1133,-30,-30,-30,30,-30,-30,-30,-30,-30,-30,3
7448,-30,-30,-30,-30,-30,25,-30,-30,-30,-30,5
920,-30,-30,-30,-18,-30,-30,-30,-30,-30,-30,3
8597,-30,30,-30,-30,-30,-30,-30,-30,-30,-30,1
1515,-30,-30,14,-30,-21,-30,-15,-30,-30,-30,2
7857,-30,-30,-30,-30,-30,-30,-30,-30,-30,30,9
2902,-30,30,-30,-30,-30,-30,-30,-30,-30,-30,1
1361,-30,-30,30,-30,-30,-30,-11,-30,-30,-30,2
5636,-30,-30,-30,-30,-30,-30,-30,-30,30,-30,8
741,-30,-30,-30,-30,-30,30,-30,-30,-30,-30,5
545,-30,30,-30,-30,-30,-30,-30,-30,-30,-30,1
3295,-30,-30,-30,-30,-30,-14,-30,23,-30,-30,7
8664,-30,-30,-30,-30,-30,-30,-30,-30,-30,30,9
5620,-30,-30,-30,-30,-30,-30,-16,-30,-30,-30,6
1485,-30,-30,-30,30,-30,-30,-30,-30,-30,-30,3
6310,-30,-24,-30,30,-30,-30,-30,-30,-30,-30,3
6154,-30,-30,-30,-30,-30,-30,30,-30,-30,-30,6
424,-30,-30,-30,-30,-30,-30,-30,-30,-30,30,9
6734,-30,-30,-30,-30,-30,-30,-30,-30,-30,-30,0
9317,-30,-30,-26,-30,24,-30,-30,-30,-30,-30,4
8296,2,-30,-30,-30,-30,-30,-30,-30,-30,-30,0
5529,30,-30,-30,-30,-30,-30,-30,-30,-30,-30,0
9064,30,-30,-30,-30,-30,-30,-30,-30,-30,-30,0
2305,-30,-30,30,-30,-30,-30,-26,-30,-30,-30,2
7539,-30,-30,-30,-30,-30,-30,-30,-30,-30,30,9
3984,-30,-30,-30,-30,-30,-30,-30,30,-30,-30,7
4460,-30,25,-30,-30,-30,-30,-30,-30,-30,-30,1
3888,-30,-30,-30,-30,-30,-30,-30,-30,-30,30,9
8384,-30,-30,-30,-30,-30,-30,-12,-30,-30,-30,6
6857,-30,-30,-30,-30,-30,-12,-30,-30,-30,-14,5
2747,-30,-30,11,-30,-30,-30,-4,-30,-30,-30,2
2771,-30,-30,-30,-30,-30,-30,-30,-30,30,-30,8
7203,-30,-30,-30,-30,-30,30,-30,-30,-30,-30,5
8480,-30,-30,-30,-30,-30,-30,-30,-30,-30,27,9
2230,-30,-30,-30,-30,-30,-4,-30,-30,-30,-30,5
316,-30,-30,30,-30,-30,-30,-30,-30,-30,-30,2
1032,-30,-30,-30,-30,-10,-30,-30,-30,-30,-30,4
4220,-30,-30,-12,-30,-30,-30,-13,-30,-24,-30,2
3069,-30,-30,-30,-30,-30,30,-30,-30,-30,-30,5
1499,-30,-30,-2,-30,-30,-30,-30,-30,-30,-30,2
7285,-30,-30,30,-30,-30,-30,-3,-30,-30,-30,2
4588,-30,-30,-30,-30,-30,-30,-30,-30,-30,-30,0
4582,-30,-30,-30,-30,30,-30,-30,-30,-30,-30,4
8679,-30,-30,30,-30,-30,-30,-30,-30,-30,-30,2
8288,-30,-30,-30,-30,-30,-30,-30,30,-30,-30,7
323,-30,30,-30,-30,-30,-30,-30,-30,-30,-30,1
1377,-30,-30,-30,-30,-30,-30,-17,-30,-30,-30,6
5991,-30,-30,-30,-30,-30,-30,30,-30,-30,-30,6
2706,-30,-30,-30,-30,-12,-30,-5,-30,-30,-30,6
6065,-30,-30,-30,-30,-26,-30,-30,-30,-30,-30,4
6119,-30,-30,-30,-30,-30,30,-30,-30,-30,-30,5
1975,-30,-30,0,-30,-30,-30,30,-30,-30,-30,6
7124,-30,-30,8,-30,30,-30,-30,-30,-30,-30,4
6091,-30,-30,-30,-30,-30,-30,-1,-30,-30,-30,6
3639,-30,-30,-30,-30,-30,-28,-30,-5,-30,-30,7
288,-30,-30,-30,-30,-30,30,-30,-30,-30,-30,5
3658,-30,-30,-30,-30,-30,16,-30,-30,-30,-30,5
3355,-30,30,-30,-30,-30,-30,-30,-30,-30,-30,1
5267,-30,-30,-30,-30,-30,-30,-30,30,-30,-30,7
412,-30,-30,7,-30,-12,-30,-30,-30,-30,-30,2
8083,-30,-30,-30,-30,-5,-30,30,-30,-30,-30,6
7887,-30,-30,-30,-30,-12,-30,-30,-30,-30,-30,4
6460,-30,-30,-5,-30,-30,-30,19,-30,-30,-30,6
1508,-30,-30,-30,-30,-29,-30,-13,-30,-16,-30,6
1670,-30,30,-30,-30,-30,-30,-30,-30,-30,-30,1
7406,-30,-30,-30,-30,-30,-30,-30,-30,-30,30,9
9524,-13,-30,-30,-30,-30,-30,-9,-30,-30,-30,6
7770,-30,-30,-30,-30,-30,-30,-30,30,-30,-30,7
8271,-30,-30,30,-30,-30,-30,-14,-30,-30,-30,2
49,-30,-30,-30,-30,-30,-30,-30,30,-30,-30,7
1834,-30,-30,-30,-30,30,-30,-30,-30,-30,-30,4
6100,-30,-30,-8,-30,-30,-30,-19,-30,-30,-30,2
5711,-30,-30,-30,-30,-30,-30,-30,-30,-30,30,9
4203,-30,-30,-30,-30,-30,-30,-30,30,-30,-30,7
2332,-30,-30,-30,-30,-6,-30,-20,-30,-30,-30,4
4009,-30,-30,-30,-30,19,-30,10,-30,-30,-30,4
6183,-30,-30,-30,-22,-30,-30,-7,-30,-30,-30,6
8628,-30,30,-30,-30,-30,-30,-30,-30,-30,-30,1
7623,-30,-30,-30,-30,-30,-30,-30,30,-30,-30,7
2204,-30,30,-30,-30,-30,-30,-30,-30,-30,-30,1
7923,-30,-30,-30,-30,30,-30,-30,-30,-30,-30,4
2728,-30,-30,-30,-30,-30,-30,-30,30,-30,-30,7
7552,28,-30,-30,-30,-30,-30,-13,-30,-30,-30,0
3955,-30,-6,-30,-30,-30,-30,-30,-30,-30,-30,1
5169,-30,-30,-30,-30,-30,-30,-30,30,-30,-30,7
7201,-30,-30,-30,30,-30,-30,-30,-30,-30,-30,3
8873,30,-30,-30,-30,-30,-30,-30,-30,-30,-30,0
2650,-30,-30,-30,30,-30,-30,-30,-30,-30,-30,3
593,-30,-30,-30,-30,-30,-30,-30,-30,30,-30,8
17,-30,-30,9,-30,-30,-30,-23,-30,-30,-30,2
6703,-30,-30,-30,-30,-30,-30,-12,-30,13,-30,8
8059,30,-30,-30,-30,-30,-30,-30,-30,-30,-30,0
6572,-30,-30,-30,-30,30,-30,-30,-30,-30,-30,4
3754,-30,30,-30,-30,-30,-30,-30,-30,-30,-30,1
5536,-30,-30,-30,-30,-30,-30,-30,30,-30,-30,7
5401,-30,-30,-30,-30,-30,-30,-30,-30,-30,-1,9
7759,20,-30,-30,-30,-30,-30,-11,-30,-30,-30,0
697,-30,-30,16,-30,-30,-30,-5,-30,-30,-30,2
9696,-30,-30,-30,-30,-30,-30,-30,-30,-30,30,9
6449,-30,-30,30,-30,-30,-30,-17,-30,-30,-30,2
3622,10,-30,-30,-30,-30,-30,-30,-30,-30,-30,0
183,-30,-30,-30,-30,-30,-30,-30,30,-30,-30,7
7428,-30,30,-30,-30,-30,-30,-30,-30,-30,-30,1
1617,-30,-30,-30,-30,-30,-30,-30,-30,-30,13,9
960,-30,-30,-30,-30,-30,3,-30,-10,-30,-30,5
1319,-30,-30,30,-30,-30,-30,-19,-30,-30,-30,2
5275,-30,-30,-30,-30,-30,-30,-30,-30,-30,30,9
886,-30,-30,-30,-30,-30,-30,-30,-30,30,-30,8
8138,-30,-30,16,-30,-30,-30,-11,-30,-30,-30,2
5293,-30,-30,-20,-30,-19,-30,30,-30,-30,-30,6
6595,30,-30,-30,-30,-30,-30,-30,-30,-30,-30,0
1692,-30,-30,-30,30,-30,-30,-30,-30,-30,-30,3
972,-30,-30,-30,30,-30,-30,-30,-30,-30,-30,3
407,-30,-30,30,-30,-30,-30,-30,-30,-30,-30,2
3858,-30,-30,30,-30,-30,-30,-10,-30,-30,-30,2
9674,-30,-30,-30,-30,-30,-30,-30,-30,30,-30,8
6418,-30,28,-30,28,-30,-30,-30,-30,-30,-30,1
200,30,-30,-30,-30,-30,-30,-28,-30,-30,-30,0
780,-30,-30,-30,-30,-30,-30,-30,-30,30,-30,8
7443,-30,30,-30,-30,-30,-30,-30,-30,-30,-30,1
4556,-30,-30,-30,-30,-30,-30,-12,-30,28,-30,8
8385,-30,30,-30,-23,-30,-30,-30,-30,-30,-30,1
8721,30,-30,-30,-30,-30,-30,-30,-30,-30,-30,0
3883,-30,30,-30,-30,-30,-30,-30,-30,-30,-30,1
7385,-30,-30,-17,-30,-15,-30,-30,-30,-30,-30,4
18,-30,-30,-30,-30,-30,-30,-30,30,-30,-30,7
4027,-30,-30,-30,13,-30,-30,-30,-30,-30,-30,3
5823,-30,-30,-30,-30,-30,-30,-30,30,-30,-30,7
6961,-30,-30,-30,-30,-30,-30,-30,30,-30,-30,7
8853,-30,-30,-30,30,-30,-30,-30,-30,-30,-30,3
2767,-30,-30,-30,-18,-30,-30,-30,-30,-30,-30,3
9475,-30,-30,-30,-30,-30,-30,-30,-30,-30,30,9
7374,-30,-30,-30,-30,-30,-30,-30,-30,-30,30,9
7576,9,-30,-30,-30,-30,-30,-30,-30,-30,-30,0
7031,-30,-30,-30,-30,-30,-30,-14,-30,18,-30,8
7570,-30,-30,30,-30,-30,-30,-19,-30,-30,-30,2
2991,-30,-30,-30,-30,-30,30,-30,-30,-30,-30,5
6925,-30,-30,-30,-30,-30,-30,-30,-30,30,-30,8
943,-30,-30,-30,-30,-30,-30,-30,-30,-30,30,9
2353,-30,-30,-30,-30,-30,-30,-30,-30,-30,-30,0
8232,-30,-30,-30,7,-30,-30,-30,-30,-30,-30,3
204,-30,-30,-30,-30,-30,-30,-30,-23,-30,-30,7
1069,-30,-30,-30,-30,-30,-30,-30,-30,-30,-30,0
9209,-30,30,-30,-30,-30,-30,-30,-30,-30,-30,1
8960,-30,-30,-30,-30,-30,-30,-8,-30,-30,-30,6
2340,-30,-30,-30,-30,-30,-30,-30,-30,-30,28,9
3633,-30,-30,4,-30,29,-30,30,-30,-30,-30,6
3134,-30,-30,-30,-19,-30,-30,-30,-30,-30,-30,3
7190,-30,-30,30,-30,-30,-30,-30,-30,-30,-30,2
5092,-30,-30,-30,-30,-30,-30,-18,-30,-30,-30,6
6688,-30,30,-30,-30,-30,-30,-30,-30,-30,-30,1
5553,-30,-30,-30,-30,-30,-30,-30,-30,30,-30,8
5261,-30,30,-30,-30,-30,-30,-30,-30,-30,-30,1
1161,-30,-30,-30,-30,-30,-30,-30,-30,-30,-30,0
3643,-30,-30,-30,-30,21,-30,-30,-30,-30,-30,4
6718,9,-30,-30,-30,-30,-30,-30,-30,-30,-30,0
1886,-30,-30,23,-30,-30,-30,-6,-30,-30,-30,2
7224,-30,30,-30,-30,-30,-30,-30,-30,-30,-30,1
9371,-30,-30,-30,-30,-30,-30,-30,-16,-30,-30,7
9222,30,-30,-30,-30,-30,-30,-30,-30,-30,-30,0
631,-30,-30,-30,-30,-30,30,-30,-30,-30,-30,5
2154,-30,-30,-30,-12,-30,-30,-30,-30,-30,-30,3
2431,-30,-30,-30,-30,-30,30,-30,-30,-30,-30,5
923,-30,-30,-30,30,-30,-30,-30,-30,-30,-30,3
9284,-24,-30,-30,-30,-30,-30,-30,-30,-30,-30,0
4033,-30,-30,-30,-30,-30,-30,-30,-30,-30,-30,0
7046,-30,30,-30,-30,-30,-30,-30,-30,-30,-30,1
4599,-30,-30,-30,-30,-30,-30,-30,-30,-30,-30,0
951,30,-30,-30,-30,-30,-30,-30,-30,-30,-30,0
275,-30,-30,-30,-30,-30,-30,-30,30,-30,-30,7
9441,-30,-30,0,-30,-30,-30,-23,-30,-30,-30,2
7314,-30,-30,-30,-30,-29,-30,30,-30,-30,-30,6
1572,-30,-30,30,-30,-30,-30,-29,-30,-30,-30,2
7389,-30,-30,-30,30,-30,-30,-30,-30,-30,-30,3
9154,-30,-30,-22,-30,-27,-30,26,-30,-30,-30,6
4153,-30,-30,-30,-12,-30,-30,-30,-30,-30,-30,3
6826,-30,-30,-30,-30,-30,30,-30,-30,-30,-30,5
7649,-30,-30,30,-30,-30,-30,-30,-30,-30,-30,2
1349,-30,-30,-30,-30,-30,-30,-30,-30,-30,30,9
6327,-30,-30,-30,-30,-30,-30,30,-30,-30,-30,6
237,-30,-30,-30,-30,-30,-30,-30,-30,30,-30,8
1570,30,-30,-30,-30,-30,-30,-30,-30,-30,-30,0
3971,-30,-30,-30,-9,-6,-30,-30,-30,-30,-30,4
9460,-30,-30,-30,-30,-30,-30,11,-30,-30,-30,6
2080,-30,-30,-30,-26,-30,-30,-30,-30,-30,-30,3
2938,-30,30,-30,-30,-30,-30,-30,-30,-30,-30,1
6579,-30,-30,-30,-30,-30,-15,-30,13,-30,-30,7
6690,-30,-30,-30,-30,-30,30,-30,-30,-30,-30,5
2193,-30,-30,-30,-30,-30,-30,-30,-30,-30,-30,0
5300,-30,-30,-30,30,-30,-30,-30,-30,-30,-30,3
5215,-30,-30,-30,30,-30,-30,-30,-30,-30,-30,3
6860,-30,-30,30,-30,-30,-30,-5,-30,-30,-30,2
2084,12,-30,-30,-30,-30,-30,-30,-30,-30,-30,0
4644,-30,-30,-30,30,-30,-30,-30,-30,-30,-30,3
9903,-30,-30,-30,-30,-30,8,-30,-30,-30,-30,5
7523,-30,-30,8,-30,-30,-30,-6,-30,-30,-30,2
1798,-30,-30,8,-30,-30,-30,11,-30,-30,-30,6
6297,-30,-30,30,-30,-30,-30,-30,-30,-30,-30,2
396,-30,-30,-30,-30,-30,30,-30,-30,-30,-30,5
2278,-30,30,-30,-30,-30,-30,-30,-30,-30,-30,1
8732,-30,-30,-30,-30,5,-30,-24,-30,-30,-30,4
5329,-30,-30,22,-30,-30,-30,-7,-30,-30,-30,2
4282,-30,-30,30,-30,-30,-30,28,-30,-30,-30,2
3919,-30,30,-30,-30,-30,-30,-30,-30,-30,-30,1
22,-30,-30,-30,-30,-30,-30,-30,-30,-30,30,9
9300,-30,-30,-30,-9,-30,-30,-30,-30,-30,-30,3
9085,-30,-30,-30,-30,-30,-30,-30,-30,-30,-30,0
4953,-30,-30,-30,-30,-30,-30,-21,-30,-30,-30,6
4803,-30,-30,-30,-30,-30,-30,-30,-30,-30,30,9
8860,-30,-30,-30,-30,-30,2,-30,-20,-30,-30,5
6719,-30,-30,-30,-30,-30,-30,-30,-30,30,-30,8
3688,30,-30,-30,-30,-30,-30,-30,-30,-30,-30,0
2036,27,-30,-30,-30,-30,-30,-9,-30,-30,-30,0
7894,-30,-30,-30,30,-30,-30,-30,-30,-30,-30,3
8573,-30,-30,-30,-30,-17,-30,4,-30,-30,-30,6
1418,14,-30,-30,-30,-30,-30,-2,-30,-30,-30,0
1029,-30,-30,-30,-30,-30,-30,-30,-30,30,-30,8
4050,-30,30,-30,-30,-30,-30,-30,-30,-30,-30,1
5961,-30,-30,30,-30,-30,-30,-30,-30,-30,-30,2
227,-30,-30,-30,4,-30,-30,-30,-30,-30,-30,3
6209,-30,-30,-30,30,-30,-30,-30,-30,-30,-30,3
5504,-30,30,-30,-30,-30,-30,-30,-30,-30,-30,1
3673,-30,-30,-30,-30,-30,27,-30,1,-30,-30,5
7340,-30,-30,-30,-30,-30,30,-30,-30,-30,-30,5
8805,-30,-30,-30,30,-30,-30,-30,-30,-30,-30,3
4064,-30,-30,-30,-30,-17,-30,5,-30,-30,-30,6
1235,-30,-30,19,-30,-30,-30,24,-30,-30,-30,6
2529,-30,-30,-30,-30,-30,-30,-30,30,-30,-30,7
4880,-30,30,-30,-30,-30,-30,-30,-30,-30,-30,1
8578,-30,-30,-30,30,-30,-30,-30,-30,-30,-30,3
6002,-30,-30,19,-30,-30,-30,-3,-30,-30,-30,2
9893,-30,-30,-30,30,-30,-30,-30,-30,-30,-30,3
1162,4,-30,-30,-30,-30,-30,-30,-30,-30,-30,0
9158,-30,-30,-30,-30,-30,-30,-30,-30,-30,-30,0
8751,-30,-30,30,-30,-30,-30,-1,-30,-30,-30,2
4907,-30,-30,-30,-30,-30,-30,-29,-30,-30,-30,6
557,-30,-30,-30,-30,-30,-30,-30,-30,30,-30,8
5758,-2,-30,-30,-30,-30,-30,-24,-30,-30,-30,0
235,-30,-30,-30,-30,-30,-30,-30,-30,30,-30,8
1110,-30,-30,-30,-30,-30,-30,-30,-30,-7,-30,8
2064,-30,-30,-30,-30,-30,-30,-30,30,-30,-30,7
4443,30,-30,-30,-30,-30,-30,-30,-30,-30,-30,0
8892,-30,-30,-30,30,-30,-30,-30,-30,-30,-30,3
2445,-30,-29,-24,-30,-30,-30,29,-30,-30,-30,6
5341,-30,-30,-30,-10,-30,-30,-30,-30,-30,-30,3
1072,-30,-30,-30,-30,-30,-30,-30,-30,30,-30,8
7320,-30,-23,-30,30,-30,-30,-30,-30,-30,-30,3
6921,-30,-30,-30,-30,30,-30,13,-30,-30,-30,4
4708,-30,30,-30,-30,-30,-30,-30,-30,-30,-30,1
7681,-30,-30,21,-30,-30,-30,-25,-30,-30,-30,2
9636,-4,-30,-30,-30,-30,-30,30,-30,-30,-30,6
6739,16,-30,-30,-30,-30,-30,-30,-30,-30,-30,0
107,-30,-30,-30,-30,-30,-30,-9,-30,-30,-30,6
8636,-30,-30,-30,-30,-30,-30,-30,30,-30,-30,7
300,-30,-30,-30,-30,-30,-30,-30,30,-30,-30,7
2119,-30,-30,-30,-30,-30,-30,-30,-30,30,-30,8
616,-30,-30,-30,-30,-30,-30,-30,-30,-30,-30,0
7942,-30,-30,-30,-30,-30,-30,-5,-30,-30,-30,6
7228,-30,-30,-30,-30,-30,-30,-30,-30,-30,30,9
1342,-30,-30,-30,-30,-30,10,-30,-30,-30,-30,5
7158,-30,-30,-30,-30,30,-30,17,-30,-30,-30,4
2970,5,-30,-30,-30,-30,-30,-5,-30,-30,-30,0
9334,-30,-30,-30,-30,-30,-30,-30,-30,-30,30,9
1176,-30,-30,-30,-30,-30,-30,-30,-30,-30,12,9
7775,-30,-30,-30,-30,30,-30,-30,-30,-30,-30,4
5723,-30,-30,-30,-2,-30,-30,-30,-30,-30,-30,3
4143,-30,-30,-30,-30,-30,-30,-30,-30,30,-30,8
9169,-30,-30,-30,-30,-30,-13,-30,-11,-30,-30,7
6289,-30,-30,-30,30,-30,-30,-30,-30,-30,-30,3
569,-30,-30,-30,-30,-30,-30,-16,-30,30,-30,8
1689,-30,-30,-30,30,-30,-30,-30,-30,-30,-30,3
2002,-30,-30,-30,-30,-30,-10,-30,18,-30,-30,7
4690,-30,-30,-30,-30,-30,-30,-30,-30,-30,30,9
3586,30,-30,-30,-30,-30,-30,-30,-30,-30,-30,0
5512,-30,-30,30,-30,-30,-30,-25,-30,-30,-30,2
1323,-30,-30,-30,-30,-30,30,-30,-30,-30,-30,5
2435,-30,30,-30,-30,-30,-30,-30,-30,-30,-30,1
9729,30,-30,-30,-30,-30,-30,-30,-30,-30,-30,0
571,-30,-30,-30,-30,-30,30,-30,-30,-30,-30,5
8379,-30,-30,-30,-30,-30,-30,-25,-30,-30,-30,6
140,-30,-30,-30,30,-30,-30,-30,-30,-30,-30,3
2361,-30,-30,-30,-30,-30,-30,-30,-30,-30,30,9
6698,-30,-30,-30,-30,-30,-14,-30,-30,-30,-30,5
9957,-30,-30,-30,-30,-30,-30,-30,-30,-30,30,9
876,-30,-30,-30,-30,-29,-30,30,-30,-30,-30,6
6628,-30,-30,-30,-30,-30,-30,-9,-30,-30,-30,6
191,-30,-30,-30,-30,-30,-30,-30,30,-30,-30,7
492,-30,30,-30,-30,-30,-30,-30,-30,-30,-30,1
2974,-30,-30,-30,-30,-30,-30,-15,-30,-30,-30,6
8242,30,-30,-30,-30,-30,-30,-30,-30,-30,-30,0
9949,-30,-30,-30,-30,-30,-30,-30,-30,30,-30,8
5971,-30,-30,-30,-30,-30,-30,-15,-30,-30,-30,6
967,-30,-30,27,-30,-30,-30,-30,-30,-30,-30,2
7547,-30,-30,30,-30,-30,-30,-30,-30,-30,-30,2
5091,-30,-30,-30,-30,-30,-30,-30,-3,-30,-30,7
4698,-30,-30,-30,-30,-30,-30,-30,-30,30,-30,8
2654,-30,-30,-30,-30,-30,-30,4,-30,-30,-30,6
8089,-30,-30,4,-30,-25,-30,4,-30,-30,-30,2
4132,-30,-30,-30,-30,24,-30,13,-30,-30,-30,4
1356,-30,-30,-30,-30,-30,-30,20,-30,-30,-30,6
766,-30,-30,-30,-30,-30,-30,-30,-30,-30,30,9
7507,-30,-30,-30,-30,-30,-30,-30,30,-30,-30,7
5705,-30,-30,-30,30,-30,-30,-30,-30,-30,-30,3
8193,-30,-30,10,-30,-30,-30,-30,-30,-30,-30,2
6596,-30,-30,-30,-30,-30,2,-30,-30,-30,-30,5
3535,-30,-30,-30,-30,30,-30,-30,-30,-30,-30,4
3502,-30,-30,-30,-30,-30,30,-30,-30,-30,-30,5
713,-30,30,-30,-30,-30,-30,-30,-30,-30,-30,1
4167,-30,-30,-30,-30,-30,-30,-30,-30,-30,30,9
3953,-30,-30,-30,-30,-30,30,-30,-30,-30,-30,5
2401,30,-30,-30,-30,-30,-30,-30,-30,-30,-30,0
4389,-30,-30,-30,-30,-30,30,-30,-30,-30,-30,5
4288,-30,-30,-30,-30,-30,-30,-18,-30,-30,-30,6
6788,-30,-30,-30,-30,5,-30,0,-30,-30,-30,4
6571,-30,30,-30,-30,-30,-30,-30,-30,-30,-30,1
2688,-30,-30,-30,-30,-30,-30,-30,-30,-30,-4,9
8255,-30,-30,-30,-30,-30,-30,-30,-30,-30,30,9
789,-30,-30,-30,20,-30,-30,-30,-30,-30,-30,3
5526,-30,-30,-30,4,-30,-30,-30,-30,-30,-30,3
6731,-30,-30,-30,4,-30,-30,-30,-30,-30,-30,3
6235,-30,-30,-30,-30,-30,-30,-3,-30,-30,-30,6
7388,-30,-30,-30,-30,-30,-30,-30,-30,-30,30,9
499,-30,30,-30,-30,-30,-30,-30,-30,-30,-30,1
9933,-30,-30,-30,-25,-30,-30,-30,-30,-30,-30,3
4804,-30,-21,-30,30,-30,-30,-30,-30,-30,-30,3
4703,-30,-30,-30,-30,-30,-30,-30,-30,-30,30,9
9921,-30,-30,-30,-30,-30,30,-30,-30,-30,-30,5
4333,-30,-30,-30,-30,30,-30,-30,-30,-30,-30,4
4696,-30,-30,-30,-30,-30,-30,-30,-30,30,-30,8
8402,-30,-30,30,-30,-30,-30,-30,-30,-30,-30,2
2375,-30,-30,11,-30,-15,-30,-30,-30,-30,-30,2
443,-30,30,-30,-30,-30,-30,-30,-30,-30,-30,1
8825,-30,-30,-30,-30,30,-30,-30,-30,-30,-30,4
2231,30,-30,-30,-30,-30,-30,-30,-30,-30,-30,0
4567,-30,-30,-30,-30,-30,-30,-15,-30,-30,-30,6
7797,-30,-30,-30,-30,-30,-30,-30,30,-30,-30,7
3001,-30,-30,-30,-30,-30,-30,-30,-30,-30,30,9
9919,30,-30,-30,-30,-30,-30,-30,-30,-30,-30,0
6292,-30,7,-30,-23,-30,-30,-30,-30,-30,-30,1
2915,-30,-12,-30,-18,-30,-30,-30,-30,-30,-30,1
9105,-30,-30,30,-30,-30,-30,-30,-30,-30,-30,2
6106,-30,-28,-30,30,-30,-30,-30,-30,-30,-30,3
3790,-30,-30,-30,-30,-30,-30,-9,-30,-30,-30,6
6538,-30,-30,-30,-30,-30,-30,-30,-30,-30,30,9
2349,-30,-30,-30,-30,-30,-30,-30,-30,30,-30,8
8175,-30,30,-30,-30,-30,-30,-30,-30,-30,-30,1
6480,-30,-30,-30,30,-30,-30,-30,-30,-30,-30,3
1380,-30,-30,-30,-30,-30,-10,-30,24,-30,-30,7
1998,-30,-30,-30,-19,-30,-30,-30,-30,-30,-30,3
3716,-30,-30,-30,-30,-30,-30,-30,-30,-30,30,9
2211,-30,-30,-30,-30,-30,-30,-30,-30,-30,30,9
6324,-30,-30,-30,-30,-30,-18,-30,-30,-30,-30,5
9810,-30,-30,30,-30,-30,-30,-28,-30,-30,-30,2
2533,-30,-30,30,-30,-30,-30,8,-30,-30,-30,2
7692,-30,-30,-30,30,-30,-30,-30,-30,-30,-30,3
3395,-30,-30,27,-30,-30,-30,-11,-30,-30,-30,2
8719,-30,-30,-30,-30,-30,-30,-30,-30,30,-30,8
9079,-30,-30,-30,-30,-30,-30,-30,-30,30,-30,8
3037,-30,-30,-30,-30,-30,30,-30,-30,-30,-30,5
7652,-30,-30,-30,-30,-30,30,-30,-30,-30,-30,5
4940,-30,30,-30,-30,-30,-30,-30,-30,-30,-30,1
2420,-30,-30,-30,-30,-30,-30,-17,-30,30,-30,8
8105,-30,-30,-30,-30,-30,-30,-30,-30,30,-30,8
565,-30,-30,-30,-30,-30,-20,-30,-30,-30,-30,5
6801,-30,-30,-30,-30,-30,-13,-30,-10,-30,-30,7
1690,-30,-30,-30,-30,-30,-30,-30,-30,-30,30,9
8551,-30,-30,-30,-30,-30,-30,-30,-30,-30,30,9
9562,-30,-30,-30,30,-30,-30,-30,-30,-30,-30,3
9383,-30,-30,-30,-30,8,-30,-30,-30,-30,-30,4
7426,-30,-30,-30,-30,-30,-30,17,-30,-30,-30,6
6176,-30,-30,30,-30,-30,-30,25,-30,-30,-30,2
4754,-30,-30,-30,-30,-30,-22,-30,30,-30,-30,7
6806,-30,-30,-30,-30,-30,-30,-30,-30,-30,30,9
2469,-30,-30,-24,-30,11,-30,-30,-30,-30,-30,4
8566,-30,-30,-30,-30,-30,-30,-13,-30,-24,-30,6
7343,-30,-30,-30,-30,-30,-30,-30,-12,-30,-30,7
9189,-30,-30,-30,-30,-30,30,-30,-30,-30,-30,5
8164,-30,-30,-30,-30,-12,-30,-30,-30,-30,-30,4
9417,-30,-30,-30,-30,-30,-25,-30,30,-30,-30,7
6796,-30,-30,-30,-30,-30,-30,28,-30,-30,-30,6
8601,-30,30,-30,-30,-30,-30,-30,-30,-30,-30,1
8081,-30,-30,-30,-30,-15,-30,-30,-30,-26,-30,4
7571,-30,-30,8,-30,-30,-30,30,-30,-30,-30,6
1056,-30,-30,30,-30,-30,-30,7,-30,-30,-30,2
3879,30,-30,-30,-30,-30,-30,-27,-30,-30,-30,0
6629,-30,-30,-30,-30,-30,-30,-30,-30,-30,30,9
2144,-30,-30,-30,-30,-30,-30,30,-30,-30,-30,6
8382,23,-30,-30,-30,-30,-30,-30,-30,-30,-30,0
8540,-30,-30,-30,-30,-30,30,-30,-30,-30,-30,5
4765,-30,30,-30,-30,-30,-30,-30,-30,-30,-30,1
8798,-30,30,-30,-30,-30,-30,-30,-30,-30,-30,1
7025,-30,-30,-30,-30,-30,-9,-30,-4,-30,-30,7
540,-30,-30,-30,-30,-30,-30,-30,-30,30,-30,8
748,-30,-30,-30,30,-30,-30,-30,-30,-30,-30,3
9428,-30,-30,30,-30,-30,-30,-18,-30,-30,-30,2
6713,-30,-30,-30,-30,-30,-30,29,-30,-30,-30,6
9138,-30,-30,30,-30,-30,-30,-12,-30,-30,-30,2
4169,30,-30,-30,-30,-30,-30,-30,-30,-30,-30,0
8123,-30,-30,-30,-30,-30,-30,-11,-30,-30,-30,6
1086,-30,-30,-30,-30,13,-30,-30,-30,-30,-30,4
2387,-30,-30,-30,-30,-30,-30,-30,-30,-30,30,9
3661,-30,-30,-30,-30,-30,30,-30,-30,-30,-30,5
9795,-30,-30,30,-30,-30,-30,30,-30,-30,-30,2
7433,-30,-30,-30,-30,-30,-30,-30,-30,-30,-30,0
4769,-30,-30,-30,-30,-26,-30,-30,-30,-30,-30,4
180,-30,-30,-30,-30,30,-30,-12,-30,-30,-30,4
116,-10,-30,-30,-30,-30,-30,-9,-30,-30,-30,6
1636,-30,30,-30,-30,-30,-30,-30,-30,-30,-30,1
2996,-30,-30,-30,-30,-30,30,-30,-30,-30,-30,5
8183,-30,-30,-25,-30,-30,-30,-30,-30,-30,-30,2
9662,-30,-30,-30,-30,-30,29,-30,2,-30,-30,5
5060,-30,-30,-30,-30,-30,-30,-30,-30,30,-30,8
6817,-30,-30,-30,-30,-30,-30,12,-30,-30,-30,6
9687,-30,-30,-30,-30,-30,-30,-30,30,-30,-30,7
7703,-30,-30,-30,-30,-30,-30,-30,30,-30,-30,7
9669,30,-30,-30,-30,-30,-30,-30,-30,-30,-30,0
9930,-30,-30,-30,-30,-30,-30,-30,-30,30,-30,8
8515,-30,-30,-30,-30,-5,-30,-30,-30,-30,-30,4
6397,-25,-30,-30,-30,-30,-30,-30,-30,-30,-30,0
1044,-30,-30,-30,-30,22,-30,30,-30,-30,-30,6
5813,-30,-30,-30,-30,-30,-30,-30,-30,-30,30,9
7877,-30,30,-30,-30,-30,-30,-30,-30,-30,-30,1
4982,-30,-30,30,-30,-30,-30,-30,-30,-30,-30,2
3631,-30,30,-30,-30,-30,-30,-30,-30,-30,-30,1
9188,-30,-30,-30,-30,-30,-30,-30,16,-30,-30,7
582,-30,-30,-30,-30,-30,-30,1,-30,-30,-30,6
668,-30,-30,-30,30,-30,-30,-30,-30,-30,-30,3
7179,-30,-30,-28,-30,-10,-30,-30,-30,-30,-30,4
5111,-30,-30,-30,-30,-30,-30,-30,-30,-30,30,9
6773,-30,-30,-30,-30,-30,-30,-30,-30,-30,30,9
6205,-30,-30,-19,-30,-30,-30,-14,-30,-30,-30,6
3905,-30,-30,-30,-30,-29,-30,-30,-30,-30,-30,4
4891,-30,-30,-30,-30,30,-30,-28,-30,-30,-30,4
6744,-30,-30,-30,30,-30,-30,-30,-30,-30,-30,3
9583,1,-30,-30,16,-30,-30,-30,-30,-30,-30,3
7517,-30,-30,-30,-30,-30,30,-30,-30,-30,-30,5
6461,-30,-30,-30,-30,-30,-30,-30,30,-30,-30,7
5332,-30,-30,-30,-30,-30,30,-30,-30,-30,-30,5
1782,-30,-30,30,-30,-30,-30,-30,-30,-30,-30,2
8269,-30,-30,-30,-30,-30,-30,-30,24,-30,-30,7
5211,-30,-30,-30,-30,-30,-30,-30,-30,30,-30,8
5112,-30,-30,-30,-30,-30,-30,-30,-30,-30,30,9
8129,-30,-30,-30,-30,-30,-30,-30,-30,-30,30,9
7397,-30,-30,30,-30,-30,-30,-20,-30,-30,-30,2
6528,-30,-30,-30,-30,-30,-30,-30,30,-30,-30,7
1779,-30,-30,-30,-30,-30,-30,-30,-30,30,-30,8
3221,-30,-30,-30,-30,-30,-30,-30,30,-30,-30,7
1140,-30,-30,-30,-30,-30,-30,-30,30,-30,-30,7
7483,-30,-30,-30,-30,-30,30,-30,-30,-30,-30,5
6303,-30,-30,-30,-30,-30,-30,-30,-30,30,-30,8
8442,-30,-30,-30,-30,-30,-30,-30,-11,-30,-30,7
1249,-30,-30,-30,-30,-8,-30,30,-30,-30,-30,6
2493,-30,-30,-30,-30,-30,-30,30,-30,-30,-30,6
935,-30,-30,-30,-30,-30,-30,-30,-30,-30,30,9
3831,30,-30,-30,-30,-30,-30,-30,-30,-30,-30,0
6306,-30,30,-30,-30,-30,-30,-30,-30,-30,-30,1
8581,-30,-30,-30,-30,-30,-30,-30,-30,30,-30,8
9362,-30,-30,-30,-30,-30,-30,-30,30,-30,-30,7
4231,-30,-30,-30,-30,-30,-26,-30,-30,-30,-30,5
809,-30,-30,-22,-30,-30,-30,0,-30,-30,-30,6
6771,-30,-30,-30,-30,-30,-8,-30,-30,-30,-30,5
8479,-30,-30,-30,30,-30,-30,-30,-30,-30,-30,3
7545,-30,-30,-30,-30,-30,-14,-30,30,-30,-30,7
5849,-30,-30,-25,-30,-23,-30,-30,-30,-30,-30,4
2602,-30,-30,-10,-30,-30,-30,30,-30,-30,-30,6
4320,-30,-30,-30,-30,-30,-21,-30,-30,-30,-30,5
5085,-30,-30,-30,-30,-30,30,-30,-30,-30,-30,5
6284,-30,-30,-30,-30,-30,-30,30,-30,-30,-30,6
848,-30,-30,-30,-30,-30,-30,-30,-30,-30,16,9
3965,-30,-30,-30,-30,-30,-30,-30,-30,-30,30,9
7738,-30,0,-30,25,-30,-30,-30,-30,-30,-30,3
9525,-30,-30,-30,-30,-30,-30,-30,-30,-30,30,9
273,-30,-30,-30,-30,-30,30,-30,-30,-30,-30,5
2214,-30,-30,-30,-30,-30,-30,-30,-30,-30,30,9
6541,-30,-30,-30,-30,-18,-30,-11,-30,-30,-30,6
6778,-30,-30,-30,-30,30,-30,-30,-30,-30,-30,4
4174,-30,30,-30,-30,-30,-30,-30,-30,-30,-30,1
1014,-30,-30,-30,-30,-30,-30,-30,-30,-30,-5,9
2766,-30,-30,-30,-30,-30,-30,-30,-30,30,-30,8
286,-30,-30,-30,30,-30,-30,-30,-30,-30,-30,3
3054,-30,-30,-30,-30,-30,-30,-30,-30,-30,-18,9
772,-30,30,-30,-30,-30,-30,-30,-30,-30,-30,1
7370,-30,-30,-30,-30,-30,-30,-30,-30,30,-30,8
7742,-30,-30,-30,-30,-30,-30,30,-30,-30,-30,6
5447,-30,-30,-30,-30,-30,30,-30,-30,-30,-30,5
5026,-30,-30,-30,-30,-30,-30,-30,-30,-30,-30,0
1172,-30,-30,30,-30,-30,-30,-30,-30,-30,-30,2
397,-30,-30,-30,30,-30,-30,-30,-30,-30,-30,3
1362,-30,-30,-30,-30,-30,18,-30,-15,-30,-30,5
2737,-30,30,-30,-30,-30,-30,-30,-30,-30,-30,1
5632,-30,9,-30,-30,-30,-30,-30,-30,-30,-30,1
937,-30,30,-30,-30,-30,-30,-30,-30,-30,-30,1
5931,-30,-30,-30,-30,-30,-30,-30,-30,30,-30,8
1922,-30,-30,-30,-30,-30,-30,-30,30,-30,-30,7
5977,-30,-30,-30,-30,-30,30,-30,-30,-30,-30,5
3326,-30,-30,-30,-30,-24,-30,28,-30,-30,-30,6
5464,-30,-30,-30,9,8,-30,-30,-30,-30,-30,3
6556,-30,-30,-30,-30,2,-30,-30,-30,-30,-30,4
7662,-30,-30,-30,-30,-30,-30,-30,30,-30,-30,7
111,30,-30,-30,-30,-30,-30,-22,-30,-30,-30,0
2226,30,-30,-30,-30,-30,-30,-30,-30,-30,-30,0
6797,-30,-30,-30,-30,-30,30,-30,-30,-30,-30,5
1046,-30,-30,-30,30,-30,-30,-30,-30,-30,-30,3
785,-30,-30,-30,-30,-20,-30,-30,-30,-9,-30,8
2460,-30,-30,-30,-30,-30,-30,-30,-30,30,-30,8
8638,-30,-30,-30,-30,-30,-30,30,-30,-30,-30,6
3362,-30,-30,-30,-30,-30,30,-30,-30,-30,-30,5
3265,-30,-30,16,-30,-30,-30,-30,-30,-30,-30,2
2454,-30,-30,-30,-30,-30,-30,-30,30,-30,-30,7
9401,-30,-30,-30,-30,-30,-30,-30,-30,-30,-30,0
7506,-30,-30,30,-30,-30,-30,-30,-30,-30,-30,2
2311,-30,-30,-30,30,-30,-30,-30,-30,-30,-30,3
649,-30,-30,-16,-30,-18,-30,-2,-30,-30,-30,6
8244,-30,-30,-30,-30,-30,-30,-30,30,-30,-30,7
4981,-30,-30,-30,-30,-30,-30,-30,-30,30,-30,8
4137,30,-30,-30,-30,-30,-30,-30,-30,-30,-30,0
6513,-30,-30,-30,-30,-30,-30,-30,-29,-30,-30,7
7023,30,-30,-30,-30,-30,-30,-15,-30,-30,-30,0
9292,-30,-30,-30,-30,-30,-30,-30,-30,-30,30,9
6433,-30,-30,-30,-30,-30,30,-30,-30,-30,-30,5
118,-30,-30,-30,-30,-30,-30,-30,-30,30,-30,8
3226,0,-30,-30,-30,-30,-30,-14,-30,-30,-30,0
3637,-30,-30,-30,-30,-30,-30,-30,30,-30,-30,7
5592,-30,-30,-30,22,-30,-30,-30,-30,-30,-30,3
7727,-30,-30,-30,-30,-30,-10,-30,-30,-30,-10,5
2792,30,-30,-30,-30,-30,-30,-30,-30,-30,-30,0
5238,-30,-30,-30,-30,-30,-30,-30,-30,-30,30,9
7430,-30,-30,-30,-30,-30,-30,-30,22,-30,-30,7
6784,-30,-30,-30,30,-30,-30,-30,-30,-30,-30,3
8703,30,-30,-30,-30,-30,-30,-30,-30,-30,-30,0
4230,-17,-30,-30,-30,-30,-30,-12,-30,-30,-30,6
495,-30,-30,-30,-30,-30,30,-30,-30,-30,-30,5
5694,-30,-30,-30,-30,-30,-30,-30,30,-30,-30,7
9749,-30,-30,-30,-30,-30,-30,-30,-30,30,-30,8
5770,-30,-30,-30,-30,-24,-30,-6,-30,-30,-30,6
4881,-30,-30,-30,30,-30,-30,-30,-30,-30,-30,3
4041,-30,30,-30,-30,-30,-30,-30,-30,-30,-30,1
463,-30,-30,-30,-30,-30,-30,-30,-30,-30,30,9
6911,30,-30,-30,-30,-30,-30,-30,-30,-30,-30,0
5987,-30,-30,30,-30,-30,-30,7,-30,-30,-30,2
2753,-30,-30,-30,-30,-30,-30,-30,-30,-30,30,9
9471,-30,30,-30,-30,-30,-30,-30,-30,-30,-30,1
6624,-30,-30,-30,30,-30,-30,-30,-30,-30,-30,3
6030,-30,-30,-30,-30,30,-30,-30,-30,-30,-30,4
6056,-30,-30,-30,-30,-30,-30,-11,-30,-30,-30,6
7752,-30,-30,-30,-23,-12,-30,-30,-30,-30,-30,4
2273,-30,-30,-30,-30,-30,-30,-30,-30,-30,-30,0
5395,-30,-30,-30,-30,-30,-30,30,-30,-30,-30,6
9181,-30,-30,30,-30,-30,-30,-30,-30,-30,-30,2
6052,-30,-30,-30,30,1,-30,-30,-30,-30,-30,3
1557,-30,-30,-30,-30,-30,-30,-30,-30,30,-30,8
1936,-30,-30,-30,-30,-25,-30,30,-30,-30,-30,6
753,-30,-30,-30,-30,-17,-30,30,-30,-30,-30,6
7693,-30,-30,-30,-30,-30,-30,-30,-30,-30,30,9
1448,-30,-30,-30,-30,-30,30,-30,-11,-30,-30,5
1718,16,-30,-30,-30,-30,-30,-17,-30,-30,-30,0
6825,-30,30,-30,-30,-30,-30,-30,-30,-30,-30,1
808,-30,-30,-30,-30,-30,-30,-30,-30,30,-30,8
9997,-30,-30,-16,-30,-30,-30,-25,-30,-30,-30,2
761,-30,-30,-30,-30,-30,-30,-30,-30,-7,-30,8
1645,-30,30,-30,-30,-30,-30,-30,-30,-30,-30,1
3873,-30,-30,16,-30,-30,-30,30,-30,-30,-30,6
4442,-30,-30,9,-30,-30,-30,-1,-30,-30,-30,2
1036,-30,-30,-30,-30,-30,-30,-30,-30,-30,30,9
4613,-30,-30,-30,-30,-30,-30,-30,-30,-30,-30,0
1314,-30,-30,-30,30,-30,-30,-30,-30,-30,-30,3
2561,-30,-30,-30,-30,-30,-30,-30,30,-30,-30,7
2600,-30,-30,-30,-30,-30,-30,-30,-30,-30,30,9
8734,-30,-30,-30,-30,-30,-30,-6,-30,-29,-30,6
9682,-30,-30,-30,30,-30,-30,-30,-30,-30,-30,3
6752,-30,-30,-30,-30,-30,30,-30,-30,-30,-30,5
3400,-30,-30,-30,-30,-30,-30,-30,-30,-30,-30,0
8793,-30,-30,-30,-30,-30,30,-30,-30,-30,-30,5
2013,-30,-30,-30,-30,-30,-30,-30,-30,-30,30,9
8817,-30,-30,-30,-30,-30,-30,-19,-30,22,-30,8
2541,-30,-30,-30,-30,-30,30,-30,-30,-30,-30,5
8069,-30,-30,-30,30,-30,-30,-30,-30,-30,-30,3
7859,30,-30,-30,-30,-30,-30,-30,-30,-30,-30,0
3108,-30,-19,-30,-30,-30,-30,-30,-30,-30,-30,1
1394,-30,-30,30,-30,-30,-30,-26,-30,-30,-30,2
8591,-30,-30,-30,-30,-28,-30,30,-30,-30,-30,6
6334,-30,-30,-30,-30,-25,-30,-12,-30,-30,-30,6
7298,-30,30,-30,-30,-30,-30,-30,-30,-30,-30,1
3723,-30,-30,-30,-30,-30,-30,-30,-30,-30,30,9
3814,-30,-30,-30,-30,8,-30,-18,-30,-30,-30,4
3766,-30,-30,-30,-30,4,-30,-30,-30,-30,-30,4
4601,30,-30,-30,-30,-30,-30,-30,-30,-30,-30,0
2566,-30,-30,-30,-30,-30,30,-30,-30,-30,-30,5
9738,-30,-30,-30,-30,-30,10,-30,-30,-30,-30,5
3195,-30,-30,-28,-30,-30,-30,-30,-30,-30,-30,2
4639,-30,-30,-30,-30,-30,-30,-30,-30,-30,-30,0
4484,-30,-30,30,-30,-30,-30,7,-30,-30,-30,2
8733,30,-30,-30,-30,-30,-30,-30,-30,-30,-30,0
8315,-30,-12,-30,-30,-30,-30,24,-30,-30,-30,6
7011,-30,-30,-30,-30,4,-30,-30,-30,-30,-30,4
4743,-30,-30,-30,-30,-30,-30,-30,-30,-30,30,9
3251,-30,-30,-30,-30,-30,-30,-30,-30,-30,30,9
488,-30,-30,-30,-30,-30,-30,-30,30,-30,-30,7
5032,30,-30,-30,-30,-30,-30,-16,-30,-30,-30,0
1484,-30,30,-30,-30,-30,-30,-30,-30,-30,-30,1
7531,-30,-30,30,-30,-30,-30,-27,-30,-30,-30,2
2685,-30,-30,-30,-30,-30,-30,-11,-30,-30,-30,6
6043,30,-30,-30,-30,-30,-30,-30,-30,-30,-30,0
5288,-30,-30,-11,-30,-30,-30,22,-30,-30,-30,6
3049,-30,-30,4,-30,-27,-30,4,-30,-30,-30,2
1891,-30,-30,30,-30,-30,-30,-9,-30,-30,-30,2
8392,-30,-30,-30,-30,-30,30,-30,-30,-30,-30,5
603,-30,-30,-30,-30,-30,-30,-30,-30,-30,30,9
9133,-30,-30,9,-30,-7,-30,-1,-30,-30,-30,2
6794,-30,-30,-30,-30,-30,-30,-30,-30,30,-30,8
3033,-30,-30,-29,-30,-30,-30,-23,-30,-30,-30,6
4300,-30,-30,-19,-30,-30,-30,30,-30,-30,-30,6
1638,-30,30,-30,-30,-30,-30,-30,-30,-30,-30,1
5646,-30,-30,-30,-30,-30,30,-30,-30,-30,-30,5
8394,-30,-30,-30,-30,-30,-30,-30,-30,-30,15,9
1307,-30,-30,30,-30,-30,-30,-10,-30,-30,-30,2
6084,-30,30,-30,-30,-30,-30,-30,-30,-30,-30,1
4096,-30,-30,-30,-30,-30,-30,-30,-30,-5,-30,8
3619,-30,-30,-30,-30,-30,-30,-30,-30,-30,30,9
3347,-30,-30,-30,30,-30,-30,-30,-30,-30,-30,3
4228,-30,30,-30,-30,-30,-30,-30,-30,-30,-30,1
7888,-30,-30,-30,-30,-30,-30,-30,30,-30,-30,7
5151,-30,30,-30,-30,-30,-30,-30,-30,-30,-30,1
129,-30,29,-30,-6,-30,-30,-30,-30,-30,-30,1
8560,-30,15,-30,30,-30,-30,-30,-30,-30,-30,3
6919,-30,-30,-30,-30,-30,-30,-30,-30,-30,30,9
8538,-30,30,-30,-30,-30,-30,-30,-30,-30,-30,1
9390,-30,-30,-30,-30,-30,-30,-30,-30,-30,-30,0
2778,-30,-30,-30,-30,-30,-30,-26,-30,4,-30,8
3294,-30,-30,-30,-30,-30,-30,-30,-30,-30,30,9
9604,-30,-30,-30,-30,-30,-30,-30,-30,-30,30,9
658,-30,-22,-30,-30,-30,-30,-30,-30,-30,-30,1
7526,-30,-30,-30,-30,-30,-30,-30,-30,-30,30,9
5874,-30,-30,4,-30,-30,-30,30,-30,-30,-30,6
6282,30,-30,-30,-30,-30,-30,-30,-30,-30,-30,0
8731,-30,-30,-30,-30,-30,-30,-30,29,-30,-30,7
2573,-30,-30,-30,-30,-30,-30,-30,-30,30,-30,8
7103,-30,-30,-30,-30,-30,-4,-30,-30,-30,-30,5
8741,-30,-30,-30,-30,-30,4,-30,-30,-30,-30,5
7222,-30,-30,-30,-30,-30,-28,-30,-30,-30,5,9
5522,-30,-30,-30,-2,-30,-30,-30,-30,-30,-30,3
536,-30,-30,-30,-30,-30,-30,-30,-30,30,-30,8
9944,-30,-30,-30,-30,-30,-30,-30,-30,-30,27,9
3203,-30,-30,-30,-30,-30,-30,-30,-30,-30,-30,0
5929,-30,-30,-30,-30,-30,-30,-30,30,-30,-30,7
8696,-30,-30,-30,-30,-30,-30,-30,-30,30,-30,8
5416,-30,-30,30,-30,-30,-30,-10,-30,-30,-30,2
2722,-30,-30,-30,-30,-30,-30,-30,-30,-30,30,9
2138,-30,-30,30,-30,-30,-30,-20,-30,-30,-30,2
7798,30,-30,-30,-30,-30,-30,-30,-30,-30,-30,0
5120,-30,30,-30,-30,-30,-30,-30,-30,-30,-30,1
9508,-30,-30,-30,-30,-30,30,-30,-30,-30,-30,5
299,30,-30,-30,-30,-30,-30,-30,-30,-30,-30,0
5498,-30,-30,-30,-30,-30,-30,-30,30,-30,-30,7
5442,-30,-30,-30,-30,-30,-30,-30,-30,30,-30,8
4905,-30,-30,-30,-30,-30,-30,4,-30,-30,-30,6
5469,30,-30,-30,-30,-30,-30,-30,-30,-30,-30,0
8950,-30,-30,-30,-30,-30,-30,-30,-30,-30,12,9
6363,-30,30,-30,-30,-30,-30,-30,-30,-30,-30,1
8929,-30,30,-30,-30,-30,-30,-30,-30,-30,-30,1
8781,-30,-30,-30,-30,-30,-30,-30,-30,30,-30,8
2363,-30,-30,-16,-30,-30,-30,-30,-30,-13,-30,8
7534,-30,-30,-30,-30,-30,-30,-30,-30,30,-30,8
6361,-30,-30,-30,-30,-30,-30,-30,-30,-30,30,9
4323,-30,-30,-30,-30,-9,-30,6,-30,-30,-30,6
506,30,-30,-30,-30,-30,-30,-30,-30,-30,-30,0
4190,-30,-30,-30,-30,-30,-30,-30,30,-30,-30,7
1977,-30,-30,22,-30,-30,-30,-2,-30,-30,-30,2
2759,30,-30,-30,-30,-30,-30,-30,-30,-30,-30,0
4387,30,-30,-30,-30,-30,-30,-30,-30,-30,-30,0
1553,-30,-30,-30,-30,-30,30,-30,-30,-30,-30,5
6455,-30,30,-30,-30,-30,-30,-30,-30,-30,-30,1
5042,-30,-30,-14,-30,-30,-30,-11,-30,-30,-30,6
1803,-30,-30,-30,-30,-30,-30,-22,-30,30,-30,8
7929,-30,-30,10,-30,-29,-30,-22,-30,-30,-30,2
2730,-30,-30,-30,-13,-30,-30,-30,-30,-30,-30,3
1983,-30,-30,-30,-30,-30,-30,-30,-30,-30,-30,0
787,-30,-30,-30,-30,-30,-30,-30,-30,-30,-30,0
7152,-30,26,-30,-4,-30,-30,-30,-30,-30,-30,1
2020,-30,-30,-30,-30,-30,-30,-30,-30,-30,30,9
4497,-30,-30,-30,-30,-30,-30,-30,30,-30,-30,7
220,-30,-30,-30,-30,-30,-30,-30,-30,-30,-30,0
4427,-30,30,-30,-30,-30,-30,-30,-30,-30,-30,1
8910,-30,-30,-30,30,-30,-30,-30,-30,-30,-30,3
9671,-30,-30,-30,-30,-30,-30,-30,-30,-30,-24,9
5695,-30,-30,30,-30,-30,-30,-15,-30,-30,-30,2
5272,-30,-30,-30,-30,30,-30,-4,-30,-30,-30,4
8265,30,-30,-30,-30,-30,-30,-30,-30,-30,-30,0
7423,-30,-30,-30,30,-30,-30,-30,-30,-30,-30,3
1985,-30,-30,-30,-30,-30,-30,-30,30,-30,-30,7
1213,-30,-30,-30,-30,-30,-5,-30,-22,-30,-30,5
7881,-30,30,-30,-30,-30,-30,-30,-30,-30,-30,1
3196,-30,30,-30,-30,-30,-30,-30,-30,-30,-30,1
7911,-30,-30,-30,-30,-30,-30,-30,-30,-30,30,9
8622,-30,-30,-30,-30,-30,30,-30,-30,-30,-30,5
6511,-30,-7,-30,21,-30,-30,-30,-30,-30,-30,3
1641,-30,-30,-30,-30,-30,19,-30,22,-30,-30,7
6055,-30,-30,-30,-30,30,-30,-27,-30,-30,-30,4
4145,-30,-30,-30,-30,-30,-30,9,-30,-30,-30,6
6559,-30,-30,-30,-30,0,-30,30,-30,-30,-30,6
9163,-30,30,-30,-30,-30,-30,-30,-30,-30,-30,1
3202,-30,-30,-30,-30,-30,7,-30,-30,-30,-30,5
2296,-30,-30,-20,-30,-30,-30,30,-30,-30,-30,6
6087,-30,30,-30,-30,-30,-30,-30,-30,-30,-30,1
1978,-30,-30,-30,-30,-30,-30,30,-30,-30,-30,6
5996,-30,-30,30,-30,-30,-30,-5,-30,-30,-30,2
8139,-30,-30,-30,-30,-30,30,-30,-30,-30,-30,5
9026,-30,-30,-30,-30,-30,-30,-30,-30,-30,30,9
9606,-30,-30,-30,-30,-30,-30,-30,-30,-30,30,9
2464,-30,-30,-30,-30,-22,-30,-10,-30,-30,-30,6
1215,-30,-30,-30,-30,-23,-30,-30,-30,-30,-30,4
7637,-30,-30,-30,-30,30,-30,14,-30,-30,-30,4
7438,-30,20,-30,28,-30,-30,-30,-30,-30,-30,3
1671,-30,-30,-30,-30,-30,-30,-30,30,-30,-30,7
368,-30,-30,-30,-30,-30,-30,-30,-30,-30,30,9
9680,30,-30,-30,-30,-30,-30,-30,-30,-30,-30,0
4224,-30,-30,-30,-30,-30,25,-30,-27,-30,-30,5
3567,-30,-30,-30,-30,-30,-30,-30,30,-30,-30,7
9050,-30,-30,-30,11,-30,-30,-30,-30,-30,-30,3
521,-30,-30,-30,30,-30,-30,-30,-30,-30,-30,3
4140,-30,-30,-30,-30,-30,-30,-30,-30,14,-30,8
8093,-30,-30,-30,-30,4,-30,-30,-30,-30,-30,4
7589,-30,30,-30,-30,-30,-30,-30,-30,-30,-30,1
7074,-30,-30,-30,-30,-30,-30,-30,-30,30,-30,8
4088,-30,-30,30,-30,-30,-30,16,-30,-30,-30,2
8146,-30,-30,-30,-30,-30,-25,-30,-30,-30,-30,5
7722,-30,-30,-30,-30,-30,-30,-7,-30,-30,-30,6
4100,-30,-30,-30,-30,14,-30,-30,-30,-30,-30,4
8140,-30,-30,-30,-30,-30,-30,-30,-30,30,-30,8
6258,-30,-30,-30,-30,-30,-30,-30,-30,-30,30,9
9147,-30,-30,7,-30,-30,-30,-30,-30,-30,-30,2
7899,-30,-30,-30,-30,-30,-30,-30,-30,-30,15,9
5276,-30,-30,-30,30,-30,-30,-30,-30,-30,-30,3
4624,-30,-30,-30,-30,-30,-30,-30,-30,-30,-30,0
7413,-30,-30,-30,-30,-21,-30,-9,-30,-30,-30,6
2761,-30,30,-30,-30,-30,-30,-30,-30,-30,-30,1
4685,-30,30,-30,-30,-30,-30,-30,-30,-30,-30,1
4789,-30,-30,-30,-30,-30,-30,-15,-30,-30,-30,6
6085,-30,-30,-30,-30,-30,-30,15,-30,-30,-30,6
4929,-30,30,-30,-30,-30,-30,-30,-30,-30,-30,1
5640,-30,-30,-30,-30,30,-30,-30,-30,-30,-30,4
8744,-30,-30,-30,-30,-30,-30,-30,-30,-30,30,9
5667,-30,-30,-30,-30,-30,-30,-30,-30,30,-30,8
2043,-30,-30,-30,-30,-30,30,-30,-30,-30,-30,5
8594,-30,-30,-30,-30,-30,-30,-30,-30,-30,30,9
3588,-30,30,-30,-30,-30,-30,-30,-30,-30,-30,1
4557,-30,-30,-30,-30,-30,-10,-30,-30,-30,-30,5
1115,-3,-30,-30,-30,-30,-30,-21,-30,-30,-30,0
8642,-30,-30,-30,-30,-30,-30,-30,-30,-30,30,9
7473,-30,-30,-30,-30,-24,-30,-30,-30,-30,-30,4
7973,-30,-30,-30,-30,8,-30,-30,-30,-30,-30,4
3453,-30,30,-30,-30,-30,-30,-30,-30,-30,-30,1
1154,-30,-30,-30,-30,-30,-30,-30,-12,-30,-30,7
6267,-30,-30,30,-30,-30,-30,-19,-30,-30,-30,2
7381,-30,-30,-30,-30,-30,-30,-30,-30,-30,30,9
2406,-30,-30,-30,-30,-30,-30,-30,-30,30,-30,8
9097,-30,-30,-30,-30,-30,-30,-30,-30,30,-30,8
28,-30,-30,-30,-30,-30,-30,-30,-30,-30,30,9
7903,-30,-30,-30,-30,-30,-30,-30,-30,4,-30,8
7989,-30,-30,-30,-30,-30,12,-30,-30,-30,-30,5
2392,-30,-30,-30,30,-30,-30,-30,-30,-30,-30,3
4329,-30,-30,-30,-30,-30,-30,-30,-30,30,-30,8
4383,-30,-30,30,-30,-30,-30,-30,-30,-30,-30,2
4091,30,-30,-30,-30,-30,-30,-30,-30,-30,-30,0
5449,-30,-30,-30,-30,-30,-30,17,-30,-30,-30,6
735,-30,-30,-30,-30,-30,-30,30,-30,-30,-30,6
9600,-30,30,-30,-30,-30,-30,-30,-30,-30,-30,1
2610,-30,30,-30,-30,-30,-30,-30,-30,-30,-30,1
6054,-30,-30,-30,-30,-30,-30,-30,-30,-30,30,9
1701,-14,-30,-30,-30,-30,-30,-30,-30,-30,-30,0
357,-30,-30,-30,-30,-30,-30,-30,-30,-30,30,9
3624,-30,-30,-30,-30,-30,-30,-30,30,-30,-30,7
9574,-30,-30,-30,-30,-30,30,-30,-30,-30,-30,5
7892,-30,-30,-30,30,-30,-30,-30,-30,-30,-30,3
5935,-30,-30,30,-30,-30,-30,15,-30,-30,-30,2
2362,-30,-30,-30,-30,-30,-19,-30,-30,-30,14,9
343,-30,-30,-30,-30,-30,-30,-30,-30,-30,-30,0
8663,-30,-30,-30,-30,-30,30,-30,-30,-30,-30,5
3106,-30,-30,-30,-30,30,-30,30,-30,-30,-30,4
8743,-30,-30,0,-30,-30,-30,2,-30,-30,-30,6
1706,-30,-30,-30,-30,-30,-30,-30,-30,-30,30,9
40,-30,-30,-30,-30,-30,-30,-30,-30,-30,30,9
4393,-30,-30,-30,30,-30,-30,-30,-30,-30,-30,3
7065,30,-30,-30,-30,-30,-30,-30,-30,-30,-30,0
9089,-30,-30,-30,-30,-30,-30,30,-30,-30,-30,6
5430,-30,-30,-30,-30,30,-30,-30,-30,-30,-30,4
1674,-30,30,-30,-27,-30,-30,-30,-30,-30,-30,1
6094,-30,-30,-30,-30,-30,-30,-30,-15,-30,-30,7
2509,-30,-30,-30,-30,30,-30,-30,-30,-30,-30,4
8762,-30,-30,-30,-30,-30,-30,-30,-30,-30,30,9
4774,-30,-30,-30,-30,-30,-30,-7,-30,-30,-30,6
5830,-30,-30,-30,-30,-30,-30,-24,-30,19,-30,8
8300,-30,-30,-30,-30,-30,30,-30,-30,-30,-30,5
9242,-30,-30,-30,-30,-30,-30,-30,-30,30,-30,8
2960,-30,-30,-30,-30,-30,-30,30,-30,-30,-30,6
826,30,-30,-30,-30,-30,-30,-24,-30,-30,-30,0
4175,-30,30,-30,-30,-30,-30,-30,-30,-30,-30,1
6193,-30,-30,-30,30,-30,-30,-30,-30,-30,-30,3
8172,-30,-30,26,-30,-30,-30,-12,-30,-30,-30,2
6219,-30,-30,-16,-30,-30,-30,-2,-30,-30,-30,6
9086,-30,-30,-30,-10,-30,-30,-30,-30,-30,-30,3
1743,-30,-30,-30,-30,-30,-30,1,-30,-30,-30,6
4092,-30,-30,-30,-30,-30,-30,30,-30,-30,-30,6
9304,16,-30,-30,-30,-30,-30,30,-30,-30,-30,6
4829,-30,-30,28,-30,-30,-30,2,-30,-30,-30,2
2987,-30,-30,-30,-30,-30,-30,-30,-30,30,-30,8
4658,-30,-30,-30,30,-30,-30,-30,-30,-30,-30,3
8299,-30,-30,30,-30,-30,-30,-8,-30,-30,-30,2
1997,-30,-30,-30,-30,-30,-30,-11,-30,-20,-30,6
2586,-30,-30,-30,-30,-30,-30,-30,-30,-30,-30,0
2153,-30,30,-30,-30,-30,-30,-30,-30,-30,-30,1
6758,-30,-30,-30,-30,-30,-30,-24,-30,12,-30,8
9510,-30,-30,-30,-30,-30,-30,-4,-30,-30,-30,6
8955,-30,-30,-30,-30,-30,-1,-30,-30,-30,-30,5
8710,-30,-30,-22,-30,29,-30,-30,-30,-30,-30,4
9115,-30,-30,-18,-30,-30,-30,-6,-30,-30,-30,6
1,-30,-30,-30,30,-30,-30,-30,-30,-30,-30,3
4378,-30,-30,-30,-30,-30,-30,-30,-30,-30,30,9
8036,-30,-30,-30,-30,-30,-30,-19,-30,-30,-30,6
283,-30,-30,-5,-30,-30,-30,23,-30,-30,-30,6
4688,-30,-30,-30,-19,-30,-30,-30,-30,-30,-30,3
1497,-30,-30,26,-30,15,-30,-30,-30,-30,-30,2
9793,-30,-30,-30,-30,-30,30,-30,-30,-30,-30,5
9765,-30,-30,30,-30,-27,-30,-20,-30,-30,-30,2
2536,-30,-30,30,-30,-30,-30,-7,-30,-30,-30,2
5083,-30,-30,-30,-30,-30,-30,-30,30,-30,-30,7
4114,-30,-30,-30,10,-30,-30,-30,-30,-30,-30,3
3593,-30,-30,-30,-30,-30,-15,-30,30,-30,-30,7
3833,-30,-30,-30,30,-30,-30,-30,-30,-30,-30,3
5003,-30,-30,-30,30,-30,-30,-30,-30,-30,-30,3
1549,-30,-30,-18,-30,-30,-30,30,-30,-30,-30,6
9217,-30,-30,-30,-30,-30,-30,-30,-30,-30,30,9
6066,-30,-30,-30,-26,-30,-30,-30,-30,-30,-30,3
2481,-30,-30,-30,-30,-30,-30,-30,-30,30,-30,8
7005,-30,-30,-30,-30,-30,17,-30,-3,-30,-30,5
2678,-30,-30,-30,-30,-30,-30,30,-30,-30,-30,6
8185,30,-30,-30,-30,-30,-30,-11,-30,-30,-30,0
9707,-30,-30,-30,30,-30,-30,-30,-30,-30,-30,3
8211,-30,-30,-30,-30,-19,-30,30,-30,-30,-30,6
613,-30,-30,-30,-30,-30,-30,-30,30,-30,-30,7
5227,-30,-30,-30,-30,-23,-30,4,-30,-30,-30,6
3117,-30,-30,-30,-30,-30,-30,-30,-30,-23,-30,8
840,-30,-30,-30,30,-30,-30,-30,-30,-30,-30,3
9523,-30,30,-30,-30,-30,-30,-30,-30,-30,-30,1
5642,-30,30,-30,-30,-30,-30,-30,-30,-30,-30,1
3301,-30,-30,-30,-30,-30,-30,-30,-30,-30,30,9
4019,-30,-30,-30,-30,-30,-30,-30,5,-30,-30,7
5423,-30,-30,-30,-30,-30,30,-30,-30,-30,-30,5
7284,-30,-30,-30,-30,19,-30,30,-30,-30,-30,6
8915,-30,-30,30,-30,-30,-30,-30,-30,-30,-30,2
2011,-30,30,-30,-30,-30,-30,-30,-30,-30,-30,1
810,-30,-30,-4,-30,-30,-30,-6,-30,-30,-30,2
8875,-30,-30,-24,-30,-30,-30,-16,-30,-30,-30,6
5918,-30,-30,-30,-30,-30,30,-30,-30,-30,-30,5
6812,-30,-30,-30,-30,-30,-30,-30,-30,-30,30,9
9824,-30,-30,30,-30,-30,-30,-30,-30,-30,-30,2
2510,-30,-30,-30,-30,-30,30,-30,-30,-30,-30,5
1204,-30,-30,-30,-30,-30,30,-30,-30,-30,-30,5
8640,-30,30,-30,-30,-30,-30,-30,-30,-3,-30,1
5463,-30,-30,-30,30,-30,-30,-30,-30,-30,-30,3
6692,30,-30,-30,-30,-30,-30,-30,-30,-30,-30,0
1679,-30,-30,-30,-30,-30,-30,-30,-30,-30,30,9
9886,-30,-30,-25,-30,-26,-30,10,-30,-30,-30,6
4488,-30,-30,-30,-30,-18,-30,-30,-30,-30,-30,4
7866,-30,-30,8,-30,-30,-30,-13,-30,-30,-30,2
4903,-30,-30,-30,-30,-30,-30,-25,-30,-30,-30,6
2863,-30,-30,11,-30,-30,-30,-11,-30,-30,-30,2
9788,-30,-30,-30,-30,-30,-30,-30,-30,-30,-30,0
2831,-30,-30,-30,-30,-30,-30,-30,-27,-30,25,9
1759,-30,-30,-17,-30,-30,-30,13,-30,-30,-30,6
6524,-30,-30,-30,30,-30,-30,-30,-30,-30,-30,3
750,-30,-30,-30,-30,-30,-30,-30,-30,-30,-30,0
7147,-30,-30,-30,10,-30,-30,-30,-30,-30,-30,3
2556,-30,-30,30,-30,-30,-30,-4,-30,-30,-30,2
3936,5,-30,-30,-30,-30,-30,-22,-30,-24,-30,0
1376,-30,-30,-30,-30,30,-30,-30,-30,-30,-30,4
4879,-30,30,-30,-30,-30,-30,-30,-30,-30,-30,1
2050,-30,-30,-30,-12,-30,-30,-30,-30,-30,-30,3
8023,-30,-30,-30,-30,-30,-30,-30,-30,-30,-8,9
5104,-30,-30,30,-30,-30,-30,7,-30,-30,-30,2
3530,-30,-30,-30,-30,30,-30,30,-30,-30,-30,4
1107,-30,-30,22,-30,-30,-30,-30,-30,-30,-30,2
2462,-30,-30,30,-30,-30,-30,-30,-30,-30,-30,2
9870,-30,-30,-30,30,-30,-30,-30,-30,-30,-30,3
5266,-30,-30,-21,-30,-23,-30,-3,-30,-30,-30,6
8807,-30,-30,-30,-19,-30,-30,-30,-30,-30,-30,3
7341,30,-30,-30,-30,-30,-30,-30,-30,-30,-30,0
4202,-30,-30,-30,-30,-30,-30,-30,-30,30,-30,8
142,-30,-30,-30,30,-30,-30,-30,-30,-30,-30,3
6166,-30,-30,-30,-30,-30,30,-30,-30,-30,-30,5
2004,-30,30,-30,-30,-30,-30,-30,-30,-30,-30,1
10,-30,-30,-19,-30,-30,-30,30,-30,-30,-30,6
410,-30,-29,-30,-30,-30,-30,-30,-30,-23,-30,8
1091,-30,-30,-30,-30,-30,-30,-30,-30,30,-30,8
8979,-30,-30,30,-30,-30,-30,-28,-30,-30,-30,2
8342,-30,30,-30,-30,-30,-30,-30,-30,-30,-30,1
1288,-30,-30,4,-30,-30,-30,-30,-30,-30,-30,2
1039,-30,30,-30,-30,-30,-30,-30,-30,-30,-30,1
6181,-30,30,-30,-30,-30,-30,-30,-30,-30,-30,1
3330,-30,-30,-30,-30,-30,-30,-30,-30,-30,30,9
423,-30,-30,-30,-30,-30,-30,30,-30,-30,-30,6
5256,-30,-30,-30,-30,-30,2,-30,6,-30,-30,7
2659,-30,-30,-30,-30,-30,-30,-30,-30,-30,30,9
2498,-17,-30,-30,-30,-30,-30,1,-30,-30,-30,6
2262,-30,-30,-30,-30,-30,-30,-30,-30,30,-30,8
8260,30,-30,-30,-30,-30,-30,-30,-30,-30,-30,0
5012,-30,-30,-30,30,-30,-30,-30,-30,-30,-30,3
303,-30,-30,-24,-30,-30,-30,7,-30,-30,-30,6
1108,-30,-30,-30,30,-30,-30,-30,-30,-30,-30,3
8570,-30,-30,-30,-30,-30,-30,-9,-30,23,-30,8
669,-30,-24,-30,30,-30,-30,-30,-30,-30,-30,3
3829,-30,-30,-30,-30,-30,-30,-30,30,-30,-30,7
477,-30,-30,-30,-30,-30,30,-30,-30,-30,-30,5
4336,-30,-30,-30,-30,-30,-30,30,-30,-30,-30,6
5162,-30,30,-30,-30,-30,-30,-30,-30,-30,-30,1
6136,-30,30,-30,-30,-30,-30,-30,-30,-30,-30,1
8924,-30,-30,30,-30,-30,-30,-15,-30,-30,-30,2
6344,4,-30,-30,-30,-30,-30,24,-30,-30,-30,6
8549,-30,-30,-30,-30,-30,30,-30,-30,-30,-30,5
3644,-30,-30,-30,-30,-30,1,-30,-30,-30,-17,5
4474,30,-30,-30,-30,-30,-30,-30,-30,-30,-30,0
8839,-30,30,-30,-30,-30,-30,-30,-30,-30,-30,1
3618,30,-30,-30,-30,-30,-30,-16,-30,-30,-30,0
3841,-30,-30,-30,-30,-30,30,-30,-30,-30,-30,5
8914,-30,-30,11,-30,-30,-30,-30,-30,-30,-30,2
5906,-30,-30,-30,-30,-30,-30,-30,-30,30,-30,8
1848,-30,-30,-30,-30,-30,-30,-30,-30,-30,30,9
1921,-30,-30,-30,-30,-30,-30,-30,30,-30,-30,7
3769,-30,-30,-30,-30,-30,-30,-30,-30,-30,30,9
9632,-30,30,-30,-30,-30,-30,-30,-30,-30,-30,1
5953,-30,30,-30,-30,-30,-30,-30,-30,-30,-30,1
1174,-30,-19,-30,30,-30,-30,-30,-30,-30,-30,3
9882,-30,-30,-30,11,-26,-30,-30,-30,-30,-30,3
9280,-30,-30,-30,-30,-30,30,-30,-30,-30,-30,5
6416,-30,-30,-30,-30,-30,-30,-19,-30,-30,-30,6
2155,-30,-30,-30,-30,-30,-30,-30,30,-30,-30,7
904,-30,-30,-30,-30,-30,-30,-30,-30,-30,2,9
5894,-30,-30,-30,-30,-30,-30,-30,-30,-30,30,9
2477,-30,-30,-30,-30,-30,-30,-12,-30,-30,-30,6
3318,-30,-30,-30,-30,-30,-30,-30,-30,-30,30,9
4415,-30,-30,-30,30,-30,-30,-30,-30,-30,-30,3
5545,-30,-30,-30,-30,-16,-30,-30,-30,-30,-30,4
1006,-30,-30,-30,-30,-30,-30,30,-30,-30,-30,6
3274,-30,-30,6,-30,-30,-30,4,-30,-30,-30,2
5474,-30,-30,-30,-30,-30,-30,-30,-30,30,-30,8
2297,-30,-30,-30,-30,-30,-9,-30,-2,-30,-30,7
5161,-30,-30,-30,-30,-30,-30,4,-30,-30,-30,6
241,-30,-30,-30,-30,-30,30,-30,-30,-30,-30,5
2208,-30,-30,-30,-30,-30,-30,-30,-30,-30,30,9
7733,-30,-30,-30,-30,-30,-30,-30,-30,30,-30,8
4338,-30,-23,-30,30,-30,-30,-30,-30,-30,-30,3
2540,-30,-30,-30,-30,-30,-30,-30,-30,30,-30,8
5600,-30,30,-30,-30,-30,-30,-30,-30,-30,-30,1
945,-30,-30,-30,30,-30,-30,-30,-30,-30,-30,3
9867,-30,30,-30,-30,-30,-30,-30,-30,-30,-30,1
3809,-30,-30,-30,30,-30,-30,-30,-30,-30,-30,3
2966,-30,-30,-30,-30,-30,-17,-30,7,-30,-30,7
4939,-30,-30,-21,-30,-30,-30,-5,-30,-30,-30,6
4916,-30,-30,-30,-30,-30,4,-30,-30,-30,-30,5
1867,-30,-30,-30,-30,-30,-30,-30,-30,-30,-30,0
7978,-30,-30,-30,-30,19,-30,-30,-30,-21,-30,4
7368,-30,-30,-30,-30,-30,-30,-30,-30,-30,30,9
6413,-30,-30,-30,-30,-30,-30,-25,-30,-18,-30,8
5034,-30,-30,-30,-30,-30,-30,-30,30,-30,-30,7
5115,-30,30,-30,-30,-30,-30,-30,-30,-30,-30,1
8926,-30,-30,-30,-30,-30,-30,-30,-30,-30,-30,0
2994,-30,-30,-30,-30,-30,-30,-30,-30,30,-30,8
5462,-30,-30,-30,30,-30,-30,-30,-30,-30,-30,3
3528,-30,-30,-30,-30,-30,-30,-30,30,-30,-30,7
602,-30,-30,-30,-30,-30,-30,-30,30,-30,-30,7
4023,-30,-30,-30,-30,-30,-30,10,-30,-30,-30,6
4305,-30,-30,-30,-30,-30,-30,-30,30,-30,-30,7
1745,-30,-30,-30,-30,-30,-30,-30,-30,-30,30,9
9054,-30,-30,-12,-30,-30,-30,-17,-30,-30,-30,2
8444,-30,-30,-30,-30,-30,-24,-30,8,-30,-30,7
5824,-30,-30,-30,-30,-30,-30,-30,30,-30,-30,7
209,30,-30,-30,-30,-30,-30,-30,-30,-30,-30,0
1579,-30,30,-30,-30,-30,-30,-30,-30,-30,-30,1
9297,-30,-30,-30,-30,22,-30,-2,-30,-30,-30,4
4273,-30,30,-30,-30,-30,-30,-30,-30,-30,-30,1
6665,-30,-30,-25,-30,-30,-30,-20,-30,-30,-30,6
5751,-30,-30,-30,30,-30,-30,-30,-30,30,-30,3
5973,-30,-30,-30,-30,-30,-30,-25,-30,-30,-30,6
9233,-30,-30,-30,-30,-30,-30,-30,-30,-30,-30,0
637,-30,-30,-30,-30,-30,-30,-30,30,-30,-30,7
5133,-30,-30,-7,-30,-10,-30,-10,-30,-30,-30,2
5735,-30,-30,-30,-30,-30,-30,-30,30,-30,-30,7
6108,-30,30,-30,-30,-30,-30,-30,-30,-30,-30,1
1946,-30,-30,-30,-30,-30,-30,-30,-30,30,-30,8
8996,-30,-30,-30,-30,-30,-29,-30,30,-30,-30,7
3291,-30,-30,-30,-30,-30,0,-30,-30,-30,-24,5
5144,-30,30,-30,-30,-30,-30,-30,-30,-30,-30,1
7498,-30,-30,-30,30,-30,-30,-30,-30,-30,-30,3
6088,-30,30,-30,-30,-30,-30,-30,-30,-30,-30,1
8106,16,-30,-30,-30,-30,-30,-16,-30,-30,-30,0
6293,-30,-30,-30,30,-30,-30,-30,-30,-30,-30,3
3477,-30,-30,-30,-30,18,-30,30,-30,-30,-30,6
2272,-30,-30,-30,-30,-30,30,-30,-30,-30,-30,5
1060,-30,-30,-30,30,-30,-30,-30,-30,-30,-30,3
9319,-30,-30,-30,-30,-30,-30,-30,-30,30,-30,8
9122,-30,-30,-30,-30,-30,-30,16,-30,-30,-30,6
1801,-30,-30,-30,6,-30,-30,-30,-30,-30,-30,3
2826,-30,-30,-30,-30,30,-30,-3,-30,-30,-30,4
604,-30,-30,-30,-30,-30,-30,-30,-30,-30,30,9
4794,-30,-30,-30,20,-30,-30,-30,-30,-30,-30,3
9265,-30,30,-30,-30,-30,-30,-30,-30,-30,-30,1
1037,-30,-30,-30,-30,-30,30,-30,-30,-30,-30,5
4206,-30,-30,-30,9,-30,-30,-30,-30,-30,-30,3
4438,30,-30,-30,-30,-30,-30,-28,-30,-30,-30,0
4408,-30,-30,-30,-30,-30,-30,-30,30,-30,-30,7
2923,30,-30,-30,-30,-30,-30,-6,-30,-30,-30,0
9509,-30,-30,-29,-30,-30,-30,3,-30,-30,-30,6
3404,-30,-30,0,-30,-22,-30,-30,-30,-30,-30,2
5828,-30,-30,-30,-30,-30,30,-30,-30,-30,-30,5
9060,-30,30,-30,-30,-30,-30,-30,-30,-30,-30,1
9665,-30,-30,-17,-30,-30,-30,-14,-30,-30,-30,6
5020,-30,-30,-21,-30,-30,-30,30,-30,-30,-30,6
1040,-30,-30,-28,-30,-30,-30,-30,-30,-30,-30,2
7893,-30,-30,-30,-30,-30,-30,-30,-30,30,-30,8
1439,-30,-30,-30,21,-30,-30,-30,-30,-24,-30,3
8119,-30,-30,-30,-30,-30,-30,-30,-30,-30,19,9
9570,-30,-30,-30,-30,-30,-30,-27,-30,30,-30,8
4701,-27,-30,-30,-30,-30,-30,-30,-30,-30,-30,0
6886,-30,-30,-30,-30,-30,-30,-30,-30,-30,-30,0
5734,-30,-30,30,-30,-30,-30,0,-30,-30,-30,2
5861,-30,-30,-30,-30,-30,-30,-30,-30,-30,-30,0
5680,-30,-30,30,-30,-30,-30,-1,-30,-30,-30,2
5645,-30,-30,-30,-30,-30,30,-30,-30,-30,-30,5
3401,-30,30,-30,-30,-30,-30,-30,-30,-30,-30,1
1698,-30,-30,-30,-30,-30,-30,-30,-30,-30,30,9
3051,-30,-30,-30,-30,-30,-30,-30,-30,-16,-30,8
5406,-30,-30,-30,30,-30,-30,-30,-30,-30,-30,3
1620,-30,-30,-30,-30,-30,-30,-30,-30,30,-30,8
1522,-30,-30,-30,-30,-30,-30,-30,-17,-30,-30,7
4308,-30,30,-30,-30,-30,-30,-30,-30,-30,-30,1
9986,-30,-30,-30,-30,-30,-30,-30,-30,30,-30,8
9899,-30,30,-30,-30,-30,-30,-30,-30,-30,-30,1
8332,-30,-30,30,-30,-30,-30,-30,-30,-30,-30,2
2329,30,-30,-30,-30,-30,-30,-30,-30,-30,-30,0
5098,-30,-30,-30,-30,-30,-30,-30,-30,-30,30,9
2398,-30,-30,30,-30,-30,-30,-30,-30,-30,-30,2
5113,-30,-30,-30,-30,30,-30,-30,-30,-30,-30,4
9664,-30,-30,-30,-30,-30,-30,-30,-30,-30,-30,0
7322,-30,-30,-30,-30,30,-30,-30,-30,-30,-30,4
3711,-30,-30,-30,-30,-30,-30,-4,-30,-30,-30,6
4409,-30,30,-30,-30,-30,-30,-30,-30,-30,-30,1
754,-30,-30,-30,30,-30,-30,-30,-30,-30,-30,3
2197,-30,-30,-30,-30,-30,30,-30,-30,-30,-30,5
4005,-30,-30,7,-30,-30,-30,30,-30,-30,-30,6
3147,-30,-30,-30,-30,-30,-30,-30,-30,-30,19,9
1200,-30,-30,-30,-30,-30,-29,-30,30,-30,-30,7
6506,-30,-30,-30,-30,-30,-6,-30,-30,-30,-7,5
7231,-30,-30,-30,-10,-30,-30,-30,-30,-30,-30,3
816,-30,-30,-30,-30,-30,-30,-30,1,-30,-30,7
3597,-30,-30,-30,-30,-30,23,-30,-30,-30,-30,5
7814,-30,-30,-30,-30,-30,30,-30,-30,-30,-30,5
4893,-30,-30,-30,-30,-30,-30,28,-30,-30,-30,6
2668,-30,-30,-30,-30,26,-30,-6,-30,-30,-30,4
9166,-30,-30,-30,-30,-30,-30,-30,-30,30,-30,8
5908,30,-30,-30,-30,-30,-30,-30,-30,-30,-30,0
4578,-30,-30,-30,-30,-30,-30,-30,30,-30,-30,7
6943,30,-30,-30,-30,-30,-30,-15,-30,-30,-30,0
3778,-30,-30,-30,-30,-30,-30,-30,-30,30,-30,8
8473,-30,-30,-30,-30,-30,-30,-30,-30,-10,-30,8
3941,-30,-30,30,-30,-30,-30,-30,-30,-30,-30,2
5855,-30,30,-30,-30,-30,-30,-30,-30,-30,-30,1
8038,-30,-30,-30,-30,-30,-30,-30,-21,-30,-30,7
900,-30,-30,-30,-30,-30,-30,-30,30,-30,-30,7
824,-30,-30,-30,-30,-30,-14,-30,14,-30,-30,7
4959,-30,-30,-30,-30,-30,-30,-11,-30,-30,-30,6
1428,-30,-30,-30,-30,-30,-30,-30,-30,30,-30,8
798,30,-30,-30,-30,-30,-30,-30,-30,-30,-30,0
6966,-30,-30,-30,30,-30,-30,-30,-30,-30,-30,3
6385,30,-30,-30,-30,-30,-30,-30,-30,-30,-30,0
121,-30,-30,-30,-30,-30,-30,-30,-30,-30,30,9
3093,-30,-30,-30,-30,-30,-30,-30,-30,30,-30,8
308,-30,-30,-30,-30,-30,19,-30,-30,-30,-30,5
2457,1,-30,-30,-30,-30,-30,21,-30,-30,-30,6
9184,-30,-30,-30,-30,-30,-30,-30,-30,-30,-30,0
1454,-30,-30,-30,-30,-30,-30,-30,-30,30,-30,8
6162,-30,30,-30,-30,-30,-30,-30,-30,-30,-30,1
9365,-30,-30,-30,-30,-30,24,-30,13,-30,-30,5
6171,-30,-30,-30,-30,-30,30,-30,-30,-30,-30,5
8337,-30,-30,-30,-30,-30,-26,-30,-14,-30,-30,7
8323,30,-30,-30,-30,-30,-30,-30,-30,-30,-30,0
1426,-30,30,-30,-30,-30,-30,-30,-30,-30,-30,1
8569,-30,-30,-25,-30,-30,-30,30,-30,-30,-30,6
4604,-30,30,-30,-27,-30,-30,-30,-30,-30,-30,1
1269,-30,-30,-30,-7,-30,-30,-30,-30,-30,-30,3
907,-30,-30,-30,-30,-30,-30,-16,-30,-25,-30,6
354,-30,-30,-30,-30,-18,-30,30,-30,-30,-30,6
7751,-30,-30,-30,-30,6,-30,-30,-30,-30,-30,4
2865,-30,-30,-4,-30,-30,-30,-2,-30,-30,-30,6
146,-30,30,-30,-30,-30,-30,-30,-30,-30,-30,1
2774,-30,-30,-30,-30,-30,-30,-30,30,-30,-30,7
139,-30,-30,-30,-30,-30,-30,-11,-30,-30,-30,6
1333,-30,-30,30,-30,-30,-30,-16,-30,-30,-30,2
9455,-30,-30,8,-30,-30,-30,-22,-30,-28,-30,2
6568,-30,-30,-30,-30,-23,-30,30,-30,-30,-30,6
7678,-30,30,-30,-30,-30,-30,-30,-30,-30,-30,1
5867,-30,-30,-30,-30,-30,-30,-30,-30,30,-30,8
9715,-30,-30,30,-30,-30,-30,-19,-30,-30,-30,2
5556,-30,-30,30,-30,-30,-30,9,-30,-30,-30,2
1807,-30,-30,-30,-30,-30,-30,30,-30,-30,-30,6
5904,-30,-30,-30,30,-30,-30,-30,-30,-8,-30,3
7845,30,-30,-30,-30,-30,-30,-30,-30,-30,-30,0
3562,-30,-30,-30,-30,-30,-30,-30,-30,30,-30,8
81,-30,-30,-30,-30,-30,-30,-30,-30,30,-30,8
5441,-30,-30,-30,-30,30,-30,-30,-30,-30,-30,4
8547,-30,-30,-30,-30,30,-30,30,-30,-30,-30,4
9281,-30,-30,30,-30,-30,-30,-30,-30,-30,-30,2
6923,30,-30,-30,-30,-30,-30,-30,-30,-30,-30,0
2312,-30,-30,-30,-30,-30,-30,-30,30,-30,-30,7
6037,30,-30,-30,-30,-30,-30,-30,-30,-30,-30,0
2672,-30,-30,-30,-30,-30,-30,-30,-30,30,-30,8
3632,-30,-30,-30,-30,-30,-30,-30,-30,-30,30,9
2769,-30,30,-30,-30,-30,-30,-30,-30,-30,-30,1
1688,-30,-30,-30,-30,18,-30,-30,-30,-30,-30,4
7166,-30,-30,-30,-30,23,-30,25,-30,-30,-30,6
5114,-30,-30,-30,-30,-30,-30,-30,30,-30,-30,7
4210,30,-30,-30,-30,-30,-30,-30,-30,-30,-30,0
5955,-30,-30,-30,-30,-30,-30,-30,-30,30,-30,8
9423,-30,30,-30,-30,-30,-30,-30,-30,-30,-30,1
1071,-30,-30,-30,-30,-30,-30,-30,-30,30,-30,8
4173,-30,-30,-6,-30,-30,-30,-30,-30,-30,-30,2
6975,-30,-30,-30,-30,8,-30,-15,-30,-30,-30,4
5771,-30,-30,-17,-30,-9,-30,-6,-30,-30,-30,6
2049,-30,-30,-30,-30,-30,-30,-30,-4,-30,-30,7
2098,-30,-30,-30,-30,-30,-30,-30,-30,30,-30,8
7670,-30,-30,-30,-30,-30,-26,-30,30,-30,-30,7
8869,-30,-30,-30,-30,-30,-30,-30,-30,-30,30,9
9918,-30,-30,-30,-30,-30,-30,-30,-30,-30,-4,9
4363,-30,-30,-30,8,-30,-30,-30,-30,-30,-30,3
7617,-30,-30,-30,-30,-30,-24,-30,-30,-30,30,9
9970,-30,-30,-30,-30,5,-30,-11,-30,-30,-30,4
5170,-30,-30,-30,-30,30,-30,-30,-30,-30,-30,4
3349,30,-30,-30,-30,-30,-30,-30,-30,-30,-30,0
7209,-30,-30,14,-30,-30,-30,-5,-30,-30,-30,2
6982,-30,30,-30,-30,-30,-30,-30,-30,-30,-30,1
918,-30,-30,-30,-30,-30,-30,-23,-30,-30,-30,6
9048,-30,-30,-30,-30,-30,-30,-30,-30,30,-30,8
7922,-30,-30,-30,-30,30,-30,-30,-30,-30,-30,4
4597,-30,-30,11,-30,-30,-30,13,-30,-30,-30,6
8758,-30,-30,-30,-30,-30,-30,-30,-1,-30,-30,7
5729,-30,-30,-30,-30,-30,-30,-30,-30,-30,-30,0
4185,-30,-30,-30,-30,-30,-30,30,-30,-30,-30,6
1016,-30,-30,30,-30,-30,-30,7,-30,-30,-30,2
1540,-30,-30,-30,-30,-30,-30,-30,-30,-30,30,9
7737,-30,30,-30,-30,-30,-30,-30,-30,-30,-30,1
4888,-30,-30,-30,-30,-30,-30,-30,-30,30,-30,8
973,30,-30,-30,-30,-30,-30,-30,-30,-30,-30,0
8561,-18,-30,-30,-30,-30,-30,-20,-30,-30,-30,0
9514,-30,-30,2,-30,-7,-30,-30,-30,-30,-30,2
2772,-30,-30,-6,-30,-30,-30,-1,-30,-30,-30,6
7598,23,-30,-30,-30,-30,-30,-15,-30,-30,-30,0
1821,-30,-30,-30,-6,-30,-30,-14,-30,-30,-30,3
3451,-30,-30,-30,-30,-30,-30,-2,-30,-30,-30,6
1238,-30,-30,-25,-30,-30,-30,-9,-30,-30,-30,6
6706,-30,30,-30,-30,-30,-30,-30,-30,-30,-30,1
4695,-30,-30,-30,15,-30,-30,-30,-30,-30,-30,3
5428,-30,-30,-30,-30,-30,-30,-9,-30,-22,-30,6
6856,-30,-30,-30,-15,-30,-30,-30,-30,-30,-30,3
5858,-30,-30,-30,-28,8,-30,-30,-30,-30,-30,4
472,-30,30,-30,-30,-30,-30,-30,-30,-30,-30,1
6694,-30,-30,-30,-30,-30,-30,-30,30,-30,-30,7
9719,-30,-30,-30,-30,-30,-30,-30,-30,30,-30,8
5086,-30,30,-30,-30,-30,-30,-30,-30,-30,-30,1
4373,30,-30,-30,-30,-30,-30,-30,-30,-30,-30,0
5946,-30,-30,-30,-30,-30,-30,-30,30,-30,-30,7
2948,-30,-30,-30,-30,-30,-30,-30,-30,-30,-30,0
3446,-30,-30,-30,-30,-30,-15,-30,15,-30,-30,7
4669,30,-30,-30,-30,-30,-30,-30,-30,-30,-30,0
3488,-30,-30,-30,23,-30,-30,-30,-30,30,-30,8
7289,-30,-30,30,-30,-30,-30,-9,-30,-30,-30,2
2581,-30,-30,-30,-30,-30,-30,-30,-30,30,-30,8
6470,-30,-30,-30,-30,-30,-2,-30,-30,-30,-30,5
2513,-30,-30,-30,-30,-30,-30,-30,-30,30,-30,8
9498,-30,-30,-30,-30,-30,-30,-30,30,-30,-30,7
6565,-30,-30,-30,-30,-30,-30,-30,-30,30,-30,8
6417,-30,-30,-30,-30,22,-30,-30,-30,-30,-30,4
841,-30,-30,-30,-30,-30,30,-30,-30,-30,-30,5
7156,-30,-30,-30,-30,-30,-30,-30,-30,-30,30,9
650,-30,-30,-30,-30,-30,-24,-30,-14,-30,-30,7
9378,-30,-30,-30,-30,-30,30,-30,-30,-30,-30,5
1523,-30,30,-30,-30,-30,-30,-30,-30,-30,-30,1
4256,-30,-30,8,-30,-30,-30,-30,-30,-30,-30,2
2206,-30,-30,-30,-30,-4,-30,-30,-30,-30,-30,4
258,-30,-30,-30,-30,-30,-30,-30,30,-30,-30,7
7896,-30,-30,-30,-30,-30,-30,30,-30,-30,-30,6
6581,-30,-30,-30,-30,-30,-30,-30,-30,-30,30,9
1267,-30,-30,-30,-30,-30,-30,-30,30,-30,-30,7
9404,-30,-30,-30,-30,-30,-30,-15,-30,27,-30,8
1591,-30,-30,-30,-30,-30,-30,-30,-30,-30,-30,0
9422,-30,-30,-30,-30,-30,-30,-30,30,-30,-30,7
6938,-30,-30,-30,-30,30,-30,-30,-30,-30,-30,4
9617,-30,-30,-30,-30,-30,-30,30,-30,-30,-30,6
4122,-30,-30,-30,-30,-30,-30,-30,-30,-30,-30,0
2503,-30,-30,-30,-30,-30,-30,-22,-30,7,-30,8
1855,-30,-30,-30,-30,-30,-30,-30,-30,30,-30,8
7436,-30,-30,-30,-30,-30,-30,-30,-30,-30,-30,0
1587,-30,-30,-30,-30,-30,30,-30,-30,-30,-30,5
1283,-30,30,-30,-30,-30,-30,-30,-30,-30,-30,1
3016,-30,-30,-30,-30,-30,-30,-30,-30,30,-30,8
3028,-30,-30,-30,-30,-30,-30,-6,-30,-30,-30,6
414,-30,-30,-30,-30,-30,-30,-11,-30,-30,-30,6
5017,-30,-30,30,-30,-30,-30,-8,-30,-30,-30,2
1212,-30,-30,30,-30,-30,-30,-20,-30,-30,-30,2
3891,-30,-30,-30,-30,-30,-30,-30,-30,-30,22,9
1395,-30,-30,-30,-30,-30,-30,-30,-30,30,-30,8
105,-30,-30,-30,-30,-30,-30,-30,-30,-30,30,9
8883,30,-30,-30,-30,-30,-30,-29,-30,-30,-30,0
7787,-30,-30,30,-30,-30,-30,10,-30,-30,-30,2
1061,-30,-30,-30,-30,-30,-30,-30,30,-30,-30,7
9,-30,-30,-30,-30,-30,-30,-30,-30,-30,30,9
4937,-30,-30,-30,30,-30,-30,-30,-30,-30,-30,3
2181,-30,-30,-30,-30,-30,30,-30,-30,-30,-30,5
6022,-30,-30,-30,-30,-30,-30,-30,-30,-30,-30,0
2528,-30,-30,-30,-30,-30,-30,-30,-30,30,-30,8
3989,-30,-30,-30,-30,-27,-30,19,-30,-30,-30,6
9151,-30,-30,-30,7,-30,-30,-30,-30,-30,-30,3
7930,-30,-30,-30,-30,-30,-30,-30,-30,-30,30,9
7979,-30,-30,-30,-30,-30,19,-30,-30,-30,-30,5
9737,-30,-30,-30,-30,-30,-30,-30,-30,-30,22,9
2893,-30,-30,-30,30,-30,-30,-30,-30,-30,-30,3
427,30,-30,-30,-30,-30,-30,-30,-30,-30,-30,0
2284,-30,-30,-30,-30,-30,-30,-30,-30,30,-30,8
4889,-30,-30,-30,-30,-23,-30,30,-30,-30,-30,6
9950,-30,-30,-30,30,-30,-30,-30,-30,-30,-30,3
3179,-30,-30,-30,-30,-30,-30,30,-30,-30,-30,6
4198,-30,-30,-30,-14,-30,-30,-30,-30,-30,-30,3
88,-30,-30,-30,-30,-30,30,-30,-30,-30,-30,5
1102,-30,-30,-30,-30,-30,-30,-30,-30,30,-30,8
3871,-17,-30,-30,-30,-30,-30,-15,-30,-30,-30,6
4564,-9,-30,-30,-30,-30,-30,-14,-30,-30,-30,0
5193,-30,30,-30,-30,-30,-30,-30,-30,-30,-30,1
3146,-30,-30,-30,-30,-30,-30,-30,-30,30,-30,8
2908,-30,-30,30,-30,-30,-30,-8,-30,-30,-30,2
1666,-30,-30,-30,-30,-30,-30,-30,-30,-30,30,9
6216,30,-30,-30,-30,-30,-30,-30,-30,-30,-30,0
5122,30,-30,-30,-30,-30,-30,-30,-30,-30,-30,0
2494,-30,-30,-30,-30,-30,-7,-30,1,-30,-30,7
6090,-30,-30,-30,-30,-30,-30,30,-30,-30,-30,6
3966,16,-30,-30,-30,-30,-30,-14,-30,-30,-30,0
2671,-30,-30,-30,-30,-30,-30,-30,-30,-14,-30,8
301,-30,-30,-30,-30,-30,-30,-30,-30,-30,-30,0
9871,-30,-30,-30,-30,-30,-30,-23,-30,-30,-30,6
1711,-30,-30,-30,-30,-30,-30,-30,-30,30,-30,8
1266,-30,-30,-30,-30,-30,-30,-30,-30,30,-30,8
4330,-30,-30,17,-30,-30,-30,-12,-30,-30,-30,2
5988,30,-30,-30,-30,-30,-30,-13,-30,-30,-30,0
4002,-30,-30,-30,30,-30,-30,-30,-30,-30,-30,3
184,-30,-30,-30,-30,-30,-30,-30,-30,-13,-30,8
8835,-30,-30,-30,-30,-30,-30,-30,30,-30,-30,7
9881,-30,30,-30,-30,-30,-30,-30,-30,-30,-30,1
5714,-30,-30,-30,-30,-30,-30,-30,-30,-9,-30,8
3736,-30,-30,-30,-30,-30,-30,-30,30,-30,-30,7
3471,-30,-30,-30,-30,-8,-30,-3,-30,-30,-30,6
9807,-30,-30,-30,-30,-30,-30,-30,-30,-5,-30,8
2789,-30,-30,-30,-30,-30,-30,-30,-18,-30,-30,7
2254,-30,30,-30,-30,-30,-30,-30,-30,-30,-30,1
4311,-30,-30,-30,-30,-30,-30,8,-30,-30,-30,6
8302,-30,-30,-30,-30,-30,-4,-30,-30,-30,-30,5
9017,-30,-30,7,-30,-30,-30,-30,-30,-30,-30,2
4395,-30,-30,-30,-30,-30,-30,-30,-30,-30,-30,0
745,-30,-30,-30,-30,-30,-30,-30,-30,-30,19,9
3462,-30,-30,-30,-30,-30,-30,-30,-30,-30,30,9
9676,-30,-30,-2,-30,-30,-30,-8,-30,-20,-30,2
9565,-30,-30,-30,-30,-15,-30,-30,-30,-30,-30,4
8375,-30,-30,-30,-30,-30,-30,-30,-30,30,-30,8
155,-30,-30,-30,-30,-30,-30,-14,-30,-18,-30,6
9837,-30,30,-30,-30,-30,-30,-30,-30,-30,-30,1
8176,-30,30,-30,-30,-30,-30,-30,-30,-30,-30,1
7532,-30,-30,-30,-30,-30,-30,-30,-30,30,-30,8
5051,-30,-30,-30,-30,-30,-30,-30,-30,30,-30,8
408,-30,-30,-30,20,-30,-30,-30,-30,-30,-30,3
6557,-30,-30,-30,-30,-30,30,-30,-30,-30,-30,5
6464,-30,-30,-30,-30,-30,-26,-30,12,-30,-30,7
4811,-30,-30,-30,-30,-30,-6,-30,-30,-23,-30,5
514,-30,-30,22,-30,-30,-30,-2,-30,-30,-30,2
5483,-30,-30,-30,-30,-30,-30,-30,-30,-30,6,9
7572,-30,-30,-30,-30,30,-30,7,-30,-30,-30,4
2126,-30,-30,-30,30,-30,-30,-30,-30,-30,-30,3
192,-30,-30,-30,-30,-30,-30,-30,-30,-30,-30,0
3303,-30,-3,-30,-30,-30,-30,-30,-30,-30,-30,1
6509,-30,-30,-30,-30,-30,-30,-30,-30,30,-30,8
5516,-30,-30,-30,-30,-30,-30,-30,-30,-30,30,9
7033,4,-30,-30,-30,-30,-30,-30,-30,-30,-30,0
1358,-30,-30,30,-30,-30,-30,-5,-30,-30,-30,2
8749,18,-30,-30,-30,-30,-30,-30,-30,-30,-30,0
8923,-30,-30,-30,-30,-20,-30,-30,-30,-30,-30,4
3235,-30,-30,-30,-30,-30,23,-30,-30,-30,-30,5
1714,-30,-30,-30,-30,-30,-30,-30,-13,-30,-30,7
9641,30,-30,-30,-30,-30,-30,-30,-30,-30,-30,0
5980,-30,-30,-30,-30,20,-30,-14,-30,-30,-30,4
9068,-30,-30,-30,30,-30,-30,-30,-30,-30,-30,3
5376,-30,-30,-30,-30,-30,-30,-30,-30,-30,30,9
2683,-30,-30,-30,-30,-30,4,-30,-7,-30,-30,5
1336,-30,-30,-30,-30,-30,-30,-30,-8,-30,-30,7
9840,-30,-30,-30,-30,-24,-30,30,-30,-30,-30,6
6445,-30,-30,-15,-30,-30,-30,-4,-30,-30,-30,6
817,-30,-30,-30,-30,-30,30,-30,-30,-30,-30,5
4340,-30,-30,-30,-30,-30,-30,-30,-30,30,-30,8
5801,-30,-30,-30,30,-30,-30,-30,-30,-30,-30,3
857,-30,30,-30,-30,-30,-30,-30,-30,-30,-30,1
24,-30,-30,-30,30,-30,-30,-30,-30,-30,-30,3
2455,-30,-30,-30,-30,-30,-18,-30,16,-30,-30,7
8109,-30,-30,-26,-30,26,-30,-7,-30,-30,-30,4
4464,-30,-30,-30,-30,-30,-20,-30,-30,-30,18,9
9572,-30,-30,-30,-30,-5,-30,-30,-30,-30,-30,4
8286,-30,-30,-30,30,-30,-30,-30,-30,-30,-30,3
4862,-30,-30,-30,-30,-30,-30,-30,-30,-30,30,9
6551,-30,-30,-30,-30,-30,-30,-30,-30,-30,-30,0
3583,-30,-30,4,-30,-30,-30,-21,-30,-30,-30,2
5887,30,-30,-30,-30,-30,-30,-30,-30,-30,-30,0
3366,-30,-30,-30,-30,-30,-30,-30,-30,30,-30,8
1020,-30,-30,-30,-30,-30,-30,-30,-30,-30,-30,0
3655,-30,-30,-30,-30,-30,-30,-30,-30,-30,30,9
8114,-30,30,-30,-30,-30,-30,-30,-30,-30,-30,1
1677,-30,-30,-30,-30,-30,-30,-30,-30,-30,30,9
3211,-30,-30,-30,-30,-30,-30,-30,-30,-30,30,9
6247,25,-30,-30,-30,-30,-30,-14,-30,-30,-30,0
7962,-30,-30,-30,-30,-30,-30,-30,30,-30,-30,7
269,-30,30,-30,-30,-30,-30,-30,-30,-30,-30,1
9843,-30,-30,-29,-30,-30,-30,30,-30,-30,-30,6
7346,-30,-30,-30,-30,-30,30,-30,-30,-30,-30,5
5688,30,-30,-30,-30,-30,-30,-30,-30,-30,-30,0
8745,-30,-30,-30,11,-30,-30,-16,-30,-30,-30,3
9221,-30,-30,-30,30,-30,-30,-30,-30,30,-30,3
3249,-30,-30,-30,-30,-30,9,-30,-30,-30,-30,5
242,-30,-30,-1,-30,-14,-30,-19,-30,-30,-30,2
1211,-30,-30,-30,-30,-30,-14,-30,-30,-30,-30,5
7680,-30,-30,-30,-30,-30,30,-30,-30,-30,-30,5
732,-30,-30,-30,-30,-30,-30,-30,-30,-30,30,9
240,-30,-30,-30,30,-30,-30,-30,-30,-30,-30,3
8533,-30,-30,20,-30,-30,-30,19,-30,-30,-30,2
2998,30,-30,-30,-30,-30,-30,-30,-30,-30,-30,0
4988,-30,-30,-30,-30,-30,-30,-13,-30,-30,-30,6
8152,-30,-30,-30,-30,-30,-30,-30,-30,-30,30,9
2837,-19,-30,-30,-30,-30,-30,-18,-30,-30,-30,6
193,-30,-30,-30,-30,-30,30,-30,-30,-30,-30,5
6717,19,-30,-30,-30,-30,-30,-30,-30,-30,-30,0
490,-30,30,-30,-30,-30,-30,-30,-30,-30,-30,1
8410,-30,-30,-30,30,-30,-30,-30,-30,-30,-30,3
6492,-30,-30,-30,-30,-30,-26,-30,30,-30,-30,7
9411,-30,-30,-30,-30,-30,-30,-30,-30,-30,30,9
3804,-30,30,-30,-30,-30,-30,-30,-30,-30,-30,1
7280,-30,-30,-30,-30,-30,-30,-30,-30,-30,-30,0
9370,-30,-30,-30,-30,-30,-30,-30,-30,-30,30,9
1226,-30,-2,-30,-11,-30,-30,-30,-30,-30,-30,1
4623,30,-30,-30,-30,-30,-30,-30,-30,-30,-30,0
454,-30,-30,-30,-30,-30,-30,-30,-30,-30,30,9
2872,-30,-30,-30,-30,-30,-30,-30,30,-30,-30,7
7295,-30,-30,-30,-30,-30,-30,4,-30,-30,-30,6
3748,-30,-30,-30,-30,-30,-30,-30,-30,-30,30,9
7568,-30,-30,30,-30,-30,-30,-29,-30,-30,-30,2
2625,-30,30,-30,-30,-30,-30,-30,-30,-30,-30,1
5882,-30,-30,19,-30,-30,-30,-26,-30,-30,-30,2
8800,-30,-30,-30,-30,-30,-30,-30,30,-30,-30,7
8452,-30,-30,-30,-30,-30,21,-30,-20,-30,-30,5
9307,-30,30,-30,-30,-30,-30,-30,-30,-30,-30,1
1208,30,-30,-30,-30,-30,-30,-30,-30,-30,-30,0
4627,-30,-30,-30,-30,-30,20,-30,-5,-30,-30,5
5543,-30,-30,-30,30,-30,-30,-30,-30,-30,-30,3
185,-30,-30,-30,-30,4,-30,-30,-30,-30,-30,4
4538,-30,-30,-30,-30,-30,-30,-30,-5,-30,-30,7
572,-30,-30,-30,-30,-30,-30,-17,-30,-30,-30,6
6206,-30,-30,24,-30,-30,-30,-9,-30,-30,-30,2
7651,-30,-30,-29,-30,-30,-30,30,-30,-30,-30,6
9940,-30,-30,-30,-30,-30,-30,-30,-30,30,-30,8
8936,-30,-30,-30,-30,-30,23,-30,-30,-30,-30,5
8423,-30,-30,-30,-30,-30,-30,-30,-30,-30,-30,0
1725,-30,-30,-30,-30,-30,-30,-30,-30,-30,30,9
246,-30,-30,-30,-30,-30,30,-30,-30,-30,-30,5
3337,-30,-30,-30,-30,-30,-30,-30,30,-30,-30,7
2551,-30,-30,-30,-5,-30,-30,-30,-30,-30,-30,3
6165,-30,1,-30,-30,-30,-30,-30,-30,-30,-30,1
5239,-30,-30,-30,4,-30,-30,-30,-30,-30,-30,3
1883,-30,-30,-30,-30,-30,-30,-30,9,-30,-30,7
5643,-30,-30,-30,-30,-30,-30,-30,-30,-30,-30,0
7092,-30,-30,-30,-30,-17,-30,-30,-30,-30,-30,4
3627,-30,30,-30,-30,-30,-30,-30,-30,-30,-30,1
2959,-30,-30,-30,-30,-30,30,-30,-30,-30,-30,5
8290,-30,-30,-30,-30,-30,-30,-5,-30,-30,-30,6
8769,-30,-30,-30,-30,-30,-30,-30,-30,-30,30,9
8322,-30,-30,-30,-30,-30,-30,-30,-4,-30,-30,7
428,-30,-30,-30,-30,-30,-30,-30,-30,-30,-30,0
5219,30,-30,-30,-30,-30,-30,-30,-30,-30,-30,0
6142,-30,-30,-30,-30,-30,-30,-30,-30,-30,-30,0
853,-30,-30,-30,-30,-30,30,-30,-30,-30,-30,5
1268,-30,-30,-30,-30,-30,-30,-30,-30,30,-30,8
8350,30,-30,-30,-30,-30,-30,-30,-30,-30,-30,0
2535,-30,-30,-30,-30,-30,-30,-30,30,-30,-30,7
322,-30,-30,-30,-30,-30,-30,-30,30,-30,-30,7
1018,-30,-30,-30,1,-30,-30,-30,-30,-30,-30,3
6616,-30,-30,-15,-30,-30,-30,-10,-30,-30,-30,6
8050,30,-30,-30,-30,-30,-30,-30,-30,-30,-30,0
1681,-30,-30,0,-30,-30,-30,-25,-30,-30,-30,2
2933,-30,-30,-30,-30,-30,-30,-30,-30,30,-30,8
2568,-30,-30,19,-30,-30,-30,-13,-30,-30,-30,2
5037,30,-30,-30,-30,-30,-30,-30,-30,-30,-30,0
7606,-30,-30,-19,-30,-30,-30,-2,-30,-30,-30,6
8179,-30,-30,-30,-30,-30,-30,-30,-30,-30,30,9
7477,-30,-30,-30,-30,-30,-30,-30,-30,30,-30,8
9932,-30,-30,-30,-30,-30,-30,-30,-30,-30,30,9
3367,-30,-30,-30,-30,-30,-30,-12,-30,-30,-30,6
6569,-30,-30,-30,-30,-30,30,-30,-30,-30,-30,5
7970,30,-30,-30,-30,-30,-30,-30,-30,-30,-30,0
5080,-30,-30,-30,-30,30,-30,-30,-30,-30,-30,4
1700,30,-30,-30,-30,-30,-30,-3,-30,-30,-30,0
1661,-30,-30,14,-30,7,-30,-30,-30,-30,-30,2
7138,-30,-30,-30,-30,-30,-30,-5,-30,-30,-30,6
7405,-30,-30,-30,30,-30,-30,-30,-30,-30,-30,3
9827,-30,30,-30,-30,-30,-30,-30,-30,-30,-30,1
4532,-30,-30,-30,-30,-30,-30,-30,-30,30,-30,8
9901,-30,-30,-30,-30,-30,-19,-30,-30,-30,-30,5
5458,-30,-30,-30,-30,-30,-30,-12,-30,-30,-30,6
3231,-30,15,-30,-30,-30,-30,-30,-30,-30,-30,1
638,-30,-30,-30,-30,-30,-30,-30,-30,-30,30,9
6426,-30,30,-30,-30,-30,-30,-30,-30,-30,-30,1
4392,-30,-30,30,-30,-30,-30,-9,-30,-30,-30,2
7110,-30,-30,-30,-30,-30,-30,-27,-30,-5,-30,8
3684,-30,-30,-30,-30,-30,30,-30,-30,-30,-30,5
2095,-30,-30,-15,-30,-26,-30,-20,-30,-30,-30,2
1785,-30,-30,-30,-27,-30,-30,-24,-30,-30,-30,6
4511,-30,-30,-30,-30,-30,-30,-14,-30,-30,-30,6
4530,30,-30,-30,-30,-30,-30,-30,-30,-30,-30,0
7446,-30,-30,-30,-30,-30,-30,-30,-30,-30,-30,0
9224,-30,-30,-30,-30,-24,-30,30,-30,-30,-30,6
9296,14,-30,-30,-30,-30,-30,-30,-30,-30,-30,0
6049,-30,-30,-30,-30,-30,-30,-30,30,-30,-30,7
5517,-30,-30,-8,-30,-30,-30,20,-30,-30,-30,6
7789,-30,30,-30,-30,-30,-30,-30,-30,-30,-30,1
8225,-30,-30,-30,-30,-30,-30,-30,-30,30,-30,8
1510,-30,-30,-30,-30,-30,-30,-30,-30,-30,-30,0
3805,-30,-30,-30,-30,-30,-30,-30,-30,30,-30,8
8843,-30,-30,-30,-30,-30,-30,-30,-12,-30,-30,7
1850,-30,-30,-30,-30,-30,-30,-30,-30,-30,30,9
8978,-30,-30,-17,-30,-15,-30,-30,-30,-30,-30,4
902,-30,30,-30,-30,-30,-30,-30,-30,-30,-30,1
8593,-30,-30,-30,-30,-30,-30,-30,-30,-30,-30,0
9385,-30,-30,-30,-30,-30,-1,-30,19,-30,-30,7
1537,-30,-30,-30,-30,-30,-30,-30,30,-30,-30,7
7017,-30,-30,-30,-30,-30,-30,-30,30,-30,-30,7
6340,-30,-30,-30,11,-27,-30,-30,-30,-30,-30,3
3994,-30,-30,-23,-30,-30,-30,13,-30,-30,-30,6
2553,-30,-30,-30,-30,-30,30,-30,-30,-30,-30,5
1539,-30,-30,-30,-30,-30,-30,-30,-30,-30,-17,9
3779,-30,-30,-30,-15,-30,-30,-30,-30,-30,-30,3
2410,-30,-30,-30,-30,-30,-30,8,-30,-30,-30,6
9528,-30,-30,-30,-30,-30,-18,-30,30,-30,-30,7
9186,-30,-30,-30,30,-30,-30,-30,-30,-30,-30,3
291,-30,-30,30,-30,-30,-30,-3,-30,-30,-30,2
2341,-30,-30,-30,9,-30,-30,-30,-30,-13,-30,3
7214,-30,-30,-30,-30,-30,-30,-30,-30,-30,2,9
6804,-30,-30,-4,-30,-30,-30,-5,-30,-30,-30,2
721,-30,-30,-30,-30,-30,-30,-30,30,-30,-30,7
6769,-30,-30,-30,8,-30,-30,-30,-30,-30,-30,3
3199,-30,-30,-30,-30,-30,-30,-30,-30,-30,30,9
4029,-30,30,-30,-30,-30,-30,-30,-30,-30,-30,1
1957,-30,-30,18,-30,-30,-30,30,-30,-30,-30,6
5740,-30,30,-30,-30,-30,-30,-30,-30,-30,-30,1
903,-30,-30,-30,-30,-30,-30,-30,-30,-30,30,9
3565,-30,-30,-30,-30,-30,-30,-30,30,-30,-30,7
2763,-30,-30,30,-30,-30,-30,-18,-30,-30,-30,2
6532,-30,-30,-30,30,-30,-30,-30,-30,-30,-30,3
469,-30,-30,-30,-30,-30,-30,-30,-30,-30,-30,0
2882,-30,-30,-30,-30,-30,-30,-30,-30,30,-30,8
9587,-30,30,-30,-30,-30,-30,-30,-30,-30,-30,1
7247,-30,-30,-30,-30,-30,-30,-30,-30,30,-30,8
4565,-30,-30,-30,30,-30,-30,-30,-30,-30,-30,3
4162,-30,-30,-30,-30,-30,24,-30,-30,-30,-30,5
6684,30,-30,-30,-30,-30,-30,-29,-30,-30,-30,0
371,-30,-30,-30,-30,-30,-13,-30,-30,-30,-22,5
6045,-30,-30,-30,30,-30,-30,-30,-30,-30,-30,3
4575,-30,-30,-30,-30,-30,-30,-30,-30,30,-30,8
1466,-30,-30,-30,-30,-30,-30,-30,-30,-30,-30,0
9103,-30,-30,-30,-30,-30,-15,-30,-24,-30,-30,5
8303,-30,-30,-26,-30,-30,-30,-24,-30,-30,-30,6
8645,-30,-30,-30,-30,-30,-30,-30,-30,-30,30,9
3353,30,-30,-30,-30,-30,-30,-30,-30,-30,-30,0
2307,-30,-30,-30,-30,-30,-30,0,-30,-30,-30,6
7267,-30,-30,-30,-30,-30,-30,-30,-30,30,-30,8
7631,-30,-30,-30,15,-30,-30,-30,-30,-30,-30,3
2899,-30,-30,30,-30,-30,-30,-30,-30,-30,-30,2
8246,-30,-30,-30,-17,-30,-30,-30,-30,-30,-30,3
4871,-30,-30,-30,-30,-30,-30,-11,-30,-30,-30,6
4271,-30,-30,-30,-30,-30,-30,30,-30,-30,-30,6
5040,-30,-30,-30,30,-30,-30,-30,-30,-30,-30,3
8252,-30,-30,-30,-30,-30,-21,-30,26,-30,-30,7
3549,-30,-30,-30,-30,-30,-30,-30,-30,30,-30,8
4585,-30,-30,-30,-30,-30,-30,-30,-25,-30,-30,7
8367,-30,30,-30,-30,-30,-30,-30,-30,-30,-30,1
7777,-30,-30,-30,19,-30,-30,-30,-30,-30,-30,3
8514,-30,-30,-30,-30,-30,-30,-30,-26,-30,-30,7
1642,-30,-30,-30,-30,-30,-30,-13,-30,-30,-30,6
9908,-30,-30,-30,-30,-30,-30,-30,-30,-30,30,9
5895,-30,-30,-30,-30,-30,30,-30,-30,-30,-30,5
7641,-30,-30,-30,-30,-30,2,-30,-30,-30,-30,5
5755,-30,-30,5,-30,-30,-30,0,-30,-30,-30,2
9058,-30,-30,-23,-30,24,-30,-30,-30,-30,-30,4
8532,-30,-30,-30,-30,-30,-30,30,-30,-30,-30,6
9477,-30,-30,-30,-30,-30,26,-30,-30,-30,-30,5
9709,30,-30,-30,-30,-30,-30,-30,-30,-30,-30,0
7821,-30,-30,-30,-30,-30,-30,-30,-30,30,-30,8
9875,-30,-30,-30,-7,-30,-30,-30,-30,-30,-30,3
7181,10,-30,-30,-30,-30,-30,-19,-30,-30,-30,0
3575,-30,-30,-30,-30,12,-30,-16,-30,-30,-30,4
6143,30,-30,-30,-30,-30,-30,-16,-30,-30,-30,0
4819,-30,-30,-30,-30,-30,-30,-30,-30,30,-30,8
5739,-30,-30,-30,-30,-30,-30,-30,-30,30,-30,8
4246,-30,-30,-30,-30,-30,-30,-30,-30,-30,5,9
2886,-30,-30,-30,-30,3,-30,30,-30,-30,-30,6
3307,-30,-30,-30,-30,-30,-30,-30,-30,-30,30,9
6691,-30,30,-30,-30,-30,-30,-30,-30,-30,-30,1
1832,-30,-30,-30,-30,-30,9,-30,-30,-30,-30,5
3068,-30,30,-30,-30,-30,-30,-30,-30,-30,-30,1
1123,-30,-30,30,-30,-24,-30,-1,-30,-30,-30,2
6721,-30,30,-30,-30,-30,-30,-30,-30,-30,-30,1
3795,-30,-30,-30,-30,-30,-30,-30,-30,-30,-30,0
8765,-30,-30,16,-30,-30,-30,-7,-30,-30,-30,2
7669,-30,-30,-30,-30,-30,-30,-30,-30,30,-30,8
8247,-30,-30,0,-30,-30,-30,-11,-30,-30,-30,2
6133,-30,-30,-30,-30,-25,-30,-9,-30,-30,-30,6
4004,-30,-30,-30,-30,-30,30,-30,-30,-30,-30,5
9979,-30,-30,-30,-30,-30,-30,-30,30,-30,-30,7
9247,-30,-30,-30,-30,-30,-8,-30,-30,-30,20,9
4365,-30,-30,-30,-30,-30,-30,-30,-30,-30,30,9
3807,-30,-30,30,-30,-30,-30,-29,-30,-30,-30,2
4364,30,-30,-30,-30,-30,-30,-30,-30,-30,-30,0
493,-30,-30,-30,-30,-30,-15,-30,-30,-30,-23,5
7585,-30,-30,-30,-30,-30,-16,-30,30,-30,-30,7
5816,30,-30,-30,-30,-30,-30,-30,-30,-30,-30,0
3256,-30,-30,-30,-30,-30,30,-30,-30,-30,-30,5
5245,-30,-30,-30,-30,30,-30,30,-30,-30,-30,4
1713,-30,-30,-30,-30,-30,30,-30,-30,-30,-30,5
9396,-30,1,-30,-30,-30,-30,-30,-30,-30,-30,1
6544,-23,-30,-30,-30,-30,-30,-30,-30,-30,-30,0
9407,-30,-30,-30,-30,30,-30,26,-30,-30,-30,4
3017,30,-30,-30,-30,-30,-30,-11,-30,-30,-30,0
8124,-30,-30,-30,-30,-30,-30,-30,30,-30,-30,7
9660,-30,11,-30,-4,-30,-30,-30,-30,-30,-30,1
5671,-30,-30,-30,-30,-30,-30,-30,-30,-30,-30,0
3439,-30,-30,-30,-30,-30,-30,-30,-30,-30,-30,0
4525,-30,-30,-30,-30,-30,-30,-30,-30,-30,30,9
6965,-30,-30,-30,-30,-30,-30,-29,-30,-30,-30,6
9337,-30,30,-30,-30,-30,-30,-30,-30,-30,-30,1
6537,-30,-30,-30,-30,-30,-30,-30,-23,-30,-30,7
6891,-30,-30,-30,-30,-30,-30,18,-30,-30,-30,6
6218,-30,-30,-30,-30,-19,-30,-14,-30,-30,-30,6
2892,-30,-30,-30,-30,3,-30,-7,-30,-30,-30,4
4842,30,-30,-30,-30,-30,-30,-30,-30,-30,-30,0
4161,-30,-30,-30,-30,-30,-30,-30,30,-30,-30,7
1160,-30,-10,-30,-30,-28,-30,-30,-30,-30,-30,1
8590,-30,-30,-30,-30,-30,-30,-8,-30,30,-30,8
6974,-30,-30,-30,-30,-30,30,-30,-30,-30,-30,5
1544,-30,-30,-30,-30,-30,8,-30,-30,-30,-30,5
1383,-30,-30,-30,-30,-30,-30,-30,-30,30,-30,8
8329,-30,-30,-30,-30,-30,-20,-30,-30,-30,-19,9
5616,-30,-30,-30,-30,-30,-3,-30,-30,-30,-30,5
765,-30,30,-30,-30,-30,-30,-30,-30,-30,-30,1
3056,-30,-30,-30,-30,-30,-30,-30,-30,30,-30,8
2846,-30,-30,-30,-30,-30,30,-30,-23,-30,-30,5
6347,-30,-30,-30,-30,-30,-30,-30,-22,-30,-30,7
8230,-30,-30,-30,-30,-30,-30,-30,30,-30,-30,7
6423,-30,-30,-30,-30,-30,-30,-30,23,-30,-30,7
6189,-30,-30,-30,-30,30,-30,30,-30,-30,-30,4
5128,-30,-30,-30,-30,-30,30,-30,-30,-30,-30,5
8940,-30,-30,11,-30,-30,-30,-19,-30,-30,-30,2
703,-30,-30,0,-30,-30,-30,-10,-30,-30,-30,2
6863,-30,30,-30,-30,-30,-30,-30,-30,-30,-30,1
5103,-30,-30,27,-30,-30,-30,2,-30,-30,-30,2
5224,-30,-30,-30,-30,-8,-30,-24,-30,-30,-30,4
4675,-30,-30,-28,-30,-18,-30,0,-30,-30,-30,6
7442,-30,30,-30,-30,-30,-30,-30,-30,-30,-30,1
6220,-30,-30,-30,-30,-30,-30,-30,-30,-30,-30,0
9909,-30,-30,-30,-30,-30,-30,30,-30,-30,-30,6
3466,-30,-30,-30,-30,-30,-30,-30,-30,-30,30,9
2821,-30,30,-30,-30,-30,-30,-30,-30,-30,-30,1
8274,-30,-30,-30,-30,-30,-30,-30,-30,30,-30,8
2585,-30,-30,20,-30,-30,-30,-15,-30,-30,-30,2
5484,-30,-30,-30,-9,-30,-30,-30,-30,-30,-30,3
5915,-30,-30,-30,-30,-30,-30,-30,-3,-30,-30,7
6184,-30,-30,-30,-30,30,-30,12,-30,-30,-30,4
2666,-30,-30,-30,-30,-30,-30,-30,-30,-30,30,9
2051,-30,-30,-30,-30,-30,3,-30,-30,-30,-30,5
3325,-30,-30,-30,-30,-30,-30,-30,-20,-30,-22,7
2514,-30,-30,-30,-30,30,-30,-30,-30,-30,-30,4
3803,-30,-30,-30,30,-30,-30,-30,-30,-30,-30,3
868,-30,-30,-30,-30,-30,-30,-30,-30,-30,30,9
9117,-30,-30,-30,-30,-30,30,-30,-30,-30,-30,5
494,-30,-30,-30,-30,-30,-30,0,-30,-30,-30,6
9567,-30,-30,-30,-30,-30,-30,-30,-30,20,-30,8
1264,-30,-30,30,-30,-30,-30,-16,-30,-30,-30,2
3064,-30,-30,-30,-30,-30,-30,-30,-7,-30,-30,7
2335,-30,-30,-30,30,-30,-30,-30,-30,-30,-30,3
5424,-30,-30,-30,-30,-30,-30,-30,-30,-30,30,9
163,-30,-30,-30,-6,-30,-30,-14,-30,-30,-30,3
6823,30,-30,-30,-30,-30,-30,-30,-30,-30,-30,0
2515,-30,-30,-30,-30,-30,29,-30,-30,-30,-30,5
1944,-30,-30,-30,-30,-30,-30,-30,-30,-30,7,9
3666,-27,-30,-30,-30,-30,-30,-30,-30,-30,-30,0
3604,-30,-30,-30,-30,-30,-30,-30,-30,-30,30,9
5321,-30,-30,-30,-30,0,-30,-30,-30,-30,-30,4
9700,30,-30,-30,-30,-30,-30,-30,-30,-30,-30,0
751,-30,-30,-30,-30,-30,-30,-30,-30,-30,-30,0
1364,-30,-30,-30,-30,-30,30,-30,-30,-30,-30,5
5804,-30,-30,-30,-30,-30,-30,-30,-21,-30,-30,7
9442,-30,30,-30,-30,-30,-30,-30,-30,-30,-30,1
7379,-30,-30,-30,-30,-27,-30,30,-30,-30,-30,6
8408,-30,-30,-30,-30,-30,30,-30,-30,-30,-30,5
4299,-30,-30,-30,-30,-27,-30,-14,-30,-30,-30,6
4619,30,-30,-30,-30,-30,-30,-23,-30,-30,-30,0
6597,-30,-30,30,-30,-30,-30,-24,-30,-30,-30,2
1146,-30,-30,-30,30,-30,-30,-30,-30,-30,-30,3
6104,-30,30,-30,-30,-30,-30,-30,-30,-30,-30,1
5659,-30,30,-30,-30,-30,-30,-30,-30,-30,-30,1
1507,-30,30,-30,-30,-30,-30,-30,-30,-30,-30,1
6614,-30,-30,-30,-30,-30,4,-30,30,-30,-30,7
3659,-30,-30,-30,-30,6,-30,6,-30,-30,-30,4
4184,-30,-30,4,-30,-16,-30,-2,-30,-30,-30,2
8752,-30,-30,30,-30,-30,-30,-6,-30,-30,-30,2
5930,-30,-30,-30,-30,-30,30,-30,-30,-30,-30,5
7891,-30,-30,-30,-30,-30,-30,-30,-30,-30,30,9
7902,-30,-30,-30,-30,-30,-30,-30,-30,30,-30,8
552,-30,-30,-30,-30,-30,-30,-30,-30,-30,-30,0
998,-30,-30,-30,-30,-30,-12,-30,-30,-30,-30,5
5201,-30,-30,-30,30,-30,-30,-30,-30,-30,-30,3
9306,-30,-30,-30,-30,16,-30,-30,-30,-30,-30,4
3533,-30,-30,-30,-30,-30,-30,-30,30,-30,-30,7
9586,-30,-30,-30,-30,-30,-30,-30,-30,-30,30,9
2068,-30,-30,-30,-30,-30,-30,-7,-30,-30,-30,6
2917,30,-30,-30,-30,-30,-30,-30,-30,-30,-30,0
9416,-30,30,-30,-30,-30,-30,-30,-30,-30,-30,1
5647,-30,30,-30,-30,-30,-30,-30,-30,-30,-30,1
8309,-30,30,-30,-30,-30,-30,-30,-30,-30,-30,1
2799,-30,-30,-30,-30,30,-30,12,-30,-30,-30,4
9484,-30,-30,-30,-30,-30,-30,-30,-30,30,-30,8
7084,-28,-30,-30,-30,-30,-30,-30,-30,-30,-30,0
3027,-30,-30,-30,-30,-30,-30,-30,-30,30,-30,8
2508,30,-30,-30,-30,-30,-30,-30,-30,-30,-30,0
4539,-30,-30,-30,-30,-30,-30,-30,-30,-30,21,9
8648,-30,-30,-30,-30,-30,27,-30,-30,-30,-30,5
1375,-30,-30,-30,-30,-13,-30,-11,-30,-30,-30,6
8212,-30,-30,-30,-30,-30,-30,-30,30,-30,-30,7
6630,-30,-30,-30,-30,-30,-30,30,-30,-30,-30,6
6757,-30,-30,-30,-30,-30,-30,-30,-30,30,-30,8
1379,-30,-30,30,-30,-30,-30,0,-30,-30,-30,2
1125,-30,-30,-30,-30,30,-30,-30,-30,-30,-30,4
2436,-30,-30,-30,-30,30,-30,-2,-30,-30,-30,4
3041,-30,-30,-6,-30,30,-30,-30,-30,-30,-30,4
4710,-30,-30,2,-30,-30,-30,-30,-30,-30,-30,2
7425,-30,-30,-30,-30,-23,-30,23,-30,-30,-30,6
2269,-30,-30,-30,-30,-30,30,-30,-30,-30,-30,5
4635,-30,-30,-30,-30,-30,-30,-30,30,-30,-30,7
533,-30,-30,-17,-30,-15,-30,-30,-30,-30,-30,4
37,-30,-30,-30,-30,-30,-30,-30,-30,-30,30,9
8297,-30,-30,-30,-30,-30,-30,-30,-30,-30,-12,9
2046,-30,-30,17,-30,-30,-30,-5,-30,-30,-30,2
9033,-30,-30,30,-30,-30,-30,-29,-30,-30,-30,2
3705,-30,-30,30,-30,-30,-30,-30,-30,-30,-30,2
7587,30,-30,-30,-30,-30,-30,-30,-30,-30,-30,0
5534,-30,-30,-30,-30,-30,-30,-30,30,-30,-30,7
5564,-30,-30,-30,-30,-30,-30,-16,-30,-30,-30,6
6291,-30,-30,-30,-30,-30,30,-30,-30,-30,-30,5
7811,-30,-30,30,-30,-30,-30,-1,-30,-30,-30,2
5872,-30,-30,-30,30,-30,-30,-30,-30,-30,-30,3
8829,-30,-30,3,-30,-30,-30,13,-30,-30,-30,6
4735,-30,30,-30,-25,-30,-30,-30,-30,-30,-30,1
5883,-30,-30,-30,-30,-30,-27,-30,-30,-30,30,9
4275,-30,-30,-30,-30,-30,-30,-30,-30,30,-30,8
3648,-30,30,-30,-30,-30,-30,-30,-30,-30,-30,1
9894,-30,-30,-30,-30,-30,-30,-30,-30,30,-30,8
845,-30,-30,-30,-30,-28,-30,9,-30,-30,-30,6
6836,-30,-30,30,-30,-30,-30,-12,-30,-30,-30,2
3165,-30,-30,-30,30,-30,-30,-30,-30,-30,-30,3
6481,-30,-30,-30,-30,-30,-30,-30,-30,-30,30,9
1410,-30,-7,-30,-30,-30,-30,-30,-30,-30,-30,1
257,-30,-30,-30,-30,-30,-30,-30,-30,-30,30,9
9630,-30,-30,-30,-30,-30,-30,-30,30,-30,-30,7
8933,-30,-30,30,-30,-30,-30,10,-30,-30,-30,2
5791,-30,-30,-30,-30,-30,-30,-30,-30,-30,30,9
4537,-30,-30,-30,-30,-30,-30,-12,-30,-30,-30,6
2511,-30,-30,-30,-30,-30,-30,-30,-30,-30,30,9
4900,-30,-30,-30,30,-30,-30,-30,-30,-30,-30,3
3928,30,-30,-30,-30,-30,-30,-30,-30,-30,-30,0
5641,-30,-30,-30,-30,-30,-30,-21,-30,-30,-30,6
4866,-30,-30,-30,-30,-30,-30,-22,-30,-18,-30,8
6346,-30,9,-30,-30,-30,-30,-30,-30,-30,-30,1
2941,-30,-30,-30,-30,-15,-30,-30,-30,-30,-30,4
3844,-30,-30,-30,-30,-23,-30,30,-30,-30,-30,6
5314,15,-30,-30,-30,-30,-30,-12,-30,-30,-30,0
7253,-30,-30,-30,-30,-30,-30,-30,-30,-30,30,9
8467,-30,-30,30,-30,-30,-30,-29,-30,-30,-30,2
6191,-30,30,-30,-30,-30,-30,-30,-30,-30,-30,1
9823,-30,30,-30,-30,-30,-30,-30,-30,-30,-30,1
7948,30,-30,-30,-30,-30,-30,-30,-30,-30,-30,0
9926,-30,-30,-30,-30,-30,27,-30,-30,-30,-30,5
3317,4,-30,-30,-30,-30,-30,-15,-30,-30,-30,0
9989,-30,-30,-30,-30,-30,-30,-30,30,-30,-30,7
1531,30,-30,-30,-30,-30,-30,-30,-30,-30,-30,0
8928,-30,-30,-30,-27,-2,-30,-30,-30,-30,-30,4
2572,-30,30,-30,-30,-30,-30,-30,-30,-30,-30,1
5137,-30,30,-30,-30,-30,-30,-30,-30,-30,-30,1
728,-30,-30,-30,-30,-30,-30,-30,-30,-30,-12,9
9954,30,-30,-30,-30,-30,-30,-30,-30,-30,-30,0
4670,30,-30,-30,-30,-30,-30,-17,-30,-30,-30,0
3109,-30,30,-30,-30,-30,-30,-30,-30,-30,-30,1
6199,-30,-30,-30,-30,-30,-30,-30,-30,-30,30,9
2326,-30,-30,-30,-30,-30,-30,-30,-30,-30,-30,0
4080,-30,-30,-30,-30,-30,-30,-30,-30,-30,-30,0
5047,-30,-30,-30,19,-30,-30,-30,-30,-30,-30,3
5622,-30,-30,-30,-30,-30,-12,-30,2,-30,-30,7
9543,-30,-30,-19,-30,-21,-30,-21,-30,-30,-30,2
8478,-30,30,-30,-20,-30,-30,-30,-30,-30,-30,1
7044,-30,-30,30,-30,-30,-30,-5,-30,-30,-30,2
3023,-3,-30,-30,-30,-30,-30,-3,-30,-30,-30,0
7690,-30,-30,-30,-30,-13,-30,-30,-30,-30,-30,4
4168,30,-30,-30,-30,-30,-30,-30,-30,-30,-30,0
9736,-30,-30,-30,12,-30,-30,-30,-30,-30,-30,3
442,30,-30,-30,-30,-30,-30,-22,-30,-30,-30,0
9091,-30,-30,30,-30,-30,-30,-30,-30,-30,-30,2
9775,-30,-30,-30,-30,-30,-30,-30,-30,-30,-30,0
6772,-30,-30,-30,-30,-30,30,-30,-30,-30,-30,5
6077,-30,-30,-30,-30,-30,-30,-30,-30,-30,30,9
9518,-30,-30,-30,-30,-30,30,-30,-30,-30,-30,5
409,-30,-30,-30,-30,-30,-30,-30,-30,30,-30,8
8748,-30,-30,-30,-30,-30,-30,-30,-30,-30,30,9
3906,-30,-30,-30,30,-30,-30,-30,-30,-30,-30,3
6429,-30,15,-30,-30,-30,-30,-30,-30,-30,-30,1
6039,-30,-30,-30,-30,-30,-30,-30,3,-30,-30,7
8327,-30,-30,-30,-30,-30,-30,-30,-30,30,-30,8
7034,-30,-30,-30,-30,-30,-30,-30,-30,-30,30,9
6348,-30,-30,-30,-30,30,-30,-30,-30,-30,-30,4
8814,-30,30,-30,-30,-30,-30,-30,-30,-30,-30,1
5649,-30,30,-30,-30,-30,-30,-30,-30,-30,-30,1
366,-30,-30,-30,-30,-30,-30,-30,-30,-30,30,9
9311,18,-30,-30,-30,-30,-30,-30,-30,-30,-30,0
9866,-30,-30,-30,-30,-30,-30,-30,30,-30,-30,7
3920,30,-30,-30,-30,-30,-30,-30,-30,-30,-30,0
4166,30,-30,-30,-30,-30,-30,-30,-30,-30,-30,0
831,-30,-30,-30,-30,-30,-30,-30,-30,-30,30,9
7965,-30,-30,-30,-30,-30,-30,21,-30,-30,-30,6
501,30,-30,-30,-30,-30,-30,-30,-30,-30,-30,0
1493,-30,-30,-22,-30,-19,-30,-30,-30,-30,-30,4
3509,-30,-30,-30,-30,-30,-30,-30,-30,-30,30,9
387,-30,-30,-10,-30,-30,-30,-9,-30,-30,-30,6
510,-30,-30,-30,-30,-30,-30,-20,-30,30,-30,8
5557,-30,-30,-30,-30,-30,30,-30,-30,-30,-30,5
7721,-30,-30,-30,-30,-30,1,-30,-30,-30,-30,5
7995,-30,-30,-30,-30,-30,-30,-30,-30,-30,30,9
6352,-30,-30,-30,30,-30,-30,-30,-30,-30,-30,3
558,-30,-30,-30,30,-30,-30,-30,-30,-30,-30,3
930,-30,-30,-30,-30,-30,30,-30,-30,-30,-30,5
3405,-30,-30,-30,-30,-30,-30,-30,30,-30,-30,7
5709,-30,30,-30,-30,-30,-30,-30,-30,-30,-30,1
8650,-30,-30,-30,-30,-30,-30,-30,-30,-30,-30,0
7674,-30,-30,-30,14,-30,-30,-30,-30,-30,-30,3
3398,-30,-30,-30,21,-30,-30,-30,-30,-30,-30,3
7021,-30,-30,-30,-30,-30,14,-30,-30,-30,-30,5
2751,-30,-30,-24,-30,-30,-30,25,-30,-30,-30,6
3908,21,-30,-30,-30,-30,-30,-22,-30,-30,-30,0
9047,-30,-30,-30,-30,30,-30,-30,-30,-30,-30,4
1585,-30,30,-30,-30,-30,-30,-30,-30,-30,-30,1
3876,-30,30,-30,-30,-30,-30,-30,-30,-30,-30,1
71,-30,-30,-30,-30,-30,-30,-30,-30,-30,30,9
1988,-30,30,-30,-30,-30,-30,-30,-30,-30,-30,1
5125,-30,-30,-30,-30,-8,-30,14,-30,-30,-30,6
525,22,-30,-30,-30,-30,-30,-30,-30,-30,-30,0
3727,-30,-30,-30,30,-30,-30,-30,-30,-30,-30,3
6485,-30,-30,25,-30,-30,-30,-30,-30,-30,-30,2
8328,-30,-30,30,-30,-30,-30,-18,-30,-30,-30,2
6441,-30,-30,-30,-30,-30,-30,-30,-30,-30,-30,0
6225,-30,-30,-13,-30,-30,-30,30,-30,-30,-30,6
981,30,-30,-30,-30,-30,-30,-30,-30,-30,-30,0
5375,-30,-28,-30,-30,-30,-30,-30,-30,-30,-30,1
2622,-30,-30,-30,-30,-30,30,-30,-30,-30,-30,5
4887,30,-30,-30,-30,-30,-30,-30,-30,-30,-30,0
6213,-30,-30,-30,30,-30,-30,-30,-30,-30,-30,3
174,30,-30,-30,-30,-30,-30,-30,-30,-30,-30,0
4840,-30,-30,-30,-30,-30,30,-30,-30,-30,-30,5
5596,-30,30,-30,-30,-30,-30,-30,-30,-30,-30,1
3444,-30,9,-30,-29,-30,-30,-30,-30,-30,-30,1
1910,-30,-30,-30,-30,-30,-30,-30,-30,30,-30,8
5377,-30,-30,25,-30,-13,-30,-30,-30,-30,-30,2
7764,-30,-30,-30,-30,-30,30,-30,-30,-30,-30,5
4440,-30,-30,-30,30,-30,-30,-30,-30,-30,-30,3
7919,-30,-30,-30,-30,-30,30,-30,-30,-30,-30,5
3507,-30,30,-30,-30,-30,-30,-30,-30,-30,-30,1
1436,-30,-30,30,-30,-30,-30,-21,-30,-30,-30,2
3594,-30,-30,-30,-30,-23,-30,-30,-30,-30,-30,4
584,-30,-30,-30,30,-30,-30,-30,-30,-30,-30,3
3070,-30,-18,9,-30,-30,-30,14,-30,-30,-30,6
1721,-30,-30,-30,-30,-30,-30,30,-30,-30,-30,6
801,-30,-30,-30,-30,-30,-30,-30,-26,-30,-26,7
3737,-30,-30,-30,-30,-30,-30,-30,-30,-30,30,9
7949,-30,-30,-20,-30,-30,-30,-13,-30,-30,-30,6
2221,-30,-30,-30,-15,-30,-30,-30,-30,-30,-30,3
6764,-30,-30,-30,-30,-30,-30,-30,-30,30,-30,8
3721,-30,-30,-30,-30,-30,30,-30,-30,-30,-30,5
8513,-30,-30,5,-30,-24,-30,-30,-30,-30,-30,2
4136,-30,-30,-30,-30,-23,-30,7,-30,-30,-30,6
1853,-30,-30,-30,-30,-30,-30,-30,-30,-30,30,9
8799,-30,30,-30,-30,-30,-30,-30,-30,-30,-30,1
8161,-30,-30,-30,-30,-30,30,-30,-30,-30,-30,5
1884,-30,-30,-30,-30,-30,-30,-30,30,-30,-30,7
7465,-30,-30,-30,-30,-30,-30,-30,30,-30,-30,7
4738,-30,-30,-30,-30,-30,-30,-30,-30,-30,-30,0
8694,-30,-30,29,-30,-23,-30,4,-30,-30,-30,2
5397,-30,-30,24,-30,-30,-30,-14,-30,-30,-30,2
2914,-30,-30,-30,-30,-30,-30,-30,30,-30,-30,7
1703,-30,-30,-30,-30,-30,30,-30,-30,-30,-30,5
4496,-30,-30,-30,-30,-30,-30,30,-30,-30,-30,6
247,-30,30,-30,-30,-30,-30,-30,-30,-30,-30,1
7145,-30,-30,-30,-30,-30,30,-30,-30,-30,-30,5
1315,-30,-30,-30,-30,-30,-4,-30,-30,-30,-30,5
5381,-30,-30,-30,-30,-30,-27,-30,-30,-30,-30,5
9318,-30,-30,-30,-30,-30,-30,-30,-30,4,-30,8
5473,-30,-30,14,-30,2,-30,-30,-30,-30,-30,2
3115,-30,-30,-30,-30,-30,-30,-30,-30,30,-30,8
5753,-30,-30,-30,7,-30,-30,-30,-30,-30,-30,3
2630,-30,-30,-30,-30,-30,-30,-30,-23,-30,-30,7
6029,-30,-30,-30,-30,-15,-30,30,-30,-30,-30,6
5859,10,-30,-30,-30,-30,-30,-23,-30,-30,-30,0
9415,-30,-30,-24,-30,-30,-30,-14,-30,-30,-30,6
9445,-30,-30,-30,-30,-30,-30,-30,-30,-30,21,9
2348,-30,-30,-30,-30,-30,-30,-30,-30,-30,20,9
3403,30,-30,-30,-30,-30,-30,-30,-30,-30,-30,0
4638,-30,-30,-12,-30,-30,-30,-6,-30,-30,-30,6
9603,-30,-30,-30,-30,-30,-30,-30,30,-30,-30,7
5155,-30,-30,-30,30,-30,-30,-30,-30,-30,-30,3
5348,-30,30,-30,-30,-30,-30,-30,-30,-30,-30,1
1453,30,-30,-30,-30,-30,-30,-30,-30,-30,-30,0
6337,-30,-30,-30,-30,-30,-30,-30,-30,30,-30,8
2164,-30,-30,30,-30,-30,-30,-9,-30,-30,-30,2
5870,-30,-30,-21,-30,-28,-30,-13,-30,-30,-30,6
2862,-30,-30,-30,-30,-30,-30,-10,-30,-30,-30,6
1756,-30,-30,-30,-30,30,-30,-30,-30,-30,-30,4
7746,-30,-30,-30,-30,-30,-30,-30,30,-30,-30,7
8562,-30,30,-30,-30,-30,-30,-30,-30,-30,-30,1
2611,-30,-30,-30,-30,-30,-30,-30,-30,30,-30,8
3786,-30,-30,-30,-30,-30,-30,-1,-30,-30,-30,6
4516,-2,-30,-30,-30,-30,-30,-30,-30,-30,-30,0
34,-30,-30,-30,30,-30,-30,-30,-30,-30,-30,3
1605,-30,-30,20,-30,-30,-30,1,-30,-30,-30,2
7272,-8,-30,-30,-30,-30,-30,-30,-30,-30,-30,0
1606,-30,-30,-30,-30,-30,-30,0,-30,-30,-30,6
3708,-30,-30,-30,-30,-30,-30,-30,-19,-30,30,9
391,-30,-30,-30,-30,-30,-30,-30,-30,30,-30,8
2227,30,-30,-30,-30,-30,-30,-30,-30,-30,-30,0
6881,-30,-30,-30,27,-30,-30,-30,-30,-30,-30,3
4182,-30,-30,-30,-30,-30,-30,-30,-30,30,-30,8
7226,-30,-30,-30,30,-30,-30,-30,-30,-30,-30,3
2369,-30,-30,-30,-30,-30,-30,-30,-30,-30,30,9
4586,-30,-30,30,-30,-30,-30,-14,-30,-30,-30,2
1092,-30,30,-30,-30,-30,-30,-30,-30,-30,-30,1
3315,-30,-30,-30,-30,-30,30,-30,-30,-30,-30,5
7516,-30,-30,-30,-30,-25,-30,-30,-30,-30,-30,4
1740,-30,-30,-30,-30,-30,16,-30,-30,-30,-30,5
6922,30,-30,-30,-30,-30,-30,-24,-30,-30,-30,0
4676,-30,-30,-30,-30,-30,-30,-5,-30,26,-30,8
2543,-30,-30,-6,-30,20,-30,-30,-30,-30,-30,4
9352,-30,-30,-24,-30,-21,-30,30,-30,-30,-30,6
9376,-30,-30,-30,-30,-30,30,-30,-30,-30,-30,5
7843,-30,-30,-30,-30,-30,-30,-30,-30,-30,30,9
1259,-30,-30,-30,30,-30,-30,-30,-30,-30,-30,3
8659,30,-30,-30,-30,-30,-30,-23,-30,-30,-30,0
3191,-30,-30,-30,-30,-16,-30,30,-30,-30,-30,6
9928,-30,-30,-30,-30,-30,2,-30,-9,-30,-30,5
3455,-30,-30,-30,-30,-30,-30,-30,-30,30,-30,8
5307,-30,-30,-30,-30,-30,30,-30,-30,-30,-30,5
9552,-30,-30,-30,-30,-30,-30,-30,-30,-30,30,9
9822,-30,-30,-30,-30,-30,30,-30,-30,-30,-30,5
5900,30,-30,-30,-30,-30,-30,-30,-30,-30,-30,0
869,30,-30,-30,-30,-30,-30,-30,-30,-30,-30,0
7725,-30,-30,-30,-30,4,-30,28,-30,-30,-30,6
1551,-30,-30,-30,-30,-30,-30,-30,-30,-30,30,9
1829,-30,-30,-30,-30,-30,-9,-30,6,-30,-30,7
9118,-30,-30,2,-30,18,-30,-30,-30,-30,-30,4
948,-30,-30,-30,-30,-30,-30,-30,-30,-30,30,9
4848,-30,-30,-11,-30,-30,-30,26,-30,-30,-30,6
9539,-30,-30,30,-30,-30,-30,-21,-30,-30,-30,2
5577,-30,-30,19,-30,-30,-30,20,-30,-30,-30,6
1483,-30,-30,-30,-30,12,-30,-30,-30,-30,-30,4
8897,30,-30,-30,-30,-30,-30,-27,-30,-30,-30,0
3617,-30,30,-30,-30,-30,-30,-30,-30,-30,-30,1
5237,-30,-30,-30,-30,30,-30,30,-30,-30,-30,4
794,-30,-30,-30,30,-30,-30,-30,-30,-30,-30,3
9159,-30,-30,-30,-30,-30,-30,-30,-30,-30,30,9
6412,-30,-30,-18,-30,-20,-30,-30,-30,-30,-30,2
5677,30,-30,-30,-30,-30,-30,-30,-30,-30,-30,0
3783,-30,-30,-30,30,-30,-30,-30,-30,-8,-30,3
1529,-30,-30,-30,-30,-17,-30,-14,-30,-30,-30,6
893,-30,-30,24,-30,-30,-30,-11,-30,-30,-30,2
7556,-22,-30,-30,-30,-30,-30,7,-30,-30,-30,6
879,-30,-30,-30,-30,-30,-30,-30,-30,-30,30,9
9127,-30,-30,-30,-30,-16,-30,-19,-30,-30,-30,4
5101,-30,-30,-30,-30,-30,-30,-30,30,-30,-30,7
6641,-30,-30,30,-30,-30,-30,30,-30,-30,-30,2
4111,-30,-30,-30,-30,-30,30,-30,-30,-30,-30,5
5066,-30,-30,-30,-30,30,-30,14,-30,-30,-30,4
3555,-30,-30,-30,30,-30,-30,-30,-30,-30,-30,3
279,-30,-30,-30,-30,21,-30,12,-30,-30,-30,4
9607,-30,-30,-30,-30,-30,30,-30,-30,-30,-30,5
1928,-30,-30,-30,-30,-30,-30,-30,-30,-30,-24,9
7457,30,-30,-30,-30,-30,-30,-30,-30,-30,-30,0
8992,-30,-30,30,-30,-30,-30,21,-30,-30,-30,2
3877,-30,30,-30,-30,-30,-30,-30,-30,-30,-30,1
1294,-30,30,-30,-30,-30,-30,-30,-30,-30,-30,1
9236,-30,-30,-30,-30,-30,-30,-30,-30,30,-30,8
1583,-30,-30,-30,-30,-30,-30,-30,30,-30,-30,7
9322,-30,-30,-30,30,-30,-30,-30,-30,-30,-30,3
201,-30,-30,-29,-30,-18,-30,-8,-30,-30,-30,6
9560,-16,-30,-30,-30,-30,-30,-14,-30,-30,-30,6
2992,-30,-30,-30,-30,-30,-3,-30,-30,-30,-13,5
5199,-30,-30,-30,-30,30,-30,-16,-30,-30,-30,4
6600,-30,-30,-30,30,-30,-30,-30,-30,-30,-30,3
8270,-30,-30,-30,-30,-30,-30,-30,-30,30,-30,8
8783,-30,-30,-30,-30,-30,-30,-30,-30,30,-30,8
4569,-30,-30,-30,-30,-30,-30,-30,-30,30,-30,8
1808,-30,-30,-30,-30,-30,-30,-30,-30,-30,30,9
1299,-30,-30,-30,-30,-30,-30,30,-30,-30,-30,6
5105,-28,-30,-30,-30,-30,-30,-6,-30,-30,-30,6
9039,-30,-30,-30,-30,-30,-30,-30,-30,-30,30,9
9347,-30,-30,26,-30,-30,-30,-20,-30,-30,-30,2
3380,-30,-30,-30,-26,-30,-30,-3,-30,-30,-30,6
1869,-30,-30,-30,30,-30,-30,-30,-30,-30,-30,3
225,-12,-30,-30,-30,-30,-30,-13,-30,-30,-30,0
1708,-30,-30,27,-30,-30,-30,-14,-30,-30,-30,2
8099,-30,-30,13,-30,-30,-30,-14,-30,-30,-30,2
3848,-30,-30,-30,-30,-30,-30,-30,-30,30,-30,8
2115,-30,-30,-30,-30,-30,-30,-30,-30,30,-30,8
4699,-30,-30,-30,-30,-30,16,-30,30,-30,-30,7
2550,-30,-30,-30,-30,-30,-30,-30,-30,-30,30,9
2589,-30,-30,3,-30,-30,-30,-10,-30,-30,-30,2
5932,-30,-30,-30,-30,-30,-30,-30,-4,-30,-30,7
6554,-30,30,-30,-30,-30,-30,-30,-30,-30,-30,1
4967,-30,-30,-30,-30,-30,-30,-30,-30,-30,30,9
5925,30,-30,-30,-30,-30,-30,-30,-30,-30,-30,0
3625,-30,-30,-30,30,-30,-30,-30,-30,-30,-30,3
6158,-30,-30,-30,30,-30,-30,-30,-30,-30,-30,3
1758,-30,-30,-30,-30,-30,-30,15,-30,-30,-30,6
9782,-30,-30,19,-30,-30,-30,30,-30,-30,-30,6
7183,-30,-30,-30,30,-30,-30,-30,-30,-30,-30,3
6243,-30,-30,-30,-30,-30,-30,-30,-30,-30,30,9
8768,-30,-30,-30,-30,-30,-30,-30,-30,-30,30,9
5166,-30,-30,-30,-30,-30,21,-30,-30,-27,-30,5
3515,-30,-30,-30,30,-30,-30,-30,-30,-30,-30,3
8498,30,-30,-30,-30,-30,-30,-8,-30,-30,-30,0
979,-30,-30,-30,-30,30,-30,5,-30,-30,-30,4
7621,-30,-30,30,-30,-30,-30,-30,-30,-30,-30,2
2894,-30,-30,5,-30,-15,-30,-30,-30,-30,-30,2
6686,-30,-30,-30,-30,-30,-30,1,-30,-30,-30,6
2850,-30,-30,-11,-30,-30,-30,-5,-30,-30,-30,6
2093,-30,-30,-30,-30,-30,30,-30,-30,-30,-30,5
1616,-30,-30,-30,-30,25,-30,-30,-30,-30,-30,4
5610,-30,-30,-30,-30,-2,-30,-30,-30,-30,-30,4
6670,-30,-30,-30,-30,-30,-30,-30,-30,-30,30,9
7840,-30,-30,-30,-30,-30,-30,-30,-30,30,-30,8
5373,-30,-30,-30,-30,-30,30,-30,-30,-30,-30,5
5982,-30,-30,-30,-30,-30,-30,-30,-30,30,-30,8
351,-30,-30,-30,30,-30,-30,-30,-30,-30,-30,3
1382,-30,-30,-30,-30,30,-30,18,-30,-30,-30,4
7961,-30,30,-30,-30,-30,-30,-30,-30,-30,-30,1
6525,-30,-30,-30,-30,-30,-30,-8,-30,-30,-30,6
5656,-30,-30,-30,-30,-30,-30,-30,-30,30,-30,8
7980,-30,-30,-30,-30,-30,-30,-30,-5,-30,-29,7
8984,-30,-30,19,-30,-30,-30,-6,-30,-30,-30,2
8916,-30,-30,7,-30,-30,-30,18,-30,-30,-30,6
2776,-30,-30,30,-30,-30,-30,-30,-30,-30,-30,2
2879,-30,-30,-30,30,-30,-30,-30,-30,-30,-30,3
7872,-30,-30,-30,-30,-30,27,-30,-30,-30,-30,5
8842,-30,-30,-30,-30,-30,-30,-7,-30,-30,-30,6
2223,-30,-30,-30,30,-30,-30,-30,-30,-30,-30,3
773,-30,-30,-30,-30,-30,30,-30,-30,-30,-30,5
3986,-30,-30,30,-30,-30,-30,-21,-30,-30,-30,2
50,-30,-30,-30,-30,-30,-13,-30,-30,-30,-30,5
3559,-30,-30,-30,-30,-30,-30,-30,-30,-30,-30,0
2408,-30,-30,-30,-30,-30,-30,-30,-30,-30,30,9
6590,-30,30,-30,-30,-30,-30,-30,-30,-30,-30,1
2308,-30,-30,1,-30,-30,-30,-11,-30,-30,-30,2
3236,-30,-30,-30,-30,-30,-30,-30,-30,-30,30,9
9522,-30,-30,-30,-30,-30,-30,-30,-30,30,-30,8
7591,-30,-30,-30,-30,-30,-30,-30,-30,-30,-4,9
1595,-30,-30,-30,-7,-30,-30,-30,-30,-30,-30,3
549,-30,-30,-30,-30,-30,-30,-30,-30,30,-30,8
5582,-30,-30,-30,-30,-30,-30,-30,-30,30,-30,8
4509,-30,-30,-30,-30,-30,30,-30,-30,-30,-30,5
722,-30,-30,-30,-30,-30,30,-30,-30,-30,-30,5
3709,-30,-30,-30,-30,-30,-30,-30,-30,30,-30,8
5818,-30,-30,-30,-30,-12,-30,15,-30,-30,-30,6
7419,-30,-30,-30,-30,30,-30,-30,-30,-30,-30,4
595,-9,-30,-30,-30,-30,-30,-30,-30,-30,-30,0
4606,-30,-30,-30,-30,-30,-30,-30,-30,30,-30,8
3628,-30,-30,-30,30,-30,-30,-30,-30,-30,-30,3
1640,-10,-30,-30,-30,-30,-30,-30,-30,-30,-30,0
9794,-30,-30,-30,-30,30,-30,-30,-30,-30,-30,4
8418,-30,-30,-30,-30,-30,-30,-30,-30,-30,30,9
3171,-30,-30,-30,-30,30,-30,23,-30,-30,-30,4
2838,-30,30,-30,-30,-30,-30,-30,-30,-30,-30,1
7139,30,-30,-30,-30,-30,-30,-30,-30,-30,-30,0
1675,-30,-30,-30,-30,-30,7,-30,-30,-30,-30,5
5956,-30,30,-30,-30,-30,-30,-30,-30,-30,-30,1
9165,-30,-30,-30,-30,-30,-30,-8,-30,-30,-30,6
3667,-28,-30,-30,-4,-30,-30,-30,-30,-30,-30,3
3369,-30,-30,-30,-30,-30,-30,-30,-30,-30,30,9
887,-30,-30,24,-30,-30,-30,-11,-30,-30,-30,2
9796,-30,-30,-30,-30,-25,-30,30,-30,-30,-30,6
4678,-30,-30,-30,5,-30,-30,-30,-30,-30,-30,3
1733,-30,-30,-30,-30,-30,-30,30,-30,-30,-30,6
9817,-30,-30,-30,-30,-30,-30,-30,30,-30,-30,7
5710,-30,-30,-5,-30,-30,-30,30,-30,-30,-30,6
7439,-30,-30,-30,-30,-22,-30,30,-30,-30,-30,6
9059,-30,-30,-30,-30,-2,-30,-30,-30,-30,-30,4
6897,-30,-30,-30,-30,-30,-30,-30,-30,-30,-30,0
6147,-30,-30,-30,-30,-30,-30,-30,-30,30,-30,8
2446,-30,-30,-30,-30,-30,30,-30,-30,-30,-30,5
4610,-30,30,-30,-30,-30,-30,-30,-30,-30,-30,1
3309,-30,-30,-30,-30,-30,-30,-30,-30,30,-30,8
7622,-30,-30,-30,30,-30,-30,-30,-30,-30,-30,3
2857,-30,-30,-30,-30,30,-30,30,-30,-30,-30,4
5185,-30,-30,-30,-30,0,-30,-30,-30,-30,-30,4
9465,-30,-30,-30,-30,-30,30,-30,-30,-30,-30,5
4274,-22,-30,-30,-30,-30,-30,-13,-30,-30,-30,6
9110,18,-30,-30,-30,-30,-30,-30,-30,-30,-30,0
7016,-30,-30,-30,-30,-30,-30,-30,-30,-30,-30,0
6463,-30,-30,-30,-30,-30,-30,-30,-30,30,-30,8
1168,-30,-30,-30,-30,-30,-30,-30,-8,-30,-30,7
1416,-30,-30,-30,-30,-9,-30,-30,-30,-30,-30,4
3244,-30,-30,-30,-30,-26,-30,2,-30,-30,-30,6
6201,-30,-30,30,-30,-30,-30,-30,-30,-30,-30,2
3964,-30,-30,-23,-30,-30,-30,-7,-30,-30,-30,6
5567,-30,-30,-30,-30,-30,-30,-30,-30,-30,30,9
6793,-30,-30,-30,30,-30,-30,-30,-30,-30,-30,3
8982,-30,-30,-30,-30,-30,-3,-30,-30,-30,-30,5
8963,30,-30,-30,-30,-30,-30,-22,-30,-30,-30,0
5630,-30,-30,-30,-30,-30,-30,-30,-30,-30,30,9
4036,-30,-30,-30,-30,-30,-30,-30,-30,-30,30,9
7927,30,-30,-30,-30,-30,-30,-30,-30,-30,-30,0
7716,-30,30,-30,-30,-30,-30,-30,-30,-30,-30,1
8813,-30,-30,-30,30,-30,-30,-30,-30,-30,-30,3
4407,-30,-30,-30,-30,-30,-30,-30,30,-30,-30,7
9594,-30,30,-30,-30,-30,-30,-30,-30,-30,-30,1
4562,-30,-30,-30,-30,-30,-30,-30,-30,-30,30,9
4692,-30,-30,-30,-30,-30,-30,30,-30,-30,-30,6
1687,-30,-30,-30,-30,-30,-30,-30,30,-30,-30,7
4456,-30,-30,30,-30,-30,-30,-15,-30,-30,-30,2
9767,-30,-30,-30,-30,-30,-30,-24,-30,-30,-30,6
9532,-30,-30,-30,-30,-30,-30,-30,-30,-29,24,9
590,-30,-30,-30,-30,-30,21,-30,-17,-30,-30,5
5438,-30,-30,-30,-30,-30,-30,-30,30,-30,-30,7
5788,-30,-30,-30,-30,-30,-30,-30,-30,-30,-23,9
4374,-30,22,-30,-30,-30,-30,-30,-30,-30,-30,1
9521,-30,-30,-6,-30,-30,-30,17,-30,-30,-30,6
779,-30,-30,-30,-30,-30,-30,-30,-30,30,-30,8
3406,-30,-30,-30,23,-30,-30,-30,-30,-30,-30,3
3602,-30,30,-30,-30,-30,-30,-30,-30,-30,-30,1
4527,-30,-30,-30,-30,-30,-30,-30,30,-30,-30,7
5457,-30,-30,-30,-30,-30,-30,-30,-30,30,-30,8
2014,-30,-30,-30,-30,-30,-30,-30,-30,30,-30,8
1622,-30,-30,-30,-30,-30,-30,30,-30,-30,-30,6
6467,-30,-30,-30,-30,-30,-30,-30,-30,30,-30,8
4011,30,-30,-30,-30,-30,-30,-30,-30,-30,-30,0
7393,-30,-30,-30,-30,-30,-30,-30,-30,-30,-30,0
8162,-30,-30,-30,-30,-30,22,-30,-30,-30,-30,5
453,-30,-30,-30,-30,-30,-30,-30,30,-30,-30,7
4761,-30,30,-30,-30,-30,-30,-30,-30,-30,-30,1
9180,-30,-30,-30,-30,-30,-30,-30,-30,-30,30,9
7850,-30,-30,-30,-30,-30,-30,24,-30,-30,-30,6
9759,-30,-30,30,-30,-30,-30,-15,-30,-30,-30,2
9646,-30,30,-30,-30,-30,-30,-30,-30,-30,-30,1
6868,-30,-30,-30,-30,-30,30,-30,-30,-30,-30,5
7356,-30,30,-30,-30,-30,-30,-30,-30,-30,-30,1
5689,-30,-30,-30,-30,-30,-30,-30,-30,-30,30,9
9760,24,-30,-30,-30,-30,-30,-23,-30,-30,-30,0
5456,-30,-11,-30,-30,-30,-30,-30,-30,-30,-30,1
7945,-30,-30,-30,-30,-30,-30,-21,-30,-30,-30,6
2167,-30,-30,-30,30,-30,-30,-30,-30,-30,-30,3
4834,-30,-30,5,-30,-30,-30,-18,-30,-30,-30,2
7781,-30,-30,-30,-30,-30,30,-30,-23,-30,-30,5
3715,-30,-30,-30,30,-30,-30,-30,-30,-30,-30,3
6279,-30,-30,-30,-30,-30,-30,-30,-30,-30,20,9
270,-30,-30,-30,30,-30,-30,-30,-30,-30,-30,3
1771,-30,-30,-30,-30,-30,24,-30,11,-30,-30,5
6355,-30,-30,-30,-30,-7,-30,-1,-30,-30,-30,6
6078,4,-30,-30,-30,-30,-30,-12,-30,-30,-30,0
1693,-30,-30,-30,-30,-30,-30,10,-30,-30,-30,6
9008,-30,-30,-30,-30,-30,-30,-30,-30,-30,30,9
6330,-30,-30,-30,-30,-30,-30,-30,-30,-30,30,9
6954,-30,-30,-8,-30,-24,-30,-26,-30,-30,-30,2
6783,-30,-30,30,-30,-30,-30,7,-30,-30,-30,2
4223,-30,-30,-30,30,-30,-30,-30,-30,-30,-30,3
6326,-30,-30,-30,-30,-30,-30,-30,-30,30,-30,8
9571,-30,-30,-30,-30,-30,30,-30,-30,-30,-30,5
4316,-30,-30,-30,-30,-30,-30,-30,-30,30,-30,8
5268,-30,-30,-30,30,-30,-30,-30,-30,-30,-30,3
4736,-30,-30,-30,-30,-30,-30,21,-30,-30,-30,6
3975,-30,-30,12,-30,30,-30,-30,-30,-30,-30,4
737,-30,30,-30,-30,-30,-30,-30,-30,-30,-30,1
9190,-30,-30,-30,-30,30,-30,-26,-30,-30,-30,4
648,-30,-30,-30,-30,-30,-30,-30,-30,-30,30,9
954,-30,-30,-30,-30,-30,30,-30,-30,-30,-30,5
8964,-30,-30,-30,-30,-30,-30,-30,-30,30,-30,8
6107,-30,-30,-30,-30,-30,-30,-30,-30,-30,30,9
9813,-30,-30,-30,-30,-30,-15,-30,-30,-30,-30,5
1550,-30,-30,-30,-30,23,-30,-7,-30,-30,-30,4
6000,-30,-30,-30,-30,-6,-30,22,-30,-30,-30,6
5411,-30,-30,-30,-30,-30,-30,-30,-30,-30,30,9
5575,-30,-30,-30,-30,-30,30,-30,-30,-30,-30,5
2820,-30,-30,-30,-30,-30,-30,-30,-30,-30,30,9
9778,-30,30,-30,-30,-30,-30,-30,-30,-30,-30,1
1949,-30,30,-30,-30,-30,-30,-30,-30,-30,-30,1
1273,-30,16,-30,-29,-30,-30,-30,-30,-30,-30,1
2037,-30,-30,-30,-30,-30,-30,-30,-30,30,-30,8
6273,-30,-30,-30,-30,-27,-30,-30,-30,-30,-30,4
5182,-30,30,-30,-30,-30,-30,-30,-30,-30,-30,1
664,-30,-30,-30,-30,-30,-30,30,-30,-30,-30,6
8229,-30,-30,-30,-30,-16,-30,-18,-30,-30,-30,4
2313,-30,-30,-30,-30,-30,-30,-30,-30,-30,30,9
1064,-30,-30,-30,-30,-30,-30,-30,-30,-30,30,9
1863,-30,-30,-30,-30,-30,-29,-30,-30,25,-30,8
8134,-30,-30,-30,-30,-30,-30,-30,-30,-30,30,9
8887,-30,-30,-30,-30,-30,-30,-30,30,-30,-30,7
2638,-30,-30,-30,-30,-18,-30,-8,-30,-30,-30,6
7960,-30,-30,-30,-30,-30,-30,-10,-30,-30,-30,6
1130,-30,30,-30,-30,-30,-30,-30,-30,-30,-30,1
8697,-30,-30,-30,-30,-30,-30,-30,-30,-30,30,9
1187,-30,-30,-30,-30,-30,-30,-30,-30,-30,18,9
1777,-30,30,-30,-30,-30,-30,-30,-30,-30,-30,1
364,-30,-30,-30,-30,-30,-30,-30,-30,-30,30,9
9434,-30,-30,10,-30,-30,-30,26,-30,-30,-30,6
7125,-30,-30,30,-30,-30,-30,-30,-30,-30,-30,2
8338,-30,-30,-30,30,-30,-30,-30,-30,-30,-30,3
6498,-30,-30,-30,-30,-30,-30,-30,-30,-30,-25,9
6584,-30,-30,-30,30,-30,-30,-30,-30,-30,-30,3
8215,-30,30,-30,-30,-30,-30,-30,-30,-30,-30,1
7237,-30,-30,-30,5,-30,-30,-30,-30,-30,-30,3
4215,-26,-30,-30,-30,-30,-30,-1,-30,-30,-30,6
2949,-30,-30,-30,-30,-30,-30,-30,-30,30,-30,8
457,-30,-30,-30,30,-30,-30,-30,-30,-30,-30,3
3591,-30,-30,-30,-30,-30,-30,-5,-30,-30,-30,6
1509,-30,-30,-30,30,-30,-30,-30,-30,-30,-30,3
5119,-30,-30,-30,30,-30,-30,-30,-30,-30,-30,3
36,-30,-30,-30,-30,-30,-30,-30,-30,30,-30,8
5793,-30,-30,-30,8,-30,-30,-30,-30,-30,-30,3
8588,-30,-30,-30,-30,-30,-30,-30,30,-30,-30,7
989,-30,30,-30,-30,-30,-30,-30,-30,-30,-30,1
1053,-30,-30,-30,-30,-30,-30,-18,-30,-30,-30,6
4551,-30,-30,-30,-30,-30,-30,-30,-30,-30,-30,0
4328,-30,-30,-30,-30,-30,-30,-30,-30,30,-30,8
1535,-30,-30,-30,30,-30,-30,-30,-30,-30,-30,3
1686,-30,-30,-30,-30,-30,-30,-30,30,-30,-30,7
9667,-30,-30,-30,-30,-30,-30,-30,-30,-30,30,9
2880,-30,-30,-30,-30,-30,-30,-30,-30,8,-30,8
3044,30,-30,-30,-30,-30,-30,-30,-30,-30,-30,0
1360,-30,-30,-30,30,-30,-30,-30,-30,-30,-30,3
9341,30,-30,-30,-30,-30,-30,-30,-30,-30,-30,0
9458,-30,-30,-30,-30,-25,-30,-30,-30,-30,-30,4
6774,-30,-30,-30,-30,-30,30,-30,-30,-30,-30,5
3458,-30,-30,-30,-30,-30,-30,-30,30,-30,-30,7
2352,-30,-30,-30,-30,-30,-30,-30,-30,-30,-30,0
6349,-30,-30,-30,-30,-30,-30,-30,30,-30,-30,7
1887,-30,-30,-13,-30,-30,-30,-13,-30,-30,-30,2
2549,-30,-30,-30,-30,-30,4,-30,-30,-30,-30,5
2618,30,-30,-30,-30,-30,-30,-30,-30,-30,-30,0
9394,-30,-30,30,-30,-30,-30,-1,-30,-30,-30,2
3802,-30,-30,-30,-30,-30,-30,30,-30,-30,-30,6
6583,-30,-30,-30,30,-30,-30,-30,-30,-30,-30,3
7232,-30,-30,-30,21,-30,-30,-16,-30,-30,-30,3
4458,30,-30,-30,-30,-30,-30,-30,-30,-30,-30,0
4038,-30,-30,-30,-30,-30,-30,-30,-30,-30,-30,0
2502,-30,-30,-30,-30,30,-30,0,-30,-30,-30,4
9577,-30,-30,-30,-30,-30,-30,-30,-30,-30,-30,0
74,-30,-30,-30,-30,30,-30,-30,-30,-30,-30,4
9363,-30,-30,-30,-30,0,-30,-30,-30,-30,-30,4
6813,-30,-30,-30,-30,4,-30,8,-30,-30,-30,6
2884,-30,-30,-30,-30,-30,-30,-30,-30,-30,30,9
9426,-30,-30,-30,-30,-30,-30,-30,-30,-30,30,9
5505,-30,-30,-30,-30,-30,-30,-13,-30,-30,-30,6
7336,-30,-30,-30,-30,-30,-30,-30,21,-30,-30,7
465,-30,-30,-30,-30,30,-30,-19,-30,-30,-30,4
3050,-30,-30,-30,-24,-30,-30,-30,-30,-30,-30,3
7099,-30,-30,-8,-30,30,-30,-30,-30,-30,-30,4
4077,-30,-30,-30,-30,-30,-30,-30,-30,-9,-30,8
1017,-30,30,-30,-30,-30,-30,-30,-30,-30,-30,1
1901,-30,-30,-30,-30,-30,-30,-30,-30,-30,30,9
9755,-30,-30,-30,-30,-30,30,-30,-30,-30,-30,5
6068,-30,-30,-30,-30,-30,-30,-30,-30,-30,25,9
5943,-30,-30,-30,-30,-30,-30,-30,-30,-30,30,9
5366,30,-30,-30,-30,-30,-30,-24,-30,-30,-30,0
9825,-30,-30,-30,-30,-30,30,-30,-30,-30,-30,5
7234,-30,-30,-30,-30,-30,-30,-30,-30,30,-30,8
1647,-30,-30,-4,-30,-30,-30,-3,-30,-30,-30,6
9504,-30,-30,-30,-30,-30,-30,-30,30,-30,-30,7
9512,-30,-30,-30,30,-30,-30,-30,-30,-30,-30,3
9174,-30,-30,-30,-30,-30,-30,-30,-30,-30,30,9
7994,-30,-30,-30,-30,-30,20,-30,-30,-30,-30,5
4607,-30,-30,30,-30,-30,-30,-30,-30,-30,-30,2
4908,-30,-30,-30,-30,-30,-30,-30,-30,30,-30,8
7453,-30,-30,-30,-30,-30,-30,-30,-30,-30,18,9
6172,-30,-30,-30,-30,-30,30,-30,-30,-30,-30,5
5722,-30,-30,-30,-30,-30,-30,-30,-30,30,-30,8
1245,30,-30,-30,-30,-30,-30,-9,-30,-30,-30,0
4882,30,-30,-30,-30,-30,-30,-30,-30,-30,-30,0
3120,-30,-30,-30,-26,-30,-30,-30,-30,-30,-30,3
9877,30,-30,-30,-30,-30,-30,-26,-30,-30,-30,0
7102,3,-30,-30,-30,-30,-30,7,-30,-30,-30,6
5057,-30,-30,-30,30,-30,-30,-30,-30,-30,-30,3
7432,-30,-30,-30,-30,-30,-30,-30,30,-30,-30,7
5160,-30,-30,-30,-30,-30,-30,-30,-30,30,-30,8
2147,30,-30,-30,-30,-30,-30,-30,-30,-30,-30,0
2651,-30,30,-30,-30,-30,-30,-30,-30,-30,-30,1
5178,-30,-30,30,-30,-30,-30,-18,-30,-30,-30,2
5299,-30,-30,30,-30,-30,-30,-30,-30,-30,-30,2
6678,-30,-30,-30,-30,-30,-30,-30,-30,-30,-30,0
9763,-30,30,-30,-30,-30,-30,-30,-30,-30,-30,1
915,-30,30,-30,-30,-30,-30,-30,-30,-30,-30,1
7939,-30,-30,-30,-30,-30,-30,-10,-30,-30,-30,6
1441,-30,-30,-18,-30,-30,-30,-14,-30,-15,-30,6
3019,-30,-30,30,-30,-30,-30,10,-30,-30,-30,2
2691,-30,-30,-30,-30,-30,30,-30,-30,-30,-30,5
5871,-30,-30,-30,-30,30,-30,17,-30,-30,-30,4
2161,-30,-30,-30,-30,-30,-30,-30,-30,-30,-30,0
7404,-30,-30,-30,-30,-30,-30,-30,-30,-30,30,9
293,-30,-30,-30,30,-30,-30,-30,-30,-30,-30,3
236,-30,-30,-30,-30,-30,-30,-12,-30,-30,-30,6
3758,-30,-30,-30,-30,-30,-30,-30,-30,-30,-30,0
6369,-30,-30,-30,30,-30,-30,-30,-30,-30,-30,3
6549,-30,-30,-30,-30,-30,-30,-30,30,-30,-30,7
8641,-30,-30,30,-30,-30,-30,-11,-30,-30,-30,2
1874,-30,-30,-30,-30,-30,-30,-30,-30,-30,30,9
2849,-30,-30,-9,-30,30,-30,-30,-30,-30,-30,4
5327,-30,30,-30,-30,-30,-30,-30,-30,-30,-30,1
6615,-30,-30,-30,-30,-30,-30,21,-30,-30,-30,6
8803,-30,-30,-30,-30,-30,-30,-30,30,-30,-30,7
791,-30,-30,-30,-30,-30,30,-30,-30,-30,-30,5
6395,-30,-30,-30,-30,-30,30,-30,-30,-30,-30,5
7493,-30,-30,-30,-30,-30,-30,-30,-30,-30,30,9
3163,-30,-30,30,-30,-30,-30,-7,-30,-30,-30,2
4689,30,-30,-30,-30,-30,-30,-18,-30,-30,-30,0
214,-30,-30,-30,-30,-30,-30,-30,-30,-30,30,9
1927,-30,-30,-30,-30,-30,-30,-30,-12,-30,-30,7
267,-30,-30,-30,-30,-30,-30,-30,-30,-30,30,9
1050,-30,-30,-30,-30,-30,-30,-30,-30,-30,-6,9
5792,-30,-30,-30,-30,-15,-30,-30,-30,-30,-30,4
5241,-30,30,-30,-30,-30,-30,-30,-30,-30,-30,1
2901,-30,-30,-30,-30,-30,-30,-30,-30,30,-30,8
5071,-30,-30,-30,30,-30,-30,-30,-30,-30,-30,3
2233,-30,-30,-30,30,-30,-30,-30,-30,-30,-30,3
3240,-30,-30,-30,-30,-30,-30,-30,-30,30,-30,8
1504,30,-30,-30,-30,-30,-30,-30,-30,-30,-30,0
3018,-30,-30,-30,-11,-30,-30,-30,-30,27,-30,8
7745,-30,-30,-30,-30,-30,-30,-30,-18,-30,-30,7
7731,-1,-30,-30,-30,-30,-30,-1,-30,-30,-30,0
8735,-30,-30,-30,-30,-30,-27,-30,-17,-30,-30,7
5700,-30,-30,-30,-30,-30,-30,-30,-12,-30,-30,7
3379,-30,-30,-30,-30,-30,-30,-30,-30,-30,30,9
8301,-30,-30,-30,-30,-30,-30,30,-30,-30,-30,6
64,-30,-30,-30,-11,24,-30,-30,-30,-30,-30,4
3935,26,-30,-30,-30,-30,-30,-30,-30,-30,-30,0
8067,-30,-30,-30,22,-30,-30,-30,-30,-30,-30,3
5593,-30,-30,-30,-30,-30,-30,-30,16,-30,-30,7
2232,-30,-30,-22,-30,3,-30,-30,-30,-30,-30,4
6855,-30,30,-30,-30,-30,-30,-30,-30,-30,-30,1
9897,-30,-30,-30,-30,-30,18,-30,-30,-30,-30,5
2562,-30,-30,-3,-30,-30,-30,30,-30,-30,-30,6
5783,30,-30,-30,-30,-30,-30,-30,-30,-30,-30,0
6150,-30,-30,-30,-30,-30,30,-30,-30,-30,-30,5
7107,-30,-30,-30,-30,-30,-30,-30,-30,30,-30,8
8407,-30,-30,-30,-30,-30,-30,30,-30,-30,-30,6
3797,-30,-30,-30,-30,-30,-30,-30,30,-30,-30,7
5459,29,-30,-30,-30,-30,-30,-30,-30,-30,-30,0
1048,-30,30,-30,-30,-30,-30,-30,-30,-30,-30,1
6896,30,-30,-30,-30,-30,-30,-30,-30,-30,-30,0
7679,-30,-30,-30,-30,-30,30,-30,-30,-30,-30,5
5094,-30,-30,-30,-30,-14,-30,3,-30,-30,-30,6
5650,-30,-30,30,-30,-30,-30,1,-30,-30,-30,2
9976,-30,30,-30,-30,-30,-30,-30,-30,-30,-30,1
1866,-30,-30,-30,-30,30,-30,12,-30,-30,-30,4
4414,-30,30,-30,-30,-30,-30,-30,-30,-30,-30,1
4906,-30,-30,-30,-30,-30,-30,-30,-30,30,-30,8
98,-30,-30,-30,-30,-30,-30,-30,5,-30,-30,7
971,-30,-30,-30,-30,-30,-30,-30,-30,-30,-7,9
2279,-30,-30,-30,-30,-30,-30,-30,-30,-30,30,9
4225,-30,-30,-30,-30,-30,-30,-30,30,-30,-30,7
8543,-30,-30,-30,30,-30,-30,-30,-30,-30,-30,3
1218,-30,-30,-30,-30,-15,-30,-2,-30,-30,-30,6
573,-30,-30,30,-30,-30,-30,-2,-30,-30,-30,2
4180,-30,-30,-29,-30,-30,-30,5,-30,-30,-30,6
1255,-30,-30,-30,-30,-30,-30,-30,30,-30,-30,7
7077,-30,-30,-30,-30,-30,-30,-16,-30,-30,-30,6
6737,-30,-30,-30,-15,-30,-30,-30,-30,-30,-30,3
9506,-30,-30,-30,-30,-30,-30,-30,-30,-30,30,9
1463,-30,-30,-30,-30,-30,-30,-15,-30,-30,-30,6
7480,-30,-30,-30,30,-30,-30,-30,-30,-30,-30,3
7127,-30,-30,-30,-30,-30,-30,-30,-30,-30,30,9
1049,-30,-30,-30,-30,-30,30,-30,-30,-30,-30,5
5540,-30,30,-30,-30,-30,-30,-30,-30,-30,-30,1
5728,-30,-30,-30,-30,-30,-30,-30,-30,-30,-30,0
8148,-30,-30,-30,-30,-30,-30,-30,-30,-30,8,9
7018,-30,-30,-16,-30,-30,-30,-7,-30,-30,-30,6
8316,-30,-30,-30,-30,-30,-30,-30,30,-30,-30,7
6839,-30,-30,3,-30,-30,-30,-30,-30,-30,-30,2
5940,-30,-30,-30,30,-30,-30,-30,-30,-30,-30,3
2711,-30,-30,-30,-30,-30,30,-30,-30,-30,-30,5
1246,-30,-30,-30,-30,-30,-30,-30,23,-30,-30,7
2780,-30,-30,30,-30,-30,-30,-10,-30,-30,-30,2
1736,-30,-30,-30,-30,-30,-30,-30,30,-30,-30,7
8144,-30,-30,30,-30,-30,-30,-20,-30,-30,-30,2
2025,-30,-30,-30,-30,-30,-30,-30,-30,30,-30,8
7079,-30,-30,-30,-30,-30,-30,-30,30,-30,-30,7
6011,-30,-30,-30,-30,-30,29,-30,-30,-30,-30,5
9705,-30,-30,-30,-30,30,-30,-30,-30,-30,-30,4
7626,-30,-30,-30,-30,-30,-30,-30,-30,-30,8,9
2967,-30,-30,-30,-30,-30,-30,-30,-26,-30,10,9
1034,-30,-30,-30,-30,-11,-30,-7,-30,-30,-30,6
5385,-30,-30,-30,30,-30,-30,-30,-30,-30,-30,3
9474,-30,-30,-30,-30,-30,30,-30,-30,-30,-30,5
2818,-23,-30,-30,-30,-30,-30,-7,-30,-30,-30,6
3967,-30,-30,30,-30,-30,-30,-30,-30,-30,-30,2
4007,-30,-30,-30,-30,-30,9,-30,-30,-30,-30,5
4482,-30,-30,-30,-30,-30,30,-30,-30,-30,-30,5
9637,-30,-30,-30,30,-30,-30,-30,-30,-30,-30,3
9253,-30,30,-30,-30,-30,-30,-30,-30,-30,-30,1
3726,-30,-30,-30,-30,-30,-30,-30,-30,-30,30,9
4823,-30,-30,-30,30,-30,-30,-30,-30,-30,-30,3
7352,-30,-30,-30,-30,-30,-30,-30,2,-30,-30,7
6661,-30,30,-30,-30,-30,-30,-30,-30,-30,-30,1
3368,30,-30,-30,-30,-30,-30,-30,-30,-30,-30,0
625,-30,-30,-30,30,-30,-30,-30,-30,-30,-30,3
6452,-30,-30,-19,-30,-28,-30,-9,-30,-30,-30,6
7874,-30,-30,-30,-30,-30,-30,-30,-30,-30,-30,0
7601,-30,-30,-22,-30,-13,-30,-30,-30,-30,-30,4
9009,-30,-30,-30,-30,-30,30,-30,-30,-30,-30,5
8191,-30,-30,-30,-30,-30,-30,-30,-30,-30,10,9
740,-30,-30,30,-30,-30,-30,-25,-30,-30,-30,2
9774,-30,30,-30,-30,-30,-30,-30,-30,-30,-30,1
2253,-30,30,-30,-30,-30,-30,-30,-30,-30,-30,1
6466,-30,-30,-30,-30,-30,-30,-30,-29,-30,-30,7
8784,-30,-30,-30,-30,-30,-30,-30,30,-30,-30,7
2142,-30,-30,-30,-30,-30,-30,-30,22,-30,-30,7
9399,30,-30,-30,-30,-30,-30,-30,-30,-30,-30,0
6112,-30,13,-30,-30,-30,-30,-30,-30,-30,-30,1
858,-30,-30,-30,-30,30,-30,30,-30,-30,-30,4
7562,-30,-30,-30,-30,-30,-30,-30,-30,30,-30,8
5382,-30,-30,-30,-30,-30,30,-30,-30,-30,-30,5
69,-30,-30,30,-30,-30,-30,-30,-30,-30,-30,2
6345,-30,-30,-30,-30,-30,-5,-30,-30,-30,-30,5
690,-30,-30,-30,-30,-30,-30,-30,-30,-30,-30,0
2773,-30,-30,-30,-30,-30,-30,-30,30,-30,-30,7
7384,-30,-30,-30,-30,-30,-30,-30,-30,30,-30,8
6097,-30,-30,-30,-30,-30,-30,-30,30,-30,-30,7
9513,-30,-30,-30,-30,-30,-30,-30,30,-30,-30,7
430,30,-30,-30,-30,-30,-30,-30,-30,-30,-30,0
4331,-30,-30,-30,-30,-30,-30,-30,-30,30,-30,8
2222,-30,-30,-30,-30,-30,-14,-30,-30,-30,-23,5
5027,-11,-30,-30,-30,-30,-30,-3,-30,-30,-30,6
1346,30,-30,-30,-30,-30,-30,-30,-30,-30,-30,0
9789,-30,-30,-30,-30,-30,27,-30,-30,-30,-30,5
564,-30,-30,-30,-30,-30,30,-30,-30,-30,-30,5
9534,-30,-30,-30,-30,0,-30,30,-30,-30,-30,6
3836,-30,-30,-30,-30,-30,-30,-30,-26,-30,-30,7
1934,-30,-30,-30,-30,-30,-30,-30,30,-30,-30,7
9654,-30,-30,-30,-30,-30,-30,-30,-30,-30,30,9
691,-30,-30,-30,-30,-30,-30,-30,30,-30,-30,7
2350,-30,30,-30,-30,-30,-30,-30,-30,-30,-30,1
4722,30,-30,-30,-30,-30,-30,-30,-30,-30,-30,0
6555,30,-30,-30,-30,-30,-30,-30,-30,-30,-30,0
3233,-30,-30,-30,-30,-30,-30,-30,-30,30,-30,8
7472,21,-30,-30,-30,-30,-30,28,-30,-30,-30,6
2169,-30,-30,-30,-30,1,-30,-30,-30,-30,-30,4
1877,30,-30,-30,-30,-30,-30,-30,-30,-30,-30,0
6850,-30,-30,-30,-30,-30,-30,-18,-30,-30,-30,6
2907,-30,-30,-30,-30,-30,-30,-24,-30,-30,-30,6
906,-30,-30,-30,-30,-30,30,-30,-30,-30,-30,5
2624,-30,-30,-30,-30,-30,-1,-30,6,-30,-30,7
4576,30,-30,-30,-30,-30,-30,-30,-30,-30,-30,0
6732,-30,-30,-30,-30,-30,18,-30,12,-30,-30,5
6224,-30,-30,-30,30,-30,-30,-30,-30,-30,-30,3
5979,-30,-30,-30,2,-30,-30,-30,-30,-22,-30,3
4651,-30,-30,-30,-30,-30,-30,-30,-30,-30,-30,0
5364,-30,-30,-30,-30,-30,-23,-30,-30,-30,-26,5
3078,30,-30,-30,-30,-30,-30,-19,-30,-30,-30,0
774,-30,-30,-30,-30,-30,-30,-30,-16,-30,-30,7
6070,-30,-12,-30,-19,-30,-30,-30,-30,-30,-30,1
2323,-30,-30,-30,-30,-30,-30,-30,-30,30,-30,8
6222,-30,-30,-30,-30,-30,-23,-30,-11,-30,-30,7
9351,-30,30,-30,-30,-30,-30,-30,-30,-30,-30,1
9111,-30,-30,-30,-30,-30,-30,-30,-30,-30,-30,0
6742,-30,-30,16,-30,-30,-30,0,-30,-30,-30,2
3438,-17,-30,-30,-30,-30,-30,-30,-30,-30,-30,0
705,-30,-30,-30,-30,-7,-30,28,-30,-30,-30,6
695,-30,-30,-30,-30,-30,-30,-30,30,-30,-30,7
3255,-30,-30,-30,30,-30,-30,-30,-30,-30,-30,3
4750,-30,-30,-30,-30,-30,-30,-30,30,-30,-30,7
6315,-30,-30,-30,-30,9,-30,3,-30,-30,-30,4
4844,-30,-30,-30,-30,-30,-30,-30,-30,30,-30,8
1955,-30,-30,-30,-30,-30,-30,-20,-30,-30,-30,6
3364,-30,-30,-30,30,-30,-30,-30,-30,-30,-30,3
8111,-30,-30,-30,-30,-30,-30,-30,-30,-30,30,9
8878,-30,-30,-30,-30,18,-30,-30,-30,-30,-30,4
1720,-11,-30,-30,-30,-30,-30,-30,-30,-30,-30,0
7104,-30,-30,-30,-30,-30,-30,10,-30,-30,-30,6
6669,22,-30,-30,-30,-30,-30,-2,-30,-30,-30,0
9374,-30,-30,-30,-30,-30,-30,-30,-30,30,-30,8
3208,-30,-30,-30,-30,-30,-30,-30,30,-30,-30,7
9519,-30,-30,-30,30,-30,-30,-30,-30,-30,-30,3
6478,-30,-30,-30,30,-30,-30,-30,-30,-30,-30,3
8698,30,-30,-30,-30,-30,-30,-30,-30,-30,-30,0
2245,-30,-30,-30,-30,-30,22,-30,-30,-30,-30,5
8013,-30,-30,-30,-30,-30,-30,29,-30,-30,-30,6
6261,-30,30,-30,-30,-30,-30,-30,-30,-30,-30,1
6153,-30,-30,-30,-30,-30,30,-30,-30,-30,-30,5
8004,30,-30,-30,-30,-30,-30,-30,-30,-30,-30,0
7581,-30,-30,-30,-30,-30,-30,-30,-30,-30,30,9
1517,-30,-30,-30,-30,-30,-30,-30,-30,-30,30,9
4589,-30,30,-30,-26,-30,-30,-30,-30,-30,-30,1
5666,-30,-30,-30,30,-30,-30,-30,-30,-30,-30,3
8865,-30,-30,-30,-19,-30,-30,-30,-30,-30,-30,3
5320,-30,-30,-30,-30,-30,-30,30,-30,-30,-30,6
4477,-30,30,-30,-30,-30,-30,-30,-30,-30,-30,1
4234,-30,-30,-4,-30,-30,-30,-23,-30,-30,-30,2
8351,9,-30,-30,-30,-30,-30,-11,-30,-30,-30,0
2798,-30,-30,-30,-30,-30,30,-30,-30,-30,-30,5
3976,-30,-30,-30,-30,-30,-13,-30,19,-30,-30,7
3854,-30,-30,30,-30,-30,-30,-30,-30,-30,-30,2
9501,-30,-30,8,-30,-30,-30,-30,-30,-30,-30,2
282,30,-30,-30,-30,-30,-30,-30,-30,-30,-30,0
999,-30,-30,-30,-30,-30,-30,-30,-30,-30,30,9
2129,-30,-30,1,-30,-30,-30,22,-30,-30,-30,6
5087,-30,-30,-30,-30,-30,-30,-30,-30,-30,-30,0
2781,-30,-30,-30,-30,-30,-30,-30,-30,30,-30,8
674,-30,-30,-30,-30,19,-30,3,-30,-30,-30,4
9818,-30,-30,-30,-30,-30,-30,-30,-30,30,-30,8
947,-30,-30,-30,-15,-30,-30,-30,-30,-30,-30,3
7616,-30,-30,-30,-30,-30,-30,-30,30,-30,-30,7
8882,-30,-30,-30,-30,-30,5,-30,-23,-30,-30,5
149,-30,-30,-30,30,-30,-30,-30,-30,-30,-30,3
187,-30,-30,-30,30,-30,-30,-30,-30,-30,-30,3
1303,-30,-30,-30,-30,-30,-30,-30,-30,-30,30,9
955,-30,-30,-30,-30,-30,30,-30,-30,-30,-30,5
5214,-30,-30,-30,-30,-30,-30,-30,30,-30,-30,7
1479,-30,14,-30,-30,-30,-30,-30,-30,-30,-30,1
4222,-1,-30,-30,-30,-30,-30,-23,-30,-30,-30,0
5035,-30,-30,-30,-30,-30,-30,-30,-30,-30,30,9
3922,-30,-30,-30,-30,26,-30,-30,-30,-30,-30,4
8439,-30,-30,-30,-30,-30,4,-30,-30,-30,-30,5
829,23,-30,-30,-30,-30,-30,-14,-30,-30,-30,0
6428,-30,-30,-30,-30,-30,-26,-30,30,-30,-30,7
9684,-30,-30,30,-30,-30,-30,15,-30,-30,-30,2
7536,-30,-30,-30,-30,-30,-30,-30,-30,-30,30,9
7785,-30,-30,-30,-30,-30,30,-30,-30,-30,-30,5
7593,-30,-30,-30,-30,-30,30,-30,-30,-30,-30,5
9801,-30,-30,-30,-30,-30,-30,-30,-30,30,-30,8
5741,-30,-30,-30,-30,-30,-16,-30,-14,-30,-30,7
480,-30,-30,-30,-30,30,-30,-30,-30,-30,-30,4
6603,-30,-30,-30,-30,-30,-30,-30,-30,-30,30,9
8465,-30,-30,-30,-30,-30,-22,-30,-30,-30,1,9
5975,-30,-30,30,-30,-30,-30,1,-30,-30,-30,2
7048,-30,-30,-30,24,-30,-30,-30,-30,-30,-30,3
3781,11,-30,-30,-30,-30,-30,-3,-30,-30,-30,0
5844,-30,-30,-30,30,-30,-30,-30,-30,-30,-30,3
6733,28,-30,-30,-30,-30,-30,-30,-30,-30,-30,0
1723,-30,-30,-30,-30,-22,-30,30,-30,-30,-30,6
9625,-30,-30,-30,-30,-30,-30,-30,30,-30,-30,7
3991,-30,-30,-2,-30,-30,-30,22,-30,-30,-30,6
6906,-30,-30,-30,-30,30,-30,-30,-30,-30,-30,4
7244,-30,-30,30,-30,-30,-30,30,-30,-30,-30,2
4251,-30,-30,-30,-30,-30,-2,-30,-30,-30,-30,5
5501,-30,-30,-10,-30,-30,-30,-13,-30,-30,-30,2
1462,-30,30,-30,-30,-30,-30,-30,-30,-30,-30,1
1464,-30,-30,-30,-30,-30,30,-30,-30,-30,-30,5
447,-30,-30,-30,-30,-30,-30,-30,30,-30,-30,7
2790,-30,-30,-30,-30,-30,-30,-30,-30,-30,23,9
9931,-30,-30,-30,-30,-30,-7,-30,-30,-30,-30,5
5363,-30,-30,-30,30,-30,-30,-30,-30,-30,-30,3
8738,-30,-30,-30,-30,-30,-30,-30,-30,-30,30,9
9494,-30,-30,-30,-30,-30,-30,-30,-30,30,-30,8
9320,-30,-30,-30,-30,-30,-30,-27,-30,30,-30,8
6251,-30,-30,-30,-30,-30,30,-30,-30,-30,-30,5
8629,-30,30,-30,-30,-30,-30,-30,-30,-30,-30,1
8854,-30,-30,-30,-30,-30,-30,-30,-30,-30,30,9
2052,-30,-28,-30,-30,-30,-30,-18,-30,-30,-30,6
4149,-30,-18,-30,-13,-30,-30,-15,-30,-30,-30,3
1561,30,-30,-30,-30,-30,-30,-30,-30,-30,-30,0
3046,-30,-30,-30,-30,-11,-30,-14,-30,-30,-30,4
7321,-30,-30,-30,-30,-30,-30,-30,-30,30,-30,8
905,30,-30,-30,-30,-30,-30,-30,-30,-30,-30,0
9675,-30,-30,-30,-30,-30,-3,-30,-30,-30,-30,5
120,-7,-30,-30,-30,-30,-30,-18,-30,-30,-30,0
9258,-30,-30,-30,-30,-30,-30,-30,-30,-30,30,9
4618,-30,-30,-30,-30,-30,-30,-30,-30,30,-30,8
4201,-30,-30,-30,-30,-30,-30,-30,-30,30,-30,8
383,-30,-30,-30,30,-30,-30,-30,-30,-30,-30,3
210,-30,-30,-30,2,-30,-30,-30,-30,-30,-30,3
1650,-30,-30,-30,-24,-30,-30,-30,-30,-30,-30,3
2244,-30,30,-30,-30,-30,-30,-30,-30,-30,-30,1
6880,-30,-30,-30,-30,-30,-30,-30,30,-30,-30,7
4653,-30,-30,-30,-30,-30,-30,-30,30,-30,-30,7
3162,-30,30,-30,-30,-30,-30,-30,-30,-30,-30,1
6894,-30,-30,-21,-30,-30,-30,14,-30,-30,-30,6
7819,-30,-30,-30,-30,-30,-30,30,-30,-30,-30,6
1695,-30,-30,-30,-30,-30,-30,-30,30,-30,-30,7
8188,30,-30,-30,-30,-30,-30,-30,-30,-30,-30,0
3532,-30,-30,-30,30,-30,-30,-30,-30,-30,-30,3
1438,-30,-30,23,-30,-30,-30,21,-30,-30,-30,2
7369,-30,-30,-30,-30,-30,-30,-30,-30,30,-30,8
3489,-30,-30,-30,-30,-30,-30,-30,30,-30,-30,7
1696,-30,-30,-30,-30,-30,-30,-30,-30,30,-30,8
8604,-30,-30,-30,-30,-30,-30,-30,-14,-30,-30,7
8787,-30,-30,-30,-30,-30,-30,-30,-30,-30,9,9
4573,-30,30,-30,-30,-30,-30,-30,-30,-30,-30,1
2963,-30,30,-30,-30,-30,-30,-30,-30,-30,-30,1
2409,-30,-30,-30,30,-30,-30,-30,-30,-30,-30,3
7959,-30,-30,-30,-30,-30,-30,-14,-30,12,-30,8
5506,-30,-30,-30,-30,-30,-30,-30,4,-30,-30,7
1391,-30,-30,-30,-30,-30,-30,-30,-30,-30,-3,9
7311,-30,-30,-30,-30,-30,-30,-30,-30,-30,30,9
1784,-30,30,-30,-30,-30,-30,-30,-30,-30,-30,1
6978,30,-30,-30,-30,-30,-30,-30,-30,-30,-30,0
4883,-30,-30,-30,-30,-30,-30,1,-30,-30,-30,6
4673,-30,-30,-30,-3,-30,-30,-30,-30,-30,-30,3
3432,-30,-30,-30,-30,30,-30,-11,-30,-30,-30,4
898,-30,-30,-30,-30,30,-30,-30,-30,-30,-30,4
1744,-30,-30,-30,-30,-15,-30,-30,-30,-30,-30,4
6500,-30,-30,-30,-30,-30,-30,-30,30,-30,-30,7
8806,-30,30,-30,-30,-30,-30,-30,-30,-30,-30,1
3616,-30,-30,-30,-30,-30,-30,-30,-30,-30,-30,0
3720,30,-30,-30,-30,-30,-30,-30,-30,-30,-30,0
1817,-30,30,-30,-30,-30,-30,-30,-30,-30,-30,1
9108,-30,-30,-30,-30,-30,28,-30,-30,-30,-30,5
6265,-30,-30,-30,-30,6,-30,-30,-30,-30,-30,4
2385,-30,-30,-30,-30,-6,-30,-11,-30,-30,-30,4
4421,-30,-30,-30,-30,-30,-30,-30,-30,-30,30,9
8602,-30,-30,20,-30,-30,-30,12,-30,-30,-30,2
429,-30,-30,-30,-30,30,-30,-30,-30,-30,-30,4
7188,-30,-30,30,-30,-30,-30,-21,-30,-30,-30,2
2212,-30,-30,-15,-30,-24,-30,-30,-30,-30,-30,2
9205,-30,-30,-30,-30,-30,-30,-30,-30,-30,-30,0
6414,-30,-30,-30,-30,-30,-30,-30,30,-30,-30,7
2527,-30,-30,-30,-30,-30,-30,-30,-18,-30,-30,7
6322,-30,-30,-20,-30,-21,-30,28,-30,-30,-30,6
9947,-30,-30,-30,-30,-30,-28,-30,30,-30,-30,7
8669,-30,30,-30,-30,-30,-30,-30,-30,-30,-30,1
9639,-30,-30,-30,-30,3,-30,-30,-30,-30,-30,4
7199,30,-30,-30,-30,-30,-30,-30,-30,-30,-30,0
4938,-30,-30,-30,-30,-30,-30,-30,-30,30,-30,8
8040,-30,-30,-30,30,-30,-30,-30,-30,-30,-30,3
9107,-30,-30,-30,20,-30,-30,-30,-30,-30,-30,3
5402,-30,-30,-30,-30,-30,30,-30,-30,-30,-30,5
5028,-30,-30,9,-30,-30,-30,-9,-30,-30,-30,2
9895,30,-30,-30,-30,-30,-30,-30,-30,-30,-30,0
6269,-30,-30,-30,-30,-30,-30,-30,-30,30,-30,8
3629,-30,-30,-30,-30,-30,-30,-26,-30,-30,-30,6
1194,-30,-30,-30,25,-30,-30,-30,-30,-30,-30,3
2198,-30,-30,-30,-30,-24,-30,5,-30,-30,-30,6
6910,30,-30,-30,-30,-30,-30,-30,-30,-30,-30,0
2074,-30,8,-30,-30,-30,-30,-30,-30,-30,-30,1
5555,-30,-30,-30,-30,-30,-30,-19,-30,30,-30,8
3375,-30,-30,-30,-30,-9,-30,30,-30,-30,-30,6
8747,-9,-30,-30,-30,-30,-30,-30,-30,-30,-30,0
2896,-30,-30,30,-30,-30,-30,-30,-30,-30,-30,2
3495,-30,-30,-30,-30,-30,-30,-30,-30,-30,16,9
8354,-30,-30,-30,-30,-30,30,-30,-30,-30,-30,5
8931,-30,-30,-30,-30,-19,-30,-30,-30,-30,-30,4
4719,-30,-30,-30,-12,-30,-30,-30,-30,-30,-30,3
9204,-30,-30,-30,-30,-30,30,-30,-30,-30,-30,5
6576,-30,-30,21,-30,-30,-30,5,-30,-30,-30,2
3013,-30,30,-30,-30,-30,-30,-30,-30,-30,-30,1
5566,-30,-30,-30,-30,-30,-30,30,-30,-30,-30,6
7440,-30,-30,-30,-30,30,-30,4,-30,-30,-30,4
2028,-30,-30,-30,-30,-25,-30,30,-30,-30,-30,6
9672,-30,-30,-30,-30,-30,30,-30,-30,-30,-30,5
8695,-30,-30,-30,-30,-30,-30,-22,-30,14,-30,8
2537,8,-30,-30,-30,-30,-30,-30,-30,-30,-30,0
7012,-30,-30,-30,-30,-30,-30,-30,30,-30,-30,7
3005,-30,-30,-30,30,-30,-30,-30,-30,-30,-30,3
2840,-30,-30,-9,-30,-30,-30,2,-30,-30,-30,6
9373,-30,-30,-11,-30,-30,-30,30,-30,-30,-30,6
2596,-30,-30,-30,-30,-30,-30,-30,24,-30,-30,7
2003,-30,-30,-30,-30,-30,-30,30,-30,-30,-30,6
3397,-30,-30,5,-30,-30,-30,-20,-30,-30,-30,2
7233,-30,-30,-30,30,-30,-30,-30,-30,-30,-30,3
9798,-30,-30,-30,-30,12,-30,11,-30,-30,-30,4
4835,-30,-30,-30,-30,30,-30,-30,-30,-30,-30,4
3943,-30,-30,2,-30,-26,-30,-30,-30,-30,-30,2
1025,8,-30,-30,-30,-30,-30,-30,-30,-30,-30,0
2565,-30,-30,-30,30,-30,-30,-30,-30,-30,-30,3
643,-30,-30,-30,-30,-8,-30,-30,-30,-30,-30,4
5164,-30,-30,-30,-30,-30,17,-30,-30,-30,-30,5
3131,-30,30,-30,-30,-30,-30,-30,-30,-30,-30,1
5135,-30,-30,-30,-30,-30,-30,-30,30,-30,-30,7
833,-30,-30,-30,-30,-30,-3,-30,-30,-30,-30,5
2194,-30,-30,6,-30,-30,-30,-6,-30,-30,-30,2
8181,-30,-30,-30,-30,-30,2,-30,-30,-30,-30,5
9372,-30,-30,-30,-30,-30,-30,-30,30,-30,-30,7
1937,-30,-30,-30,-30,-30,-30,-30,-27,-30,-16,9
6821,-30,-30,-30,-30,-30,-30,-30,-30,-30,30,9
6512,-30,-30,-30,-30,-30,-30,-30,-30,-30,30,9
4739,-30,-30,-30,-30,-30,-30,-30,-30,-30,30,9
5748,-30,-30,-10,-30,-30,-30,20,-30,-30,-30,6
9052,30,-30,-30,-30,-30,-30,5,-30,-30,-30,0
821,-30,-30,-30,-30,-30,-30,-30,-30,-30,30,9
6316,-30,-30,16,-30,-30,-30,17,-30,-30,-30,6
9885,18,-30,-30,-30,-30,-30,4,-30,-30,-30,0
8155,-30,-30,-30,-30,-30,30,-30,-30,-30,-30,5
5923,-30,-30,-30,-30,-30,30,-30,-30,-30,-30,5
370,-30,-30,-30,-30,-30,-16,-30,20,-30,-30,7
5896,30,-30,-30,-30,-30,-30,-30,-30,-30,-30,0
3641,-30,-30,-30,-30,-30,30,-30,-30,-30,-30,5
4919,-30,-30,-30,-30,-30,-30,28,-30,-30,-30,6
4843,-30,-30,-30,-30,-30,-30,-7,-30,-30,-30,6
1879,-14,-30,-30,-30,-30,-30,-29,-30,-30,-30,0
7853,17,-30,-30,-30,-30,-30,-18,-30,-30,-30,0
7009,-30,-30,2,-30,-30,-30,4,-30,-30,-30,6
7360,-30,-30,-30,-30,-30,-30,-30,-30,-30,30,9
5324,-30,-30,-30,-30,-30,-30,-30,-30,-30,30,9
2063,-30,-30,-17,-30,-30,-30,-4,-30,-30,-30,6
7543,-30,-30,-30,17,-30,-30,-30,-30,-30,-30,3
7824,-30,-30,-30,-30,-30,30,-30,-30,-30,-30,5
8859,-30,-30,-30,-30,9,-30,-2,-30,-30,-30,4
4534,30,-30,-30,-30,-30,-30,17,-30,-30,-30,0
7826,-30,30,-30,-30,-30,-30,-30,-30,-30,-30,1
7315,30,-30,-30,-30,-30,-30,-30,-30,-30,-30,0
7348,-30,-30,-30,-30,-30,-30,-30,-30,30,-30,8
6046,-30,-30,-30,-30,-30,-30,-30,-30,-30,30,9
3706,-30,-30,-30,-30,-30,30,-30,-30,-30,-30,5
2086,-30,-30,-30,-30,-30,-30,-30,30,-30,-30,7
2944,-30,-30,-30,30,-30,-30,-30,-30,-30,-30,3
2314,3,-30,-30,-30,-30,-30,-30,-30,-30,-30,0
9974,-30,-30,-11,-30,-30,-30,-14,-30,-30,-30,2
615,-30,-30,-30,-30,30,-30,-1,-30,-30,-30,4
393,-30,30,-30,-30,-30,-30,-30,-30,-30,-30,1
9549,-30,-30,-30,-30,-30,-30,30,-30,-30,-30,6
802,-30,-30,-30,-30,-30,-30,-30,-30,30,-30,8
1762,-30,30,-30,-30,-30,-30,-30,-30,-30,-30,1
8343,-30,-30,-30,-30,-30,-30,-30,-30,30,-30,8
3449,-30,-30,-10,-30,-30,-30,28,-30,-30,-30,6
8607,-30,-30,-30,-30,-30,-30,-3,-30,-30,-30,6
6663,-30,-30,-30,-30,-30,-30,30,-30,-30,-30,6
4047,-30,-30,-30,-30,-30,-30,-30,-30,-30,-8,9
1816,-30,-30,-30,-30,-30,-30,-30,-30,30,-30,8
458,-30,-30,-30,-30,-30,30,-30,-30,-30,-30,5
7194,-30,4,-30,-21,-30,-30,-30,-30,-30,-30,1
5472,-30,-30,18,-30,-30,-30,-13,-30,-30,-30,2
9012,-30,-30,30,-30,-30,-30,30,-30,-30,-30,2
6662,30,-30,-30,-30,-30,-30,-30,-30,-30,-30,0
6802,-30,-30,-30,-30,-30,-30,-30,-30,-30,30,9
1628,-30,-30,-30,-30,-30,-30,-9,-30,-30,-30,6
9193,-30,-30,-30,-30,-30,-30,-30,-30,-14,-30,8
1913,-30,-30,-30,-30,-30,-30,-30,-30,30,-30,8
5212,30,-30,-30,-30,-30,-30,-30,-30,-30,-30,0
8097,-30,-30,-30,-30,-30,-30,-30,30,-30,-30,7
5149,-30,-30,-30,30,-30,-30,-30,-30,-30,-30,3
7407,-30,-30,-30,-30,-5,-30,30,-30,-30,-30,6
3372,-30,-30,-30,-30,-30,-30,-30,-30,-30,30,9
6781,-30,-30,-30,-30,-30,-30,-30,-30,30,-30,8
6286,-30,-30,-30,-30,-30,-30,-30,-30,-30,30,9
9264,-30,-30,-30,-30,-30,-30,-30,-30,-30,30,9
6410,-30,-30,-30,-30,-26,-30,30,-30,-30,-30,6
6700,-30,-30,-30,-30,-30,-30,-30,-30,-30,30,9
5760,-30,-30,-30,-30,-5,-30,30,-30,-30,-30,6
9364,-30,-30,-30,30,-30,-30,-30,-30,-30,-30,3
3129,-30,-30,-30,30,-30,-30,-30,-30,-30,-30,3
3430,-30,-30,-30,-30,2,-30,-30,-30,-30,-30,4
7264,-30,-30,-30,-30,-30,-30,-30,-30,-30,-30,0
3571,30,-30,-30,-30,-30,-30,-30,-30,-30,-30,0
1317,-30,-30,-30,-30,-30,-30,-30,-30,30,-30,8
8278,12,-30,-30,-30,-30,-30,30,-30,-30,-30,6
5273,-30,-30,-30,-30,30,-30,-30,-30,-30,-30,4
3506,-30,-30,-30,-30,-30,-30,-19,-30,-30,-30,6
9968,-30,-30,-30,30,-30,-30,-30,-30,-30,-30,3
7933,30,-30,-30,-30,-30,-30,-9,-30,-30,-30,0
9156,30,-30,-30,-30,-30,-30,-29,-30,-30,-30,0
2743,30,-30,-30,-30,-30,-30,-14,-30,-30,-30,0
3382,-30,-30,-30,30,-30,-30,-30,-30,-30,-30,3
7685,-30,-30,-30,30,-30,-30,-30,-30,-30,-30,3
3972,-30,-30,-30,-30,-30,30,-30,-30,-30,-30,5
332,-30,-30,-30,-30,-30,-30,-30,-30,-30,30,9
2351,-30,-30,-16,-30,-30,-30,-8,-30,-30,-30,6
8019,-30,-30,-30,-30,-30,-30,-30,25,-30,-30,7
992,-30,30,-30,-30,-30,-30,-30,-30,-30,-30,1
5743,-30,-30,-30,-30,-30,30,-30,-30,-30,-30,5
5403,-30,-30,-30,-30,-30,-30,-30,-30,-30,-30,0
3104,-30,30,-30,-30,-30,-30,-30,-30,-30,-30,1
413,-30,-30,-30,-30,-30,-30,17,-30,-30,-30,6
9427,-30,30,-30,-30,-30,-30,-30,-30,-30,-30,1
8381,-30,-30,-30,-30,-30,-30,-30,30,-30,-30,7
5004,-30,-30,-30,-30,-30,-30,-30,-30,-30,30,9
8174,-30,-30,-30,-30,7,-30,-7,-30,-30,-30,4
5181,-25,-30,-30,-30,-30,-30,-9,-30,-30,-30,6
7347,-30,-30,-30,-30,30,-30,-1,-30,-30,-30,4
7258,-30,-30,-30,-30,-30,30,-30,-30,-30,-30,5
4767,-30,-30,-30,-30,-30,-30,5,-30,-30,-30,6
3762,-30,-30,-30,-30,-30,-30,-30,-30,-30,30,9
425,-30,-30,8,-30,-28,-30,-15,-30,-30,-30,2
8868,-30,-30,-30,-30,-30,-30,-30,-30,-30,30,9
8886,-30,-30,-30,-30,-30,-30,-30,-30,30,-30,8
996,-30,-30,-30,-30,-30,-30,-30,-30,30,-30,8
3228,-30,-30,-30,-30,-30,-30,-30,30,-30,-30,7
7802,-30,-30,-30,-30,-30,-30,30,-30,-30,-30,6
2574,-30,-30,10,-30,-30,-30,-19,-30,-30,-30,2
9800,-30,-30,-30,11,-30,-30,-30,-30,-30,-30,3
3765,-30,-30,-30,-30,-30,-30,-30,-30,-30,30,9
827,-30,-30,-30,30,-30,-30,-30,-30,-30,-30,3
3178,-30,-30,-30,-30,-30,-30,24,-30,-30,-30,6
7592,-30,-30,-30,-30,-30,-30,-30,30,-30,-30,7
2073,-10,-30,-30,-30,-30,-30,-22,-30,-30,-30,0
7805,-30,-30,30,-30,-30,-30,-30,-30,-30,-30,2
8254,-30,-30,-30,-30,-30,-30,-30,16,-30,-30,7
2752,30,-30,-30,-30,-30,-30,-30,-30,-30,-30,0
4250,-30,-30,-30,-30,-30,-30,4,-30,-30,-30,6
3374,-30,30,-30,-30,-30,-30,-30,-30,-30,-30,1
3052,30,-30,-30,-30,-30,-30,-30,-30,-30,-30,0
5150,-30,-30,-30,-30,-30,30,-30,-30,-30,-30,5
9338,-30,-30,-30,-30,-30,-30,-30,30,-30,-30,7
4390,-30,-30,-30,30,-30,-30,-30,-30,-30,-30,3
7566,-30,-30,-30,-30,-30,30,-30,-30,-30,-30,5
4555,-30,-30,-30,-30,-30,-30,-30,-30,-30,30,9
6375,-30,-30,-30,-30,-30,-30,-30,-30,-30,-30,0
4020,-30,-30,-30,19,-30,-30,-30,-30,-30,-30,3
2327,-30,-30,-19,-30,19,-30,-30,-30,-30,-30,4
1672,-30,-30,-30,-30,-30,-30,-30,-30,30,-30,8
456,-30,-30,-30,-30,-30,30,-30,-30,-30,-30,5
5644,-30,-30,-30,-30,-30,-30,-30,-30,30,-30,8
5165,-30,30,-30,-30,-30,-30,-30,-30,-30,-30,1
1753,-30,-30,-30,-30,-30,-30,-30,-30,-30,20,9
6550,-30,-30,-9,-30,-30,-30,-19,-30,-9,-30,2
3237,-30,-30,-30,-30,-30,-30,-30,30,-30,-30,7
4391,-30,-30,-30,-30,-30,-30,-14,-30,-5,-30,8
862,-30,-30,-30,-30,-30,-30,-30,30,-30,-30,7
2669,-30,-30,-30,30,-30,-30,-30,-30,-30,-30,3
3008,30,-30,-30,-30,-30,-30,-30,-30,-30,-30,0
2694,-30,-30,1,-30,-30,-30,-15,-30,-30,-30,2
6756,-30,-30,-30,-30,-30,30,-30,-30,-30,-30,5
2453,-30,-30,-21,-30,-30,-30,-6,-30,-30,-30,6
4398,-30,-30,-30,-30,-30,-30,-30,-30,30,-30,8
529,-30,-30,-30,-30,-30,-30,-30,-30,30,-30,8
5260,-30,-30,-30,-30,-30,-30,-30,-30,30,-30,8
4791,-30,-30,-30,-30,-30,-30,-30,-7,-30,-30,7
4813,-30,-30,18,-30,30,-30,-30,-30,-30,-30,4
4990,30,-30,-30,-30,-30,-30,-30,-30,-30,-30,0
2988,-30,-30,-30,-30,-30,30,-30,-30,-30,-30,5
7916,-30,30,-30,-30,-30,-30,-30,-30,-30,-30,1
1304,-30,-30,-30,-30,-30,25,-30,-30,-30,-30,5
2890,-30,-30,-30,-30,-30,-30,-30,-30,-30,30,9
165,-30,-30,-30,-30,-30,-30,30,-30,-30,-30,6
2466,-30,-30,-30,-30,-30,-30,-30,-30,-30,-30,0
646,-30,-30,-30,-30,-30,-30,-30,-30,-30,30,9
969,-30,-30,-30,-30,-30,30,-30,-30,-30,-30,5
5831,-30,-30,-30,-30,-30,-30,-30,-30,30,-30,8
6715,-30,-30,-30,-30,-30,30,-30,-30,-30,-30,5
6015,-30,-30,-30,-30,-30,-30,-30,30,-30,-30,7
1488,-30,-30,-30,-11,-30,-30,-30,-30,-30,-30,3
9497,-30,-30,-30,-30,-30,-30,-30,-30,-30,14,9
9666,-30,-30,-30,-30,-30,-30,-30,-30,30,-30,8
1646,-30,-30,-30,30,-30,-30,-30,-30,-30,-30,3
5999,-30,-30,-30,-30,30,-30,-30,-30,-30,-30,4
5434,-30,-30,-30,-30,-30,-30,-5,-30,-16,-30,6
5362,-30,-30,-30,-30,-30,30,-30,-30,-30,-30,5
6939,-30,-30,-30,-30,-30,30,-30,-30,-30,-30,5
2318,-30,-30,-30,-30,-30,30,-30,-30,-30,-30,5
381,-30,30,-30,-30,-30,-30,-30,-30,-30,-30,1
6398,-30,30,-30,-30,-30,-30,-30,-30,-30,-30,1
1156,-30,-30,-30,-30,-30,30,-30,-30,-30,-30,5
3771,-30,-30,-30,-30,-20,-30,-30,-30,-30,-30,4
2617,-30,0,-30,-23,-30,-30,-30,-30,-30,-30,1
5029,-30,-30,-30,-30,-30,-30,-30,-30,9,-30,8
9659,-30,-30,-30,-30,-30,-21,-30,-30,-30,-30,5
8674,-30,-30,-30,-30,-30,-30,-30,-30,30,-30,8
7371,-30,-30,-30,-30,-30,-30,-30,-30,-30,-30,0
9049,-30,-30,-30,-30,-30,-30,-30,-30,-30,30,9
1732,-30,-30,-30,-30,-30,-30,30,-30,-30,-30,6
451,-30,-30,-30,30,-30,-30,-30,-30,-30,-30,3
203,-30,-30,-30,30,-30,-30,-30,-30,-30,-30,3
8268,-30,-30,-30,-30,-17,-30,-30,-30,-14,-30,8
2458,-28,-30,-30,-30,-30,-30,-30,-30,-30,-30,0
2015,-30,-30,14,-30,-30,-30,-11,-30,-30,-30,2
6212,-30,-30,-30,-30,-30,-30,30,-30,-30,-30,6
5200,-30,30,-30,-30,-30,-30,-30,-30,-30,-30,1
6430,-30,30,-30,-30,-30,-30,-30,-30,-30,-30,1
2283,-30,-30,-30,-30,30,-30,-30,-30,-30,-30,4
7871,-30,-30,-30,-30,-30,-30,-30,-19,-30,-30,7
1388,-30,-30,-30,-30,-30,-30,30,-30,-30,-30,6
3738,-30,-30,-30,-30,-30,-23,-30,-3,-30,-30,7
7808,30,-30,-30,-30,-30,-30,-30,-30,-30,-30,0
3012,-30,-30,30,-30,-30,-30,-30,-30,-30,-30,2
1007,-30,-30,-22,-30,-30,-30,-7,-30,-29,-30,6
5055,-30,-30,-30,-30,-30,-30,-30,-30,30,-30,8
6540,-30,-30,-30,-30,-30,-30,-27,-30,30,-30,8
3014,-30,-30,-30,-30,-30,-30,-18,-30,10,-30,8
9073,-30,-30,-30,-30,-30,-30,-30,30,-30,-30,7
852,-30,-30,-30,-30,-30,-30,-30,-13,-30,-30,7
211,-30,16,-30,-30,-30,-30,-30,-30,-30,-30,1
4037,-30,-30,30,-30,-30,-30,-30,-30,-30,-30,2
1401,-30,-30,-30,-30,-30,-30,30,-30,-30,-30,6
255,-30,-30,30,-30,-30,-30,-9,-30,-30,-30,2
8021,-30,30,-30,-30,-30,-30,-30,-30,-30,-30,1
3664,-30,-30,-30,-30,-29,-30,25,-30,-30,-30,6
5328,30,-30,-30,-30,-30,-30,-30,-30,-30,-30,0
4654,-30,-30,30,-30,-30,-30,-17,-30,-30,-30,2
3090,-30,-30,-30,-30,-30,3,-30,-28,-30,-30,5
5972,-30,-30,-30,-30,-30,-30,-30,-30,30,-30,8
7925,-30,-30,30,-30,-30,-30,-11,-30,-30,-30,2
5496,-30,-30,-30,-30,-30,-30,-10,-30,-30,-30,6
7773,-30,-30,28,-30,-30,-30,1,-30,-30,-30,2
5340,-30,-30,-30,-20,-30,-30,-30,-30,-30,-30,3
1180,-30,30,-30,-30,-30,-30,-30,-30,-30,-30,1
1862,-30,-30,-30,-30,-30,30,-30,-30,-30,-30,5
2851,-30,-30,-30,-30,-30,30,-30,-30,-30,-30,5
4875,-30,-30,-30,-30,30,-30,-30,-30,-30,-30,4
2971,-30,-30,-30,-30,-11,-30,-16,-30,-30,-30,4
534,30,-30,-30,-30,-30,-30,-30,-30,-30,-30,0
2497,-30,-30,-30,-30,-30,30,-30,-30,-30,-30,5
4605,-30,-30,-30,-30,-30,-30,-14,-30,-30,-30,6
4580,-30,-30,-30,-30,-30,-11,-30,-30,-30,-30,5
3957,30,-30,-30,-30,-30,-30,-28,-30,-30,-30,0
9642,-30,-30,-30,30,-30,-30,-30,-30,-30,-30,3
5485,-30,-30,-30,-30,-20,-30,-30,-30,-30,-30,4
4240,-30,-30,-30,-30,-30,30,-30,-30,-30,-30,5
3890,-30,-30,-30,-30,-30,30,-30,-30,-30,-30,5
6631,-30,-30,-30,-30,-30,-30,-30,30,-30,-30,7
5808,-30,-30,-30,-30,-30,30,-30,-30,-30,-30,5
6740,-30,-30,-30,-30,-30,-30,-30,30,-30,-30,7
7403,30,-30,-30,-30,-30,-30,-30,-30,-30,-30,0
2242,-30,30,-30,-30,-30,-30,-30,-30,-30,-30,1
3806,-30,30,-30,-30,-30,-30,-30,-30,-30,-30,1
6336,-30,-30,-30,-30,-30,-30,-30,-30,-30,30,9
5624,-30,-30,-30,-30,-30,-30,-30,30,-30,-30,7
9547,-30,-30,-30,-30,-30,-30,-30,-30,-30,-27,9
2929,30,-30,-30,-30,-30,-30,-30,-30,-30,-30,0
5572,-30,30,-30,-30,-30,-30,-30,-30,-30,-30,1
4295,-30,-30,-30,-30,-30,-30,-30,-30,-30,30,9
942,-30,-30,-30,-30,-30,-30,30,-30,-30,-30,6
3826,-30,-30,-30,30,-30,-30,-30,-30,-30,-30,3
8471,-30,-30,-30,-30,19,-30,30,-30,-30,-30,6
6947,-30,-30,-30,-30,-30,29,-30,-30,-30,-30,5
4861,-30,-30,-30,-30,-4,-30,-30,-30,-30,-30,4
4164,-30,-30,-30,-30,-30,-30,13,-30,-30,-30,6
5230,-30,-30,-30,-30,30,-30,11,-30,-30,-30,4
781,-30,-30,-30,-30,-30,30,-30,-30,-30,-30,5
926,-30,-30,-30,-30,-30,-30,-30,30,-30,-30,7
1547,-30,-30,30,-30,-30,-30,-19,-30,-30,-30,2
9938,-30,-30,30,-30,-30,-30,-30,-30,-30,-30,2
8623,-30,-30,30,-30,-30,-30,-11,-30,-30,-30,2
4465,-30,-30,-30,-30,-30,-30,-30,-30,-30,-30,0
6217,-30,-30,-30,-30,-30,30,-30,-30,-30,-30,5
464,-30,-30,-30,-30,-30,-30,16,-30,-30,-30,6
1431,-30,-30,-30,-30,-23,-30,30,-30,-30,-30,6
1644,-30,-30,-30,30,-30,-30,-30,-30,-30,-30,3
1530,-30,-30,-30,-30,-30,-30,-30,30,-30,-30,7
4253,-30,-30,-30,-30,-30,-30,-30,-30,30,-30,8
6174,-30,-30,-30,-30,-30,-30,-11,-30,-30,-30,6
5589,-30,-30,-27,-30,-16,-30,7,-30,-30,-30,6
8643,-30,-30,10,-30,-30,-30,17,-30,-30,-30,6
2735,-30,30,-30,-30,-30,-30,-30,-30,-30,-30,1
1806,-30,30,-30,-30,-30,-30,-30,-30,-30,-30,1
6137,-30,-30,-30,-30,-30,-12,-30,-19,-30,-30,5
7307,-30,-30,-30,-30,-30,-30,-30,-30,-30,-20,9
3289,-30,-30,30,-30,-22,-30,-30,-30,-30,-30,2
2210,-30,-30,-30,-30,-30,6,-30,-30,-30,-30,5
5674,-30,-30,-30,9,-30,-30,-30,-30,-30,-30,3
8060,-30,-30,-30,-30,30,-30,-8,-30,-30,-30,4
8707,-30,-30,-30,-30,-30,-30,-30,-30,30,-30,8
310,-30,-30,-30,-30,-30,30,-30,-30,-30,-30,5
1797,-30,-30,-30,-30,-30,-30,-30,-30,30,-30,8
7191,-30,-30,-24,-30,-30,-30,-14,-30,-30,-30,6
7073,-30,-30,-30,-30,30,-30,-6,-30,-30,-30,4
4270,-30,30,-30,-30,-30,-30,-30,-30,-30,-30,1
7563,-30,-30,24,-30,-30,-30,-30,-30,-30,-30,2
9007,-30,-30,-30,30,-30,-30,-30,-30,-30,-30,3
3855,-30,-30,-30,-30,-30,-16,-30,30,-30,-30,7
289,-30,-30,-30,-30,-30,-30,-6,-30,-11,-30,6
2463,-30,-30,-30,-30,-30,-30,-30,-30,-30,30,9
9621,-1,-30,-30,-30,-30,-30,4,-30,-30,-30,6
5217,-30,-30,-30,-30,30,-30,-30,-30,-30,-30,4
6677,-30,-30,-30,-30,-30,-10,-30,-29,-30,-30,5
3996,-30,-30,30,-30,-30,-30,4,-30,-30,-30,2
158,-30,-30,-30,30,-30,-30,-30,-30,-30,-30,3
8633,-30,-30,-30,-30,30,-30,-2,-30,-30,-30,4
3128,-30,-30,-30,-30,-30,-30,-30,-30,-30,30,9
7594,-30,-30,-30,-30,-30,30,-30,-30,-30,-30,5
4729,-30,-30,-30,-30,-30,30,-30,-30,-30,-30,5
1948,-30,-30,-30,-30,-30,-30,-30,-30,-30,30,9
8858,-30,-30,-30,-30,-8,-30,-30,-30,-30,-30,4
2123,-30,-30,-30,-30,-30,-30,30,-30,-30,-30,6
4954,-30,-30,-30,-30,30,-30,-30,-30,-30,-30,4
6456,-30,30,-30,-30,-30,-30,-30,-30,-30,-30,1
4506,-30,30,-30,-30,-30,-30,-30,-30,-30,-30,1
9308,-30,-30,-30,-30,-30,-30,-30,-30,30,-30,8
2240,-30,-30,-30,-30,-30,-30,-30,-30,-30,30,9
5380,-30,-30,-30,-30,-22,-30,10,-30,-30,-30,6
1752,-30,-30,-16,-30,-9,-30,-23,-30,-30,-30,4
3818,-30,-30,-30,-30,-30,-30,-30,-30,-30,-30,0
5597,-30,-30,-30,30,-30,-30,-30,-30,-30,-30,3
6638,-30,-30,-30,30,-30,-30,-30,-30,-30,-30,3
2328,-30,-30,-30,-30,-30,-30,8,-30,-30,-30,6
7855,-30,-30,-30,-30,-30,-30,-30,30,-30,-30,7
8236,-30,30,-30,-30,-30,-30,-30,-30,-30,-30,1
8194,-30,-30,-30,-30,-30,-30,-30,-30,30,-30,8
966,-30,-30,-30,-30,-30,-30,-30,-30,30,-30,8
1122,-30,-30,-30,-30,-30,-30,-30,-30,-30,5,9
54,-30,-30,-30,-1,-30,-30,-30,-30,-30,-30,3
4356,-30,-30,-30,-11,-30,-30,-30,-30,-30,-30,3
243,-30,-30,-30,-30,-30,-15,-30,-30,-11,-30,8
3751,-30,-30,-30,-30,-30,-30,-30,30,-30,-30,7
4483,-30,30,-30,-30,-30,-30,-30,-30,-30,-30,1
2871,30,-30,-30,-30,-30,-30,-30,-30,-30,-30,0
1845,-30,30,-30,-30,-30,-30,-30,-30,-30,-30,1
3825,-30,-30,-30,-30,30,-30,-30,-30,-30,-30,4
3903,-30,30,-30,-30,-30,-30,-30,-30,-30,-30,1
9290,-30,-30,-30,-30,-30,-30,-30,-30,-30,30,9
749,30,-30,-30,-30,-30,-30,-30,-30,-30,-30,0
8080,-30,-30,-1,-30,-30,-30,-14,-30,-30,-30,2
4677,-30,14,-30,-30,-30,-30,-30,-30,-30,-30,1
4581,-30,15,-30,-4,-30,-30,-30,-30,-30,-30,1
1864,30,-30,-30,-30,-30,-30,-30,-30,-30,-30,0
2704,-30,-30,-30,-30,-30,-30,-30,-30,-30,-3,9
9744,-30,-30,-30,-30,-30,-30,-30,-30,-30,-30,0
2739,-30,-30,-30,-30,-30,-30,-30,7,-30,-30,7
8802,-30,-30,-30,-30,-30,-30,-20,-30,-30,-30,6
3021,-30,-30,-30,-30,-30,-30,-30,-30,-30,30,9
3066,30,-30,-30,-30,-30,-30,-30,-30,-30,-30,0
2277,-30,30,-30,-30,-30,-30,-30,-30,-30,-30,1
1804,-30,-30,-30,-30,-30,-30,-30,-30,30,-30,8
7735,-30,-30,-30,-30,-30,-30,-30,-30,-30,30,9
7768,-8,-30,-30,-30,-30,-30,-5,-30,-30,-30,6
7633,-30,-30,-30,-30,-30,-30,-1,-30,-30,-30,6
9246,-30,-30,-30,-30,-26,-30,30,-30,-30,-30,6
5537,30,-30,-30,-30,-30,-30,-30,-30,-30,-30,0
6903,-30,-30,-30,-30,-30,-30,-30,-30,-30,30,9
6768,-30,30,-30,-30,-30,-30,-30,-30,-30,-30,1
531,-30,-30,-30,-30,-30,-30,8,-30,-30,-30,6
3988,-30,30,-30,-30,-30,-30,-30,-30,-30,-30,1
7293,-30,-30,30,-30,-30,-30,-30,-30,-30,-30,2
2133,-30,-30,-30,-30,-30,-30,-30,30,-30,-30,7
647,-30,-30,-30,-30,-30,-30,-14,-30,30,-30,8
6820,30,-30,-30,-30,-30,-30,-23,-30,-30,-30,0
7668,-30,-30,-30,-30,-30,15,-30,-30,-30,-30,5
8934,-30,-30,-30,-30,-30,-30,12,-30,-30,-30,6
1052,-30,-30,-30,-30,-30,-30,-30,-30,30,-30,8
1097,-30,-30,30,-30,-30,-30,-30,-30,-30,-30,2
6882,-30,-30,-30,-30,-30,-30,-30,-30,-30,-30,0
5264,-30,-30,-30,-30,-30,30,-30,-30,-30,-30,5
8691,-30,30,-30,-30,-30,-30,-30,-30,-30,-30,1
2079,-30,-30,-30,-30,-30,30,-30,-30,-30,-30,5
4277,-30,-30,-30,-30,-30,-30,-30,-30,-30,30,9
8567,-30,30,-30,-30,-30,-30,-30,-30,-30,-30,1
8953,-30,-30,-30,-30,-30,-30,-30,-30,30,-30,8
7676,-30,-30,-30,-30,-30,30,-30,-30,-30,-30,5
1026,-30,-30,-8,-30,-30,-30,-30,-30,-30,-30,2
3421,-30,30,-30,-30,-30,-30,-30,-30,-30,-30,1
2946,-30,-30,-30,-30,-30,-30,-8,-30,-30,-30,6
1083,-30,-30,30,-30,-30,-30,-27,-30,-30,-30,2
5820,-30,-30,-30,-18,-30,-30,-30,-30,-30,-30,3
8828,-30,-30,-30,-30,-30,-12,-30,-30,-30,-30,5
8647,-30,-30,-30,-20,-30,-30,-30,-30,-30,-30,3
916,-30,-30,-30,-30,-30,7,-30,-9,-30,-30,5
450,-30,-30,-30,-30,-7,-30,-30,-30,-30,-30,4
4806,-30,-30,-30,-30,-30,-30,-30,-30,30,-30,8
378,-1,-30,-30,-30,-30,-30,-16,-30,-30,-30,0
9429,-30,-30,-30,-30,-30,-30,-30,-30,-30,-30,0
2841,-30,4,-30,-11,-30,-30,-30,-30,-30,-30,1
704,-30,-30,-27,-30,-30,-30,-21,-30,-30,-30,6
2465,-30,-30,-30,-30,-30,-30,-30,-30,-30,-30,0
6061,-30,-30,-30,-30,-30,-30,-30,-30,-30,30,9
9556,-30,-30,-30,-30,-30,-30,-30,-30,30,-30,8
9336,-30,-30,-30,30,-30,-30,-30,-30,-30,-30,3
968,-30,-30,-30,-30,-30,-30,-30,-30,30,-30,8
2534,-30,-30,-30,-30,-30,-30,-30,30,-30,-30,7
4118,-30,-30,-30,-30,-30,-30,-30,30,-30,-30,7
4204,-30,-30,-30,-30,-30,-30,-30,-30,-30,30,9
1923,-30,-30,-30,-30,-30,-30,-30,30,-30,-30,7
1912,30,-30,-30,-30,-30,-30,-30,-30,-30,-30,0
380,-30,-30,-30,-30,-30,-30,-30,-30,-30,30,9
503,-30,-30,9,-30,-30,-30,3,-30,-30,-30,2
8154,-30,-30,-30,-30,-30,-30,-30,-30,-30,-30,0
5761,-30,-30,-30,-30,-30,-30,-30,-30,-30,30,9
4265,-30,-30,-30,-30,-30,-30,-30,-30,-30,-30,0
3519,-30,30,-30,-30,-30,-30,-30,-30,-30,-30,1
7862,-30,-30,-30,-30,-30,-30,-30,-30,-30,30,9
2247,-30,-30,-30,-30,-30,-30,-30,-30,30,-30,8
1149,-30,-30,-30,-30,-30,-30,30,-30,-30,-30,6
3554,-30,-30,-30,-23,-30,-30,-30,-30,-30,-30,3
2864,-30,-30,-30,-30,-30,-30,-30,-13,-30,-30,7
8546,-30,-30,30,-30,-30,-30,-1,-30,-30,-30,2
8737,-30,-30,-30,-30,-30,-30,-30,-30,-30,30,9
1776,-30,-30,-30,-30,-30,30,-30,-30,-30,-30,5
4058,-30,-30,-30,-30,30,-30,7,-30,-30,-30,4
5687,-30,-30,-30,-30,-30,-30,-30,30,-30,-30,7
3273,-30,30,-30,-30,-30,-30,-30,-30,-30,-30,1
1419,-30,-30,30,-30,-30,-30,-1,-30,-30,-30,2
8820,-30,30,-30,-30,-30,-30,-30,-30,-30,-30,1
1760,-30,-30,6,-30,-30,-30,-30,-30,-30,-30,2
8890,-30,-30,-30,17,-30,-30,-30,-30,-30,-30,3
6099,-30,-30,-30,-30,-30,-30,-30,-30,-30,30,9
5889,-30,-30,-17,-30,-18,-30,-26,-30,-30,-30,2
1526,30,-30,-30,-30,-30,-30,-30,-30,-30,-30,0
5044,-30,-30,-30,-30,-30,-11,-30,15,-30,-30,7
5440,-3,-30,-30,-30,-30,-30,-30,-30,-30,-30,0
7015,30,-30,-30,-30,-30,-30,-30,-30,-30,-30,0
5308,-30,-30,-30,-30,-30,30,-30,-30,-30,-30,5
9388,-30,-30,-30,-30,-30,24,-30,-30,-30,-30,5
1935,-30,-30,-30,-30,30,-30,-30,-30,-30,-30,4
9628,4,-30,-30,-30,-30,-30,-5,-30,-30,-30,0
1389,-30,-30,-30,-30,-30,-30,-30,-30,-30,30,9
9963,-30,-30,-30,-30,-30,-30,-30,-30,-30,30,9
1699,-30,30,-30,-30,-30,-30,-30,-30,-30,-30,1
3422,-30,-30,-30,-30,-30,-30,30,-30,-30,-30,6
1533,-30,-30,-30,-30,-30,-30,-30,30,-30,-30,7
3441,-30,-30,-30,-30,-30,-30,-30,-11,-30,-30,7
8672,-30,-30,-30,-30,-30,-30,-30,30,-30,-30,7
5548,-30,-30,-30,-30,30,-30,-18,-30,-30,-30,4
9043,-30,-30,-30,-30,-30,30,-30,-30,-30,-30,5
3850,-30,30,-30,-30,-30,-30,-30,-30,-30,-30,1
6221,-30,-30,-30,-30,-30,-30,-30,-30,-19,-30,8
7574,30,-30,-30,-30,-30,-30,-11,-30,-30,-30,0
5295,-30,-30,-29,-30,-30,-30,30,-30,-30,-30,6
6494,-30,-30,-30,30,-30,-30,-30,-30,-30,-30,3
723,-30,-30,-30,-30,-30,-30,-30,-30,30,-30,8
6601,-30,-30,-30,-30,-30,-30,-30,-30,-30,30,9
9216,-30,-30,-30,-30,-30,-30,-30,-30,30,-30,8
7387,-30,-30,-30,-30,30,-30,-30,-30,-30,-30,4
3322,-30,30,-30,-30,-30,-30,-30,-30,-30,-30,1
8644,30,-30,-30,-30,-30,-30,-30,-30,-30,-30,0
3516,-30,-30,-30,-30,-30,-30,-30,-30,30,-30,8
2812,-30,-30,-30,-17,-30,-30,-30,-30,-30,-30,3
170,-30,-30,-30,-30,-30,-30,-30,-30,-30,30,9
6226,-30,-30,-30,-30,-30,-30,-30,-30,30,-30,8
2619,-30,-30,-30,-30,-30,-30,-21,-30,30,-30,8
7910,-30,-30,-30,-30,-30,-30,-30,30,-30,-30,7
7783,-30,-30,-30,-30,-30,-30,-30,-30,30,-30,8
2516,-30,-30,-30,-13,-30,-30,-30,-30,-30,-30,3
5911,-30,-30,-30,-30,-30,-30,-6,-30,-30,-30,6
8372,30,-30,-30,-30,-30,-30,-8,-30,-30,-30,0
5445,-30,-30,-30,-30,-30,-30,-30,30,-30,-30,7
8221,-30,-30,-30,-30,-30,-30,-16,-30,-30,-30,6
6198,-30,-30,-30,-30,-30,-30,-30,-30,30,-30,8
4492,30,-30,-30,-30,-30,-30,-30,-30,-30,-30,0
4533,-30,-30,-30,-30,-30,-30,-30,-30,-30,30,9
3456,-30,-30,-30,-30,-30,-30,-30,-30,-30,30,9
6993,-30,-30,-30,-30,-19,-30,30,-30,-30,-30,6
9854,-30,-30,-30,-30,-30,-28,-30,30,-30,-30,7
3525,-30,-30,-30,-30,-30,-30,-30,30,-30,-30,7
6775,-30,-30,30,-30,-30,-30,-22,-30,-30,-30,2
2317,-30,-30,-12,-30,-30,-30,-30,-30,-26,-30,2
4773,-30,30,-30,-30,-30,-30,-30,-30,-30,-30,1
9403,-30,-30,-30,-30,-30,7,-30,-30,-30,-30,5
7316,-30,-30,-30,-30,-23,-30,-30,-30,-30,-30,4
213,-30,-30,-30,-30,30,-30,-5,-30,-30,-30,4
3365,-30,-30,-30,5,-30,-30,-30,-30,-30,-30,3
1750,-30,-30,-30,-30,-30,30,-30,-30,-30,-30,5
2261,-30,-30,-30,-30,-30,23,-30,-30,-30,-30,5
9192,30,-30,-30,-30,-30,-30,-26,-30,-30,-30,0
4733,-30,-30,-30,-30,-30,-30,-30,-30,30,-30,8
8983,-30,-30,-30,-30,-8,-30,-30,-30,-30,-30,4
5452,-30,-30,-30,-30,-30,-30,-30,-18,-30,-30,7
5937,-30,-30,-30,-30,-30,-30,-30,-30,30,-30,8
7182,-30,-30,-30,-30,-30,-30,-30,-30,-30,30,9
9387,-30,-30,-30,-30,30,-30,-30,-30,-30,-30,4
5208,-30,-30,30,-30,-30,-30,2,-30,-30,-30,2
1627,-30,30,-30,-30,-30,-30,-30,-30,-30,-30,1
5372,-30,-30,-30,-30,-30,-30,-30,-16,-30,-30,7
1236,-30,-30,-30,-30,23,-30,25,-30,-30,-30,6
2532,-30,-30,-30,-30,-9,-30,0,-30,-30,-30,6
6877,-30,-30,-30,-30,-8,-30,-10,-30,-30,-30,4
3087,-30,-30,-30,-30,-30,-30,-30,-30,-30,30,9
2800,-30,-30,-30,-30,30,-30,-30,-30,-30,-30,4
7788,-30,-30,-30,30,-30,-30,-30,-30,-30,-30,3
9478,-30,-30,-30,-30,-9,-30,30,-30,-30,-30,6
9405,30,-30,-30,-30,-30,-30,-30,-30,-30,-30,0
4910,-30,-30,-30,-30,-30,-30,-30,-24,-30,-30,7
2078,-30,-30,-30,-30,-30,-18,-30,30,-30,-30,7
7921,-30,-30,-30,-30,-30,-30,-30,-30,30,-30,8
9980,30,-30,-30,-30,-30,-30,-14,-30,-30,-30,0
358,-30,-30,-30,-30,-30,-30,-30,-30,-30,30,9
6761,-30,-8,-30,-30,-30,-30,-30,-30,-30,-30,1
4,-30,-30,30,-30,-30,-30,-30,-30,-30,-30,2
1427,-30,-30,-30,-30,-29,-30,30,-30,-30,-30,6
8681,-30,-30,30,-30,-30,-30,-30,-30,-30,-30,2
5936,-30,-30,-30,-30,-30,-30,-30,-30,-30,30,9
2633,-30,-30,-30,-30,-30,-30,-30,-30,-30,23,9
9924,-30,30,-30,-30,-30,-30,-30,-30,-30,-30,1
3227,-30,-30,-30,-30,-30,-4,-30,-30,-30,8,9
6800,-30,-30,-30,-30,-30,-30,-30,-16,-30,14,9
1279,-30,-30,-30,30,-30,-30,-30,-30,-30,-30,3
5171,-30,-30,-30,6,-30,-30,-30,-30,-30,-30,3
4802,-30,30,-30,-30,-30,-30,-30,-30,-30,-30,1
9453,-30,-30,-28,-30,-24,-30,-30,-30,-30,-30,4
2876,-30,-30,-30,30,-30,-30,-30,-30,-30,-30,3
1911,-30,-30,-30,-30,-30,-15,-30,-30,-30,-30,5
9153,-30,-30,-30,-30,-30,-30,-30,-30,-30,-30,0
9207,-30,-30,-30,-20,-30,-30,-30,-30,-30,-30,3
7312,-30,-30,-30,-30,-30,-30,-30,28,-30,-30,7
7300,-30,-30,-30,-30,30,-30,-30,-30,-30,-30,4
3371,-30,30,-30,-30,-30,-30,-30,-30,-30,-30,1
6458,-30,-30,-30,-30,4,-30,21,-30,-30,-30,6
4590,-30,-30,-30,-30,-25,-30,30,-30,-30,-30,6
2337,-30,-30,30,-30,-30,-30,-3,-30,-30,-30,2
5131,-30,-30,-30,-30,-30,-30,-30,30,-30,-30,7
3476,-30,-30,-30,-30,-30,16,-30,-30,-30,-30,5
3942,-30,-30,-30,-30,30,-30,-30,-30,-30,-30,4
8240,-30,-30,-30,-30,-17,-30,30,-30,-30,-30,6
4235,-30,-30,-30,-30,-30,-30,-30,10,-30,-30,7
8786,-30,-30,-30,-30,-30,-30,-30,-23,-30,-30,7
734,-30,-30,-30,-30,-30,-30,-30,-30,30,-30,8
125,-30,30,-30,-30,-30,-30,-30,-30,-30,-30,1
9312,-30,-30,-30,-30,-30,-30,-30,-30,30,-30,8
9409,-30,30,-30,-30,-30,-30,-30,-30,-30,-30,1
2665,-30,-30,-30,-30,-30,-30,11,-30,-30,-30,6
5056,-30,-30,18,-30,-29,-30,-30,-30,-30,-30,2
9820,-30,-30,-30,-30,-30,-30,-30,5,-30,-30,7
9553,-30,-30,-30,-30,-30,-30,-30,-30,-30,-30,0
8197,-30,-30,-30,-30,-30,-30,30,-30,-30,-30,6
4200,-30,30,-30,-30,-30,-30,-30,-30,-30,-30,1
3416,-30,-30,-30,-30,30,-30,-30,-30,-30,-30,4
3346,-30,-30,30,-30,-30,-30,8,-30,-30,-30,2
3651,-5,-30,-30,-30,-30,-30,-12,-30,-30,-30,0
5715,-30,30,-30,-30,-30,-30,-30,-30,-30,-30,1
6956,-30,-30,-19,-30,-30,-30,-26,-30,-30,-30,2
6994,30,-30,-30,-30,-30,-30,-30,-30,-30,-30,0
4444,-30,-30,-30,-30,-30,-30,-30,30,-30,-30,7
5531,-30,-30,-30,-30,-28,-30,30,-30,-30,-30,6
6379,-30,-30,-30,-30,-30,-30,-30,-30,30,-30,8
4760,-30,-30,-30,-30,-30,-30,-30,-30,30,-30,8
2010,-30,-30,30,-30,-30,-30,-30,-30,-30,-30,2
4662,-30,-30,-30,-30,-30,-30,-30,-30,30,-30,8
9688,-30,-30,-12,-30,-30,-30,-13,-30,-30,-30,2
4820,-30,-30,-30,-30,-30,30,-30,-30,-30,-30,5
4930,30,-30,-30,-30,-30,-30,-30,-30,-30,-30,0
7755,30,-30,-30,-30,-30,-30,-24,-30,-30,-30,0
7852,-30,30,-30,-30,-30,-30,-30,-30,-30,-30,1
6003,-30,-30,-30,-30,-30,-30,-30,2,-30,-30,7
5599,-30,-30,-30,-30,-30,-30,-30,-30,-30,30,9
9655,-30,-30,-30,-30,-30,-30,-30,30,-30,-30,7
9555,-30,-30,-30,30,-22,-30,-30,-30,-30,-30,3
4726,-30,-30,-30,-30,-30,-30,-30,-30,-30,-8,9
3350,-30,-30,-30,-30,-24,-30,-30,-30,-30,-30,4
7519,30,-30,-30,-30,-30,-30,-30,-30,-30,-30,0
2756,-30,-30,17,-30,-7,-30,-20,-30,-30,-30,2
8722,-30,-30,-30,-30,-30,-30,-30,-30,30,-30,8
6865,-30,-30,-30,-30,-30,-30,-30,30,-30,-30,7
8371,-30,30,-30,-30,-30,-30,-30,-30,-30,-30,1
2389,30,-30,-30,-30,-30,-30,-6,-30,-30,-30,0
689,-30,-30,-30,-30,-30,-30,-30,-30,30,-30,8
9045,-30,-30,-30,-30,-30,-30,-30,-27,-30,-20,9
6786,-30,-30,-30,-30,-30,-30,-16,-30,-30,-30,6
5405,-30,-30,-30,-30,-30,-30,-21,-30,30,-30,8
3185,-30,-30,-29,-30,-30,-30,17,-30,-30,-30,6
7050,-30,-30,-30,-30,-30,-30,-30,-30,30,-30,8
5167,-30,-30,-5,-30,-30,-30,-18,-30,-30,-30,2
842,-30,-30,-30,-30,-30,-30,-30,-30,30,-30,8
7094,30,-30,-30,-30,-30,-30,-30,-30,-30,-30,0
4962,-30,30,-30,-30,-30,-30,-30,-30,-30,-30,1
9869,-30,-30,-30,-30,-30,-18,-30,-15,-30,-30,7
8973,-30,-30,-30,30,-30,-30,-30,-30,-30,-30,3
9139,-30,-30,-30,-30,-30,-30,-30,-30,30,-30,8
435,-30,30,-30,-30,-30,-30,-30,-30,-30,-30,1
1482,-30,-30,-30,-30,-30,-30,-30,30,-30,-30,7
356,-30,-30,23,-30,-30,-30,-8,-30,-30,-30,2
7020,-30,-30,-30,-30,-30,-30,-30,-30,-30,30,9
8937,-30,-30,-30,-2,-30,-30,-30,-30,-30,-30,3
9741,-30,-30,-30,-30,-30,-30,-30,30,-30,-30,7
8062,-30,-30,-30,-30,-30,-30,-30,-30,-30,30,9
5834,-30,-30,-30,-30,-30,30,-30,-30,-30,-30,5
5404,-30,30,-30,-30,-30,-30,-30,-30,-30,-30,1
3945,-30,-30,-30,-30,-30,-30,-30,-30,30,-30,8
6991,-30,-30,-30,30,-30,-30,-30,-30,-30,-30,3
223,30,-30,-30,-30,-30,-30,-30,-30,-30,-30,0
675,-30,-30,-30,-30,-30,-30,-30,-30,-30,30,9
3816,16,-30,-30,-30,-30,-30,-30,-30,-30,-30,0
5899,-30,-30,-30,-30,-30,-30,-24,-30,-30,-30,6
7689,-30,-30,30,-30,-30,-30,-18,-30,-30,-30,2
7990,-30,-30,-30,-30,30,-30,-30,-30,-30,-30,4
8847,-30,-30,30,-30,-30,-30,-1,-30,-30,-30,2
9080,-30,-30,-30,-30,-30,-23,-30,-17,-30,-30,7
2631,-30,-30,-30,-30,-30,-30,2,-30,-30,-30,6
9226,19,-30,-30,-30,-30,-30,-30,-30,-30,-30,0
7740,-30,-30,-30,-30,-30,-30,-30,-30,-30,30,9
7564,-30,-30,-30,-30,-30,-30,-30,-30,30,-30,8
4025,-30,-30,-30,-30,-30,-30,-30,-30,30,-30,8
8438,-30,30,-30,-30,-30,-30,-30,-30,-30,-30,1
8598,-30,-30,-30,-30,-30,30,-30,-30,-30,-30,5
4292,-30,-30,-30,-30,-30,-30,-30,30,-30,-30,7
687,-30,-30,-30,-30,-30,-30,-30,30,-30,-30,7
3298,-30,17,-30,-30,-30,-30,-30,-30,-30,-30,1
3418,-30,-30,-30,-30,-30,-28,-30,-29,-30,-30,5
1612,-30,-30,-30,-30,-30,30,-30,-30,-30,-30,5
436,-30,-30,-30,-7,-30,-30,-30,-30,-30,-30,3
8888,-30,-30,-30,-30,-30,-30,-30,-30,-30,-30,0
5109,30,-30,-30,-30,-30,-30,-30,-30,-30,-30,0
8775,-30,-30,-30,-30,-30,-30,-30,30,-30,-30,7
8516,-30,-30,-30,-30,-30,-30,-30,-30,30,-30,8
363,-30,-30,-30,-30,-30,-6,-30,22,-30,-30,7
5852,-30,-30,-30,30,-30,-30,-30,-30,-30,-30,3
5841,-30,-30,-30,-30,-30,-30,-30,30,-30,-30,7
5773,-30,-30,-30,-30,-30,-30,-30,-30,-30,-30,0
4636,-30,-30,-30,-30,14,-30,-30,-30,-30,-30,4
5316,-30,-30,-30,-30,-30,30,-30,-30,-30,-30,5
3138,-30,-30,-30,-30,-30,30,-30,-30,-30,-30,5
2083,-30,-30,-30,-30,-30,-30,-30,-30,-30,-30,0
8433,-30,-30,12,-30,-30,-30,-2,-30,-30,-30,2
4181,-30,-30,-30,-30,-30,-4,-30,-14,-30,-30,5
2855,-30,-30,-30,-30,-30,-30,-30,-30,-30,-30,0
1442,4,-30,-30,-30,-30,-30,-13,-30,-30,-30,0
1581,-30,-30,-30,26,-30,-30,-30,-30,-30,-30,3
5850,-30,-30,20,-30,-30,-30,-25,-30,-30,-30,2
3258,30,-30,-30,-30,-30,-30,-30,-30,-30,-30,0
4547,-30,-30,-30,-30,30,-30,30,-30,-30,-30,4
4877,-30,-30,-30,-30,-30,-30,-30,30,-30,-30,7
1635,-30,-30,-30,-30,-30,-30,-30,-30,30,-30,8
4667,-30,-30,-30,-30,-30,-30,0,-30,-30,-30,6
2228,-30,-30,-30,-30,-30,-30,-30,-30,-16,-30,8
9219,-30,-30,-30,-8,-30,-30,-30,-30,-30,-30,3
5538,-30,30,-30,-30,-30,-30,-30,-30,-30,-30,1
1626,-30,-30,-30,-30,-30,30,-30,-30,-30,-30,5
7958,-30,-30,-30,30,-30,-30,-30,-30,-30,-30,3
2088,-30,-30,-30,-30,-30,-30,-30,-30,30,-30,8
6403,-30,-30,-30,30,-30,-30,-30,-30,-30,-30,3
4120,-30,-30,-30,-30,-30,-30,-30,-30,-30,30,9
3773,-30,-30,-30,-30,-30,-30,-30,30,-30,-30,7
1813,-30,30,-30,-30,-30,-30,-30,-30,-30,-30,1
3887,-30,-30,-30,-30,-30,-30,-30,-6,-30,-30,7
6647,-30,30,-30,-30,-30,-30,-30,-30,-30,-30,1
3553,-30,-30,-30,-20,-30,-30,-30,-30,-30,-30,3
4084,-30,-30,-30,-30,-30,-30,-30,-30,-30,-30,0
7914,-30,-30,-30,-30,-30,-30,-30,-30,30,-30,8
260,-30,-30,-30,-30,-30,30,-30,-30,-30,-30,5
6444,5,-30,-30,-30,-30,-30,-3,-30,-30,-30,0
2809,30,-30,-30,-30,-30,-30,-30,-30,-30,-30,0
9386,-30,-30,-30,-30,-30,-30,30,-30,-30,-30,6
2268,-30,-30,-30,-30,30,-30,-30,-30,-30,-30,4
4563,-30,30,-30,-24,-30,-30,-30,-30,-30,-30,1
3997,-30,30,-30,-30,-30,-30,-30,-30,-30,-30,1
2824,-30,-30,30,-30,-30,-30,-20,-30,-30,-30,2
7502,-30,-30,-30,-30,-30,-30,-30,-30,-30,30,9
1182,30,-30,-30,-30,-30,-30,-30,-30,-30,-30,0
1856,-30,-30,-30,-30,13,-30,-30,-30,-30,-30,4
385,-30,-30,-30,-30,-30,-30,28,-30,-30,-30,6
8122,-30,30,-30,-30,-30,-30,-30,-30,-30,-30,1
9526,-30,-30,-30,30,-30,-30,-30,-30,-30,-30,3
2736,-30,-30,-9,-30,-27,-30,1,-30,-30,-30,6
5746,-30,-30,-30,-30,-30,-30,-30,30,-30,-30,7
3085,3,-30,-30,-30,-30,-30,-30,-30,-30,-30,0
1739,-30,30,-30,-30,-30,-30,-30,-30,-30,-30,1
4540,-30,-30,-30,-30,-30,-30,-30,-30,30,-30,8
39,-30,-30,-30,-30,-30,30,-30,-3,-30,-30,5
2006,-30,-30,-30,-30,-30,-30,-30,30,-30,-30,7
8463,9,-30,-30,-21,-30,-30,-30,-30,-30,-30,0
8907,30,-30,-30,-30,-30,-30,-30,-30,-30,-30,0
399,-30,-30,-30,-30,-30,30,-30,-30,-30,-30,5
1318,30,-30,-30,-30,-30,-30,12,-30,-30,-30,0
8990,-30,-30,-30,-30,15,-30,-30,-30,-30,-30,4
8833,-30,-30,-30,-30,-30,-30,16,-30,-30,-30,6
556,-30,-30,-30,-30,-30,-30,-30,-30,-30,-30,0
7869,-30,-30,30,-30,-30,-30,26,-30,-30,-30,2
9580,-30,-30,-30,-30,-30,30,-30,-30,-30,-30,5
6156,-30,-30,-30,-30,9,-30,30,-30,-30,-30,6
9768,-30,30,-30,-30,-30,-30,-30,-30,-30,-30,1
6325,-30,-30,-30,-30,-30,-30,-30,-30,30,-30,8
7691,-30,-30,30,-30,-30,-30,-12,-30,-30,-30,2
8073,-30,30,-30,-30,-30,-30,-30,-30,-30,-30,1
4099,-30,-30,-30,-30,-30,-30,-30,-3,-30,-30,7
3592,-30,-30,-30,30,-30,-30,-30,-30,-30,-30,3
8429,-30,-30,-30,-30,-30,-30,-23,-30,30,-30,8
4558,-30,-30,-30,-30,-30,-30,-30,-30,30,-30,8
8485,-30,-30,-30,-30,-30,-30,-30,-30,-30,30,9
337,-30,-30,-30,-30,-30,-30,-30,-30,-30,8,9
1498,30,-30,-30,-30,-30,-30,-8,-30,-30,-30,0
2447,-30,30,-30,-30,-30,-30,-30,-30,-30,-30,1
2324,-30,-30,-30,-30,-30,-30,-30,-30,30,-30,8
7058,-30,30,-30,-30,-30,-30,-30,-30,-30,-30,1
657,-30,-30,-30,-30,16,-30,-30,-30,-30,-30,4
2564,-30,-30,-30,-30,-30,-30,-30,-30,-30,30,9
9545,-10,-30,-30,-30,-30,-30,-14,-30,-30,-30,0
8028,-30,-30,-30,30,-30,-30,-30,-30,-30,-30,3
8826,-30,30,-30,-30,-30,-30,-30,-30,-30,-30,1
4012,-30,30,-30,-30,-30,-30,-30,-30,-30,-30,1
1095,-30,-30,-30,-30,30,-30,-12,-30,-30,-30,4
8965,-30,-30,-30,-30,-30,-30,-30,30,-30,-30,7
7743,-30,-30,-30,-30,-30,-30,-30,-30,30,-30,8
1328,-30,-30,-30,-16,-30,-30,-30,-30,-30,-30,3
8968,-30,-30,-21,-30,30,-30,-6,-30,-30,-30,4
5172,-30,-30,-30,-30,-30,-22,-30,-30,-30,12,9
6259,-30,-30,-30,-30,-30,-30,-30,-30,-30,-30,0
635,-30,-30,19,-30,-30,-30,1,-30,-30,-30,2
2201,-30,-30,-30,-30,-30,-30,-30,-30,30,-30,8
462,-30,-30,-30,-30,-30,-30,-30,-30,-30,-30,0
1981,-30,-30,-30,-30,-30,-30,-30,-30,30,-30,8
4634,-30,-30,-30,-30,-30,-30,-30,-30,-30,-30,0
6231,-30,-30,-30,-30,-30,-30,-30,-30,-30,30,9
7049,-30,-30,-30,-30,30,-30,-30,-30,-30,-30,4
2103,-30,-30,-30,-30,-30,-30,-30,-15,-30,-30,7
1643,-30,-30,-30,-30,-30,-30,-30,30,-30,-30,7
921,-30,-30,-30,-27,-30,-30,-30,-30,-30,-30,3
2082,-30,-30,-30,-25,-30,-30,-30,-30,-30,-30,3
7684,-30,-30,0,-30,-30,-30,-17,-30,-30,-30,2
8505,-30,-30,-30,-30,-30,-30,-30,-30,-30,-30,0
9635,-30,-30,-30,-30,-30,30,-30,-30,-30,-30,5
2710,-30,-30,-30,-30,-30,-30,-30,30,-30,-30,7
8856,-30,-30,-30,30,-30,-30,-30,-30,-30,-30,3
5006,-30,-30,-30,-30,-30,-30,-30,30,-30,-30,7
9627,-30,-30,-30,-30,-13,-30,30,-30,-30,-30,6
57,-30,-30,-30,-30,-30,-30,30,-30,-30,-30,6
3853,25,-30,-30,-30,-30,-30,-15,-30,-30,-30,0
7133,-30,-30,-30,-30,-30,-30,-30,-30,-30,30,9
9229,-30,-30,-30,11,-30,-30,-16,-30,-30,-30,3
4358,13,-30,-30,-30,-30,-30,-8,-30,-30,-30,0
6574,-30,-30,-30,-30,-30,-30,-30,-30,-30,-30,0
3793,-30,-30,-30,-30,-1,-30,-22,-30,-30,-30,4
6819,-30,30,-30,-30,-30,-30,-30,-30,-30,-30,1
8276,-30,-30,30,-30,-30,-30,-30,-30,-30,-30,2
4998,-30,30,-30,-30,-30,-30,-30,-30,-30,-30,1
640,-30,-30,-30,-30,-30,-30,-30,-30,30,-30,8
2106,-30,30,-30,-30,-30,-30,-30,-30,-30,-30,1
3568,-30,-30,-30,-30,-30,-30,-30,-30,-30,30,9
5001,-30,-30,-30,-30,30,-30,-30,-30,-30,-30,4
2995,-30,-30,-30,-30,-30,-30,-30,-30,30,-30,8
710,-30,-30,-30,-30,-30,-30,-30,-30,-30,30,9
2608,-30,-30,-30,-30,-30,-30,-30,-30,-30,30,9
7223,-30,-30,-30,23,-30,-30,-30,-30,-30,-30,3
3454,-30,-30,-30,30,-30,-30,-30,-30,-30,-30,3
7794,-30,-30,-30,-30,-30,-30,-30,30,-30,-30,7
2930,30,-30,-30,-30,-30,-30,-30,-30,-30,-30,0
9021,30,-30,-30,-30,-30,-30,-30,-30,-30,-30,0
6995,-30,-30,3,-30,-30,-30,-3,-30,-30,-30,2
4657,-30,30,-30,-30,-30,-30,-30,-30,-30,-30,1
7095,30,-30,-30,-30,-30,-30,-30,-30,-30,-30,0
196,-30,-30,-30,-30,-25,-30,25,-30,-30,-30,6
9971,-30,-30,-30,-30,-30,-30,19,-30,-30,-30,6
4420,-30,-30,-30,-30,30,-30,-30,-30,-30,-30,4
5439,-30,-30,-29,-30,-30,-30,30,-30,-30,-30,6
7795,-30,-30,30,-30,-30,-30,-30,-30,-30,-30,2
2712,-30,-30,-30,-30,-30,-30,-30,-30,-30,30,9
7137,24,-30,-30,-30,-30,-30,-27,-30,-30,-30,0
1387,-30,-30,-30,-30,-30,-30,23,-30,-30,-30,6
9028,-30,-30,-30,-30,-30,-30,-30,-30,-30,-30,0
8481,-30,-30,-19,-30,-21,-30,-19,-30,-30,-30,2
171,30,-30,-30,-30,-30,-30,-30,-30,-30,-30,0
19,30,-30,-30,-30,-30,-30,-30,-30,-30,-30,0
7334,-30,30,-30,-30,-30,-30,-30,-30,-30,-30,1
3788,-30,-30,-30,-13,-28,-30,-8,-30,-30,-30,6
589,-30,-30,-30,-30,-30,-30,-26,-30,-8,-30,8
4514,-30,-30,-30,-30,-30,-30,-19,-30,-30,-30,6
1548,-30,-30,-30,-30,-30,-30,-30,-30,-30,-19,9
9081,-30,-30,-30,-30,-30,-30,-30,-7,-30,-30,7
5603,-30,-30,-30,-30,-30,-30,-30,-30,-30,30,9
4248,-30,-20,-30,-30,-30,-30,-30,-30,-30,-30,1
11,-30,-30,-30,-30,-30,-30,30,-30,-30,-30,6
6372,-30,-30,-30,30,-30,-30,-30,-30,-30,-30,3
8245,-30,-30,-30,-30,-30,-30,-30,30,-30,-30,7
7575,-30,-30,-30,-30,-30,-30,-30,-30,-30,-5,9
548,-30,30,-30,-30,-30,-30,-30,-30,-30,-30,1
5180,-30,-30,-30,-30,-18,-30,3,-30,-30,-30,6
6387,-30,-30,-30,-30,-30,-30,-30,30,-30,-30,7
3077,-30,-30,-30,-30,-30,-30,-30,30,-30,-30,7
153,-30,-30,-30,-30,-30,-30,-30,-30,-30,-30,0
8249,-30,-30,-30,-30,-30,-30,-30,-30,30,-30,8
6302,30,-30,-30,-30,-30,-30,-30,-30,-30,-30,0
6976,-30,-30,-30,-30,-30,-30,-30,-30,-30,30,9
8398,-30,30,-30,-30,-30,-30,-30,-30,-30,-30,1
411,-15,-30,-30,-30,-30,-30,-22,-30,-30,-30,0
2570,-30,30,-30,-30,-30,-30,-30,-30,-30,-30,1
6876,-30,-30,-30,-30,-27,-30,-30,-30,-30,-30,4
2258,-30,-30,-30,-30,-30,-11,-30,-30,-30,10,9
2760,-30,30,-30,-30,-30,-30,-30,-30,-30,-30,1
8307,-30,-30,3,-30,-30,-30,21,-30,-30,-30,6
8233,-30,-30,-30,-30,-30,30,-30,-30,-30,-30,5
1445,-30,-30,-30,7,-30,-30,-25,-30,-30,-30,3
5750,-30,-30,-30,30,-30,-30,-30,-30,-30,-30,3
4980,30,-30,-30,-30,-30,-30,-30,-30,-30,-30,0
2682,-30,-30,-30,-30,-30,-20,-30,-8,-30,-30,7
4772,-30,30,-30,-30,-30,-30,-30,-30,-30,-30,1
4963,-30,-30,-15,-30,-30,-30,-23,-30,-30,-30,2
2859,-30,-30,-30,-30,-30,-30,-30,30,-30,-30,7
9799,-30,-30,-30,-30,-30,-30,-30,-30,-30,30,9
2089,-30,-30,-30,-10,-30,-30,-30,-30,-30,-30,3
9425,-30,-30,-30,-30,-30,-30,-30,30,-30,-30,7
7951,-30,-30,-30,-30,-21,-30,30,-30,-30,-30,6
2542,-30,-30,-30,-30,-30,-30,-26,-30,-24,-30,8
2937,-30,-30,-30,-30,30,-30,5,-30,-30,-30,4
5096,-30,-30,-30,-30,-30,-30,-20,-30,-30,-30,6
3030,-30,-30,-30,-30,-30,-30,-30,-3,-30,-30,7
2104,-30,-30,-30,-30,28,-30,-30,-30,-30,-30,4
3310,-30,-30,-30,-30,-30,-30,-30,30,-30,-30,7
2097,-30,-30,-30,-30,-30,-30,30,-30,-30,-30,6
8153,-30,30,-30,-30,-30,-30,-30,-30,-30,-30,1
9757,-30,-30,-30,-30,-30,-30,-30,-30,-30,-30,0
2255,-30,-30,-30,-30,-30,-30,-30,-30,30,-30,8
4779,-30,-30,-30,-30,-30,-30,-30,-30,30,-30,8
6940,-30,-30,-30,-30,-30,-30,-30,30,-30,-30,7
4217,30,-30,-30,-30,-30,-30,-30,-30,-30,-30,0
8736,-30,30,-30,-30,-30,-30,-30,-30,-30,-30,1
5634,-30,-30,-30,-30,-30,-30,-30,-30,-30,-30,0
941,30,-30,-30,-30,-30,-30,-19,-30,-30,-30,0
8976,-30,-30,-30,-30,-30,-30,-30,-30,-30,30,9
5195,-30,-30,-30,-30,-30,-30,-30,30,-30,-30,7
1139,-30,-30,-30,-30,-30,30,-30,-30,-30,-30,5
4797,-30,-30,-30,-30,-30,-30,-30,-30,-30,30,9
5450,-30,30,-30,-30,-30,-30,-30,-30,-30,-30,1
4447,-30,-30,17,-30,-30,-30,30,-30,-30,-30,6
6709,30,-30,-30,-30,-30,-30,-30,-30,-30,-30,0
9658,-30,-30,-30,-30,30,-30,-30,-30,-30,-30,4
5877,-30,-30,-30,-30,-30,-30,-30,30,-30,-30,7
5097,-30,-30,-5,-30,-28,-30,-13,-30,-30,-30,2
6246,-30,-24,-30,-6,-30,-30,-30,-30,-30,-30,3
8289,-30,-30,-30,-30,-30,-30,-30,-30,-30,-30,0
8857,-30,30,-30,-30,-30,-30,-30,-30,-30,-30,1
3581,-30,-30,-30,-30,-30,-30,-30,-22,-30,-30,7
8785,-30,-30,-30,-30,-30,30,-30,-30,-30,-30,5
1903,-30,-30,-30,-30,-30,-22,-30,30,-30,-30,7
5672,-30,-30,-30,-30,-30,-30,-14,-30,-30,-30,6
8631,-30,-30,-30,-30,-30,-30,-30,-30,-30,30,9
5952,-28,-30,-30,-30,-30,-30,-7,-30,-30,-30,6
3247,30,-30,-30,-30,-30,-30,-30,-30,-30,-30,0
3846,-30,-30,-30,30,-30,-30,-30,-30,-30,-30,3
9575,-30,30,-30,-18,-30,-30,-30,-30,-30,-30,1
7189,-30,-30,-20,-30,9,-30,-24,-30,-30,-30,4
1012,-30,-30,-30,-30,-30,-30,-30,30,-30,-30,7
208,-30,-30,-30,-30,-30,-30,-30,-30,-30,30,9
7299,-30,-30,-30,-30,-30,-30,5,-30,-30,-30,6
1179,-30,-30,5,-30,-30,-30,-16,-30,-30,-30,2
4062,-30,-30,-30,-30,-30,-4,-30,27,-30,-30,7
8102,-30,-30,-30,-30,-30,-30,-30,-30,30,-30,8
1918,-30,-30,-30,-30,-28,-30,-30,-30,-30,-30,4
9273,-30,-30,-30,-30,-30,-18,-30,0,-30,-30,7
6667,-30,-30,-21,-30,-30,-30,-19,-30,-30,-30,6
3668,27,-30,-30,-30,-30,-30,-8,-30,-30,-30,0
8308,-30,-30,-30,-30,-30,-30,-30,-30,30,-30,8
1528,-30,-30,-30,30,-30,-30,-30,-30,-30,-30,3
2331,30,-30,-30,-30,-30,-30,-30,-30,-30,-30,0
7113,-30,30,-30,-30,-30,-30,-30,-30,-30,-30,1
9689,-30,-30,-30,-30,-30,-30,-30,30,-30,-30,7
5247,-30,-30,-30,-30,-30,-30,-30,-30,-30,30,9
5947,-30,-30,22,-30,-30,-30,-7,-30,-30,-30,2
850,-30,-30,-30,-30,-30,-30,-30,-30,-30,30,9
3323,-30,30,-30,-30,-30,-30,-30,-30,-30,-30,1
7175,-30,-30,-30,-30,-3,-30,-1,-30,-30,-30,6
2374,-30,-30,-10,-30,-30,-30,30,-30,-30,-30,6
5147,-30,-30,-30,-30,-30,-30,-30,-25,-30,-30,7
6681,-30,30,-30,-30,-30,-30,-30,-30,-30,-30,1
6871,30,-30,-30,-30,-30,-30,-30,-30,-30,-30,0
5446,-30,-30,-21,-30,-30,-30,30,-30,-30,-30,6
4466,-30,-30,-30,30,-30,-30,-30,-30,-30,-30,3
2218,-30,-30,-30,-30,-30,-30,-30,-30,-30,-26,9
9753,-30,-30,22,-30,-30,-30,-14,-30,-30,-30,2
1932,-30,30,-30,-30,-30,-30,-30,-30,-30,-30,1
7130,-30,-30,-30,-30,-30,-30,-30,-30,30,-30,8
8971,-30,-30,-30,-30,-28,-30,30,-30,-30,-30,6
306,-30,-30,-30,-30,-30,17,-30,-30,-30,-30,5
4897,-30,-30,-30,-30,-30,-30,-30,-30,-30,21,9
4631,-30,-30,-30,-30,-30,30,-30,-30,-30,-30,5
7116,-30,-30,-30,-30,-30,-30,-30,-30,30,-30,8
7069,-30,30,-30,-30,-30,-30,-30,-30,-30,-30,1
9438,30,-30,-30,-30,-30,-30,-30,-30,-30,-30,0
5950,-30,-30,-30,-30,-30,-30,-30,-30,-30,30,9
4141,0,-30,-30,-30,-30,-30,-3,-30,-30,-30,0
7648,-30,-30,-30,-30,-30,-30,16,-30,-30,-30,6
6591,-30,-30,-30,-30,-28,-30,-30,-30,-30,-30,4
9015,-30,30,-30,-30,-30,-30,-30,-30,-30,-30,1
9140,-30,30,-30,-30,-30,-30,-30,-30,-30,-30,1
8930,-30,-30,-30,-30,30,-30,-30,-30,-30,-30,4
9042,-30,-30,-30,-30,-30,-30,-30,30,-30,-30,7
8682,-30,-30,-30,30,-30,-30,-30,-30,-30,-30,3
7912,30,-30,-30,-30,-30,-30,-30,-30,-30,-30,0
6446,-30,-30,-30,-30,-30,-30,-30,30,-30,-30,7
6567,-30,-30,-30,-30,-30,-12,-30,-30,-30,14,9
4579,-30,-30,-30,-30,-30,-30,-10,-30,-28,-30,6
4384,-30,-30,-30,-30,-30,-27,-30,-30,-30,30,9
6652,-30,-30,-30,-30,-30,30,-30,-30,-30,-30,5
1164,-30,-30,-26,-30,30,-30,-30,-30,-30,-30,4
2897,30,-30,-30,-30,-30,-30,-20,-30,-30,-30,0
1575,-30,-30,-30,-30,-2,-30,-19,-30,-30,-30,4
9620,-30,-30,-30,-30,-30,30,-30,-30,-30,-30,5
4686,-30,-30,-28,-30,-30,-30,30,-30,-30,-30,6
5774,-30,-28,-30,11,-30,-30,-30,-30,-30,-30,3
5704,-30,-30,-30,-30,-30,-30,-30,-30,30,-30,8
6019,-30,-30,-30,30,-30,-30,-30,-30,-30,-30,3
1033,-30,-30,-30,-30,-30,-30,-30,-30,30,-30,8
1558,-30,22,-30,-30,-30,-30,-30,-30,-30,-30,1
3103,-30,30,-30,-30,-30,-30,-30,-30,-30,-30,1
9953,-30,-30,30,-30,-30,-30,0,-30,-30,-30,2
5549,-30,-30,-30,-30,-15,-30,-11,-30,-30,-30,6
3612,-30,-30,-30,-30,-30,-30,-30,-30,30,-30,8
7236,-30,30,-30,-30,-30,-30,-30,-30,-30,-30,1
739,30,-30,-30,-30,-30,-30,-30,-30,-30,-30,0
7522,-30,-30,-30,-30,-30,-30,-30,-30,30,-30,8
1094,-30,-20,-30,-29,-30,-30,-30,-30,-30,-30,1
1127,-30,-30,-30,-30,-30,-30,-30,-30,30,-30,8
8753,-30,-30,-30,-30,-30,-8,-30,-30,-30,-30,5
355,-30,-30,-30,30,-30,-30,-30,-30,-14,-30,3
2344,-30,-30,30,-30,-30,-30,-30,-30,-30,-30,2
6283,-30,-30,-30,-30,-30,-30,-30,-24,-30,-30,7
3791,-10,-30,-30,-30,-30,-30,-30,-30,-30,-30,0
7607,-30,-30,30,-30,-30,-30,-9,-30,-30,-30,2
9809,-30,-30,1,-30,30,-30,-22,-30,-30,-30,4
4536,-30,-30,-30,-30,-30,-30,-30,-30,-30,30,9
2507,-30,-30,-30,-30,30,-30,30,-30,-30,-30,4
9643,-30,-30,30,-30,-30,-30,-1,-30,-30,-30,2
353,-30,-30,-30,-30,30,-30,-30,-30,-30,-30,4
2033,-30,-30,-30,-30,-30,-30,-30,-30,-30,30,9
4376,-30,-30,-30,-30,-30,-30,-30,-30,-30,30,9
1996,-11,-30,-30,-30,-30,-30,-30,-30,-30,-30,0
7558,-30,-30,-30,-30,-30,-30,-30,-30,-30,30,9
3785,-30,-30,-30,-30,-30,-30,-30,-30,-30,30,9
1085,-30,-30,-30,-30,-30,-30,19,-30,-30,-30,6
8292,-30,-30,-30,-30,-30,-30,-30,30,-30,-30,7
5121,-30,-30,-30,30,-30,-30,-30,-30,-30,-30,3
5310,-30,-30,-8,-30,30,-30,-30,-30,-30,-30,4
8490,-30,-30,-30,30,-30,-30,-30,-30,-30,-30,3
3425,-30,-30,-30,30,-30,-30,-30,-30,-30,-30,3
3835,-30,-30,-30,-30,-30,-30,-30,-30,-30,30,9
6656,-30,-30,-30,-18,-30,-30,-9,-30,-30,-30,6
1265,-30,-30,-30,-30,-30,-30,-30,30,-30,-30,7
3167,-30,-30,-30,-30,-30,-28,-30,30,-30,-30,7
8851,-30,-30,-30,-30,-30,-30,-30,-30,30,-30,8
5392,-30,30,-30,-30,-30,-30,-30,-30,-30,-30,1
9563,-30,1,-30,-30,-30,-30,-30,-30,-30,-30,1
3590,-30,-30,-30,30,-30,-30,-30,-30,-30,-30,3
2598,-30,-30,-30,-30,29,-30,-12,-30,-30,-30,4
4322,-30,-30,-30,-30,-30,28,-30,-30,-30,-30,5
8294,-30,-30,-30,-30,-30,-30,-30,30,-30,-30,7
123,-30,-30,-30,-30,-30,-30,-30,-30,-30,25,9
1129,-30,-30,-30,-30,30,-30,-30,-30,-30,-30,4
333,-30,-30,-30,-30,-30,-30,-30,30,-30,-30,7
738,-30,-30,-30,-30,30,-30,-2,-30,-30,-30,4
8692,-30,-30,-30,-30,-30,-30,-30,30,-30,-30,7
8413,30,-30,-30,-30,-30,-30,-30,-30,-30,-30,0
4816,-30,-30,-30,-30,-30,-30,-30,-30,-21,-30,8
5196,-30,-30,-30,-30,-28,-30,6,-30,-30,-30,6
178,-30,-30,-30,-30,-30,-30,-30,-30,-24,-30,8
9803,-30,-30,-30,-30,-30,-30,-30,-9,-30,-30,7
1746,-30,-30,-30,-30,-30,-30,-30,0,-30,-30,7
994,-30,-30,-30,-30,-30,-30,-30,30,-30,-30,7
4833,-30,-30,-30,-30,-30,13,-30,-30,-30,-30,5
9436,5,-30,-30,-30,-30,-30,-30,-30,-30,-30,0
5221,-30,30,-30,-22,-30,-30,-30,-30,-30,-30,1
1352,-30,-30,20,-30,-30,-30,-18,-30,-30,-30,2
3187,-30,-30,-30,6,-30,-30,-30,-30,-30,-30,3
1051,-30,-30,-30,-30,-1,-30,30,-30,-30,-30,6
8032,-30,-30,-30,-30,18,-30,30,-30,-30,-30,6
5550,-30,-30,-18,-30,-30,-30,30,-30,-30,-30,6
3741,30,-30,-30,-30,-30,-30,-30,-30,-30,-30,0
7697,-30,-30,-30,-30,-30,-30,-30,-30,-30,30,9
5110,-30,-30,-30,-30,-30,-30,-30,-30,30,-30,8
5010,-30,-30,-30,-30,-30,-30,-30,-1,-30,-30,7
5727,-30,-30,-30,-30,-30,-30,-30,-30,30,-30,8
2501,-30,-30,-30,-30,-30,-30,0,-30,-30,-30,6
3009,-30,-30,-18,-30,-30,-30,-4,-30,-30,-30,6
4755,-30,-30,-30,-30,-30,-30,-30,-30,30,-30,8
3531,-30,-30,-30,-30,-30,-30,-30,-30,-30,-19,9
8517,-30,-30,-30,-30,-30,-30,-30,-13,-30,-30,7
8988,-30,30,-30,-30,-30,-30,-30,-30,-30,-30,1
405,-30,-30,-30,-30,-24,-30,30,-30,-30,-30,6
2257,-30,-30,-30,-30,-30,-30,-30,30,-30,-30,7
8267,-30,-30,-30,-30,-30,-30,-30,-30,-30,30,9
1099,-30,-30,-30,-30,-30,-30,-30,-30,-30,30,9
1221,30,-30,-30,-30,-30,-30,-30,-30,-30,-30,0
4148,-30,30,-30,-30,-30,-30,-30,-30,-30,-30,1
4232,-30,-30,-30,-30,-30,-11,-30,-30,-30,-30,5
2662,-30,30,-30,-30,-30,-30,-30,-30,-30,-30,1
1251,-30,30,-30,-30,-30,-30,-30,-30,-30,-30,1
8180,-30,-30,-30,30,-30,-30,-30,-30,-30,-30,3
2866,-30,-30,-30,-30,-30,-30,30,-30,-30,-30,6
4441,-30,-30,-30,-30,-30,-30,-30,-30,-30,2,9
6884,-30,-30,-30,-30,-30,-30,-30,-30,-30,30,9
2660,-30,-30,-30,-30,-30,-30,-30,-30,30,-30,8
7475,-30,-5,-30,23,-30,-30,-30,-30,-30,-30,3
7359,-30,-30,-30,-30,-30,-30,-30,-30,-30,-30,0
7309,-30,-30,-30,-30,-30,-30,-30,-30,30,-30,8
2648,-30,-30,-30,-30,-30,-9,-30,0,-30,-30,7
8977,-30,-30,17,-30,-30,-30,-29,-30,-30,-30,2
8884,-30,-30,-30,-30,-7,-30,-30,-30,-30,-30,4
5860,-30,-30,-30,30,-30,-30,-30,-30,-30,-30,3
7235,-30,-30,-30,-30,-7,-30,30,-30,-30,-30,6
8652,-30,-30,-30,-30,-30,-30,-30,-30,30,-30,8
7823,26,-30,-30,-30,-30,-30,-12,-30,-30,-30,0
8804,-30,-30,-30,-30,-30,-30,-30,-30,-30,30,9
8070,-30,-30,-30,-30,-30,-30,-25,-30,-30,-30,6
7920,-30,-30,-30,-30,5,-30,30,-30,-30,-30,6
5772,-30,-30,-30,-30,-30,-30,-30,-30,-30,30,9
9731,30,-30,-30,-30,-30,-30,-30,-30,-30,-30,0
3419,-30,30,-30,-30,-30,-30,-30,-30,-30,-30,1
4790,-30,-30,18,-30,-30,-30,30,-30,-30,-30,6
3470,-30,-30,-30,-30,-30,-30,-30,-30,30,-30,8
8512,-30,30,-30,-30,-30,-30,-30,-30,-30,-30,1
1191,-30,-30,-30,-30,-30,-30,-30,-30,30,-30,8
5031,-30,-30,30,-30,-30,-30,-30,-30,-30,-30,2
8660,-30,30,-30,-30,-30,-30,-30,-30,-30,-30,1
884,-30,-30,-30,-30,-30,-30,-30,-30,30,-30,8
544,-30,30,-30,-30,-30,-30,-30,-30,-30,-30,1
6736,-30,-30,-30,-30,-30,-30,-30,27,-30,-30,7
6637,-30,27,-30,-4,-30,-30,-30,-30,-30,-30,1
6317,-30,-30,-30,-30,-30,-30,-30,-30,-30,30,9
5629,-30,30,-30,-30,-30,-30,-30,-30,-30,-30,1
30,-30,-30,-30,-30,-30,-30,-30,-30,30,-30,8
6354,-30,-30,-30,-22,-30,-30,-30,-30,-30,-30,3
65,-30,-30,-30,-30,-30,-30,-30,-30,-30,0,9
5143,-30,-30,-30,-30,30,-30,-30,-30,-30,-30,4
977,-30,30,-30,-30,-30,-30,-30,-30,-30,-30,1
6606,-30,-30,-30,-30,-30,-30,-30,-30,-30,-30,0
8110,-30,-30,-25,-30,-30,-30,-20,-30,30,-30,8
7724,-30,-30,-30,-30,30,-30,-30,-30,-30,-30,4
3638,-30,-30,-30,-30,-30,-30,-16,-30,-30,-30,6
612,-30,-30,-29,-30,-17,-30,-16,-30,-30,-30,6
6359,-30,-30,-30,-30,-30,-30,-30,-30,30,-30,8
8909,-30,-30,-30,-30,30,-30,7,-30,-30,-30,4
5970,-30,-30,30,-30,-30,-30,-30,-30,-30,-30,2
245,-30,-30,-30,-30,-30,-6,-30,-30,-30,-30,5
2877,-30,-30,-30,-30,-30,30,-30,-30,-30,-30,5
1761,30,-30,-30,-30,-30,-30,-30,-30,-30,-30,0
8136,-30,-30,23,-30,-30,-30,21,-30,-30,-30,2
3408,-30,-30,-30,-30,-19,-30,29,-30,-30,-30,6
1196,-30,-30,-30,-30,-30,-30,-30,-30,-30,30,9
6383,-30,-30,-30,-30,-30,-30,-30,-30,30,-30,8
5608,30,-30,-30,-30,-30,-30,-30,-30,-30,-30,0
6658,-30,30,-30,-30,-30,-30,-30,-30,-30,-30,1
2500,30,-30,-30,-30,-30,-30,-30,-30,-30,-30,0
3707,30,-30,-30,-30,-30,-30,-30,-30,-30,-30,0
7333,-30,-30,-30,-30,-17,-30,-12,-30,-30,-30,6
9075,-30,-30,-30,-30,-30,-30,-30,-30,30,-30,8
9121,-30,-30,-30,30,-30,-30,-30,-30,-30,-30,3
485,-30,-30,-30,-30,30,-30,-14,-30,-30,-30,4
7634,-30,-30,-30,-30,-30,-30,-30,30,-30,-30,7
5399,-30,-30,-30,-30,-30,-30,-30,30,-30,-30,7
2827,-30,-30,-30,-30,-30,-15,-30,30,-30,-30,7
4405,-30,-30,-30,-30,-30,-30,-30,-30,-30,30,9
4915,-30,-30,-12,-30,-30,-30,-30,-30,-30,-30,2
4725,-30,-30,-30,-30,-30,28,-30,-30,-30,-30,5
6020,-30,-30,-30,-30,16,-30,0,-30,-30,-30,4
3529,-30,-30,-30,-30,-3,-30,-30,-30,-30,-30,4
404,-30,-30,-30,-30,-30,-30,-30,-30,-30,30,9
601,-30,-30,-30,-30,-30,-30,-30,-30,-30,30,9
987,-30,-30,-30,-30,-15,-30,-30,-30,-30,-30,4
4297,-30,-30,-30,-30,-30,-30,-27,-30,23,-30,8
645,-30,-30,-30,-30,-30,-16,-30,5,-30,-30,7
8280,-30,-30,-9,-30,-24,-30,-2,-30,-30,-30,6
7120,-30,-30,-30,-30,-30,-30,-30,-30,-30,30,9
9044,-30,-30,-30,-30,-30,-30,-16,-30,-30,-30,6
8250,-30,-30,-30,-30,30,-30,30,-30,-30,-30,4
4587,-17,-30,-30,-30,-30,-30,-30,-30,-30,-30,0
3445,-30,-30,-30,-30,30,-30,-30,-30,-30,-30,4
4319,-30,-30,-30,-30,-30,-30,-30,-30,30,-30,8
4936,-30,-30,-30,-6,-30,-30,-30,-30,-30,-30,3
6914,-30,30,-30,-30,-30,-30,-30,-30,-30,-30,1
6424,-30,-30,-30,-30,-30,-30,-30,-30,-30,30,9
7134,-30,-30,-30,-30,-30,-30,-11,-30,-30,-30,6
8746,-30,30,-30,-30,-30,-30,-30,-30,-30,-30,1
8157,-30,-30,1,-30,-30,-30,-8,-30,-30,-30,2
470,-30,-30,-30,-30,-30,13,-30,9,-30,-30,5
9977,-2,-30,-30,-30,-30,-30,-30,-30,-30,-30,0
1207,-30,-30,-30,-30,-30,-30,-30,-30,30,-30,8
5799,-30,-30,-30,-30,-30,20,-30,-22,-30,-30,5
7505,-22,-30,-30,-30,-30,-30,13,-30,-30,-30,6
9061,-30,-30,-30,-30,30,-30,-6,-30,-30,-30,4
9557,-30,-30,-17,-30,-30,-30,30,-30,-30,-30,6
5707,-30,-30,-30,-30,-21,-30,-30,-30,-30,-30,4
6712,-30,30,-30,-30,-30,-30,-30,-30,-30,-30,1
1381,-30,30,-30,-30,-30,-30,-30,-30,-30,-30,1
1008,-30,-30,-30,-30,-30,-30,-30,-30,-30,30,9
4063,-30,-30,-30,-30,-30,-30,-30,-30,30,-30,8
7076,-30,-30,-30,-30,-30,-30,-30,-30,30,-30,8
4528,-30,-30,-30,-30,-30,-30,-30,-30,-30,30,9
3796,-30,-30,14,-30,-30,-30,-5,-30,-30,-30,2
1914,-30,-30,30,-30,-30,-30,-16,-30,-30,-30,2
4603,-30,-30,-24,-30,-30,-30,-1,-30,-30,-30,6
8213,-30,-30,-30,-30,-30,-30,-13,-30,-30,-30,6
5981,-30,-30,-30,-30,-30,30,-30,-30,-30,-30,5
7790,-30,-30,30,-30,-30,-30,12,-30,-30,-30,2
1809,-30,-30,-30,-30,-30,30,-30,-30,-30,-30,5
6997,-30,-30,-30,-30,-30,-30,-21,-30,-30,-30,6
379,-30,-30,-30,-30,-30,-30,-30,-30,30,-30,8
1565,-30,-30,-30,30,-30,-30,-30,-30,-30,-30,3
7953,-30,-30,-21,-30,-30,-30,-8,-30,-30,-30,6
2199,-30,-30,-30,-11,-30,-30,-30,-30,-30,-30,3
9848,-30,-30,-30,-30,-30,-30,-30,-30,30,-30,8
4857,-30,-30,-30,-30,-23,-30,30,-30,-30,-30,6
897,-30,30,-30,-30,-30,-30,-30,-30,-30,-30,1
5420,-30,-30,-30,-30,-30,0,-30,-30,-30,-30,5
9860,30,-30,-30,-30,-30,-30,-30,-30,-30,-30,0
231,-30,-30,-30,30,-30,-30,-30,-30,-30,-30,3
860,-30,-30,-30,30,-30,-30,-30,-30,-30,-30,3
1241,-30,30,-30,-30,-30,-30,-30,-30,-30,-30,1
9282,-30,-30,-30,-30,-30,-30,-30,-30,-30,30,9
6438,-30,-30,28,-30,-30,-30,2,-30,-30,-30,2
6765,-30,-30,-30,-16,-30,-30,-30,-30,28,-30,8
3370,-30,-30,-30,-30,-30,-30,-30,27,-30,-30,7
2976,-30,-30,-30,-30,-30,-30,-30,-30,30,-30,8
7185,-30,-30,30,-30,-30,-30,-30,-30,-30,-30,2
6062,-30,-30,-30,30,-30,-30,-30,-30,-30,-30,3
507,-30,-30,-30,-30,-30,-30,7,-30,-30,-30,6
8125,-30,-30,30,-30,-30,-30,-30,-30,-30,-30,2
5574,-30,-30,-30,-30,-30,30,-30,-30,-30,-30,5
9697,-30,-30,-30,-30,-30,-30,-30,-30,-30,-30,0
6093,-30,-30,-30,-30,-30,-30,-30,-30,-30,30,9
41,30,-30,-30,-30,-30,-30,-30,-30,-30,-30,0
4561,-30,-30,-30,-30,-30,-11,-30,-16,-30,-30,5
3960,-30,30,-30,-30,-30,-30,-30,-30,-30,-30,1
8944,-30,30,-30,-30,-30,-30,-30,-30,-30,-30,1
588,-30,-30,-30,-30,-30,-21,-30,-2,-30,-30,7
800,-30,-30,-30,-30,-30,-30,-30,-30,-30,30,9
9421,30,-30,-30,-30,-30,-30,-27,-30,-30,-30,0
296,-30,30,-30,-30,-30,-30,-30,-30,-30,-30,1
3180,-30,-30,-10,-30,-30,-30,11,-30,-30,-30,6
5491,-30,-30,-30,-30,-30,-30,-30,30,-30,-30,7
8658,-30,-30,-30,-30,-30,-11,-30,-15,-30,-30,5
2186,-30,-30,-30,-30,-7,-30,-30,-30,-30,-30,4
3739,-30,-30,6,-30,-30,-30,-10,-30,-30,-30,2
2641,-30,-30,-30,23,-30,-30,-30,-30,-30,-30,3
4649,-30,-30,-30,30,-30,-30,-30,-30,-30,-30,3
8000,-30,-30,30,-30,-30,-30,-4,-30,-30,-30,2
3437,-30,30,-30,-30,-30,-30,-30,-30,-30,-30,1
7643,30,-30,-30,-30,-30,-30,-30,-30,-30,-30,0
9815,30,-30,-30,-30,-30,-30,-30,-30,-30,-30,0
2215,-30,-30,-30,-30,-30,-30,-30,-30,-30,30,9
8791,-30,-30,-30,-30,-30,-30,-30,-30,-30,30,9
6609,-30,-30,-30,-30,-30,-30,-30,-30,30,-30,8
2913,-30,-30,-23,-30,-30,-30,0,-30,-30,-30,6
5998,-30,-30,-30,-30,-30,-30,-30,-30,-30,30,9
7186,-30,-30,-30,-30,-30,-30,-14,-30,-30,-30,6
6727,-30,-30,-15,-30,-10,-30,-18,-30,-30,-30,4
9053,-30,-30,-30,-30,-30,30,-30,-30,-30,-30,5
1590,-30,-30,17,-30,-30,-30,-28,-30,-30,-30,2
7195,-30,-30,-30,-30,-30,-30,-30,30,-30,-30,7
8649,-30,-30,23,-30,-30,-30,-12,-30,-30,-30,2
66,-30,-30,-30,-30,-30,-30,-30,-30,-30,-30,0
7937,-30,-30,-30,-30,-30,30,-30,-30,-30,-30,5
8503,-30,-30,18,-30,-30,-30,-10,-30,-30,-30,2
481,-11,-30,-30,-30,-30,-30,-6,-30,-30,-30,6
3654,-30,-30,-30,-30,-30,-30,-30,-30,-30,30,9
882,-30,2,-30,-13,-30,-30,-30,-30,-30,-30,1
6981,-30,-30,-30,-30,-30,-30,-30,-30,-30,-30,0
5964,30,-30,-30,-30,-30,-30,-30,-30,-30,-30,0
6164,-30,-30,-30,-30,-30,-30,-1,-30,-30,-30,6
4973,-30,-30,-30,-21,-30,-30,5,-30,-30,-30,6
2031,-30,-30,-30,-30,-30,30,-30,-30,-30,-30,5
1189,-30,-30,-30,-30,-30,-30,-30,-30,-30,-30,0
3373,-30,-30,-30,-30,30,-30,-15,-30,-30,-30,4
8357,-30,-30,-30,11,-30,-30,-30,-30,-30,-30,3
670,-30,-30,-30,-30,-30,-30,-6,-30,-30,-30,6
3862,-30,-30,-30,-30,-30,-30,-7,-30,-30,-30,6
94,-30,-30,-30,-30,-30,-30,-30,-30,-30,30,9
4785,-30,-30,-30,-30,-30,-30,-30,-30,30,-30,8
6643,-30,-30,-30,-30,-30,-30,-30,-30,30,-30,8
925,-30,-30,-30,-30,-30,-30,19,-30,-30,-30,6
2731,-30,-30,30,-30,-30,-30,18,-30,-30,-30,2
982,30,-30,-30,-30,-30,-30,-30,-30,-30,-30,0
6808,-8,-30,-30,-30,-30,-30,-30,-30,-30,-30,0
9844,-30,-30,-30,30,-30,-30,-30,-30,-30,-30,3
2887,-30,-30,-30,-30,-30,-30,-30,-30,-30,30,9
497,-30,-30,-30,-30,-13,-30,30,-30,-30,-30,6
7909,-30,-30,30,-30,-30,-30,-30,-30,-30,-30,2
5271,-30,-30,-30,-30,-30,-30,-30,-30,30,-30,8
9266,-30,30,-30,-30,-30,-30,-30,-30,-30,-30,1
8981,-30,-30,-30,-30,-30,-30,-30,-30,-30,30,9
3613,-30,-30,-10,-30,-24,-30,-30,-30,-30,-30,2
8169,-30,-30,-30,-30,2,-30,-10,-30,-30,-30,4
7586,-30,-30,-30,-30,-30,-30,-30,-30,-30,30,9
9988,-30,-30,-30,-15,-30,-30,-30,-30,-30,-30,3
1655,5,-30,-30,-30,-30,-30,-30,-30,-30,-30,0
608,-30,-30,30,-30,-30,-30,-30,-30,-30,-30,2
2953,30,-30,-30,-30,-30,-30,-15,-30,-30,-30,0
9833,-30,-30,-30,-30,-30,-30,-30,-30,2,-30,8
1183,-30,-30,-30,-30,-30,-30,-30,30,-30,-30,7
6517,-28,-30,-30,-30,-30,-30,-30,-30,-30,-30,0
2945,-30,-30,-30,-30,-30,30,-30,-30,-30,-30,5
8685,30,-30,-30,-30,-30,-30,-30,-30,-30,-30,0
7520,-30,-30,-30,-30,-14,-30,-28,-30,-30,-30,4
6321,-30,-30,-30,30,-30,-30,-30,-30,-30,-30,3
1042,-30,30,-30,-30,-30,-30,-30,-30,-30,-30,1
4418,-30,-30,-30,30,-30,-30,-30,-30,-30,-30,3
3429,30,-30,-30,-30,-30,-30,-30,-30,-30,-30,0
2276,-30,-30,-30,-30,-30,-30,-30,-30,-30,30,9
4858,-30,-30,-30,-30,-30,30,-30,-30,-30,-30,5
1289,-30,-30,-30,-30,30,-30,-30,-30,-30,-30,4
8420,-30,-30,-30,30,-30,-30,-30,-30,-30,-30,3
6008,-30,-30,-30,-30,-30,-30,-30,-30,-30,-30,0
633,30,-30,-30,-30,-30,-30,-3,-30,-30,-30,0
6081,-30,-30,-30,-30,-30,-30,-3,-30,-30,-30,6
4147,-30,-30,-30,-30,-30,-30,-30,-30,-30,-30,0
9691,-30,-30,-30,-30,-30,-30,-30,-30,-30,30,9
1093,30,-30,-30,-30,-30,-30,-19,-30,-30,-30,0
7335,-30,-30,-30,-30,-30,-30,-30,30,-30,-30,7
4674,-30,-30,-30,3,-30,-30,-30,-30,-30,-30,3
4878,-30,-30,-30,-30,-30,30,-30,-30,-30,-30,5
2236,-30,-30,-30,-30,-17,-30,30,-30,-30,-30,6
4652,-30,-30,-30,-30,-30,-30,-30,-30,30,-30,8
9310,-30,-30,21,-30,-30,-30,-12,-30,-30,-30,2
9779,-30,30,-30,-30,-30,-30,-30,-30,-30,-30,1
6689,-30,-23,-30,-18,-30,-30,-30,-30,-30,-30,3
3125,-25,-30,-30,-29,-30,-30,-30,-30,-30,-30,0
2952,-30,-30,-4,-30,-30,-30,30,-30,-30,-30,6
3201,-30,-30,-30,-30,-30,30,-30,-30,-30,-30,5
733,-30,-30,-30,-30,-30,-30,-30,-30,-30,22,9
2183,-30,-30,-30,-1,-30,-30,-30,-30,-30,-30,3
1571,-30,-30,-30,-30,-30,30,-30,-30,-30,-30,5
9535,30,-30,-30,-30,-30,-30,-30,-30,-30,-30,0
788,-30,-30,30,-30,-30,-30,-6,-30,-30,-30,2
3827,30,-30,-30,-30,-30,-30,-30,-30,-30,-30,0
3183,-30,-30,-30,-30,-30,-30,-30,30,-30,-30,7
5976,-30,-30,-30,-30,-30,-30,-30,-30,-30,-30,0
3693,-6,-30,-30,-30,-30,-30,-14,-30,-30,-30,0
1653,-30,-30,-30,-30,-30,-30,-30,-30,30,-30,8
4548,-30,-30,-30,30,-30,-30,-30,-30,-27,-30,3
1165,-30,-30,-30,-30,-30,-30,30,-30,-30,-30,6
919,-30,-30,-30,-30,-30,-30,-30,-30,30,-30,8
9200,-30,-30,-30,-30,-30,-30,-30,-30,19,-30,8
5088,-30,-30,-30,30,-30,-30,-30,-30,-30,-30,3
6548,-30,-30,-30,-30,-30,-30,-30,-30,30,-30,8
5415,-30,-30,-30,-30,-30,-30,-30,-30,-30,30,9
3897,-30,-30,-30,-30,30,-30,-30,-30,-30,-30,4
239,30,-30,-30,-30,-30,-30,-30,-30,-30,-30,0
9456,-30,-30,-30,-30,-30,-30,-30,-30,30,-30,8
796,-30,-30,-30,-30,-30,-30,-30,-30,30,-30,8
6941,-30,-30,-30,-13,-30,-30,-30,-30,-30,-30,3
5684,-30,-30,-30,-30,-30,-30,-30,-30,30,-30,8
5141,-30,-30,-30,-30,-30,-30,-30,-30,-30,-30,0
4280,-30,-30,-30,-30,-30,16,-30,-30,-30,-30,5
758,-30,-30,-30,-30,-30,-30,-30,30,-30,-30,7
5280,30,-30,-30,-30,-30,-30,-30,-30,-30,-30,0
9896,-30,-30,-30,30,-30,-30,-30,-30,-30,-30,3
5033,-30,-30,-30,-30,-30,-30,23,-30,-30,-30,6
8821,-30,-30,-30,-30,-30,-30,-14,-30,30,-30,8
1302,-30,-30,-30,30,-30,-30,-30,-30,-30,-30,3
9072,-30,-30,-30,-30,-30,30,-30,-30,-30,-30,5
4815,-30,-30,-30,-30,-30,-30,-30,-30,-30,30,9
9485,-30,-30,-30,-30,-30,-30,-30,-30,-30,-30,0
6869,-30,-30,-30,-30,-30,-30,-17,-30,-30,-30,6
5116,-30,-30,-30,-30,-30,-30,-12,-30,12,-30,8
3483,-30,-30,-30,-30,-30,-30,-30,-30,-30,30,9
1175,-30,-30,-30,-30,-30,-30,22,-30,-30,-30,6
8662,-30,30,-30,-30,-30,-30,-30,-30,-30,-30,1
2325,30,-30,-30,-30,-30,-30,-30,-30,-30,-30,0
5864,-30,-30,-30,-30,-30,30,-30,-30,-30,-30,5
1297,-30,-30,-30,-30,-30,-30,-30,-30,30,-30,8
9143,-30,-30,6,-30,-30,-30,-30,-30,-30,-30,2
154,-30,-30,-30,-30,-30,-30,-9,-30,-30,-30,6
3880,-30,-30,-30,-30,-30,-30,-30,-30,30,-30,8
9721,-30,-30,-15,-30,-30,-30,-2,-30,-30,-30,6
3464,-30,-30,-30,-30,-30,-30,30,-30,-30,-30,6
8918,-18,-30,-30,-30,-30,-30,0,-30,-30,-30,6
7066,-30,-30,-30,-30,-30,-30,-30,6,-30,-30,7
9301,-30,-30,-30,-30,-30,-30,-30,-30,-30,-30,0
161,-30,-30,-30,-30,-30,-30,-30,-30,-30,-30,0
7305,-30,-30,-30,17,-30,-30,-30,-30,-30,-30,3
5100,-30,-30,-30,-30,-30,-5,-30,30,-30,-30,7
846,-30,-30,-30,-30,16,-30,-30,-30,-30,-30,4
1128,-30,-30,-30,-30,-30,30,-30,-30,-30,-30,5
7730,-30,-30,-30,-30,-30,-30,-30,-30,30,-30,8
8235,-30,-30,-30,-30,-30,-30,-23,-30,30,-30,8
6472,-30,-30,-30,30,-30,-30,-30,-30,-30,-30,3
2442,-30,-30,-30,-30,-30,-30,-30,-30,-30,30,9
7170,-30,-30,-30,-30,-30,-30,-30,-30,-30,-1,9
7366,30,-30,-30,-30,-30,-30,-20,-30,-30,-30,0
7584,-30,-30,-30,-30,-30,-30,5,-30,-30,-30,6
2521,-30,-30,-30,-30,30,-30,-30,-30,-30,-30,4
3148,-30,-30,-30,-30,-30,-30,29,-30,-30,-30,6
642,-30,-30,-30,30,-30,-30,-30,-30,-30,-30,3
1322,-30,-30,-30,-30,-30,-30,-30,-30,-30,-30,0
1778,-30,-30,-30,-30,30,-30,-3,-30,-30,-30,4
7754,-30,-30,-30,-30,-30,-30,-30,-30,-30,30,9
9754,-30,-30,30,-30,-30,-30,3,-30,-30,-30,2
730,-30,-30,-30,-30,-30,2,-30,0,-30,-30,5
653,-30,-30,-30,-30,-14,-30,30,-30,-30,-30,6
7210,-30,-30,-30,-30,-30,-6,-30,-17,-30,-30,5
7510,-5,-30,-30,-30,-30,-30,-12,-30,-30,-30,0
7577,-30,-30,-30,30,-30,-30,-30,-30,-30,-30,3
3770,-30,30,-30,-30,-30,-30,-30,-30,-30,-30,1
4942,-30,-30,-30,-30,-30,-30,-30,14,-30,-30,7
8325,-30,-30,-30,-30,-30,-30,-30,-30,30,-30,8
4263,-4,-30,-30,-30,-30,-30,-24,-30,-30,-30,0
679,-30,-30,-30,-30,-19,-30,30,-30,-30,-30,6
3304,-30,-30,-30,-30,-30,-30,-30,30,-30,-30,7
3610,-30,-30,-30,30,-30,-30,-30,-30,-30,-30,3
93,-30,-23,-30,11,-30,-30,-30,-30,-30,-30,3
5477,-30,-30,-30,-30,-30,-30,-17,-30,30,-30,8
6227,21,-30,-30,-16,-30,-30,-30,-30,-30,-30,0
5989,-30,-16,-30,-30,-30,-30,-30,-30,-27,-30,1
3067,-30,-30,-30,-30,-30,-30,-30,-30,-30,30,9
7328,-30,-30,21,-30,-30,-30,-30,-30,-30,-30,2
665,-30,-30,-30,-30,-30,-30,-30,-30,30,-30,8
7303,-30,-30,-30,-30,-30,-18,-30,-30,-30,-30,5
9129,-30,-30,-30,-30,30,-30,-20,-30,-30,-30,4
8282,-30,-30,-30,-30,-30,-30,-30,-30,-30,30,9
6240,-30,-30,-30,-30,-30,-30,30,-30,-30,-30,6
1880,-30,-30,-30,-30,-30,-30,-30,-30,-30,-30,0
7508,-30,-30,-30,-30,30,-30,-30,-30,-30,-30,4
6357,-30,-30,-30,-30,-30,-30,-9,-30,2,-30,8
4385,30,-30,-30,-30,-30,-30,-30,-30,-30,-30,0
6942,-30,30,-30,-30,-30,-30,-30,-30,-30,-30,1
6393,-30,30,-30,-30,-30,-30,-30,-30,-30,-30,1
1079,-30,-30,-30,-30,-30,-30,-30,-30,-30,30,9
5076,-30,-30,-30,-30,-30,-30,-30,-30,-30,-30,0
9343,-30,-30,-30,-30,-30,-30,-30,-30,30,-30,8
4269,-30,-30,6,-30,-30,-30,-18,-30,-30,-30,2
3653,-30,30,-30,-30,-30,-30,-30,-30,-30,-30,1
382,-30,-30,-30,-30,-30,-30,-30,-30,-30,30,9
5216,-30,-30,-30,-30,-30,30,-30,-30,-30,-30,5
6818,-30,-30,-30,-30,-30,-30,-30,-30,30,-30,8
5393,-30,-30,-30,-30,30,-30,-30,-30,-30,-30,4
1576,-30,-30,-30,-30,-30,-30,-30,-30,30,-30,8
8619,-30,-30,13,-30,-16,-30,-30,-30,-30,-30,2
4349,-30,-30,-30,30,-30,-30,-30,-30,-30,-30,3
5523,-30,-30,-30,-30,-30,-30,-30,-30,-30,-19,9
4620,-30,-30,-30,-30,-30,-30,10,-30,-30,-30,6
7952,-30,-30,-30,-30,30,-30,11,-30,-30,-30,4
8534,-30,-30,-30,-30,-5,-30,-13,-30,-30,-30,4
6185,-30,-30,-30,-30,-30,-30,-30,-30,-30,30,9
6386,-30,-30,21,-30,-30,-30,-4,-30,-30,-30,2
1334,-30,-30,-4,-30,-30,-30,30,-30,-30,-30,6
9633,-30,-30,15,-30,-30,-30,-9,-30,-30,-30,2
2943,-30,-30,-30,-30,-30,-30,-30,-30,-30,30,9
6329,-30,-30,-30,-30,-30,-30,-30,-30,30,-30,8
5176,30,-30,-30,-30,-30,-30,-30,-30,-30,-30,0
1854,-30,-30,-30,-30,-30,30,-30,-30,-30,-30,5
9243,-30,-30,-30,-30,-30,-30,-30,-30,-30,-7,9
7712,-30,-30,-2,-30,14,-30,-30,-30,-30,-30,4
659,-30,-30,-10,-30,-30,-30,0,-30,-30,-30,6
7969,-30,-30,-30,-30,-30,30,-30,-30,-30,-30,5
6605,-30,-30,15,-30,11,-30,-30,-30,-30,-30,2
6146,-30,30,-30,-30,-30,-30,-30,-30,-30,-30,1
6807,-30,-30,-30,-30,-30,-30,-9,-30,-30,-30,6
3376,-30,-30,-30,-30,-30,-30,-30,30,-30,-30,7
4066,-30,-30,-10,-30,-30,-30,-30,-30,-30,-30,2
4628,-30,-30,-30,-30,11,-30,-30,-30,-30,-30,4
9994,-30,-30,15,-30,-30,-30,-26,-30,-30,-30,2
7699,-30,-30,-30,-30,-30,-7,-30,1,-30,-30,7
873,-30,-30,-30,-30,-14,-30,6,-30,-30,-30,6
3512,-30,-30,-8,-30,-30,-30,-7,-30,-30,-30,6
5602,-30,-30,-30,-30,-30,-30,-30,-30,-30,-30,0
3213,-6,-30,-30,-30,-30,-30,-30,-30,-30,-30,0
4494,-30,30,-30,-30,-30,-30,-30,-30,-30,-30,1
1227,-30,-30,-30,-30,-30,30,-30,-30,-30,-30,5
6654,-30,-30,-30,-30,30,-30,14,-30,-30,-30,4
3302,30,-30,-30,-30,-30,-30,-12,-30,-30,-30,0
3402,-30,30,-30,-30,-30,-30,-30,-30,-30,-30,1
5024,-30,-30,-30,-30,-30,-30,-30,-30,-30,30,9
1568,-30,-30,-30,-30,-30,-30,-30,-14,-30,-30,7
9985,-30,-30,-30,-30,-30,30,-30,-30,-30,-30,5
6702,-30,-30,-23,-30,-30,-30,14,-30,-30,-30,6
2928,-30,-30,-30,-30,-30,30,-30,-30,-30,-30,5
4260,-30,-30,30,-30,-30,-30,9,-30,-30,-30,2
3345,-30,-30,-30,-30,-30,-30,-30,-30,-30,30,9
7760,-30,-30,30,-30,-30,-30,12,-30,-30,-30,2
4432,-30,-30,-30,-30,-30,-30,2,-30,-30,-30,6
7007,-30,-30,-30,-30,-10,-30,-30,-30,-30,-30,4
6148,-30,-30,-30,-30,-30,30,-30,-30,-30,-30,5
4890,-30,-30,-30,-30,-11,-30,-30,-30,-30,-30,4
6518,-30,-30,-30,-30,-30,-30,-30,-30,30,-30,8
7218,-30,-30,-30,-30,-30,-30,-30,-30,-30,30,9
1728,30,-30,-30,-30,-30,-30,-30,-30,-30,-30,0
8528,-30,-30,-30,-30,-30,-30,-30,-30,-30,30,9
3248,-30,-30,-30,-30,-30,28,-30,-30,-30,-30,5
5248,-30,-30,-30,-30,-30,30,-30,-30,-30,-30,5
5284,-30,-30,-30,-30,-30,-10,-30,-22,-30,-30,5
2414,-30,-30,-30,-30,-30,-30,-30,-30,-30,-30,0
445,-30,-30,-30,-30,-30,-30,-30,-30,-30,24,9
2560,-30,-30,-30,30,-30,-30,-30,-30,-30,-30,3
1592,-30,-30,-30,-30,-15,-30,-30,-30,-30,-30,4
1277,-30,-30,-30,-30,-30,-30,-30,-30,30,-30,8
4031,-30,-30,-30,-30,30,-30,-30,-30,-30,-30,4
1114,-30,-30,-30,30,-30,-30,-30,-30,-30,-30,3
3663,-30,-30,-30,-30,-30,-30,-30,-30,-30,30,9
9776,-30,-30,-30,28,-30,-30,-30,-30,-30,-30,3
6468,-30,30,-30,-30,-30,-30,-30,-30,-30,-30,1
3282,15,-30,-30,-30,-30,-30,30,-30,-30,-30,6
5383,-30,-30,-30,-30,-30,-30,-30,-30,-30,-30,0
5019,-30,-30,-30,-30,-30,30,-30,-30,-30,-30,5
5618,-30,-30,30,-30,-30,-30,-7,-30,-30,-30,2
8905,-30,-30,-30,-30,-30,-30,-18,-30,30,-30,8
295,-30,-30,-30,-30,-30,-30,-30,30,-30,-30,7
47,-30,-30,-30,-30,-30,-30,-30,-30,-30,30,9
2814,-30,-30,-30,-30,-30,-30,-30,30,-30,-30,7
8115,-30,-30,-30,-30,-30,-30,-30,30,-30,-30,7
4207,-30,-30,-30,-30,-30,-30,-30,30,-30,-30,7
8156,-30,-30,-30,-30,-30,-30,-30,-30,-30,30,9
7656,-30,-30,-30,-30,30,-30,-30,-30,-30,-30,4
9457,-30,-30,-30,-30,-30,-30,15,-30,-30,-30,6
3561,30,-30,-30,-30,-30,-30,-30,-30,-30,-30,0
1665,-30,-30,-30,-30,-30,-30,30,-30,-30,-30,6
6946,-30,-30,-30,-30,-30,-30,-30,30,-30,-30,7
2160,-30,-30,-30,-30,-30,-30,-21,-30,-13,-30,8
8347,-30,30,-30,-30,-30,-30,-30,-30,-30,-30,1
9102,-30,-30,-30,-30,-30,-30,-30,-30,30,-30,8
4475,30,-30,-30,-30,-30,-30,-30,-30,-30,-30,0
3982,-30,-30,-30,30,-30,-30,-30,-30,-30,-30,3
8259,-30,-30,-30,-30,-30,-30,-30,-30,30,-30,8
7372,-30,-30,-30,-30,-30,30,-30,-30,-30,-30,5
9578,30,-30,-30,-30,-30,-30,-30,-30,-30,-30,0
3145,-30,-30,-30,-30,-30,-8,-30,30,-30,-30,7
2791,-30,-30,-30,-30,-30,-30,30,-30,-30,-30,6
3915,-30,-30,-30,-30,-30,-30,-30,-30,-30,30,9
8077,-30,30,-30,-30,-30,-30,-30,-30,-30,-30,1
2243,-30,30,-30,-30,-30,-30,-30,-30,-30,-30,1
5857,-30,-30,30,-30,-30,-30,-30,-30,-30,-30,2
1790,-30,-30,-30,-30,-30,-30,2,-30,-30,-30,6
1301,-30,-30,-30,-30,-30,-30,-30,-30,30,-30,8
3768,-30,-30,-30,-30,-30,-30,-30,-30,-30,30,9
1455,-30,-30,-30,-30,-30,-30,-30,30,-30,-30,7
2280,-30,-30,-30,-30,-30,-30,-30,-23,-30,6,9
2969,-30,-30,-30,-30,-30,-16,-30,-30,-30,-30,5
2723,-30,-30,-30,-30,-30,-30,-30,-30,30,-30,8
7006,-30,-30,-30,-30,-30,-30,20,-30,-30,-30,6
8304,-30,30,-30,-30,-30,-30,-30,-30,-30,-30,1
5370,-30,-30,8,-30,-27,-30,-19,-30,-30,-30,2
8620,30,-30,-30,-30,-30,-30,-30,-30,-30,-30,0
4283,-30,30,-30,-30,-30,-30,-30,-30,-30,-30,1
2413,-30,-30,-30,-30,-30,-30,-30,-30,30,-30,8
1712,-30,-30,-30,-30,-30,-30,-30,-30,-30,-30,0
6725,-30,-30,-30,30,-30,-30,-30,-30,-30,-30,3
2703,-30,-30,-30,-30,-30,-30,-30,-30,2,-30,8
9610,-30,-30,-30,-30,-30,-30,-30,30,-30,-30,7
6462,-30,-30,-30,-30,-30,-30,-30,-30,-30,30,9
4679,-30,-30,-30,30,-30,-30,-30,-30,-30,-30,3
1461,-30,-30,-30,-30,-30,-30,-30,30,-30,-30,7
7338,-30,-30,-30,-30,-30,30,-30,-30,-30,-30,5
250,-30,-30,-30,-30,-30,30,-30,-30,-30,-30,5
2008,-30,-30,-30,-18,-30,-30,-12,-30,-30,-30,6
91,-30,-30,-30,-30,-30,-30,-30,-30,-30,30,9
6170,-30,30,-30,-30,-30,-30,-30,-30,-30,-30,1
7565,-30,-30,-30,-30,30,-30,-30,-30,-30,-30,4
4522,-30,30,-30,-30,-30,-30,-30,-30,-30,-30,1
1999,-30,-30,-30,-30,-30,-30,-10,-30,-30,-30,6
7748,-30,-30,-30,-30,-30,-11,-30,22,-30,-30,7
8311,-30,-30,-30,-30,-21,-30,-30,-30,7,-30,8
8400,5,-30,-30,-30,-30,-30,-14,-30,-30,-30,0
9392,-30,-30,-30,-30,-30,-30,-30,-30,-30,30,9
4926,-30,-30,-30,29,-30,-30,-30,-30,-30,-30,3
2762,-30,-30,-30,-30,-9,-30,-30,-30,-30,-30,4
3281,-30,-30,-30,-30,-30,-30,-30,-30,-30,-30,0
3214,-30,30,-30,-30,-30,-30,-30,-30,-30,-30,1
1660,-30,-30,-30,-30,-30,-30,-30,30,-30,-30,7
4987,-30,-30,-30,-30,-30,-30,-30,-30,30,-30,8
5757,-30,30,-30,-30,-30,-30,-30,-30,-30,-30,1
4048,-30,-30,-30,-30,-30,-30,-29,-30,-30,-30,6
7800,-30,-30,-30,-30,-30,30,-30,-30,-30,-30,5
6912,-30,-30,-30,-30,-30,-30,-30,-30,-30,30,9
8158,30,-30,-30,-30,-30,-30,-30,-30,-30,-30,0
274,29,-30,-30,-30,-30,-30,-30,-30,-30,-30,0
7710,-30,-30,-30,-30,-30,0,-30,-30,-30,-27,5
1415,-30,-30,-30,-30,-30,-17,-30,-30,-30,-30,5
7422,-30,-30,-30,24,-30,-30,-30,-30,-30,-30,3
3461,-30,-30,-30,-30,-30,-30,-30,-30,30,-30,8
6957,-30,-30,-30,-30,-30,-30,-30,-30,30,-30,8
2426,-30,-30,-13,-30,-30,-30,2,-30,-30,-30,6
6676,-30,-30,-30,-30,-30,-30,-30,-30,30,-30,8
9839,-30,-30,-30,-30,-30,30,-30,-30,-30,-30,5
9150,-30,-30,-30,-30,-30,-30,-30,30,-30,-30,7
4163,30,-30,-30,-30,-30,-30,-30,-30,-30,-30,0
7596,-30,-30,-30,-30,-30,-30,-30,30,-30,-30,7
4074,30,-30,-30,-30,-30,-30,-30,-30,-30,-30,0
3063,-30,-30,-30,-30,-30,-30,-30,-30,-30,30,9
1560,-30,-30,-30,-30,-7,-30,30,-30,-30,-30,6
2342,-30,-30,-30,-30,-30,-30,-30,-30,-30,30,9
1491,-30,-30,-11,-30,-30,-30,-5,-30,-30,-30,6
6909,-30,-30,-30,-30,-30,-30,-30,-30,-30,30,9
9084,-30,-30,-30,-30,-30,-30,30,-30,-30,-30,6
6173,-30,-30,-30,-30,-30,-30,-30,-30,30,-30,8
3689,-30,-30,-30,-30,-30,30,-30,-30,-30,-30,5
7804,-30,-30,-30,-30,-30,-30,-30,-30,-30,-30,0
95,3,-30,-30,-30,-30,-30,-20,-30,-30,-30,0
7178,-30,30,-30,-30,-30,-30,-30,-30,-30,-30,1
8653,-30,-30,-30,-30,-30,-30,30,-30,-30,-30,6
7561,-30,-30,-27,-30,-30,-30,30,-30,-30,-30,6
4978,-30,-30,-30,-30,-30,-30,-30,-30,16,-30,8
1403,-30,-30,-30,-30,-30,-30,-30,30,-30,-30,7
1250,-30,-30,-30,-24,-30,-30,-30,-30,-30,-30,3
3787,-30,30,-30,-30,-30,-30,-30,-30,-30,-30,1
25,-30,-30,-30,-30,-30,-30,-30,-16,-30,-30,7
5681,-30,-30,-30,-30,-30,-8,-30,10,-30,-30,7
3267,-30,-30,-30,-30,-30,-30,-30,-30,30,-30,8
3149,-30,-30,-30,-30,-30,30,-30,-30,-30,-30,5
8085,-30,-30,-30,-30,-30,-12,-30,-30,-30,-30,5
6488,30,-30,-30,-30,-30,-30,-23,-30,-30,-30,0
1112,-30,-30,-9,-30,-30,-30,30,-30,-30,-30,6
7350,-30,-30,-25,-30,-26,-30,-26,-30,-30,-30,2
4133,-30,-30,30,-30,-30,-30,-8,-30,-30,-30,2
5518,-30,30,-30,-30,-30,-30,-30,-30,-30,-30,1
76,-30,-30,-30,7,-30,-30,-30,-30,-30,-30,3
77,-30,-30,-30,-30,-30,-30,-30,-30,30,-30,8
3328,-30,-30,-30,-30,-30,-30,-30,-30,-30,-30,0
9410,-30,-30,-30,-30,-30,-30,-30,-30,-30,-30,0
3377,-30,-30,-30,-30,-30,-30,10,-30,-30,-30,6
1704,-30,-30,-30,-30,-30,-30,-30,-30,-30,-30,0
3904,-30,-30,-30,-30,-30,30,-30,-30,-30,-30,5
6186,-30,-30,-30,-30,-30,-30,-30,-30,-30,30,9
8094,-30,30,-30,-30,-30,-30,-30,-30,-30,-30,1
1214,30,-30,-30,-30,-30,-30,-30,-30,-30,-30,0
4666,-30,-30,-30,-30,14,-30,4,-30,-30,-30,4
6328,-30,-23,-30,19,-30,-30,-30,-30,-30,-30,3
6384,-30,-30,-30,-30,-30,-8,-30,-13,-30,-30,5
3097,-3,-30,-30,-30,-30,-30,-15,-30,-30,-30,0
5502,-30,-30,-30,-30,-22,-30,30,-30,-30,-30,6
2828,-30,-30,-30,30,-30,-30,-30,-30,-30,-30,3
6256,-30,30,-30,-30,-30,-30,-30,-30,-30,-30,1
5337,-30,-30,-30,-30,-30,-30,-30,-30,30,-30,8
3747,-30,-30,-30,-30,-10,-30,-30,-30,-30,-30,4
1177,-30,-30,-30,-30,-30,-26,-30,30,-30,-30,7
1310,-30,-30,30,-30,-30,-30,4,-30,-30,-30,2
1652,-30,-30,-30,-30,-30,30,-30,-30,-30,-30,5
3428,-30,-30,-30,-30,-30,-30,-30,-30,-30,-10,9
698,-30,-30,-30,30,-30,-30,-30,-30,-30,-30,3
4934,-30,30,-30,-30,-30,-30,-30,-30,-30,-30,1
2686,-30,-30,-30,-30,-30,-19,-30,-18,-19,-30,7
2717,-30,30,-30,-30,-30,-30,-30,-30,-30,-30,1
9904,-30,-30,-30,-30,-30,-30,-30,-30,-30,11,9
7774,-30,-30,30,-30,-30,-30,-20,-30,-30,-30,2
9002,-30,-30,-30,-30,-30,-30,-30,-30,-30,30,9
9452,-30,-30,-30,-23,-30,-30,30,-30,-30,-30,6
700,-30,-30,30,-30,-30,-30,-30,-30,-30,-30,2
3599,-30,-30,-30,-30,-30,-30,-22,-30,-30,-30,6
3725,-30,30,-30,-30,-30,-30,-30,-30,-30,-30,1
3949,-30,-30,-30,-30,-30,-30,-30,-30,30,-30,8
4266,-30,-30,-30,30,-30,-30,-30,-30,-30,-30,3
1024,-30,-30,-30,-30,-30,-30,-30,-30,-30,-11,9
7142,-30,-30,-30,-30,-30,-30,-30,-30,30,-30,8
4449,-30,-30,-30,-30,-17,-30,-30,-30,-30,-30,4
3574,30,-30,-30,-30,-30,-30,-29,-30,-30,-30,0
1101,-30,-30,-30,-30,-15,-30,-30,-30,-30,-30,4
3410,-30,-30,-30,-30,-30,-30,-30,-30,30,-30,8
4602,-30,-30,-30,-30,30,-30,-30,-30,-30,-30,4
3409,-30,-30,-30,-30,-30,30,-30,-30,-30,-30,5
1343,-30,30,-30,-30,-30,-30,-30,-30,-30,-30,1
9267,-30,-30,-30,-30,-30,-30,-20,-30,10,-30,8
8712,-30,-30,-30,-30,-4,-30,-30,-30,-30,-30,4
3011,-30,-30,-30,-30,-16,-30,17,-30,-30,-30,6
6824,-30,-30,-23,-30,-3,-30,-30,-30,-30,-30,4
7527,-30,-30,-12,-30,-30,-30,-8,-30,-30,-30,6
4039,-30,-30,-30,-30,-30,-30,-30,-30,30,-30,8
3587,-30,-30,-30,-30,-30,30,-30,-30,-30,-30,5
7835,-30,-30,-30,-30,-30,-30,-30,-29,-30,-1,9
9623,-30,-30,-30,-30,-30,-3,-30,-30,-30,-30,5
8189,-30,-30,-30,-30,-30,-30,-30,30,-30,-30,7
9649,-30,-30,-30,-30,-30,-30,-16,-30,-30,-30,6
7546,-30,-30,-30,-30,-30,30,-30,-30,-30,-30,5
8993,-30,-30,-30,-30,-30,30,-30,-30,-30,-30,5
6465,-30,-30,-30,-30,-30,-30,-30,-16,-30,-30,7
8341,-30,-30,-30,-30,-30,-30,-30,-30,-30,30,9
932,-30,-30,-30,-30,-30,-30,-30,-30,-30,30,9
3998,-30,-30,-30,-30,-30,-30,-30,-30,30,-30,8
3181,-30,-30,28,-30,-30,-30,-30,-30,-30,-30,2
1089,-30,-30,-30,-30,-30,-30,-30,-30,30,-30,8
5349,-30,-30,30,-30,-30,-30,-25,-30,-30,-30,2
4075,-30,-3,-30,-30,-30,-30,-30,-30,-30,-30,1
459,-30,-30,-30,30,-30,-30,-30,-30,-30,-30,3
173,-30,-30,-30,-29,-30,-30,11,-30,-30,-30,6
1054,-30,-30,-30,-30,-16,-30,-6,-30,-30,-30,6
8509,-30,-30,-30,-30,-30,-30,-30,-30,30,-30,8
4359,-30,-30,-30,-30,-30,-30,-30,-30,-30,30,9
8052,-30,-30,-30,-30,30,-30,5,-30,-30,-30,4
5797,12,-30,-30,-30,-30,-30,-11,-30,-30,-30,0
7402,-30,-30,-30,-30,-30,23,-30,-30,-30,-30,5
6338,-30,-30,-30,-30,-30,-30,-30,-30,-30,-30,0
8195,-30,-30,5,-30,-30,-30,25,-30,-30,-30,6
2546,-30,-30,-30,-30,-30,-30,-30,-30,30,-30,8
5821,-30,30,-30,-30,-30,-30,-30,-30,-30,-30,1
2407,-30,-30,-2,-30,-30,-30,-9,-30,-30,-30,2
3225,-30,-30,-30,-30,-30,-30,30,-30,-30,-30,6
5344,-30,30,-30,-30,-30,-30,-30,-30,-30,-30,1
2128,-21,-30,-30,-30,-30,-30,-5,-30,-30,-30,6
3140,-30,-30,-30,-30,-30,30,-30,-30,-30,-30,5
5576,-30,-30,3,-30,-30,-30,-30,-30,-30,-30,2
830,-30,-30,-30,-30,-30,-30,-30,-30,-30,30,9
551,-30,-30,-30,-30,-30,-30,-30,19,-30,-30,7
6443,-30,-30,30,-30,-30,-30,-30,-30,-30,-30,2
2397,-30,-30,-30,-30,-30,-30,-30,-30,30,-30,8
8530,-30,-30,-30,-30,-30,-30,-30,-30,-30,-30,0
1296,-30,-30,-30,-2,-30,-30,-30,-30,-30,-30,3
1201,-30,-30,-30,-30,-30,-30,-30,30,-30,-30,7
9112,-30,-30,-23,-30,-30,-30,-17,-30,-30,-30,6
1541,-30,30,-30,-30,-30,-30,-30,-30,-30,-30,1
3979,-30,-30,30,-30,-30,-30,-12,-30,-30,-30,2
1563,-30,30,-30,-30,-30,-30,-30,-30,-30,-30,1
6937,-30,-30,-30,-30,-30,-30,-30,30,-30,-30,7
8033,-30,-30,-30,-30,30,-30,-24,-30,-28,-30,4
889,-30,-30,-30,-30,-30,-30,-6,-30,28,-30,8
9686,-30,-30,-30,-30,-30,-30,-30,-30,30,-30,8
8586,-30,-30,-30,-30,-30,30,-30,-30,-30,-30,5
7582,30,-30,-30,-30,-30,-30,-21,-30,-30,-30,0
6305,-30,-30,30,-30,-30,-30,-30,-30,-30,-30,2
7682,0,-30,-30,-30,-30,-30,-22,-30,-28,-30,0
2485,30,-30,-30,-30,-30,-30,-22,-30,-30,-30,0
570,-30,30,-30,-30,-30,-30,-30,-30,-30,-30,1
5798,-30,-30,30,-30,-30,-30,-3,-30,-30,-30,2
8026,-30,-30,-30,-30,-30,-30,30,-30,-30,-30,6
5356,-30,-30,-30,-30,-30,30,-30,-30,-30,-30,5
5966,30,-30,-30,-30,-30,-30,-17,-30,-30,-30,0
5497,-30,30,-30,-30,-30,-30,-30,-30,-30,-30,1
5978,-30,-30,-30,-30,-30,30,-30,-30,-30,-30,5
8431,-30,-30,-30,-30,-30,11,-30,16,-30,-30,7
535,-30,-30,-6,-30,19,-30,-30,-30,-30,-30,4
5455,-30,-30,-30,-30,-30,12,-30,3,-30,-30,5
9340,-30,21,-30,-30,-30,-30,-30,-30,-30,-30,1
8389,-30,-30,-30,-30,-30,-30,-30,-25,-30,-28,7
455,-30,-30,-30,-30,-30,-30,-30,-30,30,-30,8
4780,-30,-30,-30,-30,-30,-30,-30,30,-30,-30,7
2954,-30,30,-30,-30,-30,-30,-30,-30,-30,-30,1
434,-30,-30,30,-30,-30,-30,9,-30,-30,-30,2
2594,-30,-30,-30,-30,-30,-30,-30,-30,-30,-30,0
126,30,-30,-30,-30,-30,-30,-23,-30,-30,-30,0
6926,-30,-30,-30,-30,-30,-30,-30,-30,-30,30,9
4252,-30,-30,-30,-30,-30,-30,-30,-30,-30,-30,0
2848,-30,-27,-30,-30,-30,-30,17,-30,-30,-30,6
3101,-30,-30,-30,-30,-30,-30,-30,-30,-30,30,9
3189,30,-30,-30,-30,-30,-30,-30,-30,-30,-30,0
7468,-30,-30,-30,-30,30,-30,-30,-30,-30,-30,4
51,-30,-30,-15,-30,-30,-30,-2,-30,-30,-30,6
9148,-30,-30,-30,-30,-30,-30,-17,-30,-30,-30,6
3480,-30,-30,-30,-30,-30,30,-30,-30,-30,-30,5
639,-30,-30,-30,-30,-30,-30,-30,-30,-30,30,9
2793,-30,-30,-30,-30,-30,-30,-30,-30,-30,30,9
3911,-30,-30,-30,-30,-27,-30,30,-30,-30,-30,6
2438,-30,-30,19,-30,-30,-30,-1,-30,-30,-30,2
5158,-30,-30,-30,-30,-30,-30,-30,-29,-30,-30,7
5429,-30,30,-30,-30,-30,-30,-30,-30,-30,-30,1
9113,-30,-30,-30,-30,-30,-30,-20,-30,-12,-30,8
1828,-30,30,-30,-30,-30,-30,-30,-30,-30,-30,1
7108,-30,-30,-30,-30,30,-30,-30,-30,-30,-30,4
2782,-30,-30,-29,-30,-30,-30,-1,-30,-30,-30,6
112,-30,-30,-30,30,-30,-30,-30,-30,-30,-30,3
3177,-30,-30,-30,-30,-30,-29,-30,12,-30,-30,7
439,-30,-30,-30,-30,-30,-30,-30,-30,30,-30,8
5036,-30,-30,-30,-30,30,-30,3,-30,-30,-30,4
9381,30,-30,-30,-30,-30,-30,-30,-30,-30,-30,0
4433,-30,-30,-30,-30,24,-30,-30,-30,-30,-30,4
473,-30,-30,-30,-30,-30,14,-30,-30,-30,-30,5
1683,-30,-30,-30,-30,-30,-30,-30,-30,-23,-30,8
4812,-30,-30,-30,-30,-30,-30,30,-30,-30,-30,6
3114,-30,-30,-30,-30,-30,-30,-30,-30,-30,30,9
2415,-30,-29,-30,9,-30,-30,-30,-30,-30,-30,3
44,-30,-30,-30,-30,-30,30,-30,-30,-30,-30,5
567,-30,-30,-30,-30,-30,-30,-30,-30,30,-30,8
7544,30,-30,-30,-30,-30,-30,-30,-30,-30,-30,0
9902,-30,30,-30,-30,-30,-30,-30,-30,-30,-30,1
6972,-30,-30,-30,-30,-30,-30,-30,-30,-30,30,9
266,-30,-30,-30,-30,-7,-30,30,-30,-30,-30,6
5422,-30,-30,-30,-30,-30,-30,-30,30,-30,-30,7
8084,-30,-30,-30,30,-30,-30,-30,-30,-30,-30,3
1138,-30,-30,-30,-30,-30,-30,-30,30,-30,-30,7
5374,-30,-30,-30,-30,-30,-30,-30,-30,-30,-30,0
1518,-30,-30,-30,-30,-30,-30,-10,-30,-30,-30,6
2603,-30,-30,-30,-30,-30,-30,9,-30,-30,-30,6
3933,30,-30,-30,-30,-30,-30,-30,-30,-30,-30,0
5532,-30,-30,30,-30,-30,-30,30,-30,-30,-30,2
5050,-30,30,-30,-30,-30,-30,-30,-30,-30,-30,1
2271,-30,-30,-30,1,-30,-30,-30,-30,-30,-30,3
6932,-30,-3,-30,-25,-30,-30,-30,-30,-30,-30,1
9784,2,-30,-30,-30,-30,-30,-11,-30,-30,-30,0
1473,-30,-30,-30,-30,-30,-30,-30,30,-30,-30,7
67,30,-30,-30,-30,-30,-30,-30,-30,-30,-30,0
4435,-30,-30,-30,-30,-30,30,-30,-30,-30,-30,5
4801,-30,-30,-30,-30,-30,-30,-30,-30,-30,30,9
3336,-30,-30,-30,-30,-30,-30,-30,-30,30,-30,8
4347,-30,-30,-30,-30,-30,-30,-30,-30,-30,30,9
3292,-30,-30,-30,-30,-30,-30,-30,-30,-30,-30,0
7667,-30,-30,-30,-30,-30,-30,-30,30,-30,-30,7
6963,-30,-30,-30,-30,-30,-30,-30,-30,-30,30,9
3272,-30,-30,-30,-30,-30,-30,-30,-30,-30,30,9
2796,-30,-30,-24,-30,-30,-30,-3,-30,-30,-30,6
9051,-30,-30,-30,-30,-30,-30,-30,-30,30,-30,8
7091,-30,-30,-30,-30,-30,-30,-30,-30,30,-30,8
727,30,-30,-30,-30,-30,-30,-30,-30,-30,-30,0
5708,-30,30,-30,-30,-30,-30,-30,-30,-30,-30,1
6889,-30,-30,-30,-30,-27,-30,21,-30,-30,-30,6
2159,-30,-30,-30,-30,1,-30,-16,-30,-30,-30,4
2229,30,-30,-30,-30,-30,-30,-30,-30,-30,-30,0
5759,-30,-30,-30,-30,-30,-30,-30,-30,-11,-30,8
3550,-30,-30,-30,-30,-30,-30,-30,-30,30,-30,8
7846,-30,30,-30,-30,-30,-30,-30,-30,-30,-30,1
3169,-30,-30,-30,-30,-30,-30,-30,-30,-30,-30,0
7416,-30,30,-30,-30,-30,-30,-30,-30,-30,-30,1
4925,-30,-30,-30,-30,-30,-30,-30,-30,-30,-30,0
9023,-30,-30,-30,30,-30,-30,-30,-30,-30,-30,3
9171,-30,-30,-27,-30,-30,-30,-20,-30,-5,-30,8
8159,-30,-30,-30,-30,-30,-30,-30,30,-30,-30,7
984,-30,-30,-30,-30,-30,-30,-30,-30,30,-30,8
5232,-30,-30,-30,-30,-30,-30,-30,30,-30,-30,7
8920,30,-30,-30,-30,-30,-30,-30,-30,-30,-30,0
7954,-30,-30,-30,-30,30,-30,-30,-30,-30,-30,4
4709,-30,-30,-30,30,-30,-30,-30,-30,-30,-30,3
7807,-30,-30,-30,-30,30,-30,21,-30,-30,-30,4
3229,-30,-30,-24,-30,-9,-30,-6,-30,-30,-30,6
9389,-30,-30,-30,-30,-30,2,-30,-30,-30,-30,5
398,-30,-30,-30,-30,-30,-30,-30,27,-30,-30,7
1190,-30,-30,-30,-30,-30,-30,-30,-30,-30,9,9
1157,-30,-30,-21,-30,-22,-30,30,-30,-30,-30,6
5721,-30,-30,-30,-30,-30,-8,-30,8,-30,-30,7
9463,-30,-30,12,-30,-30,-30,-4,-30,-30,-30,2
2039,-30,-30,-30,-30,30,-30,-3,-30,-30,-30,4
2599,-30,-30,-30,-30,-30,30,-30,-30,-30,-30,5
3080,30,-30,-30,-30,-30,-30,-13,-30,-30,-30,0
5384,-30,30,-30,-30,-30,-30,-30,-30,-30,-30,1
4899,-30,-30,-30,-30,-30,-30,-30,30,-30,-30,7
7729,-30,-30,-4,-30,-30,-30,2,-30,-30,-30,6
4724,-30,-30,-30,-30,-30,-30,-30,8,-30,-30,7
4896,-30,-30,-30,-30,-30,-30,30,-30,-30,-30,6
7984,30,-30,-30,-30,-30,-30,-30,-30,-30,-30,0
7418,30,-30,-30,-30,-30,-30,-30,-30,-30,-30,0
5573,-30,-30,-30,-30,-30,-30,-30,-30,-30,-30,0
7982,-30,-30,-30,-30,-30,30,-30,-30,-30,-30,5
1837,-30,30,-30,-30,-30,-30,-30,-30,-30,-30,1
4697,-30,30,-30,-30,-30,-30,-30,-30,-30,-30,1
2384,-30,-30,21,-30,-30,-30,-30,-30,-30,-30,2
6025,-30,-30,-30,6,-24,-30,-30,-30,-30,-30,3
5568,-30,-30,-27,-30,-30,-30,30,-30,-30,-30,6
3285,-30,-30,-30,-30,-30,-30,-30,-30,-30,21,9
6493,-30,-30,-30,-30,-30,-30,-30,-30,30,-30,8
4156,-30,30,-30,-30,-30,-30,-30,-30,-30,-30,1
4334,-14,-30,-30,-30,-30,-30,-3,-30,-30,-30,6
3286,-30,30,-30,-30,-30,-30,-30,-30,-30,-30,1
2358,-30,-30,-30,-30,-14,-30,30,-30,-30,-30,6
4197,-30,-30,-30,-30,-30,-30,-30,-30,30,-30,8
1930,-30,-30,-30,-30,-30,12,-30,-30,-30,-30,5
8970,-30,-30,-30,-30,-17,-30,30,-30,-30,-30,6
7325,10,-30,-30,-30,-30,-30,-17,-30,-30,-30,0
6620,-30,-30,-14,-30,30,-30,-30,-30,-30,-30,4
4921,30,-30,-30,-30,-30,-30,-30,-30,-30,-30,0
9990,-30,-30,-30,-30,30,-30,-30,-30,-30,-30,4
8576,-30,-30,-30,-30,-30,-30,-30,-30,-30,30,9
2919,-30,-30,-30,30,-30,-30,-30,-30,-30,-30,3
4786,-30,-30,-30,-30,-30,-30,-30,-30,30,-30,8
9468,-30,-30,-30,-30,-30,30,-30,-30,-30,-30,5
568,-30,-30,17,-30,30,-30,-30,-30,-30,-30,4
4345,-30,-30,-30,-30,-30,-30,-30,-30,30,-30,8
8871,-30,-30,-30,-30,-30,-30,25,-30,-30,-30,6
3729,-30,-30,30,-30,-30,-30,-30,-30,-30,-30,2
9892,-30,-30,-30,-30,-30,-30,-30,-30,30,-30,8
6723,-30,-30,-30,-30,-30,-30,-30,-30,-30,-30,0
2373,-30,-30,-30,-30,-26,-30,-13,-30,-30,-30,6
7357,-30,-30,-30,-30,30,-30,-3,-30,-30,-30,4
5465,-22,-30,-30,-22,-30,-30,-30,-30,-30,-30,0
2170,-30,-30,-30,-30,-30,-30,-30,-30,30,-30,8
4419,-30,-30,-30,-30,-30,-30,-30,-13,-30,-6,9
7070,-30,-30,-30,-30,-30,21,-30,-12,-30,-30,5
1421,-30,-30,30,-30,-30,-30,-30,-30,-30,-30,2
5903,-30,-30,-30,-30,-30,-30,-30,-30,30,-30,8
9541,-30,-30,-30,-30,-30,-30,-30,-30,-30,30,9
3084,-30,-30,30,-30,-30,-30,-16,-30,-30,-30,2
3300,-30,-30,-30,-30,-30,-30,-30,-30,-30,30,9
3264,-30,-30,-30,-30,-30,30,-30,-30,-30,-30,5
2379,-30,-30,-30,-30,-30,-30,-30,-30,-30,30,9
3987,-30,-30,30,-30,-30,-30,-30,-30,-30,-30,2
2023,-30,-20,-30,-30,-30,-30,-30,-30,-30,-30,1
8248,23,-30,-30,-30,-30,-30,-30,-30,-30,-30,0
6323,-30,-30,-30,-30,-22,-30,30,-30,-30,-30,6
7292,-30,30,-30,-25,-30,-30,-30,-30,-30,-30,1
793,-30,-30,-30,-30,-30,-30,-30,-15,-30,-18,7
5330,-30,-30,-30,-30,-30,-30,-30,30,-30,-30,7
2856,-30,30,-30,-30,-30,-30,-30,-30,-30,-30,1
20,-30,-30,-30,-30,-30,-30,-30,30,-30,-30,7
8199,-30,-30,-30,30,-30,-30,-30,-30,-30,-30,3
2432,-30,-30,-30,-30,-30,25,-30,-30,-30,-30,5
7211,-30,-30,-30,-30,-30,-30,-30,-30,30,-30,8
1584,-30,-30,-30,-30,-30,-30,-30,30,-30,-30,7
4807,-30,-30,29,-30,-30,-30,30,-30,-30,-30,6
7054,-30,-30,-30,-30,-30,30,-30,-30,-30,-30,5
2172,-30,30,-30,-30,-30,-30,-30,-30,-30,-30,1
5022,-30,-30,-30,-30,-30,30,-30,-30,-30,-30,5
2264,-30,-30,30,-30,-30,-30,-7,-30,-30,-30,2
1256,30,-30,-30,-30,-30,-30,-30,-30,-30,-30,0
8202,11,-30,-30,-30,-30,-30,12,-30,-30,-30,6
8895,30,-30,-30,-30,-30,-30,-30,-30,-30,-30,0
504,-30,30,-30,-30,-30,-30,-30,-30,-30,-30,1
1045,-30,-30,24,-30,-30,-30,-30,-30,-30,-30,2
3578,-30,-30,-30,-30,30,-30,-1,-30,-30,-30,4
5789,-30,-30,-30,-30,-30,-30,-18,-30,-30,-30,6
1663,-30,-30,-30,-30,-30,-30,-30,-30,30,-30,8
2055,30,-30,-30,-30,-30,-30,-30,-30,-30,-30,0
5367,-30,-30,-30,30,-30,-30,-30,-30,-30,-30,3
5351,-30,-30,30,-30,-30,-30,-18,-30,-30,-30,2
4317,-30,-30,-30,-30,-30,-30,-30,-30,30,-30,8
4574,-30,-30,-30,30,-30,-30,-30,-30,-30,-30,3
6958,-30,-30,-30,-30,-30,29,-30,-30,-30,-30,5
4949,-30,-30,-30,-30,-17,-30,-30,-30,-30,-30,4
2309,-30,-30,-30,-30,-30,-30,11,-30,-30,-30,6
8128,-30,-30,-30,30,-30,-30,-30,-30,-30,-30,3
5262,-30,-30,-30,-30,-30,-30,-16,-30,-30,-30,6
1794,-30,-30,-30,-30,-30,9,-30,-30,-30,-30,5
2816,-30,30,-30,-30,-30,-30,-30,-30,-30,-30,1
3794,-30,-30,-30,-30,-30,-30,-30,-30,30,-30,8
1047,-30,-30,-30,30,-30,-30,-30,-30,-30,-30,3
909,-30,30,-30,-30,-30,-30,-30,-30,-30,-30,1
2835,-30,-30,-30,-30,-30,-30,-22,-30,30,-30,8
6759,-30,-30,-30,-30,-30,-30,-30,19,-30,-30,7
9685,-30,-30,-30,-30,-30,-30,-30,-30,30,-30,8
6028,-30,-30,-30,-30,-30,-30,-30,-30,-30,-30,0
5471,-30,-30,-30,-30,7,-30,-30,-30,-30,-30,4
3434,30,-30,-30,-30,-30,-30,-30,-30,-30,-30,0
3800,-30,-30,-30,-6,-30,-30,-30,-30,-30,-30,3
6859,-30,-30,-30,-30,-30,-30,-30,30,-30,-30,7
3076,-30,-30,-30,-30,-30,-30,-30,-30,30,-30,8
8039,-30,30,-30,-30,-30,-30,-30,-30,-30,-30,1
1230,-30,-30,-30,-9,-30,-30,-30,-30,-30,-30,3
8204,-30,-30,-30,-30,-30,-30,-30,-30,-30,30,9
1648,30,-30,-30,-30,-30,-30,-30,-30,-30,-30,0
894,-30,-30,30,-30,-30,-30,-10,-30,-30,-30,2
7394,-30,-30,-30,-30,-30,-30,-30,-30,30,-30,8
4752,-30,30,-30,-30,-30,-30,-30,-30,-30,-30,1
1833,-30,-30,-30,-30,-2,-30,11,-30,-30,-30,6
6482,-30,-30,-30,-30,-30,-30,-13,-30,30,-30,8
8665,-30,-30,-30,-30,-30,-30,-30,-30,30,-30,8
1231,-30,-30,-30,30,-30,-30,-30,-30,-30,-30,3
9920,30,-30,-30,-30,-30,-30,-25,-30,-30,-30,0
7567,-30,-30,-30,-30,-30,-30,-30,-30,30,-30,8
3459,-30,-30,-30,-30,-30,24,-30,23,-30,-30,5
9276,-30,-30,-30,-30,-30,-30,-30,30,-30,-30,7
4489,-30,-30,-30,-30,-30,30,-30,-30,-30,-30,5
7198,-30,-30,-30,-30,30,-30,-30,-30,-30,-30,4
3948,-30,-30,-30,-30,-30,-30,-30,30,-30,-30,7
3135,-30,-30,-30,-30,-30,-30,-30,30,-30,-30,7
8535,-5,-30,-30,-30,-30,-30,-15,-30,-30,-30,0
9063,-30,30,-30,-30,-30,-30,-30,-30,-30,-30,1
2758,-30,-30,-30,-30,-30,-30,-30,-30,30,-30,8
4944,-30,30,-30,-30,-30,-30,-30,-30,-30,-30,1
5541,-30,-30,-30,-30,-30,-30,-30,-20,-30,8,9
3474,-30,-30,-30,-30,-30,-30,-30,6,-30,-30,7
6131,30,-30,-30,-30,-30,-30,-30,-30,-30,-30,0
2715,-30,-30,-30,30,-30,-30,-30,-30,-30,-30,3
6098,-30,30,-30,-30,-30,-30,-30,-30,-30,-30,1
3363,-30,-30,-30,-30,-30,-30,28,-30,-30,-30,6
7756,-30,-30,-30,-30,-30,30,-30,-30,-30,-30,5
7511,-30,-30,-30,-30,-30,30,-30,-30,-30,-30,5
9714,-30,-30,-30,30,-30,-30,-30,-30,-30,-30,3
2045,-30,-30,-30,-30,-30,-30,-30,-30,30,-30,8
4178,-30,-30,-30,-30,-30,-30,-30,-30,-30,30,9
7447,-30,-30,-30,-1,-30,-30,-30,-30,-30,-30,3
324,30,-30,-30,-30,-30,-30,-4,-30,-30,-30,0
4290,-30,-30,-30,-30,-30,-30,-30,-30,-30,30,9
7176,-30,-30,-30,-30,-30,30,-30,-30,-30,-30,5
3961,-30,30,-30,-30,-30,-30,-30,-30,-30,-30,1
7981,-30,-30,-30,-30,-30,-30,-30,30,-30,-30,7
62,-30,-30,-30,-30,-30,-30,-30,-30,-6,-30,8
101,-30,30,-30,-30,-30,-30,-30,-30,-30,-30,1
964,-30,-30,-30,-30,-30,30,-30,-30,-30,-30,5
5494,-30,-30,30,-30,-30,-30,-4,-30,-30,-30,2
7518,-30,-30,-30,-30,-30,-30,-4,-30,17,-30,8
9850,-30,-30,-30,30,-30,-30,-30,-30,-10,-30,3
6664,-30,-30,-30,-30,-20,-30,-30,-30,-30,-30,4
7169,-30,-30,-30,-30,-30,-30,-30,-30,-30,-30,0
9481,-30,-30,-30,-30,-30,-30,-30,-7,-30,-30,7
5833,-30,-30,-30,-22,-30,-30,-30,-30,-30,-30,3
5250,-30,-6,-30,-30,-30,-30,-30,-30,-30,-30,1
4508,-30,-30,-19,-30,30,-30,-30,-30,-30,-30,4
3614,-30,-30,-30,-30,19,-30,-30,-30,-30,-30,4
6617,-30,-30,-30,-30,-30,-30,-30,-30,-30,-30,0
1135,-30,-30,-30,-30,-30,-30,-30,30,-30,-30,7
5716,1,-30,-30,-30,-30,-30,-30,-30,-30,-30,0
2906,-30,-30,-28,-30,-30,-30,3,-30,-30,-30,6
4913,-30,-30,-30,-30,-30,-30,-30,30,-30,-30,7
4553,-30,-30,-30,30,-30,-30,-30,-30,-30,-30,3
9130,-30,-30,-30,30,-30,-30,-30,-30,-30,-30,3
1363,-30,-30,-30,-30,-30,17,-30,10,-30,-30,5
9325,-30,-30,-30,-30,-30,-30,-30,-30,30,-30,8
461,-30,-30,-30,-30,-30,-30,-30,-30,30,-30,8
3473,-30,-30,30,-30,-30,-30,-30,-30,-30,-30,2
3245,-30,-30,-30,-30,-30,11,-30,-30,-30,-18,5
5184,-30,-30,-30,-30,-29,-30,30,-30,-30,-30,6
1244,-30,-30,-30,-30,-30,-30,-30,-30,-30,30,9
7993,-30,-30,-30,-30,-30,10,-30,13,-30,-30,7
2304,-30,-30,-30,29,-30,-30,-30,-30,-30,-30,3
3681,-30,-30,30,-30,-30,-30,-25,-30,-30,-30,2
8012,-30,-30,-30,-30,-30,-30,-30,-30,-30,30,9
9645,-30,-30,-30,30,-30,-30,-30,-30,-30,-30,3
3119,-30,-30,-30,-30,-30,-30,-30,-30,-30,-30,0
2934,-30,-30,-30,-30,-30,15,-30,11,-30,-30,5
84,-30,-30,-30,-30,-30,-4,-30,-30,-30,-30,5
6920,24,-30,-30,-30,-30,-30,-23,-30,-30,-30,0
2714,-30,-30,-30,-30,-30,-30,-30,-30,-30,30,9
7460,-30,30,-30,-30,-30,-30,-30,-30,-30,-30,1
8945,-30,-30,-8,-30,-17,-30,-30,-30,-30,-30,2
4943,-30,-2,-30,-30,-30,-30,-30,-30,-30,-30,1
9125,-30,-30,-30,-30,-30,30,-30,-30,-30,-30,5
1995,-30,-30,-30,-30,-24,-30,30,-30,-30,-30,6
5159,-30,-30,-30,-30,30,-30,-30,-30,-30,-30,4
9581,-30,30,-30,-30,-30,-30,-30,-30,-30,-30,1
6197,-30,-30,-30,-30,30,-30,15,-30,-30,-30,4
3164,23,-30,-30,-30,-30,-30,-6,-30,-30,-30,0
7778,-30,-30,-30,1,-30,-30,26,-30,-30,-30,6
4361,-30,-30,-30,30,-30,-30,-30,-30,-30,-30,3
8777,21,-30,-30,-30,-30,-30,-30,-30,-30,-30,0
8057,-30,-9,-30,30,-30,-30,-30,-30,-30,-30,3
9593,7,-30,-30,-30,-30,-30,-22,-30,-30,-30,0
2881,-30,-30,-30,-30,-30,-30,-25,-30,30,-30,8
4412,-30,-30,-30,-30,-14,-30,-30,-30,-30,-30,4
1839,-30,-30,-30,-30,-30,-30,-30,30,-30,-30,7
5129,-30,-30,-30,-30,-30,-11,-30,-30,-30,-30,5
3577,-30,-30,-30,-30,-30,30,-30,-30,-30,-30,5
4793,-30,-30,-30,-30,-30,-30,-30,-1,-30,-30,7
2480,30,-30,-30,-30,-30,-30,-30,-30,-30,-30,0
3207,-30,-30,-30,-30,-30,10,-30,9,-30,-30,5
4643,-30,-30,-30,-30,-30,-30,-30,-30,-30,30,9
4781,-30,-30,-30,-30,-30,-30,-30,-30,18,-30,8
9391,-30,-30,-30,-30,-18,-30,-30,-30,-30,-30,4
2627,-30,-30,30,-30,-30,-30,30,-30,-30,-30,2
5163,-30,-30,-30,-30,-30,-30,-30,-30,-30,30,9
866,-30,-30,-30,-30,-30,-30,-4,-30,-30,-30,6
5520,-30,-30,-30,-30,-30,-30,-30,-30,-30,-30,0
4717,-30,30,-30,-30,-30,-30,-30,-30,-30,-30,1
2096,-30,-30,-30,-30,-30,-30,-17,-30,-26,-30,6
7449,-30,-30,-30,-30,-30,-30,-30,-30,30,-30,8
5984,-30,-30,-30,-30,-30,-30,-30,-30,30,-30,8
7115,-30,-30,-30,-30,-30,-30,-30,-30,-30,13,9
2709,-30,-30,-30,-30,-30,-30,-30,-30,30,-30,8
8969,-30,-30,-30,30,-30,-30,-30,-30,-30,-30,3
2869,-30,-30,-30,-30,-30,-30,-30,-30,30,-30,8
317,-30,-30,-30,-30,-30,-30,-30,-30,-30,30,9
4852,-30,-30,-30,28,-30,-30,-30,-30,-30,-30,3
3175,-30,-30,15,-30,-30,-30,-11,-30,-30,-30,2
1002,30,-30,-30,-30,-30,-30,-30,-30,-30,-30,0
8058,-30,-30,29,-30,-30,-30,-30,-30,-30,-30,2
4402,-30,30,-30,-30,-30,-30,-30,-30,-30,-30,1
1965,-30,-30,-30,-30,-30,-30,-30,-30,30,-30,8
8558,-30,-30,-30,-30,-20,-30,30,-30,-30,-30,6
5796,-30,-30,-30,-30,30,-30,-5,-30,-30,-30,4
4994,-18,-30,-30,-30,-30,-30,-17,-30,-30,-30,6
199,30,-30,-30,-30,-30,-30,-30,-30,-30,-30,0
8596,-30,-30,-30,-30,-30,-30,-30,-30,-30,30,9
1748,-30,-30,-30,-30,-30,30,-30,-30,-30,-30,5
1063,-30,-30,-30,-8,-30,-30,-30,-30,-30,-30,3
3182,-30,30,-30,-30,-30,-30,-30,-30,-30,-30,1
2058,-30,-30,-30,-30,-30,2,-30,-30,-30,-27,5
2885,-30,30,-30,-30,-30,-30,-30,-30,-30,-30,1
6402,-30,-30,-30,30,-30,-30,-30,-30,-30,-30,3
4865,-30,-30,-30,-30,-30,30,-30,-30,-30,-30,5
901,-25,-30,-30,-30,-30,-30,-13,-30,-30,-30,6
1598,-30,-30,-30,-30,-30,-30,-30,-30,30,-30,8
5063,-30,-30,30,-30,-30,-30,-30,-30,-30,-30,2
993,-30,30,-30,-30,-30,-30,-30,-30,-30,-30,1
9884,-30,-30,-30,-30,-30,-24,-30,30,-30,-30,7
3351,-30,-30,-30,30,-30,-30,-30,-30,-30,-30,3
7924,30,-30,-30,-30,-30,-30,-30,-30,-30,-30,0
7484,-30,-30,-30,-30,-30,-30,-30,-30,30,-30,8
1735,-30,-30,30,-30,-30,-30,-30,-30,-30,-30,2
8943,-30,-30,-30,-30,-30,-30,-30,-30,-30,30,9
4406,16,-30,-30,-30,-30,-30,-30,-30,-30,-30,0
3652,-30,-30,-30,-30,-30,-30,-30,-30,-30,30,9
9162,23,-30,-30,-30,-30,-30,-6,-30,-30,-30,0
6693,30,-30,-30,-30,-30,-30,-30,-30,-30,-30,0
4745,-30,-30,-30,-30,30,-30,-12,-30,-30,-30,4
7087,-30,30,-30,-30,-30,-30,-30,-30,-30,-30,1
7889,-30,-30,10,-30,-30,-30,-18,-30,-30,-30,2
9346,-30,-30,-30,-30,-17,-30,13,-30,-30,-30,6
8358,-30,-30,-30,-30,-30,-30,-30,-30,-30,-30,0
6895,-30,-30,-30,-30,-30,-30,-30,-30,-30,30,9
9069,-30,30,-30,-30,-30,-30,-30,-30,-30,-30,1
4028,-30,-30,-30,-30,30,-30,-30,-30,-30,-30,4
6791,-30,-30,-30,-30,-30,-30,-30,-30,-30,30,9
96,-30,-30,-30,-30,-30,-21,-30,-20,-30,-30,7
5698,-30,-30,-30,-30,-30,-30,-29,-30,-30,-30,6
7956,-30,-30,21,-30,-30,-30,-23,-30,-30,-30,2
1651,-30,-30,-30,-30,-30,-30,-4,-30,-30,-30,6
1969,-30,-30,-30,-30,-30,-30,-17,-30,-30,-30,6
6529,-30,-30,-30,-30,-30,-30,-30,-30,-30,30,9
5617,-30,-30,-30,-30,-30,-30,-30,30,-30,-30,7
2895,-30,-30,-30,-30,-30,-30,-30,-30,30,-30,8
5507,-30,-30,-30,-30,-30,28,-30,-30,-30,-30,5
6301,30,-30,-30,-30,-30,-30,-30,-30,-30,-30,0
1898,-30,-30,-30,-30,-30,-30,-30,-30,-30,30,9
3275,25,-30,-30,-30,-30,-30,-23,-30,-30,-30,0
1586,30,-30,-30,-30,-30,-30,-30,-30,-30,-30,0
6374,-14,-30,-30,-30,-30,-30,-9,-30,-30,-30,6
3297,-30,-30,-30,-30,-30,-30,-30,-30,30,-30,8
2203,-30,30,-30,-30,-30,-30,-30,-30,-30,-30,1
3973,-30,-30,-30,30,-30,-30,-30,-30,-30,-30,3
3608,-30,-30,-30,-30,-30,-30,5,-30,-30,-30,6
4102,-30,-30,-30,-30,-30,-30,-30,30,-30,-30,7
6177,-30,-30,-30,-30,-30,30,-30,-30,-30,-30,5
395,-30,-30,-30,-30,-30,-30,-30,-30,30,-30,8
5338,-30,-30,-30,-30,-9,-30,23,-30,-30,-30,6
3882,-30,-30,-30,-30,-30,30,-30,-30,-30,-30,5
9943,-30,-30,-30,-30,-30,-30,1,-30,-30,-30,6
9849,-30,-30,-30,-30,-30,-30,-30,-30,30,-30,8
9124,-30,-30,-30,-30,-30,-30,-30,-30,-30,30,9
3752,-30,30,-30,-30,-30,-30,-30,-30,-30,-30,1
1396,-30,-30,-30,-30,-30,-30,-30,-30,-30,30,9
975,-30,30,-30,-30,-30,-30,-30,-30,-30,-30,1
1371,-30,-30,-30,-30,-30,-30,-30,-30,30,-30,8
4633,-30,30,-30,-30,-30,-30,-30,-30,-30,-30,1
7324,-30,-30,-30,-30,-30,-11,-30,-9,-30,-30,7
